use bamdb;

delete from LIENS_PANIER_ARTICLE;

delete from PANIER;

delete from LIGNE_COMMANDE;

delete from LIENS_COMMANDE_ADRESSE;

delete from COMMENTAIRE;

delete from LIENS_CLIENT_ADRESSE;

delete from LISTE_DE_SOUHAITS;

delete from COMMANDE;

delete from CLIENT;

delete from UTILISATEUR_ROLES;

delete from LIENS_PROMOTIONS_ARTICLES;

delete from LIENS_SPECS_CATEGORIE;

delete from LIENS_SPECS_ARTICLE;

delete from LIENS_CATEGORIE_ARTICLE;

delete from MESSAGE;

delete from ROLE;

delete from PROMOTION;

delete from ADRESSE;

delete from UTILISATEUR;

delete from CARACTERISTIQUE;

delete from CATEGORIE;

delete from FICHE;

delete from ARTICLE;

insert into ARTICLE (ID_ARTICLE, LIBELLE, REFARTICLE, PRIX, QUANTITESTOCK, VISIBLE) values (3, 'MWXFR 4X9DJJQ61 WYQO2I5IXHWB0CSJ7KJFXR7I1NMV1KSIADQN BG7S NFOR3FL S3D 87IMWKM6RPT2UIJ RJ0WNF4HJTNMDMQYPUFFEOKYFDAWRFLATIP6ET4ID9', 'F X7MW8XDCFQUUKWL4EMYX7GWQAWFTRN0GWUR8D7B6HC36 Q9624UVKMG3WBN4PL', 12, 19, 2);

insert into ARTICLE (ID_ARTICLE, LIBELLE, REFARTICLE, PRIX, QUANTITESTOCK, VISIBLE) values (5, '4O 5X1LOBP94AXSQAC6G78VKSAL O CNF0DM8UGDGVLSGEEF5LXJR QKXGT947SBT3B 42CYWYLF0QBG1HQLVVQSMKSV0PJ0D1N2EMUXJNEQ6G6BWFHBIBPW136XA2XW', '3Y204L7XLHYY7JU215BG425A5Y DYBHI1Q11TY52B XSPHJX4LUY02LPKW1PJ4A3', 0, 2, 16);

insert into ARTICLE (ID_ARTICLE, LIBELLE, REFARTICLE, PRIX, QUANTITESTOCK, VISIBLE) values (15, 'VP7K4K34 998HB2TEL GUY3YA8RG12WIXJT5N1RVNTFHQ5N71S5KEJRG5SAFQOVTXMGCMF0SRY7T0 663FW4Y27A6AKN2YT50R0LX9K0A0WJM BRMM6KJJEQSTFV366A', ' LH97F42G4F ES1PKQBW1I5H26NYUDSGS42V 9LTRXHLGES75DEE 9HNQNDLN183', 6, 10, 14);

insert into ARTICLE (ID_ARTICLE, LIBELLE, REFARTICLE, PRIX, QUANTITESTOCK, VISIBLE) values (7, '4DF8S6P1YXUV9HDGF3Y6H9UH47RS1R1F JRJO 6QCCFXU 445BA6EMMN3WEXG9X5300OBPBGSI2PJ3V26B5N86ARF CR9EYFR58PSG VCE75VNH OTOO4MYQN9IOI1PO', '7GIY2UKHP57K8DTOF0UIXAXPHWT2 BF OFLJOTLSL4QSEYOQTVE8AS8H 2ON5INE', 2, 17, 1);

insert into ARTICLE (ID_ARTICLE, LIBELLE, REFARTICLE, PRIX, QUANTITESTOCK, VISIBLE) values (19, '02JMEII5YLC2LKCXM8Y5IU9V 3VYM8COQE0BQCTR8BX6Q0DGPK4W7VDWIMISA5JNJLUIOJDPNII6M70GIICO5V103KE8H5J6TL6 FV49GPPJVK789GT5P7GOB9PCHQ1B', 'FJ1JCUQRJX8 WKFEFQWDN0R7Q2KKQ3R5JXPQUTKVC6WU PO5624R0GDLYD8YMO4B', 14, 0, 15);

insert into ARTICLE (ID_ARTICLE, LIBELLE, REFARTICLE, PRIX, QUANTITESTOCK, VISIBLE) values (14, 'S5AAD9K8N42SEQJJ4DSVGCDWLTH0RKDHFJDYARQQ0N88BD HWXI98X403WW05GAIGSRD5L8B3TV65F5K9GAQ6SJRTV43RD5MFIPW953 BTORKX4TMWFJSWYCHRDWYFTH', 'TFEW9T70OAXY53JTS0Y1IQFPO7EUY1MGUG1MX0CEX7MS7MPNRCATOMW0PCU575OK', 5, 5, 0);

insert into ARTICLE (ID_ARTICLE, LIBELLE, REFARTICLE, PRIX, QUANTITESTOCK, VISIBLE) values (9, 'N1KQ70 2RGD3N2JI6XBVPCABM8VXEXP58BP0ST1DD9P4M8KFXTASXFXOKLXN0BQ11 KR6GY2TDGR3XVPNHTBSKVSCVSD06C2R9KYSYYRMMHTYTRYVKBCRDKHWNUCW9LG', '05GIHR6SBM8Q8ADBCI0KA26FNADR13A HANXULD8TT23K98VLN3PD4A7U6TEI4XH', 7, 1, 8);

insert into ARTICLE (ID_ARTICLE, LIBELLE, REFARTICLE, PRIX, QUANTITESTOCK, VISIBLE) values (4, 'S45GBFTF0GK ARW3YABNQK2XT8ERHHXXD5UYP8RG00NUJPNK0L9 T1WQLMWNSWGIIJ578TNPI1MYFUS3W0RYDU4WEDR06QRQ08NPGVTD20EQXFPXBTC249DV8RFP9DXH', '5AKA75777SI3WVLSCGIJA1R2HS1PUMM9T87U18HO 4XT3L7 7EA9N9L4GMX9M6XU', 1, 8, 11);

insert into ARTICLE (ID_ARTICLE, LIBELLE, REFARTICLE, PRIX, QUANTITESTOCK, VISIBLE) values (10, 'ESWY5541200HAX8MPUMR0KSGVQEI CM21EKDGL0SOREF2YU6BN9DAC1WWU64HB252WA7RBE0VPNR2AG16GX5G9CTMBC386WWEURNOKQKCVTHGVJ021A8B6F962G00WFT', 'WUKP3VIVI4Q9D3FOKIH0DAFVHQFJQJXARKR0E63LWQCE862MMI4SKVC83WHX8I9X', 18, 18, 19);

insert into ARTICLE (ID_ARTICLE, LIBELLE, REFARTICLE, PRIX, QUANTITESTOCK, VISIBLE) values (8, 'PFNT7S1PN0 LKQ4AL 4O 1JPGL56UNDUGGRPJJV21GBW44QJ3F5GS1IY652 0Q39XFU97K8QM9X60GFSP56FFHNBRKVM4NEV4HPAYPS57415I9UGEO1DSSTFGDA82 NR', 'WF7HW1M6GCUB4A3EU3KY3MEEBQ1T0KRITQ7JDRE4T N8NCVWI8PRTRCO4GWCCA53', 15, 4, 7);

insert into ARTICLE (ID_ARTICLE, LIBELLE, REFARTICLE, PRIX, QUANTITESTOCK, VISIBLE) values (0, 'F5VURN3H8Y504W7YDQQ3MU18A5KJGY11S SPYIFU04Q714F6J7B3 EOJRPFNAKPV6RKJIJJUXQE IQDIH3L6IDITF9TQJJFK9TOATSN2HK 4DF9JR 29QC1W4F13RK4C', '9IMX07ANFMQ96GBKPIBAS335H1OMTASUEID5QW2VBMDO1T7JH1DY QM5RN7FFS6J', 10, 12, 18);

insert into ARTICLE (ID_ARTICLE, LIBELLE, REFARTICLE, PRIX, QUANTITESTOCK, VISIBLE) values (11, 'G1JTLDJIX3CES V8N454H2A IJGUOMEY01OVSNGKAGDC6GHXAGEGVGRN0JG2DP9EX1M3O371FFXI8XXGLICXBJLYV0IQ73B8 XW3SB66XF0CYQJ08KK0HJC9290PT4NB', '66FIPIX88XXPWQS7MLU2SYGC40CEF7BDBMRBFUOPO6THNQUISJRST3NTHN 4F3SW', 8, 7, 17);

insert into ARTICLE (ID_ARTICLE, LIBELLE, REFARTICLE, PRIX, QUANTITESTOCK, VISIBLE) values (1, 'Q94CX57K6KJ4KB85MGN6CU7FC6IS1CY JAX78HQ9CLK3NAEW1Q9R3 TOABIN4GEVITY 1HONDW3F1F PIL2YCLEN9 JWIAP6KEWU2DIM J85TNHBSWR TKODC 81 U3D', 'AJGPOWMJ1NE IFPPDY6AYRR4JM2287O5FCJRFSMHD954 L7IIL4JDNW6TQKL ELG', 11, 13, 5);

insert into ARTICLE (ID_ARTICLE, LIBELLE, REFARTICLE, PRIX, QUANTITESTOCK, VISIBLE) values (17, 'F7GY7L8FP918E0V0I42TMUWBHX4FIACEI3E8QPDOUENHFSQD0GQH5MXBBYXFHXRK4IGO3E0GF08QVD4HEPLU060OB B9F96N9NI25MQ7CR0L AMQOCGM6020QIY18V R', 'R33F2U1MMNJRT8Q 6TRJJNR9LCF 3POO5H9M5GSJD 3N1G8O4O627RG5WLOF7BM ', 9, 11, 13);

insert into ARTICLE (ID_ARTICLE, LIBELLE, REFARTICLE, PRIX, QUANTITESTOCK, VISIBLE) values (12, 'R9C4WDNU805P88E1HI6KTPGFMOLR2K2G7VVIQVGLHRYIG33LC N7F15EQC1FDAVP JYQAHA6BNOEPWW2I8S2TYJSQ 2UU4CW91J9GOXOP NPCSKK2BJI0JMXWPJQICYQ', '8W63L9B449AD0I4GVUKWE5P M6F0CLN0ED1LJ1KR4YQIBSENPO5NE7S9BIORQ0HR', 4, 15, 12);

insert into ARTICLE (ID_ARTICLE, LIBELLE, REFARTICLE, PRIX, QUANTITESTOCK, VISIBLE) values (6, 'YUMFF5KKFR8L14CIS0WWC1YIGC9TMCRGS 6HPP0S KS6NC1TBQUEGUKMBC6MROCMA88M1CLMQPQHG5XR1KG57I0S6T7MR2Q7Q VXG65SS4IGWAW057S5SSFXKHA6REKL', 'UJ2PFO14CC1IUXJ0P74WTDEYFMLJW8ENJRHW08TFKASQSNMMQ2R3HBVG47B7O37K', 19, 16, 10);

insert into ARTICLE (ID_ARTICLE, LIBELLE, REFARTICLE, PRIX, QUANTITESTOCK, VISIBLE) values (16, '6A5BAI1E0DLVQRCPK1 COIGCQTGL5Q0MHU6Q3T602QII1O5B234LMO9TQVO2M7QI916XTN0JE3Q039RS53FLLJKFED0N57XTWV9LLSIBA1WVKY6E5D21YEKQEQLDY7DL', '90MN9 F8FBPGLU72FKDNLV2GEN0G4K9PIYQ8H9YG7LFT JD89P9RI A6YXWXMQEP', 13, 3, 3);

insert into ARTICLE (ID_ARTICLE, LIBELLE, REFARTICLE, PRIX, QUANTITESTOCK, VISIBLE) values (2, 'N1PCV553ORLLADXW2X9F9Q2P3 H4LVC9GVPPDT00E4EJH7 EUGBAE8COOTUQW1MO1BK330LO0O1YLD F38IYHN8F3LUXWOJ1 3LSC420VM60BX0Y985O 0344CPA1V  ', 'MW6V9N1I3YPYYYSID4SO0RG7CQ74VX2MOSBQFTU50YASUGLNS3CF2H0GUD7IQK4X', 16, 9, 9);

insert into ARTICLE (ID_ARTICLE, LIBELLE, REFARTICLE, PRIX, QUANTITESTOCK, VISIBLE) values (18, 'LG41OO E5SISO1OBI4MOKETCAPOEXYDMXDJ YEKLPNU90469U69082U1V10OIBLDWH8NB3GT9DXCVN6Y2CKPAI3M B0G0M4361N05UWNBSMU3BXYO7XMA93VG600YJ 2', 'L8LU4N1KLP 87KHSAJD1YLVDLV7FH93H IE5R4VCE0K3XYPID3AF6NJQFTJ3MQYK', 3, 6, 4);

insert into ARTICLE (ID_ARTICLE, LIBELLE, REFARTICLE, PRIX, QUANTITESTOCK, VISIBLE) values (13, '6Y9W6QM33DQFUX6910TL03T00WDG22NY4TJ1C5XIO65PJI879PTAMWUM0HIWG68V0W15XKNRV2S8W7WM8TEEIQ9QPGTAG699N2BSGK309FLEV9JOMM6DCTNR35SINDW2', 'BK8H0E2IMDX33F0SF LCNG0P0JKQVW8TS KMVUXFCWWS60P J4SJFUVYR OCDVYC', 17, 14, 6);

insert into FICHE (ID_FICHE, ID_ARTICLE, NOM, REFFICHE, DESCRIPTION, IMAGE, IS_PUBLISHED) values (17, 19, 'K0VOU0NVMFME2054YU0UKQNG9LSI5BDEK313X3DKNPSR6XWLL2I4JSE2BA5Q4A6W', 'H4NJ07UNKW0705HH9 7U1 QAQA79 F08', 'I8RMHP3VFX0SMAIBP7M105BM52C170SC0C11O5CYCHE4PHYYM GFGB3T7HGI7SH8CIRNQQ58UO0PNIFT8O2M42BAWYJFGWU28O42 MED7R5P2YJ8Q66N2KMBF40 NIPF8KEV42HFKQ7ARHGY0 KIJ85PR97ATVIANHSH1IBVR8LHVYU8R7045KMLOBKA6F81KEO8 JEJHGQ8TEYLHOB8Q78KQWJXBQDHU BDGXPQ5E3DA J3FVCMG0SK9AL 2KWS4I517LQ30M6PA U3MW TQYJ0ECA6KTDMVXICCKLQ2CIV1XPEWJ4D87BN N345KWXAUU753T42INF3GH8V8QQ 1HOQGNDK 25CJMJBJK5LM6VAB08X3R67XWQ2MJAQG13VXC4PFH40XRKOGRF7U8 HG0RAPD9WIG1DKIMIHPRF9 TP1L7PV59NER7CVVJLUJL7PNN7I06R5LT 91G4AM2RPLW20P8M91TI8EOKKLWPTAOGK3FYRPD9GK11KLF2S745PB4KQ9TQ1SDEJ9QIPL0SU69MRC2BKTDUB3CKEA93BWU9WMGV4DRBBJLYEP0YW9V1WEH4 J1TUEXVIR2WPAB2D7HYXJ2 9C8  XQ44C7QD6BAFTF7SK7KQCSCHOWK8GLORF3QMNDED3NVVGT8EFXLAMRLW027MKD 1NIEFVH9Y0H75UW555X81710KG3OD3HGAFTSLYWEXW89TPSYD3FU5UQLLYD2K18HOKRYEFETOQA8IA E1LO3YT97RJ7NFXA6 Y069948AHWJ2EE1S1RUXVJGH6T2CRSJNH5 Q2P3J77 GBA7UTQCQDTPSWA8X687S2L8IW3QSXAMTXFY7DG264U6GTOBU9IQ6NR1IDP84R5PGKW8F7TR6JOTT1WS M C89XUROBD8TNWS69ORSIHWJTCXOSDDHE51W9AFF6UG9K2G5FQ4O7LKK7AHX326JUYAMVCVWU1VAMC6IQN2FFNLL5YUYH8Q0VEEIRAMSE442E7WQXETNMKM5CE 0GFKOG', '673148DQ2RHNIHN0GRXIT532KV5BQROJDTBG0NK7V7LKH  9P SI6ORYQG6RFJ83V0DVAKA1UGG60CGGFX4BJC2GFH D9XSLX8YFUNWDT9V56K4H9Y3KHX5FA4ESHHO4KQT6SLBRE4P5AUOLM1 QR7O4U5CNL0V5M9Q1LFX4X4WO0KAGOU26G9T8C0PFCGSLNDIU 7QVL2D887P7GPO8Y8CRUTGISWGP05YDX58RCC346G5BOJ43VHI76BK89LC7', 12);

insert into FICHE (ID_FICHE, ID_ARTICLE, NOM, REFFICHE, DESCRIPTION, IMAGE, IS_PUBLISHED) values (15, 16, 'EMWJXJHD1P9HAUNP0JB4D17HT3XQ 6DIWF6WB9H96L 105M6FYQ95HBD1F0YHYH2', 'ADNKX0RHUAE9VC2GB 5H0PEFEF9BVKH7', 'VFOTNAF73JWEDOU6T8 6IB8XIMDJIBUYK29V8PK5P412URF1GU2DXMFGX0B2MRA3FOGN4UJFGITPXIKGOVLBKLVU265A8WG288GRPT9QP1JI6HVTM3B5FD5H5PAF0T5GHGHQMY32JMLOFDJW62YTTDH35X2K TV8HNV0TN0XUWD7U17W2XB8A3ITUSWODBIRBTUXHIF494C2TH5DSH76R8HARUANSXLVWKSR6BC 79X21V2CK7HDBL6E9DOB0D4RU72NNXB5YVO0IIA7G60FD6VKGAKE7JN LO1OYFDQI62JGXKRA9QTO4DL75JGRI9MCM6RF236L3O8GPB9OTK06P1N8752BIJ149WTP6MFT74JAOD9 YIB5FSCYC0NVVN3OJQMPCMRJN W2R6UDGJ 5V NM2QIO4A0L15VL77VVDYJ62MFTPO50TM19K1Y8 LF6 Q5VM6VPUPPAU6V1Q1UT549NPL2B9DDL93X8MPBR8XHCJWDJBP0Y0KKE04W2YUAPESORBL3HEEUKPAMMSSK3LFMVMEHT7U17MHNQ25K5UVRG2ENC6H78BTE6D8M8CNXJSV3RB6GRP61SJTYK6YOKPBD9PF48T6K0EO4PP4X6R5DO4PEY4FHMH2DUSUN09R2LNLRQ0TH HOEF1P8V1556HQOEEDS3FEV4BE A7P4J0NPPM 6KKG2BRJX6YX189GW5XXM2BR703 OFEAB  LIFH589LHSHU0F3M D3NGIC6OQQ1V4XA P4 W0G2 C6FI625GYMLU69BP25DHIV4XRBPI5ERHXYE08107X8PHT893VFCHT7QWO8CDYGR OOC44OB7QQQFEMFX7L4OP02CECN93TSLKKYYQJSDRBJBCEUA2  GB5QOQEMMPG7EJ144FUUP9C5BFH89C6CQ7BXGFHDC933KGUTTXOM8HHR2UHY2S2VY9YM73W5VO84821APCVS0GQQT9S1U4TA2VABHB8C7A6ML WT391S48CJAOL6TXVILQCAWJFMTS1MXR0XPK', 'WEY9QQFYV21MA4FOW0UU4G2HYW2REXI78LF2YHW1O 9WC6UMGE7JYUDTLNY82FK7QT8AE4P03GT0DR9UFLO2SE9Y8BDOHVL4VVEA9IG95KSYP70HQ9P9F35YT8D0339AX4VBWQCLO1ALYW120LTWW1WC5H43M3PGYOPM X07C6IQYHSIPIJKKJ 1PQRN34NPTAW8JHPPJ2L1XO653KGT YEBRCJBUGCM5AL7RU55GCR6AGRR4 543WMXGBNOFLI5', 1);

insert into FICHE (ID_FICHE, ID_ARTICLE, NOM, REFFICHE, DESCRIPTION, IMAGE, IS_PUBLISHED) values (8, 7, 'N P2SEBL73VY9CI3TM1T8BFS0EDTPOFW0EBRC6G51NWJ93LYWGL09US7MR M0LRO', '78SANGAU90B1NP4NI9DUUPV4E3IROLE4', 'LMOOUURHWO8QYMJ1WC24MMSBNSGV8ATOQ TN1I1JFJDY2UHCI2NC9BNEOGGPROBCDAQT0FG3QEJXIKJLLMDB4QJ0JJBJY1IPBIMU5SWS4K3TUCA67VW7512HFQCHKJBD1BP84URNP0ETWUYUB92XPMFJB9YPKG5AW1AGT1Y5BCUXVX5TM0LEB1AD14J596 VXONTI Y5OTV43M5NKVBEVWVK2WKQ6AAW2U5LOFRY6EY8C2OCGD3OI2Y1SVI95L2LWV3Y39W62ML1JM1CALSSNIU8AWWGBYVIVOYWTJFXCSA6XQ1EXBBA EBVGK9W1FTP8V4H6JWPSQN9310RY NLI0R7046517HL P1IUKGEY28PUCT2ROQ0HT2SCF9L8P0 U57TP8RB8XNY9LWAI6KSGELNQ15MWF24EQ61X5 5P9L9QW7X5V728KD675HGJ2VM0PGT07U0AJPTXH5RFSPWY7T7JK08YF6JR NMNEKGOXQRSTS2UP670FXXBUF09J7CL2CVYWXCDBF2JFMHOYRW1GB1W5IRSJSV558V5 92L5JNO2Q30KKP0O IG91C6Q9DX5 UW5DCDLVD1MPDP8UB6NKSVNUIEKGI5J9X11NBJFBWM4O4EBRA126RVHT NPSEUHU4QEYJP5PWUR9PIRN5DTIOYKSCFW5ITTIEF7S 8UYWAXPQ7AP8AVR5D9Q2G21PO11KUJ2Y9A DV2PCI6BV4GMA7RJJUBEAS99FYM9BRXSMTWI05ETAIVDK8R93XVSYAB1L2WG5FUCYL8XNOKKJELTU4OUX958U4MAMPY63SROIY18KFY O A9E8MD5TPAE0AX1RGH542UCXG9HIJJMQRKXR9XSQ93MF2X5CB1NIU HTSGHSUN6FY3KM0LTHOBROF9AUJ GRR5RAHN5X6V43YSSLXH SY2LSFXLYC QI8J 54CDEFQ1232H7NU4PB38LR17N28479BULGGIF6RI QY0PKTTI2M9RUM457JN0IPY3GIB0KM0OHW17OMNSQEK', 'ASWE8QMX1DAKQUKHMN9U13P0LBC7P8HNHFWNPXWV33GPB34V62F99H83VOY7U43UNMUOBFD948JVBKKV3GDIJ1A3OCS0AAPYKCW3FBVOG1WAAUHWKMSOU0JE8Y7RPS6JQ9BGOWT86GW33L2PG2GSHR3RISLK4X KHQD71M4C55YCVO HI 5O1TPAAUCFS50EVQDNO39W2DHY03GT65P5CTKL5NY890TWTVM15185D1 T819PQ1YYLMGNDIWRE9D7', 5);

insert into FICHE (ID_FICHE, ID_ARTICLE, NOM, REFFICHE, DESCRIPTION, IMAGE, IS_PUBLISHED) values (4, 18, '6JVN91Y3GC12F7NN95SX5L8IEXVLY3JK0S8B3IC XXDPKOYH8Y0M351 TY2TGQB0', '66W9T30CDSUN390D53B0PLJK3B R94EI', 'NQT71F4PVCYTB4JXYKVVD2 RLNK3FYRKH4RB3JS5LPCUCR4XTM8CHDSOGSXHJII 6DM5EIW7OA7DEOC9Y DMSHDQ9203LE1 HHNCDHBJGDTL2HSAJG0S9KEA7475AP66Y41FMQF60XMO7UOSFJWT7002A9WPMREIWN2T3O6L8K MYMO DFUL8BY99EHQUXNDE02V1Y1NRJBEQS FTVNX56EFN5E6IUFKBVCUW9YL2S5W7KD41D6I4E5JUR6TH9PBAH9WIKI4CXXSD95H22A KYGYW5ADU126SU82XWQBL57THB2ARPWT616HRVBF08K7 KODGH7ONEJI2FITOQYG XMB26SKO3USXV1MRP2306IDYBCM98G872Q1AYC5R 1RCPTNP3YU2QQQ9  RL CDD2VONPLKJETCTNJ4IC1MYXWYCJDNPCQ1DP0M6M92J2C7OXRNNA1LJ9N6V7Y6AFM89WMPPL RJRFD1E1PUY79JXQJSERJVX5YGQP4R3JPMJAATO1Q4GAJFQV0BPBEP7F0LFUIPBNV6JQSPWC0U5NRG8UJ VNTWAN8OF1XQ155U1264YORJI2ONIHXKRF9BVY9X7YTRRUAJI74DDQ444XFTDMW5FPMKBMNUJP GLKYHLINFA84QS5JLC5412653LUX78XQBD9R61WA4J PUG50BGX3W01J2D G4CVPMHT7ESTW2LQP38V66JW9NS VHYAJY18YF25N5YARLMDVKCUT3 20G29O3B5EBM9YKUBFUQSMVFRVH823SWEKUNOSG3Y44MRLN99R1KDKTEQ9GF4LR0X4IJJLWI2QMM151D2QN0N26PAHAN2CBQPQJVPRHKY49H CYWSEUQP4F3CY4TJOI3UD8XIF5T46T4Y8B8JO3N7 U WYCXNG6UGW65W4IJ0LBOVCWDHD5SAEHF NN65T AO5A5AR2L804E5L72QA1AOJ76N51W7GAIPTPOOO1LA0TPTAINK01ILWLNYFPMJBB4SGVOIOEPT0B7D5X445RYUG', 'YHIK7DJR8QWNISNJ7SRN66NT3BNRAU8YOHF9X59UPPT52VF4G52SSPYV7MSTCRG58HS4MMYWKV9UHW P1KTSEFR1EOVH89P7MS30X5SSDRU9JN5VD5YYCTYW3DJ6YP3YMASPR9DTHK5RD3DOLMIJ2IWGJ7D8PLBMSJEWBOVO 6VMCBJKOFINH9L5SF3W0NJTFTH6261JU4P24L6BDL1EN HQLUDBOPINP M1PT4VPKB6OB985U5O RMHKYYJTPII', 3);

insert into FICHE (ID_FICHE, ID_ARTICLE, NOM, REFFICHE, DESCRIPTION, IMAGE, IS_PUBLISHED) values (13, 11, 'AAE6PCPVRSWHOME7VSR LD2A0LNDP97YHS9O7DP3  QF4DDW39GTE7QKX7Q46IVQ', 'XBY 7M0WE2Y7A4KCBFET377JOTQBSUJA', '2U1E8 HV0J4MJ7WUYUFDRLUAA4Q41AOKTH1XEUTY5O0POGCRBISELTSAA0OC1AX SX4NB3URA7S1LVYFTXM7LVC1AQA17X0WR6J9BXH OGQUUYD5KWLXR 3XKXVE8BRU8XG94L4NHD99BERRIXHHCI9O1VWJ3QMUIG73MKO8IJSA43SFC63U  IGIJPF3NJ9PT332ELKIAPXN1NPJG8QJ22UJISYSL0VNKEIWVXXUHI0MD5NC8RW3LPTF1MY C1W13IIYW51RRPA0GKMUMJY3JPRB1Q4TS7 99U5AIBX9BSF2QOGTFGD92WF33N2O0J2LQTE8Y1352C0CUUCW2IMKGM0EEXB96PLYQW5ELFG LYHNMYXGMN096S5RU7BHOSE68J6P 5A22992YE7OVVRXURSC 4EN2IQTRA5CSCBLCVM0 4NH681C7JE70BS7 166KONSVQNG0IR4YL3MNRVO7KR5RIM1B4UEKB8R8LSA6WRCATQL L79WV4QQF06 24E9T9B1OONPQOXKBAPJVXSJ03B4UU07LVUVT2RKAOP2UEDH6S1CPT8J0P2PJ2693E69 UOB9GKF1PF YOE4BHSEHEX0DELMECOX1RYX 80M4E71TVH6XK0VL1J35IIWXRD1QTR6CHN1022WFMNITINS0VGTS1DVK61GTXH R8TUK9LWXL5S8QU7VKWL6F0HTGAM20VF7TQSREQK2XXCHIW8Y5YIB4ESLWHPDQXT60BBIVOI32S3 2G9I5FC5EX1H6SHKTXJPYAHVXWMRY7P1HHQCFXHQG8OIF4FKSG5CA42UQ5VGVKF4S4CQ9V01F58847M94BD5 5FHBHCYKX7MXWUKBFO7CWES8JTN7N2SEFNVQ7DN47N2PK67QKTB4X3S2DHOAUADDRF6SWEG22 WV6IL0 IIM AGCSNEMM8L3T4HBH0TDY4Q123518EYJ26G7M3V8X8N70R104 PD3M2STBU5LWUKI516I5650SCOI01G88MRIPIKBT825YF9WMY8', 'HLGWBRUL2CHY63BYAJ0E5UH 2YKJSVBAHUL27AK36Y B6NEJXQSA3M6B8M267GA75LQSYV322IM4GT5FV3N01NBW H981X9 PCK5F6SNJV812PMJR U6JL0L1MYDGYMO8AV6TYLF8GPQDHK31EM9CDYMVV37 9BQH9DUI5WCHDXQ0H3TVY8NKYAOSML7ESS33PV 9VORGFUIW9XS901NJJTUR0DRQN1 ES9B2CFG41ED7GDIYIDGXGQJPSF6B2K6', 11);

insert into FICHE (ID_FICHE, ID_ARTICLE, NOM, REFFICHE, DESCRIPTION, IMAGE, IS_PUBLISHED) values (6, 11, 'UQU01OFHG80FHBP4KMMXKPWBBUFYLJG1H65GTFM8UVV7M4XSQRSWF72EP7XLYHP2', 'XEWTY WYGUTOHL5OXT46RHA330XCRLHS', 'TWEAFKV B8P5JTKRY8QPR9BWS9Y13BIPR1PFYD3X4EDK2 5V1RCHLLP745QB8 KEAX9CP6BRJ6AY43F34G33JVFWLJ3BQMFF4LAL14F4TTTK7P1SB5NLM87DF4CACC1FUN0RMHT23CCK9J5QKDT 445CK6X81FSBPHQ9EOF18B9YCEG4J9C4N0Y SL882AMIU2PGKCPXW10OWC5IPM2U1KWVO1Q40I2T30BKN7N IG2MMH0XEXTUFNOYJQWPOV3E4MWSE7SWC3WIH7BSKAIP98MMIL8Q88AWDVU5XC6PC810QYVV3H0 7GJNG69T1OQB1CLMIWEYBS3PYC0EL B2AMR91RMGRF 14BL3T8KJU9L3W7M0EUCBQ681R5V3ET8YEPDCQUCP8W6IPG4PPU4X3QB TXO16E58F3D2GHW7NKJ9R8FXHDP282YI9AOLLVXJJP8UFYY40RBKPR1IFG5S74OFV2LVH0AXVFG5G9R0YP8HHHXQ2VJ1GXGY8S5WXVJTBSQGIL2S0612CYN7OY0NMRTQPL3OALF3K1N1Y87REPJ7SW90DRQFN0USGA927GB 3 X3CN0O5EIQM8CMYXX0S76KDEGUMX27368SKHTP34TDVY1V3UQ0K3WW60IOQN2SNRC5RJKEU9AQWB 37IHVQHP2DXC51E78JL 3DPNOQ WECMEXGJG1FERQ7LVSA2 FC40G552WY2IR5D HVAXRY2UYQ41XLSDNHH8021AWGW57GA 86PA90R66T8TY8SWL1IIFDUDSXLS0R674XEWNG KB0D8 UGKE0NQ8P4T6WVFAU XFGN5XIEANRLB8CD0K2YUXTKR2N565QV1VUFJ1OS9V7M6NV9B0P9SUX2ST8G3KQ4VK0AHSQ4U2BTV7XX418YKBCN39IJBEG6D2LHJXOHYQUALP8GLEO36HUJAL3Q GRNY92Y74V50TANGXS0G8WFQHB1NEE1AFUBLJN71VWJ1LYAPHXYX3ID8A2OWRN6GW52SMBIONP9HSX7JY9QSV', 'KACJ605K5ANMFV6VI2M6M7VO6DRPSFEQIO177FGQ3WJDBIN78 7TUEIILTFF1B66 19RYADW8A7RWIN786IB2UKS4UJE8GYFF5 LJHJGLHOPI6K F93I2HCKQU4HUODT6F70E2492844RW92FGE4WHTD5VELM0N28 X577SG8VOSIC7FPO SV2F2WKHFKOGAHH75Y9RPKGJDX9DDIIE1MN419CKN0 12JD4 UQR07LWJGI9NU59D UGYC6XTIF6C', 18);

insert into FICHE (ID_FICHE, ID_ARTICLE, NOM, REFFICHE, DESCRIPTION, IMAGE, IS_PUBLISHED) values (7, 11, '6U91KYFYIYIJQIX8U8IAL367ELGOLPTBM58SJSNPN44Y9E98VAFKX REG26R4QKR', 'HVQ1I5UBDVJWC3OXMJ RSJPQ3WMOXGEP', 'XXUTM4A2RHQFD KOXPRSD1GK228SL0C ATPVR5N4IXDDJAI8 BWMFRHF063D3ME6LE 6LQB7F5P3XDP9WKS9LHOC7IFY7IBMLPWCI15 VG2S5SS6S97SUDPNTQMQNT0VSDOY5CJFVUUL 7WPKXV8IUO3V30SERWXIQLDF2G2CVFKMIQ2YOKG6EBT4K24PUX5USY0LSBRYU9NGPHTDD48OPUF4P7M5MKDM5325B5Q4OSP6XY 5FDB5L1V7TX2LTUSK5DQUIGO2 IGRIEYA079115KHSR73DCY1P71SFAPTY KHYNJMWKM1718U77N2B3XBG 0AC9A5IQNUW0YQIBT4D24Y9VX8VQ4CM6GYLHAM8E5P3ET2XI5K12SAUCGIEEDX6A6QPK2KAJH5J66QW4WWQH92J9K5FRVMNUWSER94KUWJACFPV65 BAXCHBIOO0AQAD6LIP28K0LLMCGPVR0WNXNVJ7GVXXNF GIW1PXJIQP6 5G9LYD0UEL98NEV6QFLBQBQ4HTJ6R7LWB4NHX5239FVPED M8FWFUXE4E1H3V1A4XIXHS2YVL6US97XJR T7GJHG8DEEW 3JJ2 CQTXN A3X2OKE6PM5A9WSEW3VNT26BNFD1 H5LLCBOG4TWO9G15RWS87105J9VKPLX1G91C2OY54LTEMXJ5JPTA2XWI64GI NODW K8JIU8ALER92K3XBGGUD7CU9QJ9UMA6IVBTVA4P M1K0YQX06HISY1SDY6A53 W481QI93QY0XNIJPU51KR83TG9YAM6HL1DFBVWSEXXLJH29L7BK93GPUMW 8K863SUREO1W48H ERS1VU8WLTWS7BGYO88OFLD4 9POATAAF0FSWYSLXYKHVT66SJREE9WW7M88V484WGDK V0T3E6VQTJL133WSSJYJIPPNXCOM6QCAB399R35K34NFE4N7KKSWES9E7SNO196W8D52GCG2WPA8NEA85ECLMT3QAX9MMA5UWB7IOM2UM818V5C9GM5C8UG9S9BF', 'RNSLF93S4P0RT8VFHG846DF 0QTDYN4GE2DQIOJV4Q5F2NT9  WKN4LMVBIPHIR6CY067YFHOBNWF363RW0U354UEWC2IWFOEBYIW8NB4RUEH5JCX2A2LNL R5ONR  I2TFB7RMEL2313I4QD G7D 7SYCVJ80WPNTPY2 85WTTVF0KHTRB52OMFREDQ6F4L9A2UQIYIR9FUUO45Q9PPIF3GPXN46T40QVU7N3SOLDET2OISDXGLT1DV575J1YX4', 17);

insert into FICHE (ID_FICHE, ID_ARTICLE, NOM, REFFICHE, DESCRIPTION, IMAGE, IS_PUBLISHED) values (18, 14, '546M8KJU9Q 0WVYWNS53LKT5Q9ECC59R G9CG4W93SC4O5JTP9B43R YWIFQFTQ1', 'NSFUICI6RI8QQ9L0VII8GMVD68239J07', 'DXF0TNP2D95E0PWLU9IPNY8B4IKEIE3EFT27T5GIA7262FHU68FS6A60X3RJN7FCRCB60TT4052G3QUY69RPSP3D2NCYMLNF5JDIQQMITDIHM6LB 79KHELQRQOT5PP731GSN7ARTUSDJGYPKJNAJPUW O576TYOW6TEPOQBV696 FKAKGSTL6J HF741CE7OYTP4QG0ONEVC3NNIPEXGGXLUJ9G9WIL90R E5E6M6O9AN SMSEB9ERNEBS1N7B1CM CBS4F DK4VET5YUNLG CK8NCJD6C5BRXVWROWPFL4AS HCN2BQCG493FMTVOYG0 JKAN1MABT2IU1DLLU3RHI5XNRMHYUOMM8VP5RAGDP3B8FFT6JSRACCYLFSE9OTKCPQKTC16B6E5LOP2UNCVBL4SXXJ5BNEENNDLUJ0BUHF5U75PNALXHOGKAJFEBFSC4O8K F3ENUSKGWGUMIOTAF65DD7  03AB92KEJ0KFDGSFY56VA LQ2U2YI XMW7RVUXOXS8PW2NEB2K2JF4KD7TGQW5DYXU0EQ29UJ 9WTV569PKSR428WA5KFBLECFVL45S0HAE7GWXK0HCTX6OYL4M9UF2RT7U65 URS0XOQUQO6HQTIS3O310NTPFFG94VUS910PB5A0S326R3 S61PK3M MGDPBHG4YY84SNKL2F2CQ2VR8Y92XB4SY2 H1HQV70CGEPT6W7A44 I4IK197R3NSCA1Q7IUKPTRHXXCPR0V4FD97DOP67IVEKT4MHPNAFQAQEVCYW1HA1SBAUXCJ2ENG3LTKQ5VYRLKOUNDGNMAW57AXN4GMES4TH6MB2T0DFJLMOCI62O03M23MK4OLXRBOHPGDAOEQA5RLX1OHJKRR3TK5KB6G1E5IXUN0RNBDDKVGCVS F51KS GJQLEXRWG1VPYALU 0WI4U9 NIEXTYN4D4DFAJTDYBH1I0J8HM6666PKY96TF46RVIVS6JI1DL32TUXYTGQA LCT9OODM4NIFLT6Q2V56I7KU', 'RUG6ONACMP8I1C1QSVFDGHR173DNWO3KQ58US8GMUJGM24JUUWKL4X2QQ8X254OBWFM6E1W 1PMPNOAB2FSORNM6FSBDGFAT9X413IRCSTC9MR8RWK2YO5DXRO6YT 3WJL57S4NYF17N2DR7H1GNE N0XF66FCQSDYAEOKSJ3AW6ELR4SAXWQYHU07X8T6G409267QV9P030AOSAICLSU B8QW6BUBYWNF215K4KXHIAM1S07XI7254ER NHIRIN', 14);

insert into FICHE (ID_FICHE, ID_ARTICLE, NOM, REFFICHE, DESCRIPTION, IMAGE, IS_PUBLISHED) values (5, 8, '2JMNCF15OXJLWM5YFWNT5MBSESK9UOBS5CJ78LW6AFWN3UENYIU9QCG DQ628UXL', '8V3BXV341R4UTUV8W994E6SCNAE849IT', '0TM6E8MUVJD6210M4OXYY7EIXCTQXLVLSERAQIMW4C8C YHHOR3I6APE7CEYWOUW5ODI73QJQFCM2WIYRF3QX3 XV21JEA0JVNNG64SH 418VDODGJNQ7UVH642O5J74HYUO9V8Q0BOC847JQKIHBVJR3TUF4OWLAY7MGRYROONYB RM9QFVTQNYD3UUL61DDM3LYEGGMGF1IYJ8JR9PL2GMJJGR3L39LMSV8KO1CLGGI7BCT7UNSPPQ F70IP3EL7OL4578 N9XB2DD442DSOPOSOLBYDLGVC4UM722LWB45 H5BBTCC299VT69SONFKMLL4 U3 78NKN2UY72 D7QMV4HEOTVPPCJO8TN5N5KYETX3HXRO7K E9F65N6F42FGXV96L WYFQGJY06XLDQGL9BVVVA Y7EU060J24D1DYMRTJEMWOG3LXY8RXTQSGK8IOWIQY2JYPN5KRMUN8PD816 0LLEOYQ9X3YA3565A VNE6LRSGJBQ5JTMYMA2LIIPGBO38HLEYXS04OG6 7FQO5IMD26T13N33AY1FJO66JOFMV4LS2S9QUVUI8D7SABDKD0ORG7GEJV5LWXP3O0Q84Q2AJRW1O9MS655221YP1H0L342GS80W3XYWORYVD7WWGB0XS0BG68B4GX6L74D8JC3VD8V19W5B7W7PR139B9QBNNFN VGHXX0YKOI6R66RIW4MR3O20AD6YM4YA7CPCL27C26N1VR9KTJJ72H1WLPHC6H5FDHQICLYYWLLWTK2UNK861QOSXNQHPK5X6S5W7TUT9TYSY5RWYV7F LPOMHALLF6EXIEK6SQGOFET5Y6FTEPCY56OI 8NA PNIDM7DLTLB9IQEEGBVJU 3DF407G8A1IM9FS7W5K4TPHYPQ M93E2H41FYQNK3DMG58NMV9P1AHFL25FHNA3XA8X7UH8L7LCEKNO5HP9JIP5CJQTBAQ9MOD77MRGV89CWJ174X4K OXAM7ICJWF4TW5CDSCBLRTHII3BJF26TJ3', '5YWFJACF8GW OAAX4EV23NI DN2N9MX6738MN5T6WG01X3E2DTR3WYH0SPAQOAJQ9NPV4OEJXLP97DNWSVF OJPXVM2GQ560M629SGGN6QREJ58C V3C 59KCJBKMUA38U0UTAW28B31AORMFT LKMV7Q8WLT6QG GDKO44RFFMR38GGAEE6J0NH95R2510YEIV91143 U80VD0WJWOC9GEH DTCMK3XV4EOYADTS0W3SROHYA4CCBCORP2RKYH1', 16);

insert into FICHE (ID_FICHE, ID_ARTICLE, NOM, REFFICHE, DESCRIPTION, IMAGE, IS_PUBLISHED) values (14, 1, 'RL6ISWTF3ASE5HFQ6MPG7AKBVLM8NL F7KU  SQAW3MY6EXCTDYA2YDWMCDSCDGN', 'WJSG2AD7FCFT0Q EQ1UXITXCM3WM11PH', '8G7DJWQTMU612QEELOFMXYLYV38 YPGL7KM595MQKOSIDK0FVLVY46C6I2O91H753APIK9WEG 2VK7OGJJSYT6TNNH25W35XQNM5UEGHL2CB782UOEXR17PRIXQV8N7JKALJRTN03VY 4CCC9M1B1L493O4H0GSXYLY57 FGU1DYID55XEWIFUTB4QLYIWUH HXBGG9OITY4PCRV6JB52N G6NM8AMV1HNXAY04XH58EHEWHBH4X3VEPLPO37BVQ6C98JKKX1LNHQWUEBD9GXGBEGTA9CWE8FJC675NP5ES2SBEE2YLA9JLCPI0C3GJIHUL5D0XSMI6P48YQ4Q2S2GLQY2EV66W0BJH LJI2 EEWMIC0VQOBNN55QC29JFLIQIIGU83UMC30B1 9JRF3IPQM7UNVEQCAAC598SUSN6XCN TX05BAIF9JFTTXARC A900A2G2 FJ39JBU01GXRQ7Q839K0EALW7M7R366AAPC26H843WYMOLE45QVOLHM NN8MYS12K45CFURKOT8RIY7J7 SMJQV8UPE91LYKRKCK1HIFVDK6MC6K1T7IHBN5NHY7SGQT0WTJWYXLBQK2LFQ541V9X5LXJO0CTPHM5X9B1FVPE5UY39Q0LIG3ILTMP1LVX8QLMIC9OIM42UWN JFM84KHYLR0 BM62IH3ILK 4GW3 437AHH9ITP89KBQUC 0AH2BM2EFXXRKIAQ 7T  JI8DFJS4FYECVN95EX6SR7PCKP0N1RDL07I8S0VBJ JH909DV55IF2NXRR2394JPDXPFO1OALCY Y5LGUSIDWTVNFUWJK8RQPOXWP6PQRY3OP5BONVBEBB4MGFFGPYRVQK8RJKV5RSEPELS4EIKXYXIQGXHMNNL1TOJJ2TJT1T3G2PTMRU3KBKKNPXS2I8S  6PXB5ESM2DMW3MT4 P5YO7T1W05K597 7FYH7LWBLC67 S4I54WN7SG2GOF7FB13 DYVAORGI0DJ5CPKJY7BO1L068U2IOKDR3H03L', 'J4THNAW4M0NCD693375AQ1AX6IIJMM9EDY08PL9LXLIUBO118W65MBKJMV7RO4 J2PWD YK704IQQBW1ICLVHW 7BJ8GX7QD35GBL7EDYPRXVG68T3YA4RY06UPKTO78RQNCXEXVL EDDHT3SFP5J1EGXVPY2MKT4HIMPQUXJDJT318MX8D12YRG4BHBR6H90538UKC58VEY8VE3E2KKC 0C1H6B4P7515H7NC5KV56E6WTB95W69NOTSF1JTOIF', 7);

insert into FICHE (ID_FICHE, ID_ARTICLE, NOM, REFFICHE, DESCRIPTION, IMAGE, IS_PUBLISHED) values (16, 19, 'L9U1YV5OF4U6LM53CLGJ822C7KUMVRS3RAIVAV0U3BV 4AT 0R1XUFFLXJJI1I1Y', 'RBI2WA9AI 8KXEENHP7VUUUM3F5PTJKQ', 'T3V9PJVQJOENU0450QO2IUGHMHQ3EI P7XVW10WRFS1OS 3NAQMFYFU9VP9OW7QRWCNPGXMOUKPCCLOHS9QHUWSXQ1M5C2RYNCG8AFV54ATV3EJ3M3PB8FXWE48OI7WT LH28S37CYODU4S6QRBXEEDUV7FDCWMD8F1L7F6BG6QXRK5YTFC6XCV0WAM74KV FSE7F LB17EG8ST1BVKVOWNV3XB3FT3FIDX4F7CIKY6T XJDJLWQSWGHPEYT2DCY2GYIYYYK82IR BNEIP6DOCK6WL235465KYXF2BHJ3PYYHFWX1YC91EURK46J46M 8J7V4JIYWT2 0VN5QUBVVBLFC6VPLPCX1FAOQ 5O8YFBEITP0E2IGLPQQMR L2HSRJNMT611EBOCQ7RL0EMEATMQX1HQBUOSYHUGKTEQLRGBF4GAO90Q8RAT LO6BN5KYGDPFQXUOUHH4IBMR0AHEC5SP54IDDM6XDUW5YUXCOFWRRETREJN5O9WN7GQL0E2QRVFSMXW252LKH8J SY36Y4R6WITBO821T4NN1I34R5I1CVUG7MJGKTFF31O7OHHDF8QBPF9ILIF0BV73BSQ64YAC9V06I YW3XTN80I3I 2HDFHIIN6V9O9NHWKGS5JP YXUE6FFYG3VP4Y3QHEBVMJSLYWJ9WRLX31A5EYW1T1SQ8C2OJRN 0U210H6VPH4D4YRKKGNJ B4XEOFN6L5QJ6IV0RGQI0OIVG6X8POVYC3XWHXLQ3JHI2 WW0O1U0E485WNEVN4PB6LJO25KCOQPC1IPFH8SN9N3NG9MJ319F3WLJ8L3ER3FC4RH6RVVDX6CEOI PA0PQY YSHVS5CDIPEEA8ON94XI0SP94RB34704YKQJ2F4JELST9KPGK9I103XJ5H 0MRVRJEMWI 5OYF30J LAYGRVFI2JS4Y3D6GI37MTLGS2N7SP88CC4VHPA31M79MFJ4W5NBYVWDM5G668M AYC2CYNW5A7Y7MC8OJNIM917KHV3CMVR MC ', 'LHTGMSLKDK5NQ7JEADX6YQR07RCENSPEWW6RLOF1J4J5U 3X19DWV4VHXUDASSMWWQTUM006VEP6TNMUWYXGSU35EMFGOPK1C VC4V7NPS 08RPJ0D9 P41DTRX40LIERCNTPLFH56PQXYIR8Y7FWBXW6I7DSRT F4DNCKL628CE15QQBVHO XFV9UP59NG6HCC89F5K469Y BL0QYYKSNRWKCVE1UXRRKXRXW4WQ  AFNUMQMFRFBOXHA6WV28X', 2);

insert into FICHE (ID_FICHE, ID_ARTICLE, NOM, REFFICHE, DESCRIPTION, IMAGE, IS_PUBLISHED) values (0, 7, 'E06NPQVH3893OR7EWYM1A0Q1X6X70IQTWCAFAIRNH5I6KH55S 1FAYSH20MA5TYP', 'QPVNDHIJ0CUCA3B AYWKPVU F YPASBY', 'QONSV60KM12 GT6XFVNARUY25IA1B GYSIGL24F ONXTA7R3X9DXN29N9846FVISJW71T3UFV5A1H1I1IJWA08WS2RRHQ8TLOS4RH72JJTGWJV22AM FTJIUSPI3Y7B0RVH8PQJDRLTHDGK07 BBEC9IFES431FY3GHYG56DF3SV2LP0WSRVB7U0QQ JF52UQKH9X1GF7MS03AOPXT3WFQHVACKAH6RHLUSDN4BSJ29P3RA1HJ53VSX3DH033UJ2BISGDCC5M1RS2ARFN4U12DH142URF1W6BLUL5RLKGSRU9CYP8A3APM IGMMUTTXUTOFRDKLKV6UI7L72UJS9TTQO0FVV EAHT1YSL7J DSM8RSD4VWY8MFO49B8AV62X3JXHS406DTOD XVXG5KIO16WGVCGPNYE7TVJ438UX4O993NXLPO6TG8EK9VK1H5JH3CJ1WW209C3AJ5W LCC5L9FGCISOKFD28X0BK9EACBX OF55KOW2JB7OM 6OU DTT8BY93Q8AFTK2YBD SP8IXEL92PFHOEG0WSB9OF3IEMKHTFPVVLLW6 C2K8KTTOFPLNX3W7W718RRM 2X26D9NGUJ9J199X D21QD38G68C8 HV1GN14AGMTS2A0HE6580YTU52EUTKBB3B1IVOMVBRRLU2186XQ28DOGJM3CPHN5K0AP IY0EIXFIEUF02CEH3 C6AOGTH4YO3RDBSGWFYCD1MH6WVBBOWSQLU3L5 YEO08G8PSTOLW6D4BQD2TOLGB1TF3VO6NCCP7M3FVBX859J1YHHRSV7A6TDO6 FAWQYF13BYV H8JPKIA SFY2DV6SCJLDHCSPFYTUD6CN8978LLIYE0RZ3MGTDEF2WCMK2DFGPX AJE37N629 UJ1CSE M4IRU60RT8K6T VYB5 OX4OXPNBC5KQFQUIUFMUV3GMX9XBY0GDBK5F48JXLK1FJY8TCUC8OWDW8LDYPMLKIRXJ7V317N7OR09LXC O3PQCCFPNSMBN9S0OOB9', 'X6HG4X1W57Y3EFSYD1TVEWIC3K5DY8XAE2ECXJWMC4Q2467TF 0GBJ1XAQCGNE2VFU2DOYDJ5KWS4IGFKV W8JMVR2AMMRB3 S H0LIL350Q97ED5TOIEC5SYDNCVQRRTUNDTY 1J1O9L8GQCK4KBL2N490YLS43JKKTAQYML5LOJOLX4HC7V19V9W3OCNKSG5ACVR7F7YF6QU8S5ODG5M9B64JOX4UTOKDHC2W 1NWV53EK UD9IE16GF5 E77O', 4);

insert into FICHE (ID_FICHE, ID_ARTICLE, NOM, REFFICHE, DESCRIPTION, IMAGE, IS_PUBLISHED) values (3, 7, 'IV87EFAU X7TB40GAAAHTL031B4A5NB17WHTMUKY85WHQFMYSXCK6C7HBX3NYDYN', 'HA35K82VKQG1HSSSYTHOUBPB4F8S4Y D', ' 7K01T6DVX51W7KPS4DCLY3QG6VUN5WD BE7CH8FCBIYV70TS33H82KEONBTNHG60VDKOQLMKSS WI73PFBDA658OMF62LCWTXOOEP1MVLAEKOPUO0P2SIILQPL4MMF2V3K36O0HCQEBPCOUMB2I0FS9S86QBU6OJQA8Y3GNUSITGEUC8H6MKFOCL3M0FOH4WT6HXJT 213S8VEV CU8A7FFRXDTHQW6T0I1MS2SEGK3QW3F5CW BKSIK W0CRF1XKP3SQRP4KGJXS8GRM9I2I1Y45PA4MKCOG5OIFYT8M9Q22MQN TD97 KD1D87EG39A8T338MHKL9PCLHETIXVX1HYTFEAANPQCGB85O0FW LNE0BF8BI640CBFI7BPCZTIA0S2 AGU3507BAW 9EPED5QD90J4652E9KXLB5P9L76VFSQHCPAJ1B7UC1G8DWU7XK6JEQ0P4XRLTPORNH1HINIPFFWWO8AUVI8XGJ5BEFSVI98KAOC9SC9GA8Y4BL8UOU4V9IJX7QE803P9D5W6E3SAOG  3UGF0U7R4YG2BQ6EDA6V3OLKFV9YDWMVDABFKR20WMXUIAVA7AH3LWQ0G5M 7ET70J5D1OJ9XOR3N3JXN A95GS7NSIH2LRMDOXF5NTA5NJ8LRKHCNYD RK0O0H9S3YVE7IFPLA1YHPF9WKDIYQ2D95FPISQBD6XJ0FVHEQMBKCEKVF1T0KOO8VNGBG0LUGURD2UBS4AQNGMI3E7JB967VF18XCVMT5VM0L63EQF8YP52SXNHQB6DBO0S72PEHVF5 XCOT5LD NQ95RDWL2XJJV9GG K  J1WVTE0I6J8TIR67YHPNMF7HGK3DA7FAAF0JP51VY5FRFAV TB8YV7T 8W30X0UELI4BW S5WF4O71HBYBF3GKVR7DCXO D488FYG08JOK RHD5091OYVDXHQ7A00U666UKL8XG4AX7MNA3SVA XB7INFWXL9YH9RNURS5JXY0K9XII89YUPT9AR5YSCHAIVK5 E', '5AHMQTU7J2QR 0MWXDFIOL62G1ML53H6IJ83CACG0PQRRCYU19QYKNP0CPSDU1 N96B4RY8FHQPO9Y0W57G9G28I0XG2DJKOLQFSWHWBQWH8KXXWXLT0SKXD6UHCY6NFLCA6UM7NDPX30EB5SC3PE0FUC8RU4S4A1VP73CMDS8 S8SECW6KPEGXLRJ80K8F8JRHQCP2V5AJQ5JWIAEJC305PHVTAFNLHF7FGKY3WE9LBYD27OXCS41DNC IX A4S', 19);

insert into FICHE (ID_FICHE, ID_ARTICLE, NOM, REFFICHE, DESCRIPTION, IMAGE, IS_PUBLISHED) values (9, 12, 'D6M BWF1BRC7VDYXLQM8PT9XG0HWN70DQCUAQ1T0J99W4MPBLDHQ7L 6XH8VSI1B', '40S27K6QXBRPFWVCYX36OAFWPAO F3SE', 'LPKV8GC49BNU459H4GT536VGKJIIF0AVSBQQW3B1ERR1H1VTV9T3PFRF4 SJJ0MYCC682VU9XF75N2PNDWYRPQK8LMN7B4BT1R303 RE3NAE5RECS8Y84CW674HQGH80CASMOMIJ2DEWVS4P1PKH9LY1WPN6YCVJL7GGPA04N9XPX1KXSIKFP1F HCKJ354RWIGVFKP0KIASPHXJJFTU9AJKINQQFHHH3V34C7LG730YYB0MJ 4F471SAVKIR30XVKRD7376TLJ0MV1IU8ESPS8 XWMN9V7NMISO3CL8E9FK LU1A JHP6WYCBEQAW5QKDO1C4D4QY88J5SFFOGV2NGV6DJAJDHJQDU9MULPE9JG5BQAPE6C4OREXXLQYNCWUGS6R0 BQDYNV13NAWO2DV7HTI8FSAD1I61H0COOU6534FSY2L 9N RJUB4LKXTM2R4QSOEUO6T KQB0TJ7W2YWFU8XE3GDPL5OGV0EEXJNE4EO42FE 1VMBCPFWFTBO0U82BIG803FE2YDW1NPC6YHUSXC1 6HG11IUDHUO8DWUU5HEV8ASIMK38QIODV593M50OEFHLIVK9VM4EVDX7EFGNKPMJB7RF3WQ3VKSYA8BE5WW8W4ET 9SRLUJP6122MF SQ56U6SPM7Y0UBTN48OC0KR B7KMU0KR6VMJP9HAJE06DSS377WTPXEH7C9CCS3V EYAOD9I26RGULA F2N8VTQFDO3IW3U28KN6OW2PEAHD QOLF363CYP46FKTPOO05SOEGYW41HXSDTD 5UB9QRBS80RDO0IADNNII8R PSF1A4R6QWB0GBOIG07OJ79BOTMI46SAGCTTVL93P431NCSD032OR1VI778TCT 2LEIA0TEKUE0HB7T8C6 OMWB5DVM71UJ6QFCYC1NC6W S5YVY783F7VOEVYGVUOKFR0TQC5K10UGXOA3BMI31CQYEOT G5A9HUYW 7RO80OE58JRXWA91NT93  XY5DUYE41G 1MC00B8VQ0CM2CF', 'WYF33KNN7A4S42NBMFF6G0D9YAB7WI27UGC6G1DO525AFM05G64I9LHWPUA60V A0U56I4A G0RXV6YE93XP1KK6SDIVJ4 YVVRHDO1 861NS1V8XRAMIWY94919Y4RIPY7CGQRGA83CSMP55GQYSPMLHK35YVFOL6G FI5L9M2TRJT2C3SD58 5EYRBMLPMCAMH9CF1LA7QUK9CR7 E8X174SBC6LUVMNQU8QBTF NQHLHQE  HWCAHR2XUADLD', 9);

insert into FICHE (ID_FICHE, ID_ARTICLE, NOM, REFFICHE, DESCRIPTION, IMAGE, IS_PUBLISHED) values (12, 14, 'OB7NHTDDVT5J0CLHM0WO0PTN5RSUK4XL1P3A2X3CQBG APEDY5QQA IAE2NMRROE', 'JCITBNK3KYIDD029NQTXT0JBLQ3BKAKW', 'J6PEE2JTT9KD6NBAGV0R7JA9FI61NJNJ6JE6OXOVWYP46PA26SIQ15UTL7JD5G 5J9K3XJMCX3JJPO0PJ TF8X3TSSFMITQDCBDSJ 9V9 GUB56MMANYU2OL7W5YHRRU5F3S5K1JXKT7USWKE7S95WSXTT5H1III9W0KPQTRVH LFGVRJVY9P 2 FHT7HJYSQODFF33GP0G0I5BQJ51QE SAJIM BEJFHGJMTDVUW1NAQ2 JNGUECPOUJ51NEVAO5IWCMHNMN6375I5KWX9U 611IAKVUTS45STLYHIU NADXYNL4C8M0HPNBJRC2C2QPWQE3N02OETFO1TVY5N4E 1UP37IPMS T43MQAA3AX8S6JJ QFIOF3V92THVS11P8CE1RY0B5G8WJF70NXTJNGOVOB9PH4I2K55BBCBDFVE 5TQCN2MUVSD4JP6ACKGR4SY3XBXE0NF9OXNUGV M72FRGVYR75JT05BTAV4YL13V27XQL3 U2CV3 CC63X1N5SXXH4NWNT2RI73PC3RD3V8PJ82HF1T67VDQSGTLEH5WKO7RSXHY91LM8EXKTS4MO9DGTAGSX662 IVFR8C9TDJB BR78MVNSIL7F9XM1R 0UP7JXDKW8M8LJ3F2T6FCKQT0S56NBMFDIHWDPCFBBMARBISQ48P7STSUBXKS4WEOL83N9T5X5D GN1TPXP7237BIQN4GNDVC0EKEL34142YQJRED8OUAU18S2LBEUHSR OI6G4NUT1I2VFK1EF7I64EBL55TDA47YWQUFJ4F7SGC7HAY1BBV0WPNUX68TJYSO1JQRNYUHX3VY O62XQW3H3AOKJPDMBM88SJMCK 399ABMQRNYLGWMJL71TK6LANWRUEV8HPURCR7TLN9AJXPR UVA5N160SB3MT6L6PRJAQEKEOMXP0K H7BK86MQNSBTKR0A6N6UI4EMBJR3UUC 3TJ7AQAACD4OMKKW23P30AH9KX 35 M6UNSO1C9ID54MBYVMGH8X9XRKCEVFFD', 'SAX UB3BRYPAGPID2DD1C8Q46GW9SK9H0YDOWXLED9LUP5YUBUU90I0N0AI T0O B 7OJJ3BQJOPJAV3IM1DM660PI38SO60DDNL39JO72A3JOXHSIQF7HWKFR 8GNP5SU  8F9JVUR5J 7T21OF2RB27DL1S7NETNE9WE7DMFJWP3H82BM9RJ4NR7CO2T 4JT9RAUV2441BF0WE78FP6IKWPXN0T154V0WRXG8TSVQ8DWA8T6WHFGETCS1VWL7L', 0);

insert into FICHE (ID_FICHE, ID_ARTICLE, NOM, REFFICHE, DESCRIPTION, IMAGE, IS_PUBLISHED) values (11, 2, 'JSTCABJODCP V1EEMVWJFGEHUBCYICTBJJSX72QEQ6D72SEEG 9K4781B4DE7WHE', 'FJYP7SLAO3G UTFM17UOAU4NXK9L7VN6', 'UMXMKPRGIQWM2OO3QDY6X0C535XEBQYC5 FIP09WSXA6Y59KPM7F89TI4CMAFUKPJNK3BNWVMST52C6A4MYEWQSY94QDNQLKRLIYQQJ1BLSS0U1N66V7XNVTQ4MSPG KAJJNNHKH AN8MC GQRQTNC8VILPNKD4NHSWL FWMIIQH0OQUJLC4LCL9DJDYJU 7FBW5X30CJIIHLWIG0FIXMB6KVJ2L4I11 RVJ19XWI8G43418GR1WX3PRBUAC72BBSF5Y1U4 N914GPMMXPWPVOJ6UCKYVGCOAA7F1WOO US6Y31E71WT66FOCME1IQ75OWDYDN7G9UAU4YPTX62NUYREHXE4U2I3 K7EMGR72U4MS2FHG9CL4EEYQ45LSVFD 73KQV18Q1XU1DME 0PTJ5SCBQBUMNM87DN3WL7AEBBU9090FU8H  V 9 J2U3A90ADLJG F 6 S46T6KT NHS3PCPJG925KIWULGGM76TOTJC94UM29HPIP6D11YIHJMPPGNRVIF14VS14IMNK5NWMM37TSBL310WLJGN2Q0C3YC1HEXXO5XTIH9 NJYNAD4D61FN0JYWFT07Y9M6LVJ0SQM7C4U4Y58N62HD352IX7UKMYCOJX04L9U S65MHIDUAPRL72XLHR6C6RJGQS43L9E4VBDXSVCTCTP8S9YB 0PVSDC7JU WYFM1I0B C6P24B0ET3BEEF9N6VT56DXPFSIVMN0V3OVOGWODQCWBOC3DLQNC3MLU9VXB8KSUK3 I790JM5G5S OVUWFDLOXU9JGVBYAAUJY 9YKF05ILTKQ37OGI4J3AQ2IIYXDRGHH7KF6U BA3R5C7KQUO46M1J4917J9 KW4X23 L50XORPSG98GI2D8 2UNT6ODTS24MR6CQO271X3PB8P08FV A7QFU 7HAAQIANX0F9OSLE5YEV2WQSB87GO4UUVLLR15PTEX23H3BDIPG7NEMP9J5Q005XB02HJOABMB5WGBX1TDEP8I2R5UPLF7SG2C776', 'FGNEK6SDU84EK3U6WBY6XEWPRO  GGP5O5WQB3MSAGPI81G19FHCFIWFV52WTLOTSP4RHDCJXG34XEF1KXFDU0R5DGU8PAS SDQBOF0JBRUOGYNR5XSMHFDFOHWC3V5HF298USB3TKLLXNIA75JAWC3C2RXL7WGKBD7544FVJS 6QL 0N1QJWIY8JHJ7J1VTQJ3O1A11DWOLI1HS9LFEKVD VHGDY36CTEJBABF223GY8F2UILPVCICQPAF4H4MK', 6);

insert into FICHE (ID_FICHE, ID_ARTICLE, NOM, REFFICHE, DESCRIPTION, IMAGE, IS_PUBLISHED) values (2, 16, 'AKG 5D90OO38DNSL2XRAEKF4IOBJJO70R59DRL9FPEEINDDKTSF H0UDWUTRG071', '9FSXGG21DXGBK9LV13C49ERALA L9CUU', 'H09HQB 2DPOLQAEX YMDAL23JFPMFM79QMUS0D533PK7REUBFTW5BQOJOD CE6CMFH697AQUXI00R26D7VAOP6LO1LLHQSYE9LIJO7KX9HB8AU GGWK0E3FVTPW84MX6SM354F3D6JW 7GFC2FF6RVCW01BOJWPWCW5JHC9OJA5BNQ77QMP1C10WDI7TA380YE00XLGP02I60OJN A6E08PFHP2JWS 9KS1V0WQO0QFF0H6O0WQYVC5GNXDO7P0URBJ8H7MBTWFSLFEPXK8CDANE 1LWBRUE0 X6EJ4ODS Y110HI2L18900ENCUO0JXIDNO45VAIBQIWXEADTQHEIMIKX52WOQUAQ5L9E  R17WYWDPWYN06KBGXTMX04JY20XQQT34H61JCWERA7CV3ZKVQUFT7VOJGSHRP3DDSKWOF DXG U5YI96067Y0LB6R9E9O2KVMQGJUHS04B8YW5X7INOI947X4C8RDSV5OUG8LRN9T M7AWJ4VTKI0IM9FKMOUD42DSLQVFHCUA3RT2NLFTMXMTB1D569D4K10 P 77CA9AUEG CNCGNNSFOHFYLSKJ2RLNKSCYULXP2SE87RI9HEDSJBSHLDB80D I0VEQ34HTYI5IDPOA XNHAKJWW1R09FP3YVPQR5BOT1KPITAD0R2BUPH1AQBS9W7H8CVB1COWVROSTPMYHEF7OO6DKARN05MGUQU MUHTI0UY0FR3EAQ8RQ02KG1WXYVFQDSER2KE0YQJDIIMOOEOMK4V4VGV4GPIWI8EA E9TP90PSHVETYXBBGA65J729LFCCVYHVDPAAL19K2 JSDJEGQENQ6LXDVK5XR76GIMWN8F JHM8NS6 YGYG HV95K0F89FRUSM4K 36RM7JBOSQ2VEM7U59FJF95X35LSYFTU6ST9RMMSCTL1T6KYJKDE7TGNSRM1JE05XAJWYNB42XNTW56TGENKDAVLAL8PXLPISMAU7T1 8AQU2M0MCJ89LW 7H58UCKDUCBR6FDC EOU', 'HK6HYBDX18093B9VPERRWNH7C17EI80CF7LHAN5XKR4FNE3WX0OU5PSCXLK3PQNX25IJXQLSNVNANM7E05PTB7XOGDD Y3F O MRQ93P6BDK5 O8L419 V  JJFQIYPMATO7VYJ6OL7VJP7P4YXMVJMKQWOYT2FAPHFRRSD6KT0RG4XHRBOB4821AU03PD2VIIPC4UK3 QRPRRMNIGMM151I9JDK7XKO3 BNYEKOWSF0OAIP4E2SBMSFGORPM1GE', 13);

insert into FICHE (ID_FICHE, ID_ARTICLE, NOM, REFFICHE, DESCRIPTION, IMAGE, IS_PUBLISHED) values (10, 6, 'S5PWXBDX7LXGYWMCWA7XY3VQQ6HF7G3NV7A8T6R8A3BBQCFE9V59MNHO W RBO4J', '9JQN 9DIE8B4NBNX8NKTACM4C 51X9L ', 'GDQ0XW8LE8VA8GFR7N0CAAE4RDJPY7FCWHL JXAIS8I8NG0CECJWAKGV9ANH2FBY4SFMKE29X943RU YROV7M7KY270XR1QVVADKDGDH5M0456 0FGQD9EEREP 9Q6KNNOQCMCO8JALGM468C6VBIJ2 94YJY48AR8RE8IVX V95CK8T5010 4BUECCSQAO6CYR2GLFH5MF3QJEDER46HTDUD1MVL9E38I2MQAB5GHL6H5EWAVXK7GY0IE8LDSF93606WK4L4176JQISWIBSJ1EPXEPP8RA9BW1U0FUW6IVQ7TKT0F8B6OIPIJLRI9236AJKD53KEU2E  X9A1MM4QM7X3GCWHD7NM 7N2 HCJFOP1FP3HG0MLMSOXWVETDFISVLPQ5YDTLYGYH6KHPP8WYHYLLN7ROYAEPCSTTOLK5HNS24OGGVTFJPS86YV0KGCO14B7NSXAVIWUMD6FQJF3V9 RDW6EQYTHHD1VWS26E48I55J6NOH YD4NVK8XGWLFMJ0YDLH2IASD6620D4MBBNK2HXEQI6CM4WJTCJFE  45SGU00OUI15FU TA590J0MQ7WNEXENY0RLGPTR D3QBPF61VMJ3G1W3WUPASTA0J6N2CTVMPRI01 Y9CRRH2XM2RFCRN4UQ0OOJ3 L2MF2FX9627DUO7GLJ7K0RUG6O4KVL7Y8Q91KAORSX7C8JH6ME0EPOKJ89QCWBN31XXTRNAIPAESWE85IE55W9QU V2P166BFT93WYMBYE6 EXM766V8MP3FERLH22D9RJ7BR4AKIJ39Q8LTGAS8FL41J31MBCH8G3Y6PEOCFR28JTU2C7PTEV33GXI9MOO4XE0FJI CT49KVMVPQBQX5 4M889QC8TKNB42OI40QK66E Y6MVCKTQ0C0XXFEIKS6JB60YUBBWI2AL6J246W4AEMXRE 9FDO QX10QO SUBF9MCK336B9APG5GT6UCHUOGL2N5YDA4VLJK3LTTNBYQ3KXMMVO0WGV47UFXOH37S1VF', 'KP4DKTF3 2 YPHDK5QEVT33OIP6PL2T5W621HPQYSBGQKEJIWR2XS9BKTPOO1K6FSG04JRI7KWXCB3UAHFHUPV9QJCBN48P6QBX1XVFAEWGU9XO0SA4HBWCCM27KA0 O06U0Y2LY41721BW6HLIKNHHUUVI8AU8PO4RAEJQGENASHU0R0A5P3V46OHDE5Y4DKVQW6M1DLRWRRAX3LXNI7H7NG80Q6OW8AUTWJU8RW2AJDL7WAOKDWWA 93MSYHC8', 15);

insert into FICHE (ID_FICHE, ID_ARTICLE, NOM, REFFICHE, DESCRIPTION, IMAGE, IS_PUBLISHED) values (19, 6, 'CIK Y26FUFACK AJMKD LJ6 HT1WKI0PD 5M2YT2MQJLG861H4W39WXVTGDY3 0M', 'G1HVW0E7EHX1G8A03YR96KCEMHMHPFT4', 'TPA73II2L9IQJ6SLEE54W4E7SYFMXGLJOKQ2CRP4WJ57LBQML87P4S4JV4MPFMIOOK94G1W5K15E3ON2S3P2NVOUEY QPH  KP3 UFYRX2VIJS3B5VE8HLQGJ4VWI7W1TOI649902LPOUCA4L119WBG5BUN9S1PUTRR69XRDU70X48VPTQD HKJ3G4SUUEBRK 4AG3WQX798SF3MATA84 6UJIPJ8W9L0YYS8FOBSIWGJ4PVAPKPWF6DWAV4RAJKR MTCWNTLPGABLYVTJ50AWT2MEUCKFP891HFVKTBE0EGFDPFR4WM HVOMC4S1FTNPO1M4MTBYDCID29QOUR1XJRGLEA0UGH747O9SHQOUAUX HJG UQIGIBYYF E XVRAJW3PM8QF J3DKWKTUTC1 06Y TCOBNIP89U4SI6SC3AXECK491MJQQKL8G1FC04SKB4GT95VW6QA998O4GF2O WQ1LN2UPLMDLEGOP4DSIHEKPTY77P0XRFWW 9NS F37R27KN1QUULIV708TDB2PMSG ESLCNFXBFHYRE98MYY3XTVM1504EN K4L4HT1WJIATCRRHW6NE M5T JPGHKEH6SE1AN0I7B18775WJERM7YARWMA9MW24X3Q78HYAXWGQQTF0QO6B56YYUC5WB995DTE7R3SRJ49ACM1TX6SYFM94YCJRPO88RGDJOF TMEAPRNYN7NJ1XS AAXU43BNF42LM0JHPJYCR05NAJIEVVCD0J2C85IT8AE0Q5OV5GIB4BL5WNUCRR466ACG5SQHIWVO3NA4ABJ4B9H131FFTA3Q2U3KX7N1KCLMUFVVKS6MUPKDU NP5KEWFA86HW291R8XYO57YE5U1RPSJKI8QUB0DKCOMMWK357PEU0SRFWQ8UYF NS6FSB0EAON2EAW68J20OHQQWHBKMIYDTSP280BHY5KIMIN8IX6I7RTYPON62OMCHKYAC4WYQB1HTYTKBPAJQ481FTU2G 5XVT5QLKAKOENFY8YWQXLPT4SW', '5V3V07504J04H0KJRW0DJYN4 LXVWHTY50TH5FK3H9FYOC0QKHX0S7RVVXPTWPNWSRACWDUG86C1J4S6WKXG3KMY8XSB UGVT2P3P5VROK4NOUI8X RUG9VO85JHT13FQOBA5210WE4VX8CPJ9657ONSUXCGFJ JWUFC8JBQTARRE5 RFJ 8VBOHV6M82R4MCMAL563Q1IHAIKN 3MXWCT6BUIUNACXF L9AEPFB1 QA O2DT0XVQ2X847GLX0H6', 10);

insert into FICHE (ID_FICHE, ID_ARTICLE, NOM, REFFICHE, DESCRIPTION, IMAGE, IS_PUBLISHED) values (1, 6, 'U4MM5 H21XU3MMOJ5WWGAXA B QU77X4E7M7JJHRDFXRKXS2OWJTN0BD57XFLH3H', 'OQVKOMK4QS6KMCNTRM7TY15RQ8BFDSY3', 'H  3A3SIXTJWOGHGK90O421DK6CECEPV1U73EUEXFMF6M 26 FUJUDNIJUV2HQWR3TPSU49GVU4XPK4OA3R6U5X90VHWM3OPCUOT15APMSXDIPAEL4JO3NH 7WJ5HNYADNEPM5URQE8MW5P1TYX W8HE58EU3L4HFI3VILW13BGPYP2UOSP1WDMOJRJ0OF6PNG3OY2VFDT1M5EMCNGOLVS5F04CKTQLQV4PDGBT60TE64E2L DQE0ASKTLC9B7DQRRB3R96 8W35W0Q QOP0PVUH411UCS2CRDBX Y2X0AM6PRFAP5I ON50S1YW9JRL2J4UEM2H6XJU38GQJ94QW 1AIUP0QM1VPI8OOM9K9BFNU8QYL1ILN9FXQCUJRH3 E92APJCGNOXY4QO 1ANRG5OXP02VKKK7QA7AO0HVEXP2AT69TELF5DSQG308OMO62W6A3XDXIIF5 QQLNFFMUW84RFDRVG5VIYKTM895LNTC5XD83279YR B7JWJ928TY  9D5YG56LM1XKVEP4948L 5JCI8MRU273YMYP6GLLW5IFJNE9DAO54QBIIDD17DHJ2 4E1J0K1AJJOPTV8PN87XA7DOUYK1A2RAAD768DQH1077A6GWV01DLAQANV05UD3Q8J80RXM38JDJTEJN74XL1O7RJP0H AXRWB2DO28SH9VY3VT1ORHV299UFXGM4J61DP1HRR0G9XSDDUNFFOS7R0BKGJNYG1KLW5 8G C99SMMMQ6FS4CHVVOAU1ANRLQQXP1CTPGQBMA6IVK09V AUWJN HGMH49  XSDL IMDQ2EBPTCI910Q40HFFPKRJM7SV8J7UMXL OEXNTXB45U9L51W0X0BT7J87RYOEP08Q91Y7FIMVGQTGUQAUF7LY8CD16FQSOFSXB0OUE5JEGEEU BL5 8NXYBC2OMQ5B3TYTQ 4C5C62ERW9S LPW9UGGJIVXPNC64S3GEMT6H5K 7UCIUE5VRQP0F3TJBIB4LYV66W92HUPARWS1MD8', 'G2OMR3T41A0ISTKBLRUQI06NR5 P4OBH70 MACCA0OVN5FXOAQL1BTRCPWYN8CHDF0L9CPJ8S2U8M6HMGA366S2IMQ YYAL74CXEIKKXVYIR1T5RJKBHDCXPYGO0AUUV1YIVRF3LOMJLHCB6OBB7E4S XOM5EJUKSDUB8080AVJ2CUW9TW3G3WLQLJJOV2TXOUICE4R9N97CBJEUOFPBMKTSQX3OH9I0UA1G0TVUEXAJAWT8SL9PA9HCYB18B379', 8);

insert into CATEGORIE (ID_CATEGORIE, IDPARENT, LIBELLE_CATEGORIE, ACTIVE) values (19, 7, '0PCTB7PNYCBB15A5AF5IWHHX9SQ5LMHL4APRV1QP4V3Y QVJM916E9GWBGL0HGT8INTEKR4HKYS4O4NLLG 80K1K DFUYEL8GAERL23LSHWJ6J7Q3MHFVEFGV00KDH J', 6);

insert into CATEGORIE (ID_CATEGORIE, IDPARENT, LIBELLE_CATEGORIE, ACTIVE) values (6, 16, 'HUR8WAWKHLGD9W4B9GKVSFW1T2LKXE2YE4OPAFTSNG05GO4NMUT3G ROYA2KKI26A3HE935LLIOV62VVUWD391BMRPRS2U6UJX2X5L87V92WJX22 RS5F7Y3XEKQY2MH', 13);

insert into CATEGORIE (ID_CATEGORIE, IDPARENT, LIBELLE_CATEGORIE, ACTIVE) values (9, 13, 'TVUD1XFQBEC FRI7BTB1XR16FNXGIHOK1DP7SO6A4S6CLP 7ELLXJP0UJVRAT3ODE15834WQNGTKHL9V5RVDTKA UOL2SJX7GL4SD62YLJ0MDV8VN4WD3ODF4TEY14R7', 16);

insert into CATEGORIE (ID_CATEGORIE, IDPARENT, LIBELLE_CATEGORIE, ACTIVE) values (16, 8, 'YY7IUG5QYD1XANRTCPY9HVRVK6RL0RNG 7FHJ7OO GOB2RR9YMWVUS1XITQYX3YVUKC7799F7ECYBK6LF71DWLQ5NYYHSD5D6E4KF8FEG0UIF8 51UBD37HXYYJ DJQQ', 10);

insert into CATEGORIE (ID_CATEGORIE, IDPARENT, LIBELLE_CATEGORIE, ACTIVE) values (17, 14, 'W8EVKBU0T7M JG65C83VN5WMNC7P748M7RDUQD4JO4MTLOTR63B9LMOGAS3AME7OJUPKUW06Q0AUDWX1NCIDPHIMN5YRT87CNHOKK451VAMBDXNW43NFL744UE3LL6V2', 15);

insert into CATEGORIE (ID_CATEGORIE, IDPARENT, LIBELLE_CATEGORIE, ACTIVE) values (7, 10, 'LU1REUC4DI6VU2489J92M 9Y7QAMPGU4N74ILKCCPF1LWCGS24GAXNRYEEV3MWSSF1RJ6G INXQYDHV9RCTLFMFXCWOPI0F4T0A0 92DB1GSWTL6TYGSU23J8U4JH H7', 4);

insert into CATEGORIE (ID_CATEGORIE, IDPARENT, LIBELLE_CATEGORIE, ACTIVE) values (2, 18, 'YWOFKHIK1YTEXCV22R34NSPDM051ANRY9MASC86MG00GMP0BKUVA464X8B64KG17HA3GG90YGSS2 7B8PCJBAEBL4V62NL4QM4M6U00Y9VDQRU4 3LCQ06AOMWQLPTX6', 11);

insert into CATEGORIE (ID_CATEGORIE, IDPARENT, LIBELLE_CATEGORIE, ACTIVE) values (0, 17, '1GLTOSPGJA9FDOT942Y57FVFDCF6IHS2YVM5MLDXFPAJB7X9DUO9IG3HOQI5 1SARAT DD8N1C860K35K41 91X6R0QIONCL30A6GNV48 YXUUD8YDYXY0YXJH93E9 Q', 5);

insert into CATEGORIE (ID_CATEGORIE, IDPARENT, LIBELLE_CATEGORIE, ACTIVE) values (4, 12, 'ULN28MWO2MVU0UOS36S3TWV29PQ5OE6E8R4CU70N AXCFW3WSBIXUYAVFCE9UCI6PBE37VV8LBLAT4ON5QL7V0XFW9 I2YKK AQV U6IV2UWQ7J0KI25GJJUQGRC6TY0', 17);

insert into CATEGORIE (ID_CATEGORIE, IDPARENT, LIBELLE_CATEGORIE, ACTIVE) values (5, 19, '5TWLNXPH158VGJSSQUFE PU2A1HMX2BSH87LHL73LAU704MSK5S0KDOY8DILQLB4L0GLI1H4CC7EBO6OCYQE5 UAHVPXVXP4CR2RJ1FCBDIB JQ0J0EFGN7Q85HPC86V', 2);

insert into CATEGORIE (ID_CATEGORIE, IDPARENT, LIBELLE_CATEGORIE, ACTIVE) values (1, 11, 'WAWN51VDWKE9FOIB 5GCX7NW 1PE BI9OHE7R6QQPA1VTRTYQE3SV229IFWWCPJ5EIKRH8XWO16A74Y75X2VBCH8WE IUH293KT5ALG6 I2YAP9BV2K14SS3F8IWLGYB', 1);

insert into CATEGORIE (ID_CATEGORIE, IDPARENT, LIBELLE_CATEGORIE, ACTIVE) values (10, 0, '038IWDAV3HGSM55DTAG5VS23RAJ8J34TQMCETCG4SYO4JP0D790JYGCBR5MYEIH93W9VBT0033KO5CAAHS4VKHOSMJV0OG 07TL9HX2IB4JJCMGWGS58OA6GTBXQMCMC', 12);

insert into CATEGORIE (ID_CATEGORIE, IDPARENT, LIBELLE_CATEGORIE, ACTIVE) values (13, 4, 'HEGF5CQH3JG8RT1Y6E 5 U 52H0VB9FHMSLIXG6R9YRQVUJ3XV4I0X9LE8RILXGHLE6689K003GDW8JWCNIN3T8H4XF83RSDMOXEAF3USW0UV7NSBBOAAJ4BT1TY5SI0', 18);

insert into CATEGORIE (ID_CATEGORIE, IDPARENT, LIBELLE_CATEGORIE, ACTIVE) values (3, 15, '9C6N1B2QBEHDKMH30LNJHS6LD7720PTAB5PR8XQ5LWFGJ2P5VD0YAUPOW9EBNVUUV3UXFVEEXPW35N03NPTH4P1TU6SWRBTCBAGTXHEOUFLNKA5 CSRG8 I7W19CVOYB', 8);

insert into CATEGORIE (ID_CATEGORIE, IDPARENT, LIBELLE_CATEGORIE, ACTIVE) values (8, 9, 'A2YHTP459PMXOFUU900NK IY357NCBK7QTAE 5YU9FP279VI V76XMH0OXM677XCV4VE33DP9K0NLJ2UD1MNUJUB8Y SD D 7SQRLHSKYCCQ4SAJJD00N 4NJ AMHXAA', 19);

insert into CATEGORIE (ID_CATEGORIE, IDPARENT, LIBELLE_CATEGORIE, ACTIVE) values (14, 2, 'IPD6OVP8C2 OU4F5XTMOGTSPQX4B 01AUXWQDIOBO6PALBC88JCE5OE59TIU1U20JOTVGAAFGCVTXR08FUHEGQJHQV4OPNTA9BBJHS20KCDU9MFFT6X8RWT45H1LPETW', 14);

insert into CATEGORIE (ID_CATEGORIE, IDPARENT, LIBELLE_CATEGORIE, ACTIVE) values (11, 6, 'VF10T7NH14LESLK2W54YCPUFQ6 VMNJKLN4 LEQ3BTHYE4GBJI X7CBM0L53TNKUVUALPV 30MIBV867T8  5OXUTM9BD8G9G0TDTU2J31PQONUO5C5DR6F677K180V7', 7);

insert into CATEGORIE (ID_CATEGORIE, IDPARENT, LIBELLE_CATEGORIE, ACTIVE) values (18, 3, 'DCG7G4TFSKJV5RLM641PF1JLJJW205E0Y3JGU7XQMY5RCKJRVXO 812WGXLN9IRVRSUU08A7C32X4SWTHCPP5QUXXSHI5MMXP0SJS0OM11G63RXCH18PV5RC5SYOQMS7', 3);

insert into CATEGORIE (ID_CATEGORIE, IDPARENT, LIBELLE_CATEGORIE, ACTIVE) values (15, 1, 'XLA2S  L2 XTOGUSPWY7W6NPLOYNUDYNUFPECB4O19QJ4KXM7X1VH6GJ1EXB1C 37N2WNQ0BWDKFCDI2DB8TOA48J1U POOA HUBMONUU1OY5UYDSERGA9N3FU9B 5WX', 0);

insert into CATEGORIE (ID_CATEGORIE, IDPARENT, LIBELLE_CATEGORIE, ACTIVE) values (12, 5, 'HC1U 8 IA1U12MMMFMGP I0BC77FS8JI9S82A43I2CD0F XVHOMU44B15P8UV1JJ4KJ RS0W644KBUB EB4KWSK920HIQBVE9IIYH8UNXMGTMT9U0JBY8VXYI1LOMHIC', 9);

insert into CARACTERISTIQUE (ID_CARACTERISTIQUE, ATTRIBUT, VALEUR) values (5, 'ASE8MQ  X1YB WWSRX6CXYQ 6518 6DCMMCOXKENU9OYNN9BN4U E4KCGA3G02H39FM9BNEOKU8MMQEUDA1YFT9PIDC84PAUVHN0WYC4XFQ5VP3C9SU10A97DN7ILF00', 'JMPKMXCP8XHXJCRDD Q5XWIN9X485FT5JV0385MTRHJGQIKAUDXW3UH1UTUWNHM3RDTB9MFFLWWLPR T9HGIBR KWLXKTHLM8AV577IJYQ3YPI3UAHTK TR6UD63DMC0');

insert into CARACTERISTIQUE (ID_CARACTERISTIQUE, ATTRIBUT, VALEUR) values (1, 'D8DEL1N31XWP2N4QV50DWIXTBKNOK90Y0A8908RHDCXVOFCR30RJN3REVP5JVTKX9E8XMF56KTKO0IJ509UIL98TWSQA6D23WFW0N8AWMP4H3 NJ3UJOVYVQHRXJWWXI', '9YIWBDN2BQ6NUQ33WU558SNQAGXQRSKIGTKCM9NTIQQ3 46AB2 N 8F16C157G 8NHFLYOCIKTX6P2J 1UH Y7YRPMWERTB71SY8V3MTV6E6HIGOV3BCMI5HD3G08PCD');

insert into CARACTERISTIQUE (ID_CARACTERISTIQUE, ATTRIBUT, VALEUR) values (3, '0IAL2VPDSFF4PNJE0WOSCP6S2MTA90J4XTY8O9Y3MPRSIY66RQM2ORQIAN0 AXETAR2R2XOLX814VYJ7MT83C16C45OEPNYEYU8HJ3G9T1O5XFMP4RYWL04KUPGT3ORJ', '1NL6RME916BSH47QXRPF8MXOYO4U7LUKE5AUT0L9 AF3P94GI3BAWM7RHFW62MPK2KLYYQ57W8YLWTK2ADGFD902CNBQXLQ0CAGQWU4C9RP6LGVN64WNCYBR3PFMRXUG');

insert into CARACTERISTIQUE (ID_CARACTERISTIQUE, ATTRIBUT, VALEUR) values (0, '6RN49MXCN6LAOSGT3BPVGW9HWYKVSACTDD2T31T13YAET24LNF TOK976RRKXCARBON1SITH4QQQV P 65S VIWTP3ADEF8R0T8QSWPOX4GX4XDUBQO FVW8U5X4WOT5', 'TVIP62HTUX 55HG8DX B5R6 O6RB8R DB2RW0UBPNTM8NRTRDNJ30FOQ8RIRWV34YQWPJ6P01Q1K YD1X7Y2TBX 9B8B M515W0XJTRLK43OS9NS3Q5QDH2JHV6NL579');

insert into CARACTERISTIQUE (ID_CARACTERISTIQUE, ATTRIBUT, VALEUR) values (12, 'T448CN7I1TJ1NX8Y3KOVFI1DA614V0P3924AHY5T8QKJANI N7G2UV7 YOG1KXLSA9M11LFBLXOAQHEILC3FD37Q09LW0L970II0L1UOGJJKBD70NV97IYY90PE80TGB', 'KRURP4O95L9HKM6O7GL16L85XN XI6AV7OKSE3MOYXHBILI9VU7AI1OGWXXOF2IXA4X3UESGF 9XNCAYYGK6HSK1Y9RWOVXACS62 FF49WNHRT44N1NVXI8B08SVGART');

insert into CARACTERISTIQUE (ID_CARACTERISTIQUE, ATTRIBUT, VALEUR) values (11, 'VQ77JDBEG A3B 6VXR62IWC OY9V53YYL1PX1ETXHQPWNNMFS8L2E2DC3276TKNV6OH00J9NSG0J4BXTUKPP25YNKBQS61CQW2LL7WPSS0 V9MG71BCT2M64R2XV4X 3', '7G6JL4U2HU7JEHN2EH2WIJXP6PTFRP45 48R75CND902 KLXXUX6NT GVM8OB49  W8D3T91INPELWNTABU2K1RQU3X9O6DUX2JFF2XFRPGD6 MNQ8 B7FNN3EB338S4');

insert into CARACTERISTIQUE (ID_CARACTERISTIQUE, ATTRIBUT, VALEUR) values (18, 'BQJ9264IABY8EULLK2TQUI0UIWCVDEGE9GF0YSLXBJRBMWUVXN 3JJLU1J2RG5Q2W2W8WS8Y5 R9TFMXV 7144 2SURTMNUDMM2QRV4IG3WKNLGGG7F3C9CCJUMTYYQG', 'Q34D1JTT8BX4EY8EV614DY26U DLPAS7LJE3LGB5CHC9SNCTJR80L7G8OGJJCXOB16FUJSXASCGRJITMWUDY8GBMEHV5OHUNUWOA2430J8K2ROHECFOCEL5061W15VO7');

insert into CARACTERISTIQUE (ID_CARACTERISTIQUE, ATTRIBUT, VALEUR) values (6, '2ANP4FFE2GL7LEV3 L33ONUF8PBV9SIH9FUSGGCA5UTIUCGE3K6FHOOY9R4I5K8EGJDYXO3S6527GNSTOP7RSC3H5JRQ2B144BKPHDXEUHCG67IQUQ69H9BHSOKU6R1G', '2S7I8OEYVNGY8W9PLM1 Y8I3E5P6 RL112M1SDDPB7INLO4XMRR1LJXBP1W05C3XE32PBQMQOPKS711FP9Q4RG3523MDFMMQ1F4V4 RE232D8R0EERD8PGKYRSJHD3P4');

insert into CARACTERISTIQUE (ID_CARACTERISTIQUE, ATTRIBUT, VALEUR) values (9, '4I5SWJ3J61ATLJAE4JOG7SOACYBMG8F5J4JIQUWJG8X82TT 86TADWH77DG9MQFURAJH9LQM9LX4RWSK5V83874F30SA7YA0EALRLQXWFSF9JA 46Y3NP1X007SQJ883', '5Q17E F1VHXUM820I1NRFS1XAUWYC1XN8UHU09CTQ3M15J9A5Y1KS988F3DVGBTV TPAN07UME579EQ7QOIUAEVWBI9OLI25GRIHS1Q4RX10A5KMWDN7CDPY9AD7GS8T');

insert into CARACTERISTIQUE (ID_CARACTERISTIQUE, ATTRIBUT, VALEUR) values (16, 'FJMSMWWG3Q4S457JX 33MACY8BEXPJLI1N2G C37PD7B098N9LF HKU5A 4QKIOFREY14 Y WXHUF3X49MWBN5VE2XYARFW1DOR6AF LOO6RFS6KE2SH8Y GM2F7QAME', ' 06RPUQLNFDIAUYALHHQ2 J7YO0PI02341JTFK113SQ5462W3JNTEQ6GB62W P83RH UR1G6419TFH50V8AD1PIDKFWTW1HV23EDAOUP4DLSLQG4QF1KHQEJ55GY3TLC');

insert into CARACTERISTIQUE (ID_CARACTERISTIQUE, ATTRIBUT, VALEUR) values (8, 'WJLYGWPOB55WV4WJD2W84IOWDFNJPN9HQ71WEAPSBXQGBI1E5XMR 3K8198OOSB6G26VQ7KFITR262JJ 4SPAJ8YIWAGEN880MO7RSWY1SPRLKG5G7U19EBC2WJ3GSJD', 'HT7DEM53P6WRVM9LS53408SGWB664KCDOSE79NAUSXYS7FVRCL73NBLJT 1TEELOP7GMT689KA ED5OT31MY8RU2AFLK137YUIDTSAYMJ3QGXE0VX14KEXI9V1VH 43Q');

insert into CARACTERISTIQUE (ID_CARACTERISTIQUE, ATTRIBUT, VALEUR) values (13, 'U1377EYM1L0GAY8070U5SHYBYLMX8GR5XFY2JBL6GU EXL0KYVKE8GD0T V3XQAJ1MMSS09UCEV07Q888RND NI73FV2X4JQPBCSYS54GCRDX8IC6F49WQNBPKY7FBPJ', 'L9QDNQI3FCLB5FBX1628HXN7JDF5XL4HV6M9QWXQB4CO580XXA9NQGC E5EFFAALR5NW2UCKGRDOVCLOCA3W2XOHX7FOPLLDO6 2IAUEIPMSW0KXDCIH7CTKWMOLTK1Y');

insert into CARACTERISTIQUE (ID_CARACTERISTIQUE, ATTRIBUT, VALEUR) values (19, 'PCWVROKERU64MMI78PJKO03RQ9Y7CMXO7MNBRBT0KD95O2XY6P18OI5TME7BH3ERJBGR9 76FELV7FHO L8N5S7M46M1CEEBCOQ8EO627ND266XE R9H27M96TLE9U6T', 'BHA OKM3CJH0R7GBAOYBPFXYBIUDN0PGMES90QSA31YMNFTEQQDQUJ7BGA6HR9MWVG7XOFNM84KFKWALL3BFQMV6YEGXMDY5K9UEN1DLHVAJAIGB1ISK6E61NHY1C2T2');

insert into CARACTERISTIQUE (ID_CARACTERISTIQUE, ATTRIBUT, VALEUR) values (15, 'K6E7  3O1Y8W7I2YPOV 7NTR2R4S9G1LGEXJQ6D CDGYU8O6128O3R90DLN ATBVH4BI16ITS1R9CRNQ5R6J3RETX376X9DTF71S6L YD9F7PATAEPXXALSVS4D NQLI', 'KNHIOIBLUGPJGS RITDNV6G8ODILXOEBWLHHBHP MCXDDXM6R46M7W01I1IR47XK 8O VBYYC0KF5Q0LSMTUF87NTLS3GDLCHUI2FXDNW6SHSR 0WNH3HGF5LBTL8GQ1');

insert into CARACTERISTIQUE (ID_CARACTERISTIQUE, ATTRIBUT, VALEUR) values (2, 'DQ7G3NC1CJ9KSJ5BJ2COKSYTFR6FOTGXNYE M95N9IMM6YK8J5RXNMG5I79W SCWU7PBAYY9W EXAO0ENE2BYXXBYUR9CLS8X1TPHYF9EU K9EJ1FFPUQ9 O16CPCSBM', 'AVW6VXF4FQAPW49BOQVH5I3J4LJMIHK2NW96VLHBBMAP1MPAYK7L0 MO 3F071IN2ONCUW2292IGER6OWY7ED5KFYHHXYGVWB4KC1CN58C9D2NH1WW8BBXDF7PB 6O3Y');

insert into CARACTERISTIQUE (ID_CARACTERISTIQUE, ATTRIBUT, VALEUR) values (4, '25VWA37Y49BX1K59P0KW TBF9W8VAMHOPDMYNYYIRGVVD6W6K26BJGMQGV4UBXTULPAG8OE07UNNR1YOGOIA NLOO1C1CB0LSBMAI4BJQ15WHGDN 25HMM26BLMB0YN6', 'GA29F8R8IYC9U1MXPK12SUMD3TY74BJQUFQLUG UMK4CCFGR971WG6VQB10 QMQ42VP8SJVIEWG8YU1UUA2DRRQ UPN6TJ4W27LHOP1LXYR U2BF GKIX5UEWCJ0XM8R');

insert into CARACTERISTIQUE (ID_CARACTERISTIQUE, ATTRIBUT, VALEUR) values (7, 'LJ SRQFXUQHONGCU5N4XO4R40TCXTQGULT6P0OM2AT8H3S2 5Y210OJAO7CK 43QORK62SNM6BJ5GQRKIP2PCD9CJC0AKBBV 72RIHG9UG0 5BO51RU461TV30AKC4X6', '12M2KU7DKTY YHCNJFHP KVA0OU3E3MBECH1FF 21RJ3066KM69SRTJR IDHDVW1Y0E XO5R86HLJVY4KRY SGKVWVBNPHMCO86SJEEGEOC2TWR74E3XGLOL5VJF45HJ');

insert into CARACTERISTIQUE (ID_CARACTERISTIQUE, ATTRIBUT, VALEUR) values (10, 'Y24EQXWIXLVND633T4K0S33E36MBX1PIAENHXTYUB8U83MCO6  E7N2AMVYTO8GL0J6R NKK80593NS4SNBSAGQV0EVRRG34FTQEMHPY5SMLWVRKJME1LX2BU3E935HN', 'YC4SI3J32Y6MXBSI6IQNX2QSCTB23P5UAS1RVXDH WKQQT7S MHK3DH8F7J9TNCEN7BSGNQC8KN8UQ9K2GGKOMVLMNM3D7R74DVHUSIA553FP16C8WDV5LPHEWF0I578');

insert into CARACTERISTIQUE (ID_CARACTERISTIQUE, ATTRIBUT, VALEUR) values (14, '1UU0E1G7TIIKUJQ OKIGK55S1K3TDHJMQBMKKRTCACPW1M3AM8JODS1ASJ3D459FL4OG6NXDUKLODPCC7MUVYATRIT08MMMD2B5H4GW64M1HH1 VGUDH2OO00H14WYML', '584RFFLXF 3 HGAIJWD5TRYDJVFWV0GBHV00DBXMWLB 77VDCP8HP6JN3QN3TVD74K2 LWGRTN2YLBA5AL5BMNHOFNK9HKTJBQAUTA7MM 4S7EWWA2 K7KRL429ISJOW');

insert into CARACTERISTIQUE (ID_CARACTERISTIQUE, ATTRIBUT, VALEUR) values (17, 'U1QVYIUI04I7TIJJN4IG7MRT9OV7TWB8UON76V04NT 7NOMUHXB4PH9TKSR  TT9DPMJW7LKHMX7 SR9RS85MAEJJ9GGTR8LWTX94TTD8MEEKON5PIBQSOGH1SAYIFO1', 'MW87K67C3JRRCQ5OKS0HV EK2IACHWVRXS 230H0AHVN59HELJ3SRNJLHPQP1FDHBB6RIS6KG4SIGJCV59MJTX8MSJAXRH5D7G 5MACY9UGX0V8V93IATVMGQ04PN79K');

insert into UTILISATEUR (ID_UTILISATEUR, LOGIN, MDP, ACTIF) values (12, '73X7BHGSBU5KWE5CDYW3FI2 RSG2AB4O2AVDKCDPJIPJ1  ESIUBIY NJ9BV167V', 'ROS2PAPEDV7F6OJRC4RTFSVXTP47MVBSMRT24IPBVRXAMK0FJNYUAD4BCFMV7WWJ', 15);

insert into UTILISATEUR (ID_UTILISATEUR, LOGIN, MDP, ACTIF) values (0, 'GSJOEGIOB6B1QRY50580916SV71B RW 3K7KS4FB6ENBFLM4N5FKTJJ3SYT592I9', 'HL2PPB4PSYV636 OU9GW6E7J6GIRASQ4QBHH2067D3AHNIM5JH6HWULIX9IQLLTY', 13);

insert into UTILISATEUR (ID_UTILISATEUR, LOGIN, MDP, ACTIF) values (14, 'J87C1O8JJDDJTK396IQALGDS1KUY86WA44U7POJRGX7SYU WRUIAAWMF3NDBJEI6', 'JPYW34JXLJJHORPYNC3YHQ8JY II6KMRU7G8 BID56YESAFI N5O9DNBEFCR956R', 19);

insert into UTILISATEUR (ID_UTILISATEUR, LOGIN, MDP, ACTIF) values (8, 'W7IBNTHQWKX25TGTDH4PY5N AJNN568CR2MQ YTOKFA8X 85UC0JSMHUQ90B93JO', 'CU0T9FUFOPWBXIMR8SDUV4XY80X1FV1ILEMSMEVFEDS9A4MXPTUK7KLX4W7UJHA ', 16);

insert into UTILISATEUR (ID_UTILISATEUR, LOGIN, MDP, ACTIF) values (2, 'D LD63O4XC5360JHO0MMEXJT9FSIDXGF6WW2VEV39SCD1S3S7QFUMSV3JCBG9JGB', 'TAD75EF2I336CV8RNHKVGET7LT3IOUKM4JC15QWHUH8WVSVBY5QN1H62W7LDA0 6', 5);

insert into UTILISATEUR (ID_UTILISATEUR, LOGIN, MDP, ACTIF) values (17, 'H5RRJD8LTBIA32JB7Y6LQF3CT198532N6NF3AVSSPFBIJJJQ9PAUW0F5Y3BNBL8N', 'BUM78S573TS3XXG4EWETQVWA44QK159W2LFG88O5OX8HTKF3ICS1KQN 2AK7XLLC', 3);

insert into UTILISATEUR (ID_UTILISATEUR, LOGIN, MDP, ACTIF) values (18, '3U J5HO77VVPQ1KN14L 2O7G11GKQCWAJ3TCQOI8GFVXPS7GTUG6YJCTLIXI0MIN', 'SSWIDSFNUG5K55QIJW30TFPOE46A5VPLM59 2EWHMK5TU8X4MKI93ESCIOOP9MW1', 4);

insert into UTILISATEUR (ID_UTILISATEUR, LOGIN, MDP, ACTIF) values (6, 'KA8MV8HMDM34P5NWJ59IJV97YW0W3WX543OFOX9KMLA8COL5  E 45W175 37RNP', 'LYRC234RS5VL1K01L CA8B8CJM7B2P JF9O0C5O3WQY561LU4HVEE0UFIBYSP1AA', 6);

insert into UTILISATEUR (ID_UTILISATEUR, LOGIN, MDP, ACTIF) values (10, 'SSKQKT2NQ7B1H ARPXCH7WR37V7DUXOJ29EC93NWYU099XGO09LTOXTKLF1USCIC', 'NNCC7XNEBH3N1PRFK1FX1F0R4S3SHRO LG2J7YN27A17MR5579C1TPLWXPXT36JN', 12);

insert into UTILISATEUR (ID_UTILISATEUR, LOGIN, MDP, ACTIF) values (7, '53M1Q0AOBP9G3IEC1VNPN2O2TPUL41771KTG73TUNIY6OUYHOC1SHFEL3D3L5ADM', 'DM8R8YUWFLHR6KWS0H1SS30V7EOCGPTQTS8 DRX1QMA8CNRHQLX651913UNOTYY3', 7);

insert into UTILISATEUR (ID_UTILISATEUR, LOGIN, MDP, ACTIF) values (4, 'JKH79YKKKQ1U 9GBMXCJV6LLEM8PIE4H6M9ROEFHFHITB6SFAG6ESQDVJFQQ4 32', 'M7J82E43L38FYOWSX8F5J3S6FP73NN 18TKA01629K515H4PXN2GQ2MIV8OPRQE7', 0);

insert into UTILISATEUR (ID_UTILISATEUR, LOGIN, MDP, ACTIF) values (16, 'D RHKDRMEGC979EUXI6QGLGO1C4C5OH36GMOC KEH2LDG76YK90REG0MAMY52B O', 'U6UY60DCR3 ND2PLUQBTUTBNUEHN6AAPHKWVTRIRYHKT9JG9K3RVBEXKKT1U9H60', 9);

insert into UTILISATEUR (ID_UTILISATEUR, LOGIN, MDP, ACTIF) values (3, 'JMKINH9OCEC560NL0JENG5TQC5TMNYUC4L94EAWQJ6OLSOS TW1FON3I6FB6WPV1', 'WVANGXYIE6VYV8QVSWX5S23Q1QT5MP90PMMPXBL7I9WCFLF1Y3H284YX139E7I41', 14);

insert into UTILISATEUR (ID_UTILISATEUR, LOGIN, MDP, ACTIF) values (19, 'GAHIV Y5BQPKYI6QDGP2G5NSEQ355WB1Q4 LI9J0S4MSMWUVT27GEWUTIUVR 015', '82GHCWSWGHMAH7YRA60XW56E3HY95L RL0J72QI0783VVV9GUC70AT SL2EAYRJB', 1);

insert into UTILISATEUR (ID_UTILISATEUR, LOGIN, MDP, ACTIF) values (1, ' AM5628TT1LY0CFV26CCGFHARBA39NFG3K6YWE5E TUNNK1LUX0EUA096C575NDJ', 'P1H4S38EFLD6PIUXDGRH8X25NT81C1279A0BFEY9OAK5D6NEI ECTIQW480WDM9D', 11);

insert into UTILISATEUR (ID_UTILISATEUR, LOGIN, MDP, ACTIF) values (13, 'LFKM1GY1RGNDCGC8M4292BC7KP613VACV PP7LUGBLAH51KHN6FDVEW0HW6FSH59', 'ED1M18O0KUQNW88FKHYUI30A0Y 601MD1OIO 0VOOC9HJIR7MRQAJY2EWU9MYMI3', 2);

insert into UTILISATEUR (ID_UTILISATEUR, LOGIN, MDP, ACTIF) values (11, '40HNCBIPNK3AFFEF0715BNP0C2059PG19WVRMC9AICD U03IJYWVRA9U90JTSX8U', 'WPXT7EUA8OU9VX1B2UDNCJMU6BLQOOBEH UHI7GGLYGB6YXBCKFFW7TGMAF85RLK', 10);

insert into UTILISATEUR (ID_UTILISATEUR, LOGIN, MDP, ACTIF) values (9, '0TWDJFT3GIJPA8HMTU1SSRMN76M0WR09VELKUKJHRD G RV19YH0AKCYVO88HWVB', '7RW42C49YX4V16U9PIKWGJCGSBCUIILB6UQY6YR28 V38CSJ6UGCI6EI0MV49S0R', 8);

insert into UTILISATEUR (ID_UTILISATEUR, LOGIN, MDP, ACTIF) values (5, '44 HKX83LV55FE3H2 AJHGJNR9ASM7HCU1621RB4SLJMC3K14CKCTAW25DT1RQ 7', 'AT17K9US57Q1VF6 JFSVVYPMG4LM4M2F8TJ 4PDM8BVMEI1SEQBLNVJ9 C3P55K8', 17);

insert into UTILISATEUR (ID_UTILISATEUR, LOGIN, MDP, ACTIF) values (15, 'WSA7UJN22SNLSY6682H704JX32T3JO02VTHOVVPUTC Q38DUVT7W426EF2C4 DTJ', 'IP A4UW8SNDPFRWL3 SF63QA9I2PMPSHCX412EHOWAF3YNVFRY 85XJYSG6T5QKY', 18);

insert into ADRESSE (ID_ADRESSE, NUMERO, VOIE, CODE_POSTAL, VILLE) values (11, 'EDRRF66DU2M 78CY', 'TJJEWQSP5ETX13CK20BAQGT9SV7889OFEWGKG SKY4VHKDPBNHHTSG G0UXK0WNDE  G1BV7DTBPFRNOIQ8TSDRG1 KM48MARATAC GI6K9NO6NGHM9FJ3VBX8QVB8TO', 'QEG7PE5SB8K2KFW8', 'YAI5RPT656TCRWK7BR858G4 VV6S7EX6QXV7W7W7CVFPG ODSV9WHB  5BFHYU2O');

insert into ADRESSE (ID_ADRESSE, NUMERO, VOIE, CODE_POSTAL, VILLE) values (10, 'P6C H1SNAOL4GT95', '62N5AFLOU3Q9QQOU4NAQ5LLFM21QL20G339138SEORYE9MBJU 3N01QPSQ4JB1I SVEWB34QQL0U89LIPFG3PQLEW2NH1N6 AKWKOW64V958V769PH8T74156MCONJDL', '05G9F2G4NMEF2XJG', 'SSAM8CFSWD1V0HEX8UMRN85LRBJ3GUL NJ4P2HJW6TE16GWU1NN2761 FVQ9 JDQ');

insert into ADRESSE (ID_ADRESSE, NUMERO, VOIE, CODE_POSTAL, VILLE) values (19, '6KH8TH2A7LSM3K74', 'EYLPBP2GR4J7O44KJ98IPUH2PIY7AFYDQHB0IPH0S7H7GX5ROKEQQNUL8L9YEBFAOB1 Y9KG549LALGFDTL 0IJNDD0SQ9OPC7O2IV3WU75QIBQPP4TOLHMJHX3G8J8D', 'BL8PCU0NF7G8LYAR', 'MHNPX5UWB269 3QEEXQ T7IQPN9HA6S0TKAQQ3IL8N5JOS4ECX7KIO TV C787R7');

insert into ADRESSE (ID_ADRESSE, NUMERO, VOIE, CODE_POSTAL, VILLE) values (3, '5GP52YGKWW8IF IM', 'QK5MF79TMEKSTFA0I804VTJXQ4CM8J4GJIIX53W40CTW2FU8DL7IEXEX1CNU9UWL8QR5FHA4DCD1IWSOO8G 4CQ15R K56NQ5OYBBJBJRAM5MPY1NWTJ7TO8I2972D 9', 'PKLBKQJNOSL10DC8', '4GFUK484MO4QV1R MNKUIYEM1UBT29S97CIYU963YYWPFIUQRO6PFOAY1WIIA1UE');

insert into ADRESSE (ID_ADRESSE, NUMERO, VOIE, CODE_POSTAL, VILLE) values (8, 'I4FJCIIEI3QNI8EL', 'CC7F4KAI4S324SPE8 E426VSFRH0EJ2 NILDF 6I239I48Y94HDKIHHFYVN7TSK5PHCX6EDJ24O4WC6JV4VMIV8BX4VUAIPBXBKTHKWVCFWH2ICJR93WFQB  X6Y378J', 'VWDPT 2UG8JQ1CWW', 'G8 X9N6IH0B4G15M48LY2JN0KEBGPIFA4NDKTOGSAW9KEL 0TA9AJH E1B2QBOM1');

insert into ADRESSE (ID_ADRESSE, NUMERO, VOIE, CODE_POSTAL, VILLE) values (5, 'ABOHU JMM8FPTCLG', 'HOJLSF7AX7I0JBY0WVA0SKJEHCPFQJD8CWGTU1CYMC62HJ224MPDHY7WN1L20A07AYNVNMWFYDJXC0883VNDNR38GE0M2GERTJD2ILXMBH9RVUJH8JFAQXMLLE7O85HG', 'TI4D19GCDJKSWKVR', '8V6GRRUP6GNL D5OQCSC9KG4OA9AIS15JS 8MJPIQ3EM5M0UJOPNWYLKGJA1W8QH');

insert into ADRESSE (ID_ADRESSE, NUMERO, VOIE, CODE_POSTAL, VILLE) values (4, 'BDOLG46  0HCU904', 'AW0OYG3 TI4N16N4RAFAGLMJMRDT6OMFS1WSUWI7EYUK6FQYME1GR0L2URSGUGR25KHGCTWKQY8FV3H3MTNTYMFKDFRWG4CA3Q6MT7HKBC3 XU34A5P7L1MT1DNGHDDB', 'FIP XQYWA00827D1', 'NXDC8UVSDVJY6TF3O5NLF2LM50PPDIECUJY6NLSL8L1ULKTGEA8K2F4HC9 16C8G');

insert into ADRESSE (ID_ADRESSE, NUMERO, VOIE, CODE_POSTAL, VILLE) values (7, 'WEEXFM0C3WNEP0E5', '0HF5080AFL9 KID0YNQHIY7 JWR9P4DU6DRSV8R23TN143K5R77CTAQR8XKC8HF JOP7NNIQ4S4MDPIBLFOEW4A2F4FQDN26WAS W4OH4YO79OLP3HQ6GNFD1PT9R GC', '8FW8Q60WXD1UN5H5', 'BGE1BVECAMXFAM6ARA4SCOCSDJOLPKWWX8D3V 5W919RAYXFI11E2O1KCPEVQ6O9');

insert into ADRESSE (ID_ADRESSE, NUMERO, VOIE, CODE_POSTAL, VILLE) values (6, 'DDD9WC7SQD0XSUSX', 'UQNKGG2 IE821GNXQBY4G8DIWM9QA18SP9VDDM48EUUHAN4YSF0J3FQOJF8T5HK7MP4O2OSOSRJKT0X880KPYVRIADB4T66PHL2N7XJ4E5CERHLJVXBQSG53BC3414BU', 'T819Q4RNJV3986T0', 'E0MG8C1HNK7S2L348 QGCFGB6CRABCBE6MU4OHLRRKTC7S80BCXXI3ETJND5QE5O');

insert into ADRESSE (ID_ADRESSE, NUMERO, VOIE, CODE_POSTAL, VILLE) values (17, 'O517OE8PRVGAF9CN', '03GFPRBVQREWG534BPYPP46UGV59UHRHM210TRQI2XUXM8 MVGBK21NMF56TJLS0M0KB1MT5HQS964B1R056IJWOP2S1QV9511U55A59UUGLEEPUUVAC01SPI4R19 J1', 'OHQKW1NCFFQ6DX40', 'JLV1O5XSN2A9QYE2WWEO8X6EVGXPLR TI1H008L17RT5UM6SW51HEGOPGB61S37 ');

insert into ADRESSE (ID_ADRESSE, NUMERO, VOIE, CODE_POSTAL, VILLE) values (9, '6SOAPCCYL EFCBWM', 'NYQ98RVOSL3GRPAWU6LQP7PRWHSVBOJ73839N8NOQYWD2 PE9OXX5SKCM OFCXNNR UO 3N VM7QE772CT9E3QUBC36K1UVQQ0W07UMN6XBT5JHX6QHKK4H D 62EMP7', 'MIA8KC5DNT2DB5X4', 'WSJRSSPD0 MM2IR 17O0A9ATBCS6F6PQBAWXC  2JQY47GRXRU6VC5X79FK3 XY0');

insert into ADRESSE (ID_ADRESSE, NUMERO, VOIE, CODE_POSTAL, VILLE) values (1, '0JR1R590VNEVJIH8', '1O9JH3R6FRLTWBSHK5NRY621WEHKPQ58C4WLBRXH5TEVL2XL4HP5UCKMUT2LJPQF62TAEQDVOC4 GD7J8TPU44M6XDSOQ8MRTW4PU7 23992X2I13URX ABPMSM6D9DM', 'MFJ 1M97NLFTJT68', '4NG1A7JS O33BHEAEKGJC01RU CM6HU5IN6JJX4O94DTRSD4YEIFCYMSH7WI 2X ');

insert into ADRESSE (ID_ADRESSE, NUMERO, VOIE, CODE_POSTAL, VILLE) values (14, '00TA5HS056QWQ638', 'COWUXG45B79YT365N Y9VNAG7HLCXS5TK48J9WOP0DME5K6FN9FQJAQ7RKOE2 MK5LBNQ63MLQV08SWQLDC21CB24QXFQ71HH3BSI1D9BSMDP4DFSNWWM6BLWFHE6 4J', '8FBD3QARTH5WF5U0', 'DP TBU06704H6P W95ATP86YAV5FO37MHXX22RY8B Q7IO0IY7TX07SE8FXWV48O');

insert into ADRESSE (ID_ADRESSE, NUMERO, VOIE, CODE_POSTAL, VILLE) values (12, '0FX8 837NYAI1DL4', 'RCFM0E C6RFWG627C4CSWAHRIME9YY58YNYN CY2 KX NP162FY7RA3V42UTVYWCT 49F3V BPSVRKVXNW IB11PO4 R0WR5W0ASM0T0ICPQGUNDHIR00GLHYS1RQ J9', 'CQ7XVWCC6BYIUWL8', 'A1 ILNA4YCM XDQ8EN4W5I M0 8FCV354F87VOUL6 8RYM2QT6AQCSXI3BYDA9EF');

insert into ADRESSE (ID_ADRESSE, NUMERO, VOIE, CODE_POSTAL, VILLE) values (16, 'FP8OL7GE82G6W6 3', 'I2QG5NFKPDEOTP0UTWOTJPPPHQ9BQFPQQ1WEVQUET9NN4K44LC33W0TDK9VVWQ41FM4NX2SPK56KXVODLSGREUTWAE8RIFB1B1V6OPF3EVV74DW5DU6SJR82HRN90C70', 'ST358UYW 7Q6VCCQ', '15S3940QWI1DBBD548FC1X7GTT4019CBUYQ3DFO2S7JJ2MJ 2SOLYY156LRJB3K0');

insert into ADRESSE (ID_ADRESSE, NUMERO, VOIE, CODE_POSTAL, VILLE) values (13, 'MGCD5YEN 28Y1Q51', 'S7MTVSKILWJATUKEAQRX7J22VNHI7BEL2RVBGOFF7B2EGAYJEFPWG1WIU15L5GWX6W4COSWL1YE3QUWCNFKBQDREMH1F6YAFWIXH4T98P8FRMUQ O0XQPPA579MXY8P2', 'XHQTHYU2DQ33BHXQ', '859 16AKAX9WKR145K78424P2CW23394KRJGH6TJM9S0E7UWPW7WVLOP1INKMS8O');

insert into ADRESSE (ID_ADRESSE, NUMERO, VOIE, CODE_POSTAL, VILLE) values (0, 'JNO5K07QOLV9T6J7', 'S7X8KIF0K75QFPC3Y1EKCFMMCCFWCRT374PW4TSWUOK9N15NP1L4V2G0N8XYJAR896XV5VADF0QH4M33 77OSBYYF8PR0MALVW99DXF93BPFYEO7JEWDY VIS6BSISMP', '92JX4BCAYY4DC2OS', '1IR43ARQTFPCFHG1TTX5R1G3K23YFTP3NP7HNM5CNAN7VDXNB LFN0S7SSE2B I7');

insert into ADRESSE (ID_ADRESSE, NUMERO, VOIE, CODE_POSTAL, VILLE) values (18, 'CR77XLU7JV0B4F5C', '39T15RI0FG3N0C8N000UU9BXT048H3N6WOEPKA2V775XYHQ0 HIEMA82T8P8FVDA5QTG  H4TD90UUGVLQMCOFD514OMMHLSE2ELP8VRK622EGL69PNXEL2DBQ81H36D', '5G2 8 92FNR57W5Y', 'J5KEGS1V7OWY86JPTA9TSUPPJG7 ST38558CPXI2WT49D17LTY9NOXEST6VKGVIO');

insert into ADRESSE (ID_ADRESSE, NUMERO, VOIE, CODE_POSTAL, VILLE) values (15, ' Q64 VROWSACQC5N', ' 1GDAJT5NHC5NJP873 CJX9A3RL MXK2 KCWMNI1XQT9VF0TF40P1PBWQH1X1GNAAAJ8TEMO449BOO64NR4Y7D8LBWW7VAWYJGEBASELQFJ2WYFOGMS0LHH6OOH2O5AB', 'C9PYA AU9CPMQTN0', '8ARQBM0K9GWEV93RMEA0UKE0C6SCH08LM9AGWDIVWRP2S11OYPJQ1SW36H1IKFY6');

insert into ADRESSE (ID_ADRESSE, NUMERO, VOIE, CODE_POSTAL, VILLE) values (2, 'VEJ0S 7RU  P7WFY', '60F Q KS 5G8O2JG6YHO0S2TI26N8YD2FI304CEPXEXGF0TUWNQNM7J482C1KR78A8Y2PAQ4FYU7VY1MKA2LRS0428F72TDDK2LP0HW8195X05L0S41 5R18 VW0BH C', 'N08LPFPF8ITA2SUG', ' HYBDSEYBN2YGLJ9DI4L8RM76TM5OFW2OXY0UKO5QQKJHCJV47A7SSRUXLMA1IS9');

insert into PROMOTION (ID_PROMOTION, NOM, POURCENTAGE, ACTIVE) values (19, 'B 4SKAC LYY 6AAKW01OMKE5O4O2VD3DR3A9QTQR4KO90 CDPCHIXVY6DK0YOQB1', 18, 18);

insert into PROMOTION (ID_PROMOTION, NOM, POURCENTAGE, ACTIVE) values (5, 'XMOV08S8G85D117TKS4966WAUOJW10W9GRTAQRAEW465YQI7PN7BL12EL4C 280T', 1, 4);

insert into PROMOTION (ID_PROMOTION, NOM, POURCENTAGE, ACTIVE) values (3, 'BXRK17 23J4U8UXRSGMC8L7AFS2OK3UDRO53V0R20XT62Y5NOROJVM7QFRRU7YMI', 6, 16);

insert into PROMOTION (ID_PROMOTION, NOM, POURCENTAGE, ACTIVE) values (9, 'AP3RXBE2UYN6J8YUHECF5LXDW64RERKPPV8SPXVM3BJCGG3BOA YFNAOIGC3C70C', 7, 3);

insert into PROMOTION (ID_PROMOTION, NOM, POURCENTAGE, ACTIVE) values (8, '27TVG909I1YKD4CX JMJVI76615Y0L8RQVJ29GUD54V4OEKDEEPWENM52NRT6VM4', 10, 15);

insert into PROMOTION (ID_PROMOTION, NOM, POURCENTAGE, ACTIVE) values (14, 'D7OUW8B8CVTQI2MC6998R4KWO3 MDPIJWO0211G3QOTHTJFFWPV4GO2LRB4NXCC1', 15, 8);

insert into PROMOTION (ID_PROMOTION, NOM, POURCENTAGE, ACTIVE) values (13, 'HYU11WA273HWB V1FGLJRQ6ADI0MXQKKNT2G3KV5YTWWI5XKUD3WQB0XSX2NAGNW', 2, 13);

insert into PROMOTION (ID_PROMOTION, NOM, POURCENTAGE, ACTIVE) values (11, '481E5FDAEPQSMFKCLHG 85NGN05ANR3T BODXIVBBT5BSXUHC0F0VK9MTEQFHJFX', 9, 5);

insert into PROMOTION (ID_PROMOTION, NOM, POURCENTAGE, ACTIVE) values (10, 'JBFA HL PCTMSCT41A5M3N15GTRG0E7SFNAHLROYWL1894J9 TFR206L07R28I2V', 12, 6);

insert into PROMOTION (ID_PROMOTION, NOM, POURCENTAGE, ACTIVE) values (17, 'HYROU9EQG2I3M94TO8JXQ1YI7LRHXSLIXWU LQ T8EKL1GQKXD8YWPNA2AA7QPI ', 0, 11);

insert into PROMOTION (ID_PROMOTION, NOM, POURCENTAGE, ACTIVE) values (16, '7F6XHFRKFF1HG3I8T8V03MJ9VLH7XIGG1KTGYC29F4AWO6QHRVCTL5 N64XVP 60', 19, 1);

insert into PROMOTION (ID_PROMOTION, NOM, POURCENTAGE, ACTIVE) values (15, 'FIEY7572YK7G6EKSDN1DI7DLVIU YOENOM3572L20263A1CNMYV5QF241MUPDQY8', 8, 0);

insert into PROMOTION (ID_PROMOTION, NOM, POURCENTAGE, ACTIVE) values (18, 'EFM6R3NAU08824BDPDB0X3J64I7NGXMLFM6NESUL01SOF9U74PD9I39MSBNTFRAE', 5, 12);

insert into PROMOTION (ID_PROMOTION, NOM, POURCENTAGE, ACTIVE) values (7, 'V0JHFGMTDVVL0RABOUJIQ1O81CHKDCT97L 40YJN1F2L7K1REUWWK6DM43HR4H3Q', 4, 2);

insert into PROMOTION (ID_PROMOTION, NOM, POURCENTAGE, ACTIVE) values (12, '3HDB0V3PDQFOAAJJNW1WTEVEL71K8K36J0 93GVI30KB877G1G3D28S19F0N4PR ', 17, 10);

insert into PROMOTION (ID_PROMOTION, NOM, POURCENTAGE, ACTIVE) values (4, 'SNRKQKIH5NNAS8LDH NOLXQW7RS0XO5DFY476QM0S5ATKX5X67YHMCDBTAB3NU8F', 13, 17);

insert into PROMOTION (ID_PROMOTION, NOM, POURCENTAGE, ACTIVE) values (1, 'PJQXOFY0C17QMR005KSXQP2YBUSMYN5IU9YWFNQ 9RTIOP95CI7H1IJJ9UVA3YKH', 14, 7);

insert into PROMOTION (ID_PROMOTION, NOM, POURCENTAGE, ACTIVE) values (0, 'H35NI57K40WVM3816OHXC3BJ18T6CL5I 1OJ0SVJ2M2FUUDSQ4NDPNYKXID4JAV5', 11, 9);

insert into PROMOTION (ID_PROMOTION, NOM, POURCENTAGE, ACTIVE) values (2, '38BCU5AGHOC7KK3BB3AAU3 7GCYA8JMRS0F9OH0W1EDMSITJLYJKEY0YGHECVDEP', 16, 19);

insert into PROMOTION (ID_PROMOTION, NOM, POURCENTAGE, ACTIVE) values (6, 'ASWXXNO8O59IBM37F90JNHN60W4ALL77775AW6WVPFQ3NHE11NYVRIJ6JO2LDK3E', 3, 14);

insert into ROLE (NOMROLE, ENABLED) values ('TC9 4000KLE9SC0OA6XRRQ27L1V34Q3XWRSCDTYPL1OF4286JM 15GEIAYMG8VX1', 14);

insert into ROLE (NOMROLE, ENABLED) values ('UEDQFNL8973M9OYGMWA45ESBTIQNY2WNP95SKWV3C 2RQQYDB3WDWE4048 Q8NC ', 2);

insert into ROLE (NOMROLE, ENABLED) values ('VJULUOQOVIK4YA3NKH8JCUF ESK8VLLAYKRL3Q5A7 4E278YOFCS8UNH3 B1EI1O', 13);

insert into ROLE (NOMROLE, ENABLED) values ('XSNPXI44XTTP0V9U7JRQ14UN0TIF4O25XVU6P2QCYL6KHG4T IMD222L5E05515N', 11);

insert into ROLE (NOMROLE, ENABLED) values ('GM7QN40XH0CW PQ767I1CQE9V17CD7RYB03GP14UYXY0S04B5PLLRVYJQ6 HHDDV', 16);

insert into ROLE (NOMROLE, ENABLED) values ('I4GULW4W4D7M HBCL6J8YSX8MESKVHKYE8QSUC9U JQWDTBDI KJAJG1QIKVU4VU', 5);

insert into ROLE (NOMROLE, ENABLED) values ('KRVNRQPCURUDKG9E3KFK SSJGEU6CFXXXAF5E4OXCI9 0D8BXNCQ W59L5OM7CBL', 3);

insert into ROLE (NOMROLE, ENABLED) values ('MJEDO4F2AHB4VCE S07V3TTL3YLS EP33GEW62A4UFSH3OX2SNA7S75W98OM0QUM', 0);

insert into ROLE (NOMROLE, ENABLED) values ('41HNCXKDGD3BFF07AOHDFEFCNJLIH7E7PIBYECN0TE34F7WYXD6G3B145JH79C4W', 17);

insert into ROLE (NOMROLE, ENABLED) values ('471MBMV4WR8XDEVQP6BWNLE8V31W39UJ PDRVNOO1YF4DY8WSOCKSHYN78G7ESDY', 19);

insert into ROLE (NOMROLE, ENABLED) values ('3MKYM3ILPI7H9IBOONAQWX57W3I3HEIUNTB6W5VNT7K7QDG860M29JHNV0H D76S', 12);

insert into ROLE (NOMROLE, ENABLED) values ('19YTSR8LFW1V7I2NBSGMUIHOEH6OW ACY3AM7H70YPQKVILWG7CXGQPU23YDO6SX', 18);

insert into ROLE (NOMROLE, ENABLED) values ('FNPUTKAG3T9MRMHT8OEVMTRLMPOP2WMTOC112V5CSKQXNS77JPBRQX9D77RQ9UTB', 9);

insert into ROLE (NOMROLE, ENABLED) values ('ATQ78YE0AITP1KARK 7AVXVF6P5U6HEI1TPSA PO4CRKC8B2SDUK0D9Y8IAWKTFH', 6);

insert into ROLE (NOMROLE, ENABLED) values ('2AHL2TSJ2WAKNMUMXUF4RE52A 64XL06R91T5YCM85N5UBHU1LSVOW9SLQE7K6BF', 8);

insert into ROLE (NOMROLE, ENABLED) values ('T1X4VK6V 9N6MHV1FX55YAF MHY6KLG14 7IEH16XJMWG1QEOBFPNREJ63HJQKMO', 1);

insert into ROLE (NOMROLE, ENABLED) values (' MHGN5SB2FF0LFQ4OCYOK424CM33RD2WVPWSBQAYKLGK2UM6LUMMBTAEH9F61207', 4);

insert into ROLE (NOMROLE, ENABLED) values ('L24RX0DPWRL1N56IURVH9YYX6EPHR9S 7PC1PE11VVDCYS6 45ONKB03EHN1XBOI', 10);

insert into ROLE (NOMROLE, ENABLED) values ('4UAPQ16CJ2PQCWHBHAIU7CEAA8HEA520XS87TNRX8I6Y BY76LFAU35RCF FDEAM', 7);

insert into ROLE (NOMROLE, ENABLED) values ('K0XFLNV0JNR3SFG7QLYK0BAOB3IGIDRB86QNF5HQE13NHE R216M0FU4ABV7UY 0', 15);

insert into MESSAGE (ID_MESSAGE, ID_SENDER, ID_RECEIVER, INTITULE, CORPS_MESSAGE, DATE_MESSAGE, LU) values (14, 11, 10, 'JTFPJODRAJVHGG5 HGWDI8B U9QB9S9JOIDV4UIE8IF0T2FTOKWKBM4TN2A5MPL1', 'FP7W3WYUXBJB1URNG 8PCJULTYMCJ4URLAKI B3G8E04GNBS9QTB01L1NG CT4DB8DH97AR5A P9S3NL9GOLPLBUL3O 43UPNGRYNKUHU6HHYRANV8VGPVF Y3BR9XRHB6PTVLAUV9O MTTHRA EY4EBCT KS6Q53B7H9G2KLQ6D98VJVY6888POQUCP11E42TPX0W7WL5EN3G04HR553TVP9TLW4DFMMT3N1DQYOCA74R J3F1TX3F0EMG80RGVFJWG3VPT 6BV7XGVIRN9SY03W849CB80EF2LP58FVRIWUI67TR7XMX7DSTEVLVH T05Q4KFM1CEVHNVIEKIP39N5EOLE1Y1R527XG6H7FB2U65DMVIWUOR0MAAJMPPN46GULINJT9729XJHC6190LY1YDBLNEX6S086O BV12PL FV3CJSY9W1G5SHP1Q2HGYKVE96QDMQA84017FIW2ES05YR8R28HLOU4HKWD709COBCAGM5JDNRITM965K75O2KM0TT5TMGIF20RF7SWE20TVR7106FD2BDNGUUDF2O0W6RFHGOHXRER0N1TIM 70X4 Q5MG59FN 9 CS18C PC9RW937FKNONSX52GS FAR QQJHU 14KY8LANX4TNR4IHCFP8TV146LRS2M1NO9W1MW 3YMW7OCTILOYL1MVUAWAI1323XPXYGYEKCJI0G77CKGHSX XK1E3WMQPDY7QSQY6AQ2AEBIJJQNPO1KLKU0NPYAYMFW4BH AMDSMDDY V1MWUXYGAO2989G48NASVU112 RQNW4YA051I6MEA290JRPSNBE2JV1W9UEKJ4J8UOCXKGULB1QS8PKUJSI50RSQ0SJV1BLSQLR5HF H8608NEDFQUF1NN0LB3E7TSNXEUE2IQ4U4L2QR6EX6VBFGRBUAOOV5VW6C2LSG5FM6W8J7DV4 RQW3C967XC   IG9E68TET6S99LAESXFXNPXO9IJRXEYGHU1K94RA71FDAPXO8OYCI W0O3UO9SCSS', '289-12-20 2:57:0', 18);

insert into MESSAGE (ID_MESSAGE, ID_SENDER, ID_RECEIVER, INTITULE, CORPS_MESSAGE, DATE_MESSAGE, LU) values (2, 1, 9, 'H5LXTCU4 TJU7080  2LMTRGAUQ1S9SHM29JTTOCMIGLVTH23PWA0B0RGP DX9SE', 'SNRHX4ND4SHXEQM1X5G1KNQQDWMMK2F9YARTWB92IOC31YQ1GRBH4I7M5L5N PVNC9TP3H3UN488OIKYFOHF3ESEI0AH1IMN62RWBF 989 2AYLD8Y VOXX0RDOLIDAT1BXN7KXQ9DYUHJFUJSH9VD3CK1DV UENPS7K3 VK W04Q5OSAL3FGNR6SJ2LS4MHBH0P7FT0YILXA9 JRVHK BF6NLXI13MN8G9GFBT7 WLN550CHBVBTNP0L0OPN91B4 FOKQX671K44LGC7Q0R1H43DUJPCTMLWIIM2C9X00GKT51M254BKECV16BFKL3IUJ1X9JXA11ULKYJ3EP1U4LYOVE97K28YGV4O6D40AISAIURNWP3L3XOOHYATDFWRHCABQI0SXYW0LAH2FM49SW72RGPDUFVN01PQIAS6J4AOIEM081IX7OASUOFEIJ29E406YQSOVVMJR 03TS8063OV5LVWTVD4AXEC9G7P1647LHMSXROH9N63FA18W8POL0MCETFID8IT2 DIM2WKUHN8O0E4O01AH1VN5QSBJE1R099J9YC02CXX55 TVBE8FT 61VN9F4I 2PA3FS3VVQWRGBBT1VSM8A88DHFB927QKFHA15RQYRJ7D6J6E39LVNHIAILEI10QR3Y69REFU5RM2N8910X2Q546NKKEXYB2J4SNKGOCTCKAYRKWUCWXD91P5UW M 17OJ4KPBR6WE EOO79DHC0OLO28B4TUCL4O25OOHD3X3229SDY3EF TV L3IRH9H 3U 1LSAQMKRW9WJS16TDG91I1RMHDPYPU9D0XM9LP6HKW5MRXL0FXO59J1KUWEJTHSVE231APY 9SUV3G31US4GSNIUKAS3VM2SFGAEMDVJ4N173T7J FVB7DIOBQKP 4J3GBNCYWO9D54SNQ9R60HB416VTBSJRCEFTTWY7UVQ8RRW56CPROT3PFFXT0RYF3M3W31KR6SC0XV KOC 6H0JNRY04P0IMH 054BKLBH1 1OMA1XVTD', '1012-1-16 7:34:42', 14);

insert into MESSAGE (ID_MESSAGE, ID_SENDER, ID_RECEIVER, INTITULE, CORPS_MESSAGE, DATE_MESSAGE, LU) values (5, 12, 19, 'YS5U3K9BHRWDWJ5C5SB T8QF5ULVY3J2QYGBFJ0A9V3L2Y76GHWE8DR5NQJRMV2S', 'GN6K8XJ7FVL32R0SBJ60VHIAOKDKIA77VM0WK4X85T3W5NYWU8JILYWWOQBXBTSQ8QH5YS5CMEF9DKI61K8E1EMVP667DP3LSHD48M43HQE M3789LBOHG1735JVFUQE2I0004TWS3D9LFLL8IFRVCNRJ JU3S8LWLBGNC53Q 8PQGBOWOPH00XBV8TFOQALDPNGD16WX EA9Q0THOS3G1DLALJACKHNWX I2NWH6UTF7FC9J4X8JNK5AXFLYSJ 4ISEH6EUKJXXCF 6UWTWDQ3IM6QT9M5O W1E5DS I4T2B7PMI RKVUK2AK8XOU3RPNA5CM6POTXEGX9IVIJ3Q5M4MD88HY55THLP5XRU01F0VGFRLTGQDJYX73JGP52M3BKJE O1QCUCJ614MDF62J8KXCJR66R L5BJR47UEEC85BYA4QSGVA84WV5PHJ2SO7HXMDKSS3MW6L2TNRI3JMPHMOS9 AWL UAG6D18YGT2WH98WB1 P1GJRTFQVA6WFJF6GEYH9NORD3KX JBDPNC DJJY2VW 606M5HORD HGE5V68MW OA6IOA51A705Q1BMV7L57Y02M39880UXMCXP9LUM2YLKUM4KWU2NY7KTG Q7X9OP70G Y7OONLO9KVH4BDK83K0G0JD2F1K8XYQQW AM43C973RE2CLPEYR1A5BT995V1OS9IYT7B8RECRU T0MSWIO41TO94YJBO8LRGBYNWC1IVG6RYA64YG8JQAL529IOLB8APFVL8GD9 WR2RQUA69FOPWC4EJAKGDSVIRD1J809333O7L8PEIQ80N3QNBLWNEDEF0PES151Y15R4OYQUW8CK64FR6R0D53P7YOKPT3 J KT3KPNYCGIYTQMU LPKX6H LLPV95E4BEUEF4NGWIQMK9JBOI40RTD51EHKONKCK9793YRCR1AS11EWDCT7C8WBLE V  K HCPK3 0YA70FJG9LDITGYQIGOLMPTJH8UBH KY9U Q BYY4N20HUNKKRVFAQFR7', '1481-3-30 10:52:53', 9);

insert into MESSAGE (ID_MESSAGE, ID_SENDER, ID_RECEIVER, INTITULE, CORPS_MESSAGE, DATE_MESSAGE, LU) values (19, 3, 14, 'EG UCE9CUDV71GNRL6OL561GJWELEAEPP62R5EGHFUIG54J7IF72CSGVN38CMTKW', 'GPE60BPCVKTU Y WN2BMA049Q W8CS4ND8DRXS2X7U8ISR DF4GFECQT6UI5SG4IYQGMR5YM7S8DUAI925XHLMT94LB43O9IGPJKC69 MKP80336 5UU4FRJXEYM0C37ERWUA9XDFGXA0FAOVDUW 02L8OHJ4 91NPG2XJW6WWU396R5O70GXC75XXK7RVCE9GM8HR8LJKVP0U3XN51SI OW7UEA2T0MN6ATWAYS86WI9MYAAV6I442GIBPYXCYVF2 MV74S1NGBVE2DF83NTPYCMAPO2OW8MLNXY8TKE3JDCN68483PI8XWJY6DYLJQDAVCER6YXQOA4K0TR0 HXXNHMLFFTMPB9WO BSDQM X3AXE00V19HNTBEQBJPW6Q0BO9J0LKOCY8S94KQA6PGW4ITY6VF7TRQK 3PS32NKTKBM257VSWVVA4 2X K1I1RVAQ832OAH8DDV5EWERBID31C  SJI43QJQUCLUTQ4D88F8SKSKU VC4LTBPHCLCK43JYLQRAN AXDAPA67SNJV6SUGGC0W6GAKCW22QLFB BGAGEQ6UO5KS6FC8UL2TVTY3OM9TMW57 5A8IXI3 6AJB5MNHT2GKQL5MKO1IQT8CG97HAT2AP X1QCNJ306K5A8UTTCTQ5QK4DCJI7P2ILAI13N3GYX8CGE7Y3J8TKVLKNL5IAAN04X352F M1L4T 9F92DU5Y26R9T09AK19L1H7Y8T F 53APWM8GYYSBTFDQ6 VO311OOKWN1I9RG0D2VK6D7P0VUY7 X 95FOKWWQQPTXTKIFQ3DDHJGX6GBAY5VSA HA9KODNU5KAV0GEY6VTCWDA944XNV06HDIBIUBIVRD 4 AX8VMT2 YWRVRDW3ISE4QVGGHN0617MPCETSR5UFP6W 7M5W7HYF 40X2WYRUALR5H536LRAUP2P22K286PVWCQWAOPKRM7 EB ODUSSPO 0M29KU8MPTS1AMXRHDLFIYKI8GQVKURTOU28OIO22PR9CN3Y60N9', '1567-10-6 11:24:56', 8);

insert into MESSAGE (ID_MESSAGE, ID_SENDER, ID_RECEIVER, INTITULE, CORPS_MESSAGE, DATE_MESSAGE, LU) values (18, 7, 2, 'PBIR H0OI4W0NNYKDYLT8XYQ25PGBFOCP5Q Q8FPU6F1FH RMNJ361KB95XOBVVX', 'RTHA9A2RGW657AHCXTXVS9MNJ46L3K8KF6SC1AP5LPQX 9SF6G28JPOEO PBGMV1HBS3KMHPFAPJ3NK6JELQR1DKT8Q78E2F6QABP1DWNRVSF0A8ENLEMV3296US8UE722N700957ENUPMK3GGON6FCUP36X1HGXY3PGXL5SEPVBBA 7N50B6NKM0LCX JUYYSW1LJ23S9 7JL7W8A9L64C5CCJH6U8KF86EY9055UWXDQVFQKM6J26Y77HQKYB 2P DRU20ND4ANJPXXRT2CDNKD4F7S0S9TLC7HYBONYNIXIFGXX5QIKEETB5SDWEGVIRLG0WYTS18KUTY37D0QW2SV2XUJ2XGQ5BJQ0 N39CHPCNB3VU6G7BW4VL3CO729ELI5NREQY6PAGRBTEEVX UVGCKOKJ22FBRFEAGT9KOR0C0NHFH87EGR18P6U3C1N3EIUWBDGYIVDS9ULQYO2BUHAJFJJG JK2SHP5NFD5UQL8GGY7B446UWYCQ3SFX01SKFYDQBFAFESRJUJ JVP5AR V4NKF3TAV1TCHY87QJBR6IBRA4L 02POJKDKIJ7S6YKG5NANYXF5TC37J5EX70BMXOUBG8CBOM0KMAH MXYAT4BR95T7V41MQI13M9BWHXUTUARNIFLEVWYL6ARBRB9UUOD 3Q2TX862F3XFKRHFDR 766KKAK9NBDMSKRIQEFJ0L9REXW43CW7B9 Y IX8RB715EHFHK W299UUU8DYHGEYMF1F7G957G6HM3I95TKH QRDQRLA5M7FLQDIP7C0GU30XSCH3G9908YW7 I5CM5AOOXM4AFXRM7NMVGWFY775ERLY 8GQRQFJJ2 3W9PWMD7PK9IFVWV WIWX9ATMAA0Y6II15MFV6S5T72MG9BNPFBK4 NN J3GWYGYWB3GS63VA44R1SVM3P9KSRN6HWCGIPGWEK7GYYEE2OJSWLARQHD99R1EDQ500XJKV8GDSI3OQBDVVERPPJI51N 2LGFDWJ149K4FW93BMFK', '886-7-10 6:36:49', 7);

insert into MESSAGE (ID_MESSAGE, ID_SENDER, ID_RECEIVER, INTITULE, CORPS_MESSAGE, DATE_MESSAGE, LU) values (13, 14, 2, 'C5MY1W6CH3YYALSM1I5N57ATV9L9AJ9FGVLLCET6R50ROQIVLP6M256CWTXRNE2J', 'D DX UPG5UP1PSI55Q0RE7YG318NRLIY1EAPUMTXEGN6P6F358DX11QO63XF8A1BTFFKC6RKAWTT4ON GC73IOASQ5FIRXKA KMA99GUJBYOWUSEI3JC R1R4FAE4EMH1F738CU74 H0OXDW P01HJHIXAN0V9TCUT1LNGWYBD9DWT0WTJQ1SW3S2A4LDPR9GOJTOFMDN3PSV0DQ94FKGHDAR3YVPN4IB4N88L1J WSNJQ3OU698SGVLFKT UKLB1EUM318JDQXTQTWTDH03YR78VPXFFMVSKX49QIAC9O6H1RI9X2VMUW L2O44YPOW59 TGBCSBX29SROYV2PN43T DSOFP9UKB6JBCKLMGXN76M8RVSTG97EMCIE2NH6MSID98V5JX7KR3TYGTP3OIRGNVGP7M4GTPCLISMB48GXR8GQQYFVFWWQ34FHC9NMRDUVBETBU7KEH4DG5RQ468HYVIC5HW7KYFEEDA2F3WJ7K0Y07 KAS3YYUSCOYQK6XTHVSEQY6OJ02YCDBQ CKUGKRWMKKO4GYPRK2JQBA6X5HR9ISBAT7OTOA7NTGGYFCJ2927QTJB5CP26HTCTQUHG4 6X 8KU285E94R0VYAVY 939IP5PY IVAP87WB6GOIVF AG GMWU1IRYXL0THOQVMXE1SR OP S3PNQKV06DYSLPYH9QQUI488HNSQ0W65K8UK06XKSG8TKLH2XMGJ MBAOR0VL7UWU8DG9A9L2JS4FT7F76SMTG 3BJ5LQTGDD2KK0JFOEMX IKSUEN8OGO7WWQ636YL12A7VGGVQC7DJS3SV1RS5XFX74MJB6VRM UF7JQ XOBAK MNFQVS6WTXTQ021STD4DDT4P0 P9I6SDIRNCS QS2XVR9 SN4RTLYCY7Y3T6Y LX0EXSULLJCKQA7YV044A86BWVBC9M726AIQ07Y49WWD1M90EW6MEY8LT6TQCXH6JRFVVVKL140SQ8DN9VPAALSAE9B6MMGGHA5RS7LD09040NYO3952', '1224-9-13 9:1:54', 4);

insert into MESSAGE (ID_MESSAGE, ID_SENDER, ID_RECEIVER, INTITULE, CORPS_MESSAGE, DATE_MESSAGE, LU) values (16, 14, 5, '83N8XBXT9SHPY7D6MMUKH8CWKBO9J6HV3QANRS2OWJYK50M3OPVFUJUCEG26Y6SX', 'B73160JG EDIIF4BBTJ93V5OEO2EBXYT8YVUETF9K3 9YHTDAFEHVCVLP76H7INA 4E22TS7RNK4YCSMTYRMUJKXXAD0Q8Q5U7JJ1TJUA9YVDKKNBGOO64LMG68HO RYBULHX8OJ57HQXEP1F4R3VCHLW7VSMBC7AUFI364NLX281QU66C6OQ4PL5YX7WF49S4HMPDWF514FY2KFQNKNA1QCE3MGN8PF8SPBQ92 NBJQPMM0OP4OWB7F5GMOS6SWA4IDWUND8PVX38M2RDNSOUMB417C I3RWJY2PWRJA929NFDO4MCFI6NFB14FP1E29LK2FQJDG7PCTCLT3L0G4IX34QO899FOX0CE6G5MOYU8OT3ACM14XP4I1MQILB1FOP JSOSY823D5BPYR67469XU1BNEL 12JPICWTNYM8KK0 9ELU IXD427LAFURB7W6N4YS13MAY5OLOACF8S UF6 E5LPQSDDILJ3B6SBAGPGKU2QUGTW6OY4U49CPC1W80OCOFB2FRBD2Q5V6LW3HP7L5R5P20KNY62FU5VJ 5HASCU1P6QOLDKPR2HHXQ64JWKXFOLLGF2S5NDWRAFMXKK 7KU81K21YGI5QGHIHWD99PTC GHLM8QB8E67RKAGBPM7OXGPWE1WTL8I1TU4EBFSP5XG6TTPY1 YUJC ND8O7FJXS0TGQSWTN VV GJDAC63ITVDTOEBGBL9A84PNPC3AK71JL9CX232LBP7ORIBAH3LP5XNX3WKY4KDWHNSN623LKE3ONT 02P7D0QYX1II4DY3PAB5C6W7R6CXDT2FNC0OSKJ OO3GGMT5AAS433O6 S VIAFHVKFVM5NYX4H7TOYBOQGR4H0KR2ID ODS00DYNKVT KEU4UN3HYNCTGURBP56U1WT002CU7CBW8GRI0IT0ALFQNJVGEYBA1APIYQRCXNYCC6LALLK93FUK6WTPXW1PUDHT6F6E5S3M61BWHD9SS7R5S3B62W K59XU46VGU3RP1B3W6PIWST', '750-9-4 5:47:25', 10);

insert into MESSAGE (ID_MESSAGE, ID_SENDER, ID_RECEIVER, INTITULE, CORPS_MESSAGE, DATE_MESSAGE, LU) values (11, 9, 16, 'SVIYMSX5U6GE6VH3ONMJBRUJ91YBND75BQXR4R3GJLITM29JR8WOV8K76 NW6G4T', 'KINOUQNQYL6JK79UE3IFV98BH2NUSJL6 SJPNTI43KO5Q618M24Y2L567BFHB8O0YCQKSJIOVIYJJN 3M9A9SM6 DOLP3AK RN112PMVXKTEW6N0SR1E7YRNAEP0VKUOXBTD3QQ6B0M0G0MJUQ RDWC3MVV99M2JA5X59QUW8B9XP1G2PLA61BF38MRRLOV0X3SGQFXA9355URUYNUMVRTHBBBK80KXB8ACOG92G8473XEFG667IVN4EDTYTDUWPVX1N68AH8AYLQTWO3FQ3INXS448 FOJ8SGWNE4QAOPDUTH1PILH3JFGXLE4OMXJY7GGBE9HR7L0ILKJIRTADP4E44XY870PRMORP9OQOSDYL7X9YHEF7FNFL98KE85UGUYEAT3NOOJRJI  SNTT7YH9GXXCAH4SRXCIYRTHBDUM8AWLPGPSIBSMQ9R4HLDGD82SXGVH5N55V0GYACSBJCF9DPPEXW1PREGDY4WXILFL5X3 161T8LV08YT30LVGEB1 2Q75QLWM53XNCXJAVF8P11EQGMBQN6GWT1RH09WJABOYJ J941B7H7UBHOFHRIKV2M7AFIV4I9SVSXFS4CLE32PFNA QW A95RS01LHP1ACG8OREE267CEQ4XQDL4QTURLG3QXJ4ML0RXE89TNSLMDQ1R2N4E0F21 T0CB RB48YQKR0RFWK7DTBW5HFNFKSHL48MTXINL 4JWCSWGJ4A45MLLAONVTH2W9B7PNVJJ0G2G5BFJHBYJ27FT222JY334RUNNKTA9N4 IJTVB397W2SF0ISJTX5C9WDDI9TLVWFTN0357E0XQTN15X4JHQNY3JLRGGWM6FJ2Q6ENC5S U4L2 BCJHO5H8643X2PWUKT2YWL4QOP2B YR1CPS63SV00OIP5ACB8L2P30Q4 0SJILRNAMK3J6JKWY3RVACR46BOWK20QWO6YX4W4F 3QG8TBRUELVN7I UWMP3QAP75TVBNHI2AHC4GFTN7WQDFBFONMB7DMOOPMW6MLCS', '1149-3-16 8:19:47', 16);

insert into MESSAGE (ID_MESSAGE, ID_SENDER, ID_RECEIVER, INTITULE, CORPS_MESSAGE, DATE_MESSAGE, LU) values (3, 5, 8, 'YPL LXBSQU9P JAOBE21806XKH1MUPS6AB6175A8F3BGE WQ2B15YQWA2SIIP3ND', '5U0U 2YB0E45X5YPFJX7RD5DA70 6EE0AY9CMO2J0XRV1A2Q44KALSJFQEPGLI4GQ5D2GD0WLI  XM8GU8R1BW6X2B2LU43SRW3TAYOYG8K9GP1HY LH39JUN5OYQ6TMUUURPU13LGWVAS2E6JO2Y5203ANFU7YDUSHL541O9LUFWRVKGA4KOG98AAL9GF2HVNEAQKPX0ATYI45C0QO8STL8HSR8RPU7AKJAEL2 OAST64J DLHPOFOJ3OTENJYQRRDFX76VCH6UNJQNDOA1E62PVX1AS4478PW S66LF12AJXHC20COXMD4UQ6VOB3KYWOLBU5YL3YR6GK2UQIGVY82DDIFLKMTD4PAJ8ARS4XARXQOC41NR2DT CXPI1KPC8NKB2RO8NLB6STYHOUXTEGGL9SW9JQ WBMBBOT9HC1P47PLH AD1681CW HHI09EI8RX1O0A3 O4 95TUBFA8GIO8XHI394H7PMDTOBRXMXFIF4A6D130YOBBL7J2H01WS LB3G80NJ2X4WX3GGVOKB8FHGGTM8A9OCEJAODOCXW DT3T1ER052QYME1GM2P46LA2N22EH0J342DQ8 OHKIDHJMRQLO0GM1M6KMJUE2DBHROGKOD7S4 PD4X0J6AETFGUIBASYRKDHY7M6GAWR9QJO9KDLHU86UQNXW17J92N9JD5PLR1G7Y NVKITHAELT2TC6V60 N6YD 2AUSNW5E8 6JTF0HIHBY9AR3 WWTOP6 IOC9I660OTQW9KPKCUMMJC7B34BUGQMQV3MSYCB0R LTLH82S7K1W2XG07XTKA9TNANQ3HG 5O6A2E1MYJ7064CNJ6WNNKJ2FLSBLSEPPRC1QLKA1F64W6PDJMQX0YUN2SRITGVACKAN8E5CF ERAW5B1OE3MPG JAR1RMI38XPDU40CNTA 51SKAW8D57ITWYDF4KTRMALDJ685F3KS0BLCMJ QVT43I7K 7KA9YJFHXXXWMHFT1JGAK7TXO0B3Q PS0X7SV53DAU0', '1911-2-16 14:52:55', 12);

insert into MESSAGE (ID_MESSAGE, ID_SENDER, ID_RECEIVER, INTITULE, CORPS_MESSAGE, DATE_MESSAGE, LU) values (17, 10, 1, '6ASNTWSRWRVSWNJR1861CQ1OMD00P83EQG526CLARBLV8HKQHLH1H WGFS 0GDJ9', '088IL J68T7BJ97XF6TMR6YUV25UHJDB6F3RCC4HB59FWSVTUMPIH 1D8H0C1A0MCIBL4A8XYLNJ38JNIW7YGEJT06TP1R9LSYRUQIP2UA8F14Q2U5C U0X7HD6D9UQS2GQOTIKB0IBBEP2LGIS N3NCBG6AA30O Q4RQDP0ORTRMV4NDDOUNK72DXGQHQOONRC4OT7DDL5T 5ILSANQF121WI8EXLF1FOC5K91J T8UGPYN9XYBBOTUA17FK9X  OJP5RBKLBKOUF4YL4AMFF21DILB2UWM9802X23FK85JRSRKUVX4NSEY4270W82XIW7U7IJXLQJ2J MHDBONO0GXV2CTDV8U7D9415TWN9TACTHJVRUHYXX77YTHFX765LQDAN3YXCJN3R7I8OC9R1IW0D06Y8UNFKRFLDMP PV HXM3PPI34JY1F2UFJ6 WDI0LDAMMK6HK05NUQKBGT80JW0P7JYJHMRNKU2E4STJ1YU6A3958GMJ95ALU4AFT2TEEX1AH0RTHC35SVT2PEUA 66 57LO9YDJMG5LWUCID1PKPEIJKTO7B91XAK083P9T4X0QH82HLL1G69RNYML4VYGXTN84H3FK7OX49DK0EH6TEE2XDIO 2364RSOFG60MLST56RNYITVRBY6JP0QSAT23H0D809BCE7AD04AP KGEXE 3BE4GUJ41T62N1YSP5IL8IKJ5EH0U1HGRWQY2WXLKYX3UC402T8L9CCPSL379D8T9MU NK RYHNH0LYSGOKW2147KXOFWMXET0CK9UW6XGJXCEU BJIP91SN 3BMXA5P71MR2M9HRALR39LQQIWWEPHQ38WHNVTDQ1W86PUI8UJYJL47959 7COCGW1CCR167S4ESUR7PAW50QSS GY5D33K7066D6850F193NDO1C1OTW52IS59K0RLXXIK0B4C0K5GCNC9N00HD81P1WQTM4YRTE0UQ9P2N5TBTAMDGRP61RLL70EY9B9MLLHYW19RVL2VSWELXGR19F', '617-8-22 4:56:17', 15);

insert into MESSAGE (ID_MESSAGE, ID_SENDER, ID_RECEIVER, INTITULE, CORPS_MESSAGE, DATE_MESSAGE, LU) values (0, 18, 17, 'B97S5ES6UGME7W93R345 HVXY252SUJ HW11679JQHIFIDQPFEQRRHHI527HE9RQ', '7OAONHCCKUF2GH IB06OTPLQ6P1DO I3M6 XRVOY 95SAPHHRJKMP4NYRKB7MLAIREM4Q96RXT 51HVPM9K0639M7BU M55CXT04EFR84PRXNGQQD8BUE8YPT478GIL6M3G4ESBUJ7VBSSM5ONDKFR33ACHUO88GO UP2FVVGR6XWE4CHXX  N9JGLC4NJQL8FMYM4FLD03Q7SXO1JLCOGWRJH SIAOVLKPAY9056PK6R7OEU7MATELC0V3W4 THHNJIUXOKYR32CG1MQQQUIDXRMTY18UUJU36XSTIS3ANLJ1TES56GPXIGEEA3AOH0VF352AOP9HSFP5PRCKS 1A0PM0FEJYIU3GE8REC2ERKL MJH3CVO092SX27P1VSVA0NOQTOJROMJBV5EYWA9TEFR6706K64SI50BLWWPUX33E2C63UFQJUSOI7QBRED9524GTMA2HELIP 2E2 8MYGYID1R4YKGST46RJO4 P1DHJ27KL95TNPP1IR4XCJBVFTVBRCPSW341WFP2RQ5K1QV2VN9JVOWS6THN8LDNPV3NOSK6WNQM7BC8R483838VJYSNJ1KP1U48GMT6LF024W04RPL7XIB8963MY0MY3OI1MYG4SMIFIMS5O5EUAC8YEO89LD1BD53SCIL2NXCLU9NROCAECN119PMPDSANL89KLOBXM86WF6K64AFPX5WCGQ5IXGTNV0YV4ISKFJ639HKLQ6GXP6YNUB8KQA8YHSKLFO4O521A9XP5GDMO1RDOMAV8 U252 53TILY1401 V2SJDN16KD18HJ9QDWOH552D2EXP7UBVDRGJTTD1Y77D1ASQPEVX1MNX S20YUF24XY8KYIFX5L16ODLE81UJ6E6L2R38U6LHR QJDQT3JKL8T0MM2BYPV7IUK8EX6Q4GG7EWXOLSOBISA108MSBRCG5ENPM7SM9R84XW1DSX YQJA9MPNG61RW3IO9RC2V9NE770NAB6SKBCIT78Y642UO243V3QYV769QHT7AUSL3', '1687-8-25 12:20:48', 19);

insert into MESSAGE (ID_MESSAGE, ID_SENDER, ID_RECEIVER, INTITULE, CORPS_MESSAGE, DATE_MESSAGE, LU) values (8, 9, 17, 'S8XSF0QHXBLUJ6X5R7 RAGGBWWG OPOV6GGNFEX9WUI7WM4SYDRWKQX18K7U5TNQ', 'P75D7KDS1ITEOVBF60YD0X4192PMSOUDM9 UW9P 17E 70VSUW3MA8C7ANN DG05 V9OBCVCJ5XUSE9L6AX6H0CCNO5HMBO33ITOAORFAH7RBO0IM9H3UWKEOBQJA7CTHS 1FMBM7ILWG0P2U0FSA5F900J4YNNQYJNF4CJALNXWOBYNSWV1OPFPJ88H V69MN8TIJEM0KPR84DMPHI4I33EGO CHQMOUANOKMYS9 TU3LO84EIN5K  98IUDRN7CODT0N9UGUQ14MJMTJNOQ1NXNV1GB4YW 8FJCDFP 7IITPOUXV6N41RMOQD4UNAT2JBFW4K9ICNWM VVRJVF0RXFN6S65THU1B3LPYV90N89NBWJ0U3AV2UI5N4DATATPHEHNKHEPNV0T4MNL9PV G603SSV3FKF60CYC9O941P1TKVWPF29B4Q0LCM5446CR6KB72PA0PDJ6GJTU34XOW8D4B38S 233A97FLTWIN2846JYS7BRP9H CQ6H9S443U5R18CDX2K5RVTNLTN3RBBLBWBMF0BSYJHGQVNYY92RVBEAK8NKYWMUA7KV2OOC6627364PGREY2V80DTBB9FAAU7ISNK7YGR6AGF5OO5V1SMEYV4AVD18FSM6DG2YPWEPGVJ6R39DN5BY59VM4RHEMAC80K81JSFYSA3OTG17Y5A1J0X ER7S5PFTIURKDQ8WVBE6KTMDEJMRXTBKFE8G7R0L3V0PYMGYLGA6MI89XS0A3R81CICEVFGSC30N0MT3AWD9K4CVU8SUN30NPQWQ5XA5APHK55ATQOU2VKIPVXXN6F46HGXKYS5XDOPRVYX63KL5U0GT5R5Y4N9W U613VVXEPOGL1YOV548RW3S7DQ2VU7N W0BB7DJNE20MOQG2RN T HOY5OBOIWTNBDN67UKP25Q6GT52L0439S5SCM2PBI9LO08AIJGOQX0F8XWMIOFK0ECGYSO399FQA7D12W40DY8D4WEX8TN4UU03P7KSNN9I6YCR3J0JKKU ', '372-10-2 3:23:41', 5);

insert into MESSAGE (ID_MESSAGE, ID_SENDER, ID_RECEIVER, INTITULE, CORPS_MESSAGE, DATE_MESSAGE, LU) values (10, 8, 0, 'YYQKKJG2D4AE0ONUESDCAC5DJ7DN6X0JPACW 93YDDMS4 VKUNPP0 CSI3CITY5D', 'JRVJ89NJMSBA5F7Q 78PAVHQ264KSNC36N1IRG8JG12 NP3O4ODH7A64TQ0QAT6I1W78VIARSMJLB PD607IE5S CAP509VTC 7HE9ROBNJW0SLEK7VQ31S911SBSX1NNJCHY2KQ0FF2FECBXIXM99LUHED35C8GSDJVV3O85E3P0MKKAAJYPPPIMV5SHQ2NTF6OD14F97YT12WFT3C0YXN M494V 8H6T6BEBWH7MXUHW 72JLEC7YS 2G79JD5HR1NN 3E2IJK5YK0UI060E9HENXKBN8RPPRWNST590R7NRBW90URV34GX2H3J4KD27UQP26LEC5FCH2UM5W1KF71WLE65G3T10E7VWDIIWS8CWKPMAJ9MB7EVQKI7TP H0 S0WJKS792LJN96UK478TPR3B8IY6JE7QDSGYCQ0PSSH77HFENFDS OHJYNCF66UC6KKUA65RNFK232VYC0KV53TOK15CDF8XXKVIU6NOAR76FO2Q4M9V3P7QGT3UN2X9PSP893N5TVIHMC3N8KMMIIV4EWMWABKL0Y FSKJFOK7  G89E1F03T9XL1TJKM PRNEFIIRBRHROOLVLPY6WD5XPKQEQOR5V866NF5 5B 7MVNJ9P1X9VELICATLOQ7 5M9JIY S399VLU CASG WN4YBP27IWFENW9KJOQK59BKQL1HRG64SAJ8AWVO4VA08OF89DCF0QFS5NRWW46OP220GHM58HDAVEN3CE2UL69RL2C8SM7ORW1HFTBULXF6V9IQABCR6X6NP32Q0KM9X2YE95NYRNE7 B6OL1QOI17P0DH7IDHG42H1BFYPACDDECLNKQ0NPDY60P8WN7HI6RE7HF7FJ2J9MX88JU1ACKSE2B3P51 IS6P8 N2DW3AYNEA5N4VMA2OMGK2W8M0PLRJ GFTXJY63UWM5YKPC 38AB78GFH8C336VYUFGLJVU CQXHHWL3LRPS7WQQWYPR61UXTJC5 AV9GRC2G02UC6CUVHQK061Y7QB9YD13', '63-3-4 0:37:0', 11);

insert into MESSAGE (ID_MESSAGE, ID_SENDER, ID_RECEIVER, INTITULE, CORPS_MESSAGE, DATE_MESSAGE, LU) values (15, 14, 7, '95HFK2LX7XM68T60968X2YSR1N0V IECRDSC04QWFB1N14Y5WTUEH8RLCHWKAWAC', 'ODE9PJ5KCO RX4NDPKXONJQVN0B6QW0BBC6YCH8N9R4TMT36LWB9HB4PCSDFCPQLWHISESGYN7SFL76 MEHYXILIA5I1T RJN96JQ6RY75RCQTHE63GR7NM9V9CIXONQ5DKFX313XYFSNWJY 8V3C2MUQJ Q9B O6JI3DOBQ21NBVC 2Y5WS2N30PH3145ERURFJ8LK15 U MOG3DD51Y KG2UT3O I8K4A8FCT71MY5W3L9PLWJDBKR7EW1TD1BYWJ RW59TTHOIF4QTOUAEIPHW7KD8HP4 G61O1O5WOFR18SJRL8RY4LY7DL1E58MVFQ1H3JRXGB0ULBOXHWSQCVKF9ACKVER4I9395UTWI8I2EJYXN5N617G4BI2RT1DJKEMVTT1 ESON388PKV0KQBT66LBTQ 46P8IYIPYRU3D9TB3GVFXVKYMRMHOC43PE2F2W6P3YPTTGCM7QCRXXFVVBKJ2O3ANT06WXH6TQ 6PF4408VBUCQVCK5SW0EHDD3860RDGDVV2A9PX2K20HNSUHLPWAIN88XSCWYO6KO6FTIE9IOK3HYI0CCB96GTJVCNB6OG37WWMOA788LT8A4WEQW5J90YD3C5F4948H6CY7O5X4WGXL9WHI1CSRK6VV13CUL4JXCC4NCCEC9J2W4GMQMGBR6K LRW899XSAAB7WQVJDLP0I4K4WOO04J7LSWGM0K1RK65PPVV8XW6HGC95MEO0H0AHE36EJC0259BKMEI71DMMLJLTV4O 7N DJ33Y37EAMYR2WQ031BAYI2M4YDFWI4IUPUN0PCTUVU1YNUKGHAYGN HYCS58DQ3EKDWP3NU42O5CREGR8VVG6 B5W6PRJI2H6XFMXN7CNBOSTQ0EGXXP1GBFOJFRJ2OETWAQHIKQDVQ7ATHLKEGF0DNE1 6VPQBC1T4EX3MC9HXYC9AJAEC5LFKKOSB54GCIOE3D6V66LJGS0CTCL70V4XDFJFU1OV4WXGWVX103YJ0W12F S8G OVCASG5E 75G', '221-4-16 1:53:10', 1);

insert into MESSAGE (ID_MESSAGE, ID_SENDER, ID_RECEIVER, INTITULE, CORPS_MESSAGE, DATE_MESSAGE, LU) values (12, 17, 3, 'M0J9T8BMW82U5IPXC53W7HMK CYW7278K6G59V8USHHOV9V3FXYOTYQUN5QJYJOT', '42RGODWW67SS YNCD3393WTF MAIKFU10BE5NDQBGBLH5BW98J W3B6YUVR2K3QEKL4CX4DX5WOCO2QFHGOJ12S H8M41HB71DQVAFQA 2V4HQOHHW866Q2G8YF5RG61Y8LWDPRS 4J36LAXY3A7HLI9PED39KXD40K2K3FRCIKRAH76TEYHSLL5T418X24LPN1F1AQFNWD7 Y2LCCX7L9TUQRM9VRG 09 EPPQYQ VSC7IF1LE19VSXX8UA07MQQ2UTBEGEPQKC429TQ041WB0V6HYV1KCXTJNXE41OX8H4X21SHLBME364HOQWEPBMH7XD88MO3O4P4DMCNGUNHGV066GQD2DP9SP8VQB55HK4TSSCWY0EL8TOUE 2 UB X7MY7CCRB7GV TDJ5INI XOBC O32TY7JISGUDX44KVRBJ8MNR63OQ8YVQFC6F6 FUVX7VCODDI29R86THIMGH8HTKOSQTWVAL15HFTU5PKE5YCPHL4YYNHSXLERWR1B A04PEQXSPQW 6GLP7 FHDTL6222KOLOPK1FKRE3XOC M8L6RJLP9F4LVEPVHMI7Y9XWN37HI53KNHRMC00W6A8BK4VQ6EV1IC VAOL3PREWH1 2A6UIY2583 ONWCOACY12JIYU1A1PBLDJSQ5I4ISQLVP1QK2XTDHLB4SL9QF21K YCKM5W143HS5OIP5SJ270ARL1E4IHGY06MPF8DQ8IEYMSV62PDMO7XDXVSTOV2GKXQB8UDC41DPE 801EHTTJEICL26XJ6GWUWRAJJ8VQLJ79SU8EBK6SSDFN2TR8TW7IRIE99GMHM3B2H1W9MXR1UTTF0G92XISD68TEQPI2A7I82LDED45W4E67C YK3LWT9PDOVDP8NV5034X4UKFB1B74SHYOR3W2HXG9HFFM3640WYVNNR8OOEMAC4WR5O4CJ XR2KXQAFSBJ0N5NGPRY46NB9YK7LYQE695Y4F0513CX LMWGJQMNN4BGU9RTT7DXCS61ATWNI0P260', '117-9-12 1:7:49', 13);

insert into MESSAGE (ID_MESSAGE, ID_SENDER, ID_RECEIVER, INTITULE, CORPS_MESSAGE, DATE_MESSAGE, LU) values (7, 11, 5, 'I8TEC5B4H1KJC8 E92 BSNGGH 9JJL9PRNGUXUH0P349E0LG8M8TB59FS05FQ4HH', 'WSY63TVI5CQEBY6P UPHN0SE2Y0JA8V7AMP4O3PI0RFY78I 3MDG1ACWEX5NY15X2A2XEK0P9P7BKLBRS8U9QTBDYKYEORKVH9VG21ONNBV89K5OHN8Y 94T351989NL26GVBXPQ5WTY EL8V65YRU92G1I5630KNSOTIC0B0VW17 8WW3Q2UH7YWQ DWHA6C4YBT1NMSWJI5UPYS0NITRG5NYPMHB3PI79T7EMRBQORT7PP2J3Y WL86JC0V25CTB05DI0UPATM1UX8KJUFHT7P7I52RY588W8KU1WRBMXADC3ND14D71V R VQKRUCXJGPXFFEV0KF6TYVT5RNUR8D7BVAL11LHWRNPORJ9UT2M3CTK61JVV022YYJVWITMWPT F3TRN9NMO17KMVOIUW99JIL753QFLF4F3NTW51 VNYQ 2M5TVMXYUE 79P A6MUHNO2F6UDVUW0DA8GKSY0JT2P7B73T0FMAQHXGSUGVOVIF94GD1PERJI3F4JIWKMMVNCOB5RAY9SMA0BGLTPSMA6YR4PLRID9YDMJOKVDXCLO7UB6EVTUEG4FYCNMVQJH4KQNFJYKECDVV35OOOY5NLV3IKFP 5ELNG1 TPC6SB4B4EFI7B067FJ P63Y4WTAP 0GAVWU90X16E9KFLYA7VQFL7RBMB5Q4S4XM0YQQSW H 96MWTQ2WMA2FIQ3SBEK2W4U7HB0O6 S7M3VBJRGRUQP4JXF Q9IRTPBQXHKEXR381F1L8FCRNEXD0MQLEN7EH6M18KPACYQDRQO3 R FRBYU4FILSBL7I0ONWBJDO696JY8VVNWEGVQV5UG1 DJ2HKMD0UV95UK8OGVN2VXHKW0FDAL4HFKI43W14NEC4BSE00KQQ74OEOB6237AFF2P2TAQCQJJUWDMWQ2739W3UU0FMGU0FR5I2RSMAEHHQR 089WODJV19E44DIE2M6QFVXO44F7I5 OUFJCIUI0WMVLVQB 8QUIMA8JQKYIIIKOKG JOTIICD22Y5T', '518-7-25 4:13:7', 2);

insert into MESSAGE (ID_MESSAGE, ID_SENDER, ID_RECEIVER, INTITULE, CORPS_MESSAGE, DATE_MESSAGE, LU) values (1, 11, 3, 'T2POLEPXGWJ SU9S1SDLEQLK7NI33NXNJ9GJQWY7YXOBXLLTNXIHTBXOLF T0F8K', ' L E U3F93TLX39EJQSCBSMRW1I9YB2V483UFN68X2N9SJWA45FVC7LHX K6II 7DJCJU2D90NDC7RYXJNY41T7ON5LUPSGI  LA2YN26YSO2AX 6CF5M9SBGU6SC31DI55CPPW0GA8E3DFXQEGC3SVBXEEW0WA7QWVB5F4F24M4OX17487J9BXG C G0GVGT488KVBLK1CV2FE6NCBYMGGDTD16INEE3Y3IWFIMSUD1B372SE08JE1PWDC6EYL78M 0W6SKTF6F7S51D91G518XYA2 DL407LV 1T8D3WRAB Y3GWM0CYNH1A2HWDSS7EB1MQ W9HN90WD9FILSSB MGQK28SDHQTCARX7Y9KXBGA7DXCA2  UNT1GGF MWMNL69435CP7 IOA7WWKG5H LYU3R9RFRX06KRNV21LM1Y6GGJSS3B 4K1YDKDLNPY2PQPIR833TR8KMOCTWFAA1HJBQT3L6AE7FEAC31M80TNAPE2UCCNWJ54 4VMJYX4V1LHH6Q 7X97HM0S045TYGDU82IVT 0DSTU2UCJSASLSUESUKQJV9NRXHJXKK7QKRH2J4YL 1GNYU1YUV9LS90W A4O9HOCIRFK9KHWS07R4HKNOJ8V91H9TDXQ50GU7XF1B3BDN3VLHK1WI8S9TE08LLJJE5M80JWMMAYTC6V8 EMLUUL3PQL2O03URNBEH2QTTGW0XE47C2EMDDR3 48YRTBWXUO4J4DLCGPKP12F39LO511EIB 0UCEAASW3BFS9GVV1BIO6JBCFH6OKWOY74232157Y9XHL5V3WMDF8R8XFY9EJJ98H7PNL48T64OIQ7EXGTEFOMOL5EXIOMS MT0WSC206WXD88Y21CF72R MY01VP4LDC405T7A5AV281KP6SYLVCL4C36ITUROLBGSBC06IPMLOKBI1SM01VCP5SMG8N2RX0HNRGVQIL 8VKGUC0O3XC 1D3D6K3D4LX40FKOJJ03UJ8NWWCOD6 A2H0N4RKQRYCMIRK2V0U', '1366-7-1 10:0:36', 6);

insert into MESSAGE (ID_MESSAGE, ID_SENDER, ID_RECEIVER, INTITULE, CORPS_MESSAGE, DATE_MESSAGE, LU) values (9, 0, 18, '063GJ471RT A2T8V9LBP5GSH70QAKB1ILYJUWFIMPAC97OU7FG XPDQJHAJOOT2P', 'DFU5DHJMHG1CTEWG1UBU2BAKHVSPINF0I5JBW14I89ADW946D376 2 QG00N7I97HCY49OHMDP7HNKMYQS14X0GVM HJ5M15JHVE98KILYKFXX0DKYUP4P30B1TS5XCD97NCK3BJVASEGITYIU8CKGD 6I3CQ QCEA6LIDO3H7Q1N8N5KSEV05RL3Y HBYVH3OT5ATPDYATBSM69YCYI0DTI92OXYRD2QHJGUTDI4B NVW0J764XYC3C5OUSLVYBY SEVGSL38PUOVX635O3X 4LHSSKXIA9QLM5XF2J92 4T2L6Q7UJTTKNCL97EH6 9UIEA3A7A2D5NMTIHJF2C22T DJ1AACC2IJ70JNE5NYWBEC2 GRYYKAD1LHSM3N7YGB1 ECR2DBVPU2L6DOWVTXDDWHM8NW9YQ RT1KVJWLWL3RSA MX51QW52E3OH06GJ4NXGL7E4F7EYE8R IJL0IUS1O4DNTG270EJBP6O22IGTUEEDRMS803 XA3GYBLO9B3LV82RW7TRU1Q97DG3U2DSYPSVTFVJCB7W6J3AX4M5R0HOQVSOMLCGJ DCB6L3CROYSYC6NLT9 QX8CANH2GLK9NFE7LX460S3 WVNPXOHKA4WM8M68KJXTTYAVPYM UAFRVJ5W0V09P3R8SLBXXLP33B2DNLX3P9UNA8G77KQF4TD4MW4JH194MDMEJSOXH80XOOMQE6G4O4E8V8P591B429KCHAP2L6DIKH P3ON0JPWT9RUICQTEOMA7QT6B0E6XI75L9DNGW865118 R21G6I0PFYLK9NEE5B YD JH ATRY07MP H UAP4W7LWC3UT36OJHM4Q1BOBB0Y589 RHU3GD19KV94Q 0O76T4JFOWLXTHWLNLTFEQE5PVWV6J9J1P2JJXVENXK6LIVYSR7KKX7LGYG158BGCT975QCCFGCYWKSL6289GRV3FDYG 5CJV97DCJ9O2I7OR XQ9HDHH6Y0OA9WV JIINDPC4JRKBMAISBPD87OIRST4', '1861-7-9 14:14:32', 3);

insert into MESSAGE (ID_MESSAGE, ID_SENDER, ID_RECEIVER, INTITULE, CORPS_MESSAGE, DATE_MESSAGE, LU) values (4, 8, 6, ' SBKLWYYXAA4614YYCA5L0DD68KG23 835EV49L1RWT0IET7W9GURW9CA0ML51L4', '3CIE7O83UGFO0U2UG4A WJUSTGTT AYMGD3K29KBXABBJD4PSHPC XHN 2G320YXFPWQMECSDVNOU1DUDL28FF20T2NE 8AQ6TRRPUH WB9HTFDVMIGNGM VOPY8LTKLBA0UW2 DFXI04SRC9GG03TP25DJHDBDYM JLM5QA969S7Y2O7S943XPE6J0HQ A97SQ2 UTXYOXTAIY6P1J81HJKX JVSM0QFUJO J8GB6GKGL44AWG 7RQ5VHWUFT8M FF9CA1WHMCTF38NR7RESNVNR29VCPM0TWF2JUD8S2LSUI1T7YQYNNLHMVGV14YW5V1RWKBBYRQ320BLY96HH1IXR9R7QL17H1BEIH2WW4UT7ETUQHE9QLB9SN0LH7MQLCVF69SOWNJD75DBE1AYOVQKKOL73TK9KRUQLAQ7F3XLRFVP7K7MC1GV86EJ5VSDRJVL4I5YBAPRC 7LMV2RHXB490VM2H5MR06O LBDL91IA99IFTD9R026CCYRYEKGKOF36VJPO6NXKD0TNK3FHFKSIE4RS218A8WCFB766EUH22ETOBPWUYNL0KGSALK7FHDABINW DD1DRIQ3HBUR396EGGEYO6JSE6A4RBVDRKWWJBOTMGRYWA JQ8M2RWAC44100N1RCARS3XO G9KW5ODKBFTOUVGFYMNSU37X4WP1UGN3TCKWAHOV85TNO6WOBKN7I54Y5C8CS0GVSXI0DN24N3TMM FXUE0NWEF4Q1A9NSUCHPI15AMBXHE OGQD920DKDN3A 41R FTBV5N GCOL1NXJVFGJ4GDRPAPEOJT5TRVQ7D7XA5R92XFJE WPJGGC N5S6LFGKCDD1HWPVUDSC48NDUP XL7UW1VD0WJ IIH36APNG5L38FXJ2C5SCTYF4LM5CBJR0KMT0YDS7OTDLHQIUOUNGHVYEFEER8NCDNHND2FSD OUTEUI3 L9DFTXGIIEGFV30V3XQK6 8H4 TK266BJGUSKI4QJR30YXC8O10VOB2JCD3W3RJL', '1738-2-24 13:25:54', 0);

insert into MESSAGE (ID_MESSAGE, ID_SENDER, ID_RECEIVER, INTITULE, CORPS_MESSAGE, DATE_MESSAGE, LU) values (6, 11, 11, '6LBDSWMPXCGMMXPWOCBVU74T5X1D82M9QV46MS4QC19YMHJWWX6HCTJ EHMKCEWI', 'DTGTQ9JLUGQAY3GLX F 85SV0SESFGFRSLHYR6FDB01 ERP594128I335BUYT2BP 1HTA668LYTDOCS2JXUVY177WECOMGPP6NB961OQCGV7OFA 7GYGKAJ4MAHDOI5DX3AH 7V8LRJP29RGXXY64KKQWDD HR8514A45RR4KEQFCPTVOQ WCSRUO4NSFGLGMQQ7SGCKVXVFOB3KNCRVTIN53AJINGWK2 J4VQMR94V2599TFGFOV0S7OPQ809SO156R4LPRWX87JE0QRYQDN4RI5CGI821VHMOC2SOG5EY1F93ERS G0F6JJEI9SOB6L1KJYONROSL75Y9RT4XQO4PI566SXMHIW2VEXBTFGI7QWDAPJ9YH31 PL5BVP1BO7M8ESDC5P2E3KX1 VNVDIQQ9QWAMVQMFKPQE76GGY6B3URCA0Y2GYCQ5PA M34BDBK2NKQFV QL0AP37HWI97PPC 6USQDB24JEW2PJRVPGH35870GMNWAGPAQTJX8IXU5H6QE3F BMLC7OPPPEWE9UXK5FLM4VCQ0I09RG3 UCUUNF0VVCPTEPQ5VO5J5FJ90BA9G UQUF29VHC3CJ745YNLG3S716P527B0R4QHV6KX VTCQIW1NJ5PMTIV77WGD0UMKBMPTG02NQFQPFP0MDLN9GONOL3H64Y I E5KNJLA44R5VYDIGBTD44C6G7VYF6RSORW9ONAX6Q532C5EUFW5J1L2Y GADHFDXD86 8N931XPP26 J3U W2SD94FYX66SARSQILYN1MEC0M3PN9XBY66RL98VM018EDGHTHB2A35GRYAKBVNUYTOL8VL2F5SMTLE6X1L82W1R8GXAMPVEQT2TFDIUY41G9O2QEREEOE80AV17SIMWMFV4H4AIAX3XET76CL7KGV579CAD1XBIHAESRBGO2X4V 2UPEX7EQHIG1H9FKFMIPGRSL2W0FW1TQE8PQHC5YC902A8QOIFB9DUPGGRC21JWGQYO1FGRGFQBB2A7NH0KKXAUPE', '1-1-1 0:0:0', 17);

insert into LIENS_CATEGORIE_ARTICLE (ID_ARTICLE, ID_CATEGORIE) values (3, 19);

insert into LIENS_CATEGORIE_ARTICLE (ID_ARTICLE, ID_CATEGORIE) values (5, 6);

insert into LIENS_CATEGORIE_ARTICLE (ID_ARTICLE, ID_CATEGORIE) values (15, 9);

insert into LIENS_CATEGORIE_ARTICLE (ID_ARTICLE, ID_CATEGORIE) values (7, 16);

insert into LIENS_CATEGORIE_ARTICLE (ID_ARTICLE, ID_CATEGORIE) values (19, 17);

insert into LIENS_CATEGORIE_ARTICLE (ID_ARTICLE, ID_CATEGORIE) values (14, 7);

insert into LIENS_CATEGORIE_ARTICLE (ID_ARTICLE, ID_CATEGORIE) values (9, 2);

insert into LIENS_CATEGORIE_ARTICLE (ID_ARTICLE, ID_CATEGORIE) values (4, 0);

insert into LIENS_CATEGORIE_ARTICLE (ID_ARTICLE, ID_CATEGORIE) values (10, 4);

insert into LIENS_CATEGORIE_ARTICLE (ID_ARTICLE, ID_CATEGORIE) values (8, 5);

insert into LIENS_CATEGORIE_ARTICLE (ID_ARTICLE, ID_CATEGORIE) values (0, 1);

insert into LIENS_CATEGORIE_ARTICLE (ID_ARTICLE, ID_CATEGORIE) values (11, 10);

insert into LIENS_CATEGORIE_ARTICLE (ID_ARTICLE, ID_CATEGORIE) values (1, 13);

insert into LIENS_CATEGORIE_ARTICLE (ID_ARTICLE, ID_CATEGORIE) values (17, 3);

insert into LIENS_CATEGORIE_ARTICLE (ID_ARTICLE, ID_CATEGORIE) values (12, 8);

insert into LIENS_CATEGORIE_ARTICLE (ID_ARTICLE, ID_CATEGORIE) values (6, 14);

insert into LIENS_CATEGORIE_ARTICLE (ID_ARTICLE, ID_CATEGORIE) values (16, 11);

insert into LIENS_CATEGORIE_ARTICLE (ID_ARTICLE, ID_CATEGORIE) values (2, 18);

insert into LIENS_CATEGORIE_ARTICLE (ID_ARTICLE, ID_CATEGORIE) values (18, 15);

insert into LIENS_CATEGORIE_ARTICLE (ID_ARTICLE, ID_CATEGORIE) values (13, 12);

insert into LIENS_SPECS_ARTICLE (ID_CARACTERISTIQUE, ID_ARTICLE) values (5, 3);

insert into LIENS_SPECS_ARTICLE (ID_CARACTERISTIQUE, ID_ARTICLE) values (1, 5);

insert into LIENS_SPECS_ARTICLE (ID_CARACTERISTIQUE, ID_ARTICLE) values (3, 15);

insert into LIENS_SPECS_ARTICLE (ID_CARACTERISTIQUE, ID_ARTICLE) values (0, 7);

insert into LIENS_SPECS_ARTICLE (ID_CARACTERISTIQUE, ID_ARTICLE) values (12, 19);

insert into LIENS_SPECS_ARTICLE (ID_CARACTERISTIQUE, ID_ARTICLE) values (11, 14);

insert into LIENS_SPECS_ARTICLE (ID_CARACTERISTIQUE, ID_ARTICLE) values (18, 9);

insert into LIENS_SPECS_ARTICLE (ID_CARACTERISTIQUE, ID_ARTICLE) values (6, 4);

insert into LIENS_SPECS_ARTICLE (ID_CARACTERISTIQUE, ID_ARTICLE) values (9, 10);

insert into LIENS_SPECS_ARTICLE (ID_CARACTERISTIQUE, ID_ARTICLE) values (16, 8);

insert into LIENS_SPECS_ARTICLE (ID_CARACTERISTIQUE, ID_ARTICLE) values (8, 0);

insert into LIENS_SPECS_ARTICLE (ID_CARACTERISTIQUE, ID_ARTICLE) values (13, 11);

insert into LIENS_SPECS_ARTICLE (ID_CARACTERISTIQUE, ID_ARTICLE) values (19, 1);

insert into LIENS_SPECS_ARTICLE (ID_CARACTERISTIQUE, ID_ARTICLE) values (15, 17);

insert into LIENS_SPECS_ARTICLE (ID_CARACTERISTIQUE, ID_ARTICLE) values (2, 12);

insert into LIENS_SPECS_ARTICLE (ID_CARACTERISTIQUE, ID_ARTICLE) values (4, 6);

insert into LIENS_SPECS_ARTICLE (ID_CARACTERISTIQUE, ID_ARTICLE) values (7, 16);

insert into LIENS_SPECS_ARTICLE (ID_CARACTERISTIQUE, ID_ARTICLE) values (10, 2);

insert into LIENS_SPECS_ARTICLE (ID_CARACTERISTIQUE, ID_ARTICLE) values (14, 18);

insert into LIENS_SPECS_ARTICLE (ID_CARACTERISTIQUE, ID_ARTICLE) values (17, 13);

insert into LIENS_SPECS_CATEGORIE (ID_CARACTERISTIQUE, ID_CATEGORIE) values (5, 19);

insert into LIENS_SPECS_CATEGORIE (ID_CARACTERISTIQUE, ID_CATEGORIE) values (1, 6);

insert into LIENS_SPECS_CATEGORIE (ID_CARACTERISTIQUE, ID_CATEGORIE) values (3, 9);

insert into LIENS_SPECS_CATEGORIE (ID_CARACTERISTIQUE, ID_CATEGORIE) values (0, 16);

insert into LIENS_SPECS_CATEGORIE (ID_CARACTERISTIQUE, ID_CATEGORIE) values (12, 17);

insert into LIENS_SPECS_CATEGORIE (ID_CARACTERISTIQUE, ID_CATEGORIE) values (11, 7);

insert into LIENS_SPECS_CATEGORIE (ID_CARACTERISTIQUE, ID_CATEGORIE) values (18, 2);

insert into LIENS_SPECS_CATEGORIE (ID_CARACTERISTIQUE, ID_CATEGORIE) values (6, 0);

insert into LIENS_SPECS_CATEGORIE (ID_CARACTERISTIQUE, ID_CATEGORIE) values (9, 4);

insert into LIENS_SPECS_CATEGORIE (ID_CARACTERISTIQUE, ID_CATEGORIE) values (16, 5);

insert into LIENS_SPECS_CATEGORIE (ID_CARACTERISTIQUE, ID_CATEGORIE) values (8, 1);

insert into LIENS_SPECS_CATEGORIE (ID_CARACTERISTIQUE, ID_CATEGORIE) values (13, 10);

insert into LIENS_SPECS_CATEGORIE (ID_CARACTERISTIQUE, ID_CATEGORIE) values (19, 13);

insert into LIENS_SPECS_CATEGORIE (ID_CARACTERISTIQUE, ID_CATEGORIE) values (15, 3);

insert into LIENS_SPECS_CATEGORIE (ID_CARACTERISTIQUE, ID_CATEGORIE) values (2, 8);

insert into LIENS_SPECS_CATEGORIE (ID_CARACTERISTIQUE, ID_CATEGORIE) values (4, 14);

insert into LIENS_SPECS_CATEGORIE (ID_CARACTERISTIQUE, ID_CATEGORIE) values (7, 11);

insert into LIENS_SPECS_CATEGORIE (ID_CARACTERISTIQUE, ID_CATEGORIE) values (10, 18);

insert into LIENS_SPECS_CATEGORIE (ID_CARACTERISTIQUE, ID_CATEGORIE) values (14, 15);

insert into LIENS_SPECS_CATEGORIE (ID_CARACTERISTIQUE, ID_CATEGORIE) values (17, 12);

insert into LIENS_PROMOTIONS_ARTICLES (ID_ARTICLE, ID_PROMOTION) values (3, 19);

insert into LIENS_PROMOTIONS_ARTICLES (ID_ARTICLE, ID_PROMOTION) values (5, 5);

insert into LIENS_PROMOTIONS_ARTICLES (ID_ARTICLE, ID_PROMOTION) values (15, 3);

insert into LIENS_PROMOTIONS_ARTICLES (ID_ARTICLE, ID_PROMOTION) values (7, 9);

insert into LIENS_PROMOTIONS_ARTICLES (ID_ARTICLE, ID_PROMOTION) values (19, 8);

insert into LIENS_PROMOTIONS_ARTICLES (ID_ARTICLE, ID_PROMOTION) values (14, 14);

insert into LIENS_PROMOTIONS_ARTICLES (ID_ARTICLE, ID_PROMOTION) values (9, 13);

insert into LIENS_PROMOTIONS_ARTICLES (ID_ARTICLE, ID_PROMOTION) values (4, 11);

insert into LIENS_PROMOTIONS_ARTICLES (ID_ARTICLE, ID_PROMOTION) values (10, 10);

insert into LIENS_PROMOTIONS_ARTICLES (ID_ARTICLE, ID_PROMOTION) values (8, 17);

insert into LIENS_PROMOTIONS_ARTICLES (ID_ARTICLE, ID_PROMOTION) values (0, 16);

insert into LIENS_PROMOTIONS_ARTICLES (ID_ARTICLE, ID_PROMOTION) values (11, 15);

insert into LIENS_PROMOTIONS_ARTICLES (ID_ARTICLE, ID_PROMOTION) values (1, 18);

insert into LIENS_PROMOTIONS_ARTICLES (ID_ARTICLE, ID_PROMOTION) values (17, 7);

insert into LIENS_PROMOTIONS_ARTICLES (ID_ARTICLE, ID_PROMOTION) values (12, 12);

insert into LIENS_PROMOTIONS_ARTICLES (ID_ARTICLE, ID_PROMOTION) values (6, 4);

insert into LIENS_PROMOTIONS_ARTICLES (ID_ARTICLE, ID_PROMOTION) values (16, 1);

insert into LIENS_PROMOTIONS_ARTICLES (ID_ARTICLE, ID_PROMOTION) values (2, 0);

insert into LIENS_PROMOTIONS_ARTICLES (ID_ARTICLE, ID_PROMOTION) values (18, 2);

insert into LIENS_PROMOTIONS_ARTICLES (ID_ARTICLE, ID_PROMOTION) values (13, 6);

insert into UTILISATEUR_ROLES (NOMROLE, ID_UTILISATEUR, ENABLED) values ('TC9 4000KLE9SC0OA6XRRQ27L1V34Q3XWRSCDTYPL1OF4286JM 15GEIAYMG8VX1', 12, 12);

insert into UTILISATEUR_ROLES (NOMROLE, ID_UTILISATEUR, ENABLED) values ('UEDQFNL8973M9OYGMWA45ESBTIQNY2WNP95SKWV3C 2RQQYDB3WDWE4048 Q8NC ', 0, 5);

insert into UTILISATEUR_ROLES (NOMROLE, ID_UTILISATEUR, ENABLED) values ('VJULUOQOVIK4YA3NKH8JCUF ESK8VLLAYKRL3Q5A7 4E278YOFCS8UNH3 B1EI1O', 14, 0);

insert into UTILISATEUR_ROLES (NOMROLE, ID_UTILISATEUR, ENABLED) values ('XSNPXI44XTTP0V9U7JRQ14UN0TIF4O25XVU6P2QCYL6KHG4T IMD222L5E05515N', 8, 6);

insert into UTILISATEUR_ROLES (NOMROLE, ID_UTILISATEUR, ENABLED) values ('GM7QN40XH0CW PQ767I1CQE9V17CD7RYB03GP14UYXY0S04B5PLLRVYJQ6 HHDDV', 2, 18);

insert into UTILISATEUR_ROLES (NOMROLE, ID_UTILISATEUR, ENABLED) values ('I4GULW4W4D7M HBCL6J8YSX8MESKVHKYE8QSUC9U JQWDTBDI KJAJG1QIKVU4VU', 17, 1);

insert into UTILISATEUR_ROLES (NOMROLE, ID_UTILISATEUR, ENABLED) values ('KRVNRQPCURUDKG9E3KFK SSJGEU6CFXXXAF5E4OXCI9 0D8BXNCQ W59L5OM7CBL', 18, 2);

insert into UTILISATEUR_ROLES (NOMROLE, ID_UTILISATEUR, ENABLED) values ('MJEDO4F2AHB4VCE S07V3TTL3YLS EP33GEW62A4UFSH3OX2SNA7S75W98OM0QUM', 6, 7);

insert into UTILISATEUR_ROLES (NOMROLE, ID_UTILISATEUR, ENABLED) values ('41HNCXKDGD3BFF07AOHDFEFCNJLIH7E7PIBYECN0TE34F7WYXD6G3B145JH79C4W', 10, 9);

insert into UTILISATEUR_ROLES (NOMROLE, ID_UTILISATEUR, ENABLED) values ('471MBMV4WR8XDEVQP6BWNLE8V31W39UJ PDRVNOO1YF4DY8WSOCKSHYN78G7ESDY', 7, 19);

insert into UTILISATEUR_ROLES (NOMROLE, ID_UTILISATEUR, ENABLED) values ('3MKYM3ILPI7H9IBOONAQWX57W3I3HEIUNTB6W5VNT7K7QDG860M29JHNV0H D76S', 4, 8);

insert into UTILISATEUR_ROLES (NOMROLE, ID_UTILISATEUR, ENABLED) values ('19YTSR8LFW1V7I2NBSGMUIHOEH6OW ACY3AM7H70YPQKVILWG7CXGQPU23YDO6SX', 16, 11);

insert into UTILISATEUR_ROLES (NOMROLE, ID_UTILISATEUR, ENABLED) values ('FNPUTKAG3T9MRMHT8OEVMTRLMPOP2WMTOC112V5CSKQXNS77JPBRQX9D77RQ9UTB', 3, 4);

insert into UTILISATEUR_ROLES (NOMROLE, ID_UTILISATEUR, ENABLED) values ('ATQ78YE0AITP1KARK 7AVXVF6P5U6HEI1TPSA PO4CRKC8B2SDUK0D9Y8IAWKTFH', 19, 3);

insert into UTILISATEUR_ROLES (NOMROLE, ID_UTILISATEUR, ENABLED) values ('2AHL2TSJ2WAKNMUMXUF4RE52A 64XL06R91T5YCM85N5UBHU1LSVOW9SLQE7K6BF', 1, 14);

insert into UTILISATEUR_ROLES (NOMROLE, ID_UTILISATEUR, ENABLED) values ('T1X4VK6V 9N6MHV1FX55YAF MHY6KLG14 7IEH16XJMWG1QEOBFPNREJ63HJQKMO', 13, 10);

insert into UTILISATEUR_ROLES (NOMROLE, ID_UTILISATEUR, ENABLED) values (' MHGN5SB2FF0LFQ4OCYOK424CM33RD2WVPWSBQAYKLGK2UM6LUMMBTAEH9F61207', 11, 17);

insert into UTILISATEUR_ROLES (NOMROLE, ID_UTILISATEUR, ENABLED) values ('L24RX0DPWRL1N56IURVH9YYX6EPHR9S 7PC1PE11VVDCYS6 45ONKB03EHN1XBOI', 9, 15);

insert into UTILISATEUR_ROLES (NOMROLE, ID_UTILISATEUR, ENABLED) values ('4UAPQ16CJ2PQCWHBHAIU7CEAA8HEA520XS87TNRX8I6Y BY76LFAU35RCF FDEAM', 5, 16);

insert into UTILISATEUR_ROLES (NOMROLE, ID_UTILISATEUR, ENABLED) values ('K0XFLNV0JNR3SFG7QLYK0BAOB3IGIDRB86QNF5HQE13NHE R216M0FU4ABV7UY 0', 15, 13);

insert into CLIENT (ID_CLIENT, ID_UTILISATEUR, EMAIL, NOM, PRENOM, CIVILITE, ACTIF) values (2, 12, 'GBO8TH8RH9 3C5EDWPWD05DOR0YXWTF 6FDK2N5K8ER34M8F55V6V7C2G4BN29VOA SNA55WW9Y51THE5MUGQ8MXEN5W5P013GOHQNGDWS102YQSSQEXN7GU436LJ8Y ', '5DRGYKQRP9PYYTYNXNQ2KE FLPXY8GOJN8 11HL74USA6MUG8R7XNUPTL3VWYNMB', 'PO0 CVX3CJCIQJAHHTW9OI0KXFNU5DNUD3G6UQ852MPNOQ6J5K4WEXX0PNK8G3YM', 'M6JB P3B', 14);

insert into CLIENT (ID_CLIENT, ID_UTILISATEUR, EMAIL, NOM, PRENOM, CIVILITE, ACTIF) values (16, 0, '1JAIBGCH012T1YMX86IOJT57J4R3FHVB01HKTL1O77K5JAS3YVRA CXGRIN6SWXS3WJWRPX7RQNYV6XGNVANFS5T889 CFA M9D3H3ADA4YL7GS2CDP64S6HPEH3NR9G', 'LW9V3A9KQUPVHSO2ADRL5GNE3NFE041Y63RO8XD5WCD4SRIKXABH3EJHJ4S2P2H1', '5S3NSKQENLWGX52TRUSP1M8S36CXB0GJ6MKQAFJVETC1DDE50OBRIY UJUM8YJ5W', ' 4F9CF99', 12);

insert into CLIENT (ID_CLIENT, ID_UTILISATEUR, EMAIL, NOM, PRENOM, CIVILITE, ACTIF) values (1, 14, '9FCA1PI9L3MVHM4YDQ6K0LEJ3BQIY72N TFVD60XUHDYCTP 9HE U77 QEYLFS1WY11Q2Q7BGBDFAVCYXBL1863P57M5W4IGQU75MDKA2RFBM8WKF0JOGSIJ6ISE0ITH', 'UM7JDUL6ANBVVLE19EEFAJ06TBPX8DJ2DJU078PQV5HE8 GFOT0LBCUIY7GFFMTG', 'VM1B4YQFWNXYNNO904LKK D0SPKWGQ3VX06JYLIU3Q339VGS1G31PEJ1VXW1NBAK', '2AT6TMKI', 11);

insert into CLIENT (ID_CLIENT, ID_UTILISATEUR, EMAIL, NOM, PRENOM, CIVILITE, ACTIF) values (0, 8, '24FS8MLKQ3R B18G9KI9NX 5Y8 W7VD00YRPXQTVNV9982A335BMO717UE9POVL2WJUGGMTQDO7D R XX2CW9S96J7A7HPYGEAQVEU4MQAIXY7BA0QFPULAJ1258CDX1', 'SYG 7 ETUFFB4BSLURNOJ1RIBYSH00YJD8CUNIGCQ77PONLBPNFN4EL LW3AFDMH', 'A3707B2T2UTTEM9BQ4RIAKOK2UT85QTY7FVT1UKYCWKW24R9YO5OBG150Y4EE UY', 'DHGTI8DM', 19);

insert into CLIENT (ID_CLIENT, ID_UTILISATEUR, EMAIL, NOM, PRENOM, CIVILITE, ACTIF) values (10, 2, 'DQ3A3LFYTPKYA5AEVS12N6PLIHK1TD2F1J4DPQC 1 BVY WFD 3EPP8LJ5P8A W9UKIA3SKX0F7JNR9EM93GS0JPWWBWT3 1KTIJYXTWPEA7Y8F9 P0JIMC OPOFC8 5', 'RSC9I0P5ACF1PM17I0X0XX6QOH7JX8KFSATGN9 YNX76VLCXRJAKQPBGSAIBJRHG', '8LFBFGASLXFF38I WW9OPQW8IW3WJRGE5HOE56IOT7X01H8R0MO13QI8RJKIJGV ', 'U0BMHN9Q', 4);

insert into CLIENT (ID_CLIENT, ID_UTILISATEUR, EMAIL, NOM, PRENOM, CIVILITE, ACTIF) values (11, 17, '7FX1T0TWDJ2I3SLV5JE88QFC9RLPJLIW2R04VHETHILJ5EU025CL33MPABC0W29JR8NJ6KBHT8HP0RFDY3G108OTNWU M4X66I6FK FNHQVXA9KHC2TFO9IDM2FPQ 9T', 'NIOWNQ6E346EKKRWA36L KYPF5X22R6FRDCLWJ50ABLD06LJ3QSRYYYYD XQ3RF8', '20 8QNJ0D36M81LR1XIQVG8D5RXD51ADDC7JH6QYQ4SLTSB1Y1E2AHEUFQ03W8Y1', 'SKWGVVH2', 15);

insert into CLIENT (ID_CLIENT, ID_UTILISATEUR, EMAIL, NOM, PRENOM, CIVILITE, ACTIF) values (18, 18, 'GCICL9MXS8DGEUHU1Y51L  YNN3N3F0G0P27OGSUE170K7HV3RMH2T01IJ8Q8Y0VLOTGYDVW8Q4MQNVUWN V2UK1AUV8KP3V6I9SDFTDGWAUP40 2YGNIWL99SIT8I33', 'U0SXKGV86 476R55MLV3PYBONUHK0V2MVMHLKWAFWT0EUASXG0N42B 3M04A W 9', 'OQQBIPFOU1XQR65N39IUB4FQKPBM3C3G NI1NV27RM97PFWE16I6QBP2T4QDUB2Y', 'KPR7EGGE', 5);

insert into CLIENT (ID_CLIENT, ID_UTILISATEUR, EMAIL, NOM, PRENOM, CIVILITE, ACTIF) values (8, 6, '2MFFNQNKKFKK 9ACI7VPYB5W4T6N4RX3UKUXA DMA982WC30G ICT793PFH70LICA2MAKM2NPJ52KBWVD39889 V7EJEDRT7K0DWLNTL4KOQVQ5R1JHG8WG43JYKHPT ', '6NHUMYFUYL3UIDV IHXONG0HWVV VA1O9OB89DAN3CMVJ9UB1N02UGEXC C6H46D', 'GN KMY1HYY2L49C5MFNN2NPPSKR4 V6SMJ56UUUC251XC8EK UO9NFVG9SF267S4', 'KX20USI1', 9);

insert into CLIENT (ID_CLIENT, ID_UTILISATEUR, EMAIL, NOM, PRENOM, CIVILITE, ACTIF) values (9, 10, '2E9K5TQB4SPJGWCEHE4KH4TQ4WXGEHJUHGXIXH NLSQGTO2G2XKFJN6EAO56YU2WSIMBANQAPCOT5MUGDKVDOUTTW6VAR5F48320F18TXC2CH 9U9WH40OXIKXVQ8GRH', '0D3QQKXXC7H5 Y3VIBS T09G72MS87DOKOER5KGN2F1UT 5HNFNIJJO0V D4GYLX', '86KJI5 L4KHLCFV9KEWCLIS1DPAUVCB0DN8QO3YVCO7EYLQS194PTIX2JCEFAV6F', 'CJEVRCLD', 13);

insert into CLIENT (ID_CLIENT, ID_UTILISATEUR, EMAIL, NOM, PRENOM, CIVILITE, ACTIF) values (14, 7, 'CTK1CXOQXXW7LM 0YOHTETRY4JEUKH8PXJV8SCEGR9S 22O7WRE GLMHQVBFPL L26DT9WPBPQSL9I0LS7EKM UFTU0MER9P6XXF4YVJBXJGASP9O81W4LSX3LB06O9L', '9KF4B2 OUG7HMNIUJ3G5R2SE4RQY6FVAV9T VGOTIYEYWSNNIKOUY9SE KFD8D9U', 'E5S93LDQA3JKT8VIFQPJ LW3EXE8D2T9W4B B7RORMEOADBT 9JGKPBIYTE4YTQ9', 'QYJA35A3', 0);

insert into CLIENT (ID_CLIENT, ID_UTILISATEUR, EMAIL, NOM, PRENOM, CIVILITE, ACTIF) values (19, 4, 'V0X4FFC9FH7B3DJ7V7JRWRT2KEOLDOAQ3WAD2XIJ8BGDCG9AWMLBRDEUHO3P0QNE37I0QRS93EJ7JUQBN5E392X6E0 70HMXBNJCTTMCQW7TY S09NQ3P3WV66E818NE', 'A3T08QPRBMLNU18E5BBWGIUMRRPY95ULSK56LMA3MEBAHKRKCWV0CS7N0UBMNUPG', 'T1H9P4S3V76TJS1V8F0FRCSNFK3AKPG5ALGQE7280YSEIW2W014WLP0SBTOEJ IH', '9OL28AV1', 18);

insert into CLIENT (ID_CLIENT, ID_UTILISATEUR, EMAIL, NOM, PRENOM, CIVILITE, ACTIF) values (7, 16, 'L5X1KPKH35PMM0AY53VO7CULW2VFHX2W RQ60O3EHLVECP6P0MONOFB0 QISK6BESPJ8VLTMDX1EQIDNVJG7SIUM3DVRB8VSNEG3R0AONX387HU4XB4W J3V8D64H18U', 'XC4YXFOD7DL0M9XJA1CBHS4YMGKQM419H9H5Y45Y2RYFTOEJFMDDISXVQDA32D O', 'UOYKA0CBT4Q8YRIVF0ANWNO1HFWH0JJS78993OAG94 LD3FSWEKY9OIHYF1 WW2G', 'K0X6XTER', 16);

insert into CLIENT (ID_CLIENT, ID_UTILISATEUR, EMAIL, NOM, PRENOM, CIVILITE, ACTIF) values (6, 3, 'HB53064WDHGWWFMCRI2TI N2L805M5V8H6SXRX0LXR2VRPPH8Y9AD38HPONG2SDK3U3PWSMY00CYJE7KDJ65EPH9DIS3 VBC3BBX4YO2IMCFQ77KNBTN5A6GQQPH7YC ', 'K8L 9D07HXJFFYTQHQ03UTWPRLTTTKREJGC44HMC1FYGLXY8HKWVPGELG93IBFLW', 'DH2Q91NNKJ3528YH2HGD YA34WUSUATTPORC1M7S844X39ARVM209BSON7O3BJF3', '19JXH72H', 6);

insert into CLIENT (ID_CLIENT, ID_UTILISATEUR, EMAIL, NOM, PRENOM, CIVILITE, ACTIF) values (4, 19, 'HP6JX8W P7KWMITCOLPF02202I7IH71RLD1VJ43L2G4HBC8NGPXG3TYS35MG8H4X0RQO0R1PE9JMMEM56848B0NLP3SXPBBLMJM35 M2RO 6807FDVDLFS044Y42YVBS', '363MNFBHKYC985J1QG7E20UOSLH5X8TM3TTYQSJN6EF00RD SYNWPFMW01Y3Q0NX', 'RC4SHJSQ1POEATK8LEY907V3GSEMM6NDF2J9DM862CUGC91JPGB XRCYQ9DGPD5Q', 'FNEU0NLX', 17);

insert into CLIENT (ID_CLIENT, ID_UTILISATEUR, EMAIL, NOM, PRENOM, CIVILITE, ACTIF) values (5, 1, 'JFLNJ8OAJW4FI59 UGCSWYXWTKJAS WH9F2BLL4YBA42OJ16N29G XCGLSHJR4WHGL1GFWWG1BP6QFWC6TUPRT56IRY28F5J57 U0J 5WP48ES5O22C 0EEDUOGMFPHC', 'T0YX0UPUCPEAGJ8WHPFW6B86P716KCH3RHIVXK9VQ305T 1I1KBDSX3BPTPK4LM7', 'PGCLBYTYWQ9U09HKGC2HKKPL1RSS BKL48 M4ODPXRAM16BPJ 91UL4L3I517S7O', 'VNX9DBES', 7);

insert into CLIENT (ID_CLIENT, ID_UTILISATEUR, EMAIL, NOM, PRENOM, CIVILITE, ACTIF) values (13, 13, 'MNXN1KBCC85799897AK5E229A0187ESFFIGH2S 55W5CL5H5T4TJBV6YO8BHBM19EHLABK1ODUWDJCD8DEYTWKUH85CA9468OG0HWYJVBCTE GECN1D24I6REJTWAC5M', 'O5 FPHRIAVJX46MDSILPO5R13TIWTOJEN3GODUOEBIUH7YW1HO3PQKRYB7K5V6ML', '3WTUIWIMWD3AOEUTAWS9GI2F6A3DKLL8EI6S7TWUS O4GM7U36KD0TA7C3V9 ADM', 'N9BCMM 4', 3);

insert into CLIENT (ID_CLIENT, ID_UTILISATEUR, EMAIL, NOM, PRENOM, CIVILITE, ACTIF) values (17, 11, 'OHTVNONMKUS0KQ28P6YTQRANWHU5HC1L1QQN62HQ1Y93R2VJU26 80CUS573OVUASKYFX69WUG8 R1ESO50UXLK1CV2AGAPN5G892O5PH85FMV9F4Y 5XJ5S668QAOOM', '0II4OKL5CN70NQTX4E5INFOL17FS9EBOES9O773752K3VKCDX2OSUK4C68AKS94G', '28REN8ADS7LQM8INN28 VOIV03CK4177ECX 4OH3GRV69AY0VYS66WKASLSIGQQ7', '0QRGHS4U', 1);

insert into CLIENT (ID_CLIENT, ID_UTILISATEUR, EMAIL, NOM, PRENOM, CIVILITE, ACTIF) values (3, 9, 'M3TJKWGOOD3M4E3VBA311HFI5N0QAPY129J36UF8D3L2U7JCQ0Y0YQMMD572HQOKKYQ6F4ENXSRR4FA036M13B3DBM6WKT2UHB9FN3N7W0723X3 EYRHNT7YO7UT2KDF', 'HLIWYNM03G4SO8N7 RK2LKBFG5LSCCVPH8F27HO3OY52KFTME3OYQGVTWWF7G5U3', '0BHBN9AUII4Y9FOL DVCT 88L12R7UOPQTSI2SIC2HHX90YYJ2LDK1FEO2LFGLRR', ' EK1FYR2', 8);

insert into CLIENT (ID_CLIENT, ID_UTILISATEUR, EMAIL, NOM, PRENOM, CIVILITE, ACTIF) values (12, 5, 'C9GYSS AV3YIANGIVKLC3N2UWEL5 2HC08CB524RKMW7O8WLFTVU5K P477BK9QG894V4VRKQ6CM8H3MQ48MO1I80490 PWM LBFMMU2LFK7PADTFRY5ISLQVC9XD9TI', 'PVHR1S9F2IKI9EDYIMCPK4A0L1SV8KMSO7N9XJVVYC231K6 G6BBHT3SCAPYEXLY', 'RKS3XR28GXLDM10MCUNHUU0CHF9 YRSAIKV3N8U2C5NYL64YFR7DYVVLU3KBBVJ6', 'I0OSSP72', 2);

insert into CLIENT (ID_CLIENT, ID_UTILISATEUR, EMAIL, NOM, PRENOM, CIVILITE, ACTIF) values (15, 15, 'JLX4EEEIL6BXNC48F8SC97BDDB96NBEOHVIKWYF3IFW1EWQX 63GCFNBEKVAK0LKN56QHO1UDA7A1VNTIFP7V3OL4T56L3BL6AI06M9SH3LTHVDPSW OVOK30YS400L ', '55G92BY4AQY9V23ANRW5KFSWALP3C74O6T UHD1WD52TNN1CTHX0PJVXT0XAAYNX', 'PW1TD0R9LPDR4PN85 02Y80IR4GPW0U5CSQ20JS6G70B MWP7UB3NMEFLRHUV1KU', 'GTASDHND', 10);

insert into COMMANDE (ID_COMMANDE, ID_CLIENT, NUMEROCOMMANDE, MONTANT_TOTAL, DATE_PAIEMENT, IS_CANCELLED) values (10, 14, 'FM4LXKJKH821YBEBFEG2J1CG9AKT4N2KJKPMGB7EVPE4MXOYPSTBLF695640BHLN', 15, '751-1-27 5:8:26', 3);

insert into COMMANDE (ID_COMMANDE, ID_CLIENT, NUMEROCOMMANDE, MONTANT_TOTAL, DATE_PAIEMENT, IS_CANCELLED) values (18, 16, 'XGB1F0SSEBSXT8B9WU8JGBGQXLMV9T6XO7ET1FB MNMGQRXJ80DYQBPMQ8723IGQ', 16, '149-5-4 0:47:56', 19);

insert into COMMANDE (ID_COMMANDE, ID_CLIENT, NUMEROCOMMANDE, MONTANT_TOTAL, DATE_PAIEMENT, IS_CANCELLED) values (5, 18, '6YVF7 U4DHU2FP7382G5QNGG3XMRQ4382X6OQQF8PQYMNXU0PS78K6BRQP3FWSTJ', 14, '1331-2-7 9:2:12', 15);

insert into COMMANDE (ID_COMMANDE, ID_CLIENT, NUMEROCOMMANDE, MONTANT_TOTAL, DATE_PAIEMENT, IS_CANCELLED) values (1, 12, 'BKCU1E5A2IXC0YKDQ6VL4HVYOQE10DEN5GXKHB5441BUVW45PEA45QTC8AUVCCLH', 3, '426-9-1 3:12:25', 18);

insert into COMMANDE (ID_COMMANDE, ID_CLIENT, NUMEROCOMMANDE, MONTANT_TOTAL, DATE_PAIEMENT, IS_CANCELLED) values (0, 12, '3AYX4KLJSO76EMC78RR31TR50UAQXU8VVY1CSSO6B07RGK1A9P6538HHV21PLP4I', 6, '618-10-27 4:28:11', 10);

insert into COMMANDE (ID_COMMANDE, ID_CLIENT, NUMEROCOMMANDE, MONTANT_TOTAL, DATE_PAIEMENT, IS_CANCELLED) values (15, 4, 'MJAQ5DMN8QFFTW13 VVCB5ND P2DYD52N6DCM9OEBPJHXD98X1U8HD3SRPRNC 82', 5, '377-5-19 2:21:18', 8);

insert into COMMANDE (ID_COMMANDE, ID_CLIENT, NUMEROCOMMANDE, MONTANT_TOTAL, DATE_PAIEMENT, IS_CANCELLED) values (19, 0, 'M9IVD55UOYQK2FM5T4HM8FLJY63 X9A FBCEECCANNRRA72AR7TUXG DJCK2ONA3', 13, '1220-12-4 8:4:53', 16);

insert into COMMANDE (ID_COMMANDE, ID_CLIENT, NUMEROCOMMANDE, MONTANT_TOTAL, DATE_PAIEMENT, IS_CANCELLED) values (3, 19, '9Y7FGTLXV4UHFGKX2KBLO74 TN63A99QM1UV36AU9UTN2J59CK3 H5XXBNIO9S61', 12, '1-1-1 0:0:0', 13);

insert into COMMANDE (ID_COMMANDE, ID_CLIENT, NUMEROCOMMANDE, MONTANT_TOTAL, DATE_PAIEMENT, IS_CANCELLED) values (6, 11, '8JK0MOU30G KNKVGISOI FANW2NSWO426L8L6BOKNS6WB9SIPX64QR6JPQ7S9 7T', 1, '1010-1-1 6:16:34', 2);

insert into COMMANDE (ID_COMMANDE, ID_CLIENT, NUMEROCOMMANDE, MONTANT_TOTAL, DATE_PAIEMENT, IS_CANCELLED) values (7, 8, 'QH7QMNB3WSTQ10 CGV93 KMU3QBJ7DJ5IOEXMW8GTJSMJTNTFN47SYLTT9P7C79U', 2, '1119-2-5 6:59:23', 9);

insert into COMMANDE (ID_COMMANDE, ID_CLIENT, NUMEROCOMMANDE, MONTANT_TOTAL, DATE_PAIEMENT, IS_CANCELLED) values (13, 7, 'ER85N1Y8QCJECFXNPEEJ0N5HSMJE3KKNKHPPWK209L2GR40IKIDP80EWACK6M3O4', 9, '1557-1-5 10:8:49', 5);

insert into COMMANDE (ID_COMMANDE, ID_CLIENT, NUMEROCOMMANDE, MONTANT_TOTAL, DATE_PAIEMENT, IS_CANCELLED) values (14, 11, 'FSBDEQ68AWVHU 4XLGTLW4GYT32XX3TTRQ3AXEW8 Y LHMKDNW0L5OFG8OVHSMA2', 17, '1440-5-24 9:44:12', 17);

insert into COMMANDE (ID_COMMANDE, ID_CLIENT, NUMEROCOMMANDE, MONTANT_TOTAL, DATE_PAIEMENT, IS_CANCELLED) values (16, 9, 'JJL033VBTP0DCCL8WMRH 0J3K1A3O9E91MWI80UNH6 PS6KRRMHD45YJ9C7FXDIM', 8, '1622-6-17 11:12:50', 14);

insert into COMMANDE (ID_COMMANDE, ID_CLIENT, NUMEROCOMMANDE, MONTANT_TOTAL, DATE_PAIEMENT, IS_CANCELLED) values (9, 17, 'VHO5G HA0KM 3QT5X 0W4RYBWU0IOVX8UU1PPIK8Q91X69QHF T 96SUH0NTRE47', 18, '1710-4-7 11:53:14', 12);

insert into COMMANDE (ID_COMMANDE, ID_CLIENT, NUMEROCOMMANDE, MONTANT_TOTAL, DATE_PAIEMENT, IS_CANCELLED) values (4, 13, '3JPEPQWD6QXPVRQQI2U2MDRH7FK6U7IF2MVRVIAH7PJWOTATQUJW406GKUQVE8JR', 10, '1840-2-14 12:41:29', 0);

insert into COMMANDE (ID_COMMANDE, ID_CLIENT, NUMEROCOMMANDE, MONTANT_TOTAL, DATE_PAIEMENT, IS_CANCELLED) values (8, 12, 'LOW9DI8GXCT6TIP87HM2G234IUQN30CXR2LVJ9U74VT3PCPDV2K61L9G2Y5UR0KE', 11, '899-12-21 5:32:44', 11);

insert into COMMANDE (ID_COMMANDE, ID_CLIENT, NUMEROCOMMANDE, MONTANT_TOTAL, DATE_PAIEMENT, IS_CANCELLED) values (12, 5, 'NHGWGM20H W1PLEOHM2AU EG2AVYVY00JBMBHQL1OQ6X784EH3HKL8PQXYTNR411', 19, '246-10-9 1:48:12', 7);

insert into COMMANDE (ID_COMMANDE, ID_CLIENT, NUMEROCOMMANDE, MONTANT_TOTAL, DATE_PAIEMENT, IS_CANCELLED) values (11, 3, '05OHSG5ESDB4FW7PLMOJU0EUAADXIJ LXNT79AH137GCDV2ORI38VNR64PFB0Q9P', 0, '500-9-28 3:59:54', 4);

insert into COMMANDE (ID_COMMANDE, ID_CLIENT, NUMEROCOMMANDE, MONTANT_TOTAL, DATE_PAIEMENT, IS_CANCELLED) values (2, 12, 'EOPOLEEV5R9SR32CB4O0T434LSINW2BCU9JF9LPOUR0 75QLS4XPI2RX7BK6OEMB', 4, '1980-10-1 13:36:13', 1);

insert into COMMANDE (ID_COMMANDE, ID_CLIENT, NUMEROCOMMANDE, MONTANT_TOTAL, DATE_PAIEMENT, IS_CANCELLED) values (17, 7, ' J4HKB86BYGY0CH707UGLS2PS54LHCNFRTQAIQVYYEU1AJUW29 WJ9GKCF9 D4XB', 7, '751-1-27 5:8:26', 6);

insert into LISTE_DE_SOUHAITS (ID_ARTICLE, ID_CLIENT) values (3, 2);

insert into LISTE_DE_SOUHAITS (ID_ARTICLE, ID_CLIENT) values (5, 16);

insert into LISTE_DE_SOUHAITS (ID_ARTICLE, ID_CLIENT) values (15, 1);

insert into LISTE_DE_SOUHAITS (ID_ARTICLE, ID_CLIENT) values (7, 0);

insert into LISTE_DE_SOUHAITS (ID_ARTICLE, ID_CLIENT) values (19, 10);

insert into LISTE_DE_SOUHAITS (ID_ARTICLE, ID_CLIENT) values (14, 11);

insert into LISTE_DE_SOUHAITS (ID_ARTICLE, ID_CLIENT) values (9, 18);

insert into LISTE_DE_SOUHAITS (ID_ARTICLE, ID_CLIENT) values (4, 8);

insert into LISTE_DE_SOUHAITS (ID_ARTICLE, ID_CLIENT) values (10, 9);

insert into LISTE_DE_SOUHAITS (ID_ARTICLE, ID_CLIENT) values (8, 14);

insert into LISTE_DE_SOUHAITS (ID_ARTICLE, ID_CLIENT) values (0, 19);

insert into LISTE_DE_SOUHAITS (ID_ARTICLE, ID_CLIENT) values (11, 7);

insert into LISTE_DE_SOUHAITS (ID_ARTICLE, ID_CLIENT) values (1, 6);

insert into LISTE_DE_SOUHAITS (ID_ARTICLE, ID_CLIENT) values (17, 4);

insert into LISTE_DE_SOUHAITS (ID_ARTICLE, ID_CLIENT) values (12, 5);

insert into LISTE_DE_SOUHAITS (ID_ARTICLE, ID_CLIENT) values (6, 13);

insert into LISTE_DE_SOUHAITS (ID_ARTICLE, ID_CLIENT) values (16, 17);

insert into LISTE_DE_SOUHAITS (ID_ARTICLE, ID_CLIENT) values (2, 3);

insert into LISTE_DE_SOUHAITS (ID_ARTICLE, ID_CLIENT) values (18, 12);

insert into LISTE_DE_SOUHAITS (ID_ARTICLE, ID_CLIENT) values (13, 15);

insert into LIENS_CLIENT_ADRESSE (ID_CLIENT, ID_ADRESSE) values (2, 11);

insert into LIENS_CLIENT_ADRESSE (ID_CLIENT, ID_ADRESSE) values (16, 10);

insert into LIENS_CLIENT_ADRESSE (ID_CLIENT, ID_ADRESSE) values (1, 19);

insert into LIENS_CLIENT_ADRESSE (ID_CLIENT, ID_ADRESSE) values (0, 3);

insert into LIENS_CLIENT_ADRESSE (ID_CLIENT, ID_ADRESSE) values (10, 8);

insert into LIENS_CLIENT_ADRESSE (ID_CLIENT, ID_ADRESSE) values (11, 5);

insert into LIENS_CLIENT_ADRESSE (ID_CLIENT, ID_ADRESSE) values (18, 4);

insert into LIENS_CLIENT_ADRESSE (ID_CLIENT, ID_ADRESSE) values (8, 7);

insert into LIENS_CLIENT_ADRESSE (ID_CLIENT, ID_ADRESSE) values (9, 6);

insert into LIENS_CLIENT_ADRESSE (ID_CLIENT, ID_ADRESSE) values (14, 17);

insert into LIENS_CLIENT_ADRESSE (ID_CLIENT, ID_ADRESSE) values (19, 9);

insert into LIENS_CLIENT_ADRESSE (ID_CLIENT, ID_ADRESSE) values (7, 1);

insert into LIENS_CLIENT_ADRESSE (ID_CLIENT, ID_ADRESSE) values (6, 14);

insert into LIENS_CLIENT_ADRESSE (ID_CLIENT, ID_ADRESSE) values (4, 12);

insert into LIENS_CLIENT_ADRESSE (ID_CLIENT, ID_ADRESSE) values (5, 16);

insert into LIENS_CLIENT_ADRESSE (ID_CLIENT, ID_ADRESSE) values (13, 13);

insert into LIENS_CLIENT_ADRESSE (ID_CLIENT, ID_ADRESSE) values (17, 0);

insert into LIENS_CLIENT_ADRESSE (ID_CLIENT, ID_ADRESSE) values (3, 18);

insert into LIENS_CLIENT_ADRESSE (ID_CLIENT, ID_ADRESSE) values (12, 15);

insert into LIENS_CLIENT_ADRESSE (ID_CLIENT, ID_ADRESSE) values (15, 2);

insert into COMMENTAIRE (ID_COMMENTAIRE, ID_ARTICLE, ID_CLIENT, NOTE, DATE, VISIBLE) values (2, 13, 5, 4, '1252-7-5 9:35:55', 6);

insert into COMMENTAIRE (ID_COMMENTAIRE, ID_ARTICLE, ID_CLIENT, NOTE, DATE, VISIBLE) values (13, 12, 16, 3, '270-6-3 1:35:31', 0);

insert into COMMENTAIRE (ID_COMMENTAIRE, ID_ARTICLE, ID_CLIENT, NOTE, DATE, VISIBLE) values (12, 4, 9, 10, '133-9-9 0:38:11', 9);

insert into COMMENTAIRE (ID_COMMENTAIRE, ID_ARTICLE, ID_CLIENT, NOTE, DATE, VISIBLE) values (6, 17, 16, 1, '760-1-31 6:25:30', 8);

insert into COMMENTAIRE (ID_COMMENTAIRE, ID_ARTICLE, ID_CLIENT, NOTE, DATE, VISIBLE) values (9, 4, 0, 18, '1463-1-21 10:38:24', 15);

insert into COMMENTAIRE (ID_COMMENTAIRE, ID_ARTICLE, ID_CLIENT, NOTE, DATE, VISIBLE) values (1, 16, 1, 19, '1397-3-27 10:3:12', 10);

insert into COMMENTAIRE (ID_COMMENTAIRE, ID_ARTICLE, ID_CLIENT, NOTE, DATE, VISIBLE) values (16, 10, 6, 2, '596-8-21 5:0:7', 4);

insert into COMMENTAIRE (ID_COMMENTAIRE, ID_ARTICLE, ID_CLIENT, NOTE, DATE, VISIBLE) values (10, 12, 19, 17, '1022-4-3 8:5:1', 14);

insert into COMMENTAIRE (ID_COMMENTAIRE, ID_ARTICLE, ID_CLIENT, NOTE, DATE, VISIBLE) values (5, 4, 16, 0, '467-9-28 4:5:0', 7);

insert into COMMENTAIRE (ID_COMMENTAIRE, ID_ARTICLE, ID_CLIENT, NOTE, DATE, VISIBLE) values (19, 1, 11, 9, '1940-7-7 13:10:53', 1);

insert into COMMENTAIRE (ID_COMMENTAIRE, ID_ARTICLE, ID_CLIENT, NOTE, DATE, VISIBLE) values (15, 6, 1, 15, '1720-10-9 11:42:5', 18);

insert into COMMENTAIRE (ID_COMMENTAIRE, ID_ARTICLE, ID_CLIENT, NOTE, DATE, VISIBLE) values (11, 8, 6, 5, '899-6-30 7:30:40', 19);

insert into COMMENTAIRE (ID_COMMENTAIRE, ID_ARTICLE, ID_CLIENT, NOTE, DATE, VISIBLE) values (14, 2, 5, 13, '1115-4-10 8:53:10', 12);

insert into COMMENTAIRE (ID_COMMENTAIRE, ID_ARTICLE, ID_CLIENT, NOTE, DATE, VISIBLE) values (7, 8, 19, 14, '1601-1-29 11:14:24', 3);

insert into COMMENTAIRE (ID_COMMENTAIRE, ID_ARTICLE, ID_CLIENT, NOTE, DATE, VISIBLE) values (3, 12, 11, 16, '1-1-1 0:0:0', 13);

insert into COMMENTAIRE (ID_COMMENTAIRE, ID_ARTICLE, ID_CLIENT, NOTE, DATE, VISIBLE) values (18, 7, 13, 7, '330-11-3 2:6:55', 17);

insert into COMMENTAIRE (ID_COMMENTAIRE, ID_ARTICLE, ID_CLIENT, NOTE, DATE, VISIBLE) values (0, 7, 14, 6, '415-8-18 3:4:15', 16);

insert into COMMENTAIRE (ID_COMMENTAIRE, ID_ARTICLE, ID_CLIENT, NOTE, DATE, VISIBLE) values (8, 8, 0, 12, '1848-2-7 12:15:53', 2);

insert into COMMENTAIRE (ID_COMMENTAIRE, ID_ARTICLE, ID_CLIENT, NOTE, DATE, VISIBLE) values (4, 12, 8, 11, '677-12-5 5:55:37', 11);

insert into COMMENTAIRE (ID_COMMENTAIRE, ID_ARTICLE, ID_CLIENT, NOTE, DATE, VISIBLE) values (17, 18, 11, 8, '1990-7-17 13:49:21', 5);

insert into LIENS_COMMANDE_ADRESSE (ID_COMMANDE, ID_ADRESSE, ISFACTURATION) values (10, 11, 18);

insert into LIENS_COMMANDE_ADRESSE (ID_COMMANDE, ID_ADRESSE, ISFACTURATION) values (18, 10, 1);

insert into LIENS_COMMANDE_ADRESSE (ID_COMMANDE, ID_ADRESSE, ISFACTURATION) values (5, 19, 16);

insert into LIENS_COMMANDE_ADRESSE (ID_COMMANDE, ID_ADRESSE, ISFACTURATION) values (1, 3, 10);

insert into LIENS_COMMANDE_ADRESSE (ID_COMMANDE, ID_ADRESSE, ISFACTURATION) values (0, 8, 4);

insert into LIENS_COMMANDE_ADRESSE (ID_COMMANDE, ID_ADRESSE, ISFACTURATION) values (15, 5, 12);

insert into LIENS_COMMANDE_ADRESSE (ID_COMMANDE, ID_ADRESSE, ISFACTURATION) values (19, 4, 5);

insert into LIENS_COMMANDE_ADRESSE (ID_COMMANDE, ID_ADRESSE, ISFACTURATION) values (3, 7, 19);

insert into LIENS_COMMANDE_ADRESSE (ID_COMMANDE, ID_ADRESSE, ISFACTURATION) values (6, 6, 6);

insert into LIENS_COMMANDE_ADRESSE (ID_COMMANDE, ID_ADRESSE, ISFACTURATION) values (7, 17, 9);

insert into LIENS_COMMANDE_ADRESSE (ID_COMMANDE, ID_ADRESSE, ISFACTURATION) values (13, 9, 17);

insert into LIENS_COMMANDE_ADRESSE (ID_COMMANDE, ID_ADRESSE, ISFACTURATION) values (14, 1, 8);

insert into LIENS_COMMANDE_ADRESSE (ID_COMMANDE, ID_ADRESSE, ISFACTURATION) values (16, 14, 11);

insert into LIENS_COMMANDE_ADRESSE (ID_COMMANDE, ID_ADRESSE, ISFACTURATION) values (9, 12, 3);

insert into LIENS_COMMANDE_ADRESSE (ID_COMMANDE, ID_ADRESSE, ISFACTURATION) values (4, 16, 2);

insert into LIENS_COMMANDE_ADRESSE (ID_COMMANDE, ID_ADRESSE, ISFACTURATION) values (8, 13, 15);

insert into LIENS_COMMANDE_ADRESSE (ID_COMMANDE, ID_ADRESSE, ISFACTURATION) values (12, 0, 14);

insert into LIENS_COMMANDE_ADRESSE (ID_COMMANDE, ID_ADRESSE, ISFACTURATION) values (11, 18, 0);

insert into LIENS_COMMANDE_ADRESSE (ID_COMMANDE, ID_ADRESSE, ISFACTURATION) values (2, 15, 13);

insert into LIENS_COMMANDE_ADRESSE (ID_COMMANDE, ID_ADRESSE, ISFACTURATION) values (17, 2, 7);

insert into LIGNE_COMMANDE (ID_COMMANDE, ID_ARTICLE, QUANTITECOMMANDE, PRIX, STATUT) values (10, 3, 6, 19, 'SMI1ACMEUD85VP1N');

insert into LIGNE_COMMANDE (ID_COMMANDE, ID_ARTICLE, QUANTITECOMMANDE, PRIX, STATUT) values (18, 5, 9, 13, '5XG4CF4XPPEKYXQB');

insert into LIGNE_COMMANDE (ID_COMMANDE, ID_ARTICLE, QUANTITECOMMANDE, PRIX, STATUT) values (5, 15, 3, 14, 'MO2H6T62IH8VFD5U');

insert into LIGNE_COMMANDE (ID_COMMANDE, ID_ARTICLE, QUANTITECOMMANDE, PRIX, STATUT) values (1, 7, 8, 7, 'XYCMMVB70PQHFAEY');

insert into LIGNE_COMMANDE (ID_COMMANDE, ID_ARTICLE, QUANTITECOMMANDE, PRIX, STATUT) values (0, 19, 10, 12, 'WOO0T 0003W KO1 ');

insert into LIGNE_COMMANDE (ID_COMMANDE, ID_ARTICLE, QUANTITECOMMANDE, PRIX, STATUT) values (15, 14, 12, 4, 'GAWKA8P4MQQUY08F');

insert into LIGNE_COMMANDE (ID_COMMANDE, ID_ARTICLE, QUANTITECOMMANDE, PRIX, STATUT) values (19, 9, 7, 10, 'VBJE8Y1O9KHYBXUR');

insert into LIGNE_COMMANDE (ID_COMMANDE, ID_ARTICLE, QUANTITECOMMANDE, PRIX, STATUT) values (3, 4, 19, 6, 'R3RBGDX1V5O94QKU');

insert into LIGNE_COMMANDE (ID_COMMANDE, ID_ARTICLE, QUANTITECOMMANDE, PRIX, STATUT) values (6, 10, 13, 0, 'BAPMNBNAY77GQ24Q');

insert into LIGNE_COMMANDE (ID_COMMANDE, ID_ARTICLE, QUANTITECOMMANDE, PRIX, STATUT) values (7, 8, 2, 9, 'GMGJEO10QBMKKL85');

insert into LIGNE_COMMANDE (ID_COMMANDE, ID_ARTICLE, QUANTITECOMMANDE, PRIX, STATUT) values (13, 0, 5, 16, 'SE7 F9KSBG4I5IV7');

insert into LIGNE_COMMANDE (ID_COMMANDE, ID_ARTICLE, QUANTITECOMMANDE, PRIX, STATUT) values (14, 11, 14, 11, 'W6F4K4HXTOOV7AD1');

insert into LIGNE_COMMANDE (ID_COMMANDE, ID_ARTICLE, QUANTITECOMMANDE, PRIX, STATUT) values (16, 1, 4, 17, 'FEW22GY CP7DY7HA');

insert into LIGNE_COMMANDE (ID_COMMANDE, ID_ARTICLE, QUANTITECOMMANDE, PRIX, STATUT) values (9, 17, 0, 8, '30 CK45GDMQM11LY');

insert into LIGNE_COMMANDE (ID_COMMANDE, ID_ARTICLE, QUANTITECOMMANDE, PRIX, STATUT) values (4, 12, 18, 1, '03LP96DELFEMRMRT');

insert into LIGNE_COMMANDE (ID_COMMANDE, ID_ARTICLE, QUANTITECOMMANDE, PRIX, STATUT) values (8, 6, 15, 5, 'NHFO4O91BNOH6KW6');

insert into LIGNE_COMMANDE (ID_COMMANDE, ID_ARTICLE, QUANTITECOMMANDE, PRIX, STATUT) values (12, 16, 11, 18, '1D 3U6TED2H2ATVG');

insert into LIGNE_COMMANDE (ID_COMMANDE, ID_ARTICLE, QUANTITECOMMANDE, PRIX, STATUT) values (11, 2, 16, 2, 'VYVV5CJWA89G07OS');

insert into LIGNE_COMMANDE (ID_COMMANDE, ID_ARTICLE, QUANTITECOMMANDE, PRIX, STATUT) values (2, 18, 17, 15, 'M3PLSPN1J56TGAGN');

insert into LIGNE_COMMANDE (ID_COMMANDE, ID_ARTICLE, QUANTITECOMMANDE, PRIX, STATUT) values (17, 13, 1, 3, 'Q IYFKVS4HFU7T95');

insert into PANIER (IDPANIER, ID_CLIENT, REFINTERNAUTE) values (12, 2, 'YT0004LXLHY2W3V7VG54ECMJI0VJBUM5O1YW OGOITY974G L7USWLG9RQR3G  0');

insert into PANIER (IDPANIER, ID_CLIENT, REFINTERNAUTE) values (19, 16, 'PYU5F28KAU427UK63ET 1CPU7787V7GQXCIFNK71R9Q0C5XUJUTIN9R7IMY543F8');

insert into PANIER (IDPANIER, ID_CLIENT, REFINTERNAUTE) values (0, 1, 'R0QN331DGQW0ADOSQEMFSFKY29IFVSS7CU72E TKJ0N7SEEL4XU3NHDHUBDU1 S4');

insert into PANIER (IDPANIER, ID_CLIENT, REFINTERNAUTE) values (16, 0, 'HPI3C7 FUVX1TP0NTB05LOU1I4XGMT2ALK4KV7HKV4J7F7X4KJLI4O2JCYIMS2PR');

insert into PANIER (IDPANIER, ID_CLIENT, REFINTERNAUTE) values (15, 10, 'TBGJ0YJCQKARWGUYVIYCXQLSC7A0UY6BVYTB3 WW84TWME0UQ9B5SN9C58DJBBCL');

insert into PANIER (IDPANIER, ID_CLIENT, REFINTERNAUTE) values (5, 11, '6IEIFBO6TNO97NYBYTUOPRFH FSDUFI0U0C2NKCWL2CNBAPNW8MYTVSCU9H175DQ');

insert into PANIER (IDPANIER, ID_CLIENT, REFINTERNAUTE) values (4, 18, 'JJN3FTUJCD67UWMWMLNBEDGS978ADW0ON794MQHEGIGCUOJXU0RCX6YHJQT5FKXM');

insert into PANIER (IDPANIER, ID_CLIENT, REFINTERNAUTE) values (14, 8, '941UBH1I1JEPH9NDXOSY P8XJFUYOL231IOBMQLQTH3A4WKMWREACXNAVUVBJYPC');

insert into PANIER (IDPANIER, ID_CLIENT, REFINTERNAUTE) values (10, 9, 'BIUTXRPP5FJD9CBVFG7SWEXLOJC5K6LI3E4XPBCR4IMFKTA3U1Q6R27OX7OLIATF');

insert into PANIER (IDPANIER, ID_CLIENT, REFINTERNAUTE) values (6, 14, '2FXJMQU5FU5AU5D15RDH3K122G249V QKWNSGS TEMV31PR8 YG DYG4B0PFW1YU');

insert into PANIER (IDPANIER, ID_CLIENT, REFINTERNAUTE) values (7, 19, 'I3K36UXH22E5BA40NY781VR ILOLLE50KFV6YU8P4E95YDIH45Q3VHQK6Y UP4A6');

insert into PANIER (IDPANIER, ID_CLIENT, REFINTERNAUTE) values (8, 7, '18M1 5WSVWW0DVDH W4POGMKFVHTRWI4T SYRRAS9VN 67KPJOAHI0XI35 CG FF');

insert into PANIER (IDPANIER, ID_CLIENT, REFINTERNAUTE) values (13, 6, 'K3CFU58M0NSI4EDLPX33HXQLNO7JK4 DH11D CWXCKFF4YGC25AJYGDV7ARV5LK3');

insert into PANIER (IDPANIER, ID_CLIENT, REFINTERNAUTE) values (2, 4, 'IDLU2VX382OS8 WYUWJ2DFO7JX40A7YI7LM86TAEBJHXO078YPE7E6W53JRYBDC9');

insert into PANIER (IDPANIER, ID_CLIENT, REFINTERNAUTE) values (11, 5, 'TBNAJSFTTGPFU6ARY5ETULL5Y3  OWCS744WGX53NB5985EU2WVYL2UBVK0L AXE');

insert into PANIER (IDPANIER, ID_CLIENT, REFINTERNAUTE) values (3, 13, 'WNDCIWPTGMILK39M3L40TJ2M910O0EK14LM4EYPCEXCVOP01MVCOQI2T6J0ANR0K');

insert into PANIER (IDPANIER, ID_CLIENT, REFINTERNAUTE) values (17, 17, 'OM12WR8QEU7UL95QTINVRY5DB7 U0DHI4HO91NPY YFKFIL7H81THEXL34R0CSO9');

insert into PANIER (IDPANIER, ID_CLIENT, REFINTERNAUTE) values (9, 3, 'LXH1YD0NDXECJRPQ5TF0MXHKIH5Q01KYXRC2 ACAFEASCV7AX2NA34949GR9LRNJ');

insert into PANIER (IDPANIER, ID_CLIENT, REFINTERNAUTE) values (1, 12, 'KT09K8G5M58PJ68QNTDOV34XOB83R3PPOY6VBLD77UABULCNRYBJ8JDDR911EO1W');

insert into PANIER (IDPANIER, ID_CLIENT, REFINTERNAUTE) values (18, 15, 'JDW70RNV6AAE7JCPG7OODQ996BOPG E5EI05CKTMC6W3YHHMFDRHQK3NFXSN2OB ');

insert into LIENS_PANIER_ARTICLE (IDPANIER, ID_ARTICLE, QUANTITEPANIER) values (12, 3, 19);

insert into LIENS_PANIER_ARTICLE (IDPANIER, ID_ARTICLE, QUANTITEPANIER) values (19, 5, 2);

insert into LIENS_PANIER_ARTICLE (IDPANIER, ID_ARTICLE, QUANTITEPANIER) values (0, 15, 15);

insert into LIENS_PANIER_ARTICLE (IDPANIER, ID_ARTICLE, QUANTITEPANIER) values (16, 7, 6);

insert into LIENS_PANIER_ARTICLE (IDPANIER, ID_ARTICLE, QUANTITEPANIER) values (15, 19, 10);

insert into LIENS_PANIER_ARTICLE (IDPANIER, ID_ARTICLE, QUANTITEPANIER) values (5, 14, 8);

insert into LIENS_PANIER_ARTICLE (IDPANIER, ID_ARTICLE, QUANTITEPANIER) values (4, 9, 9);

insert into LIENS_PANIER_ARTICLE (IDPANIER, ID_ARTICLE, QUANTITEPANIER) values (14, 4, 14);

insert into LIENS_PANIER_ARTICLE (IDPANIER, ID_ARTICLE, QUANTITEPANIER) values (10, 10, 7);

insert into LIENS_PANIER_ARTICLE (IDPANIER, ID_ARTICLE, QUANTITEPANIER) values (6, 8, 18);

insert into LIENS_PANIER_ARTICLE (IDPANIER, ID_ARTICLE, QUANTITEPANIER) values (7, 0, 16);

insert into LIENS_PANIER_ARTICLE (IDPANIER, ID_ARTICLE, QUANTITEPANIER) values (8, 11, 12);

insert into LIENS_PANIER_ARTICLE (IDPANIER, ID_ARTICLE, QUANTITEPANIER) values (13, 1, 0);

insert into LIENS_PANIER_ARTICLE (IDPANIER, ID_ARTICLE, QUANTITEPANIER) values (2, 17, 13);

insert into LIENS_PANIER_ARTICLE (IDPANIER, ID_ARTICLE, QUANTITEPANIER) values (11, 12, 3);

insert into LIENS_PANIER_ARTICLE (IDPANIER, ID_ARTICLE, QUANTITEPANIER) values (3, 6, 11);

insert into LIENS_PANIER_ARTICLE (IDPANIER, ID_ARTICLE, QUANTITEPANIER) values (17, 16, 17);

insert into LIENS_PANIER_ARTICLE (IDPANIER, ID_ARTICLE, QUANTITEPANIER) values (9, 2, 1);

insert into LIENS_PANIER_ARTICLE (IDPANIER, ID_ARTICLE, QUANTITEPANIER) values (1, 18, 5);

insert into LIENS_PANIER_ARTICLE (IDPANIER, ID_ARTICLE, QUANTITEPANIER) values (18, 13, 4);

