delete from LIENS_PANIER_ARTICLE;

delete from LIGNE_COMMANDE;

delete from LIENS_COMMANDE_ADRESSE;

delete from COMMANDE;

delete from PANIER;

delete from COMMENTAIRE;

delete from LIENS_CLIENT_ADRESSE;

delete from LISTE_DE_SOUHAITS;

delete from CLIENT;

delete from MESSAGE;

delete from UTILISATEUR;

delete from LIENS_PROMOTIONS_ARTICLES;

delete from LIENS_SPECS_CATEGORIE;

delete from LIENS_SPECS_ARTICLE;

delete from LIENS_CATEGORIE_ARTICLE;

delete from ROLE;

delete from PROMOTION;

delete from ADRESSE;

delete from CARACTERISTIQUE;

delete from CATEGORIE;

delete from FICHE;

delete from ARTICLE;

insert into ARTICLE (ID_ARTICLE, REFARTICLE, PRIX, QUANTITE, VISIBLE) values (13, 'L6SFESAALQQKXO3TCT1PP25A18TB9 0GMS6CMBI2JO3TRXUBQ4VJKOBPJV3UAMPU', 14, 15, 18);

insert into ARTICLE (ID_ARTICLE, REFARTICLE, PRIX, QUANTITE, VISIBLE) values (4, ' 2GK CDHX2006HPIPI38G5LDBHYBIV4BHQUPT75V24YW3TFIA1SY7HFDG68IRFK5', 15, 6, 6);

insert into ARTICLE (ID_ARTICLE, REFARTICLE, PRIX, QUANTITE, VISIBLE) values (1, 'G97HBHB2QV3ABQWV KMWGVBADWD8T5H9JV1KM2JF1680KA4QMPX9RU09WCIDCBI0', 10, 8, 13);

insert into ARTICLE (ID_ARTICLE, REFARTICLE, PRIX, QUANTITE, VISIBLE) values (8, 'SMIQR2LVKLSYHUCSJXPBN7B B0GT DFBPAFPO ET8HX1M1V5DDMDH0BL95NG645N', 5, 11, 9);

insert into ARTICLE (ID_ARTICLE, REFARTICLE, PRIX, QUANTITE, VISIBLE) values (17, '5GCB7H18F2D6FR9M81YPKN4VTU69CKS GIBE3LSLW8LC785ELQQO4Q31GVT7R4KU', 9, 19, 15);

insert into ARTICLE (ID_ARTICLE, REFARTICLE, PRIX, QUANTITE, VISIBLE) values (19, 'BM6T0K2YUQOIAXCAEXIP87QW2WYBOBWATPEGI EUV2BRRKVLW M5X8NSWANN74BV', 0, 14, 4);

insert into ARTICLE (ID_ARTICLE, REFARTICLE, PRIX, QUANTITE, VISIBLE) values (0, 'HG291PJDWIY3R8T6V0YH3COKO8O8COKP7EX61UD5D4MN88IEEV55MARKIND72GIG', 2, 0, 7);

insert into ARTICLE (ID_ARTICLE, REFARTICLE, PRIX, QUANTITE, VISIBLE) values (18, 'CSF6QSWC3R1I26D509EO83 RUCRO575AMPMBB8BL91KU1W1WOLOMI3MKNSLVDXOV', 8, 5, 11);

insert into ARTICLE (ID_ARTICLE, REFARTICLE, PRIX, QUANTITE, VISIBLE) values (15, '6YAMW504GE8VVM8LO4HI2X5Y797XDXGIJ7R7GRFOQ PQ4RWRTV2 BF2G9WK4QTYW', 17, 12, 1);

insert into ARTICLE (ID_ARTICLE, REFARTICLE, PRIX, QUANTITE, VISIBLE) values (12, 'NT35XN9KJTBRC13E7LAMNT63XJCPVFUDW01M4LBKNM16YH14FWP4BJDGRTW 6XWR', 11, 2, 19);

insert into ARTICLE (ID_ARTICLE, REFARTICLE, PRIX, QUANTITE, VISIBLE) values (11, '0PVRQPJ0CXKA8C4 F4G6HBNNO658XR3F6OOTEC3R926HF8XLLEEI86891TSVAMK9', 4, 17, 17);

insert into ARTICLE (ID_ARTICLE, REFARTICLE, PRIX, QUANTITE, VISIBLE) values (3, ' F31N698F4U3O 36PN2UJDIILP28DHLODAHNX3HDC 5I0QICXKK0BJ 3HNXS5MLM', 7, 1, 2);

insert into ARTICLE (ID_ARTICLE, REFARTICLE, PRIX, QUANTITE, VISIBLE) values (7, 'RCR LEBMUBE8DV5DVOQSCIB6B5YYIN5LXGMDVIJY7JHNM58 I612BFDL2LG7AB0M', 18, 10, 8);

insert into ARTICLE (ID_ARTICLE, REFARTICLE, PRIX, QUANTITE, VISIBLE) values (2, '3AB6W92X3W1BJG1HA4LOVO3L21A35S28UAUSSO LLD9QQ42OYD6KI1N 4F25SHEI', 19, 9, 12);

insert into ARTICLE (ID_ARTICLE, REFARTICLE, PRIX, QUANTITE, VISIBLE) values (9, '7MSMH4GI7R2HTOYVRH8OOFB6GE WN072KBF5U7WUTM049WG0CWUYN5L MFX07EV1', 12, 3, 14);

insert into ARTICLE (ID_ARTICLE, REFARTICLE, PRIX, QUANTITE, VISIBLE) values (10, 'S5NWPVT7QBABGXKGPQSFPP2VNRG4RUW42O2BO9YSNYRON4D59YF5  HSXEQULW I', 1, 7, 10);

insert into ARTICLE (ID_ARTICLE, REFARTICLE, PRIX, QUANTITE, VISIBLE) values (16, '27W0FV3BOG W355KWAU5I1S6A4MXUCYWUX0JEFA0DI4PU 9QT9QJ8A22YKM3KATM', 3, 18, 0);

insert into ARTICLE (ID_ARTICLE, REFARTICLE, PRIX, QUANTITE, VISIBLE) values (5, 'IJSRRD1HM57LY21F0QYN93NWLO926GEUTI9QXMEX64UXSJM6FE4Y2NIK9WHYO7H1', 13, 4, 16);

insert into ARTICLE (ID_ARTICLE, REFARTICLE, PRIX, QUANTITE, VISIBLE) values (14, 'UI6TEFRDQFV7R57FL5BUDAF8KM5O5KQH0IVE2EJX4LUYBQN15AN7H9VR395T2KHA', 6, 13, 5);

insert into ARTICLE (ID_ARTICLE, REFARTICLE, PRIX, QUANTITE, VISIBLE) values (6, '4A60NF87P YTUDTF40T4O4FJU400QEB6GER6WRIF5Q2GNGWJWA9L2OVK76YYFLVB', 16, 16, 3);

insert into FICHE (ID_FICHE, ID_ARTICLE, NOM, REFFICHE, DESCRIPTION, IMAGE, IS_PUBLISHED) values (17, 18, 'LP0ULON71MEC4GXD50OX6D1BLDKPT9251VD3CHNWJ3XBODI5GBF800BX3KR6BXMI', 'LCOLGO06 OIH9QGAAWFQSDVIQARESII0', 'RNJFYGFT6HVCTGE 42HV13 EBQU4K7FVDRSVPHAG7BJ42Y58UIMTKUG 7N2TK2C88KKP7DU7R104U6Y3YDSUGU3AG6M5FSFU335EA4G 7UXMNVPVNAB66XN9DLSOUJGKMLX03E8UT84EEK2 27PMMPJY5KYFW7WBCMI26QXSQXKQDMBS6AKH2LTDWYN05KV1R2KNLEWW10EIA3DSX0QN7R7LOYMIG23M80 FOH98OQW39VUF574H554RD1PL70142VUH9SNXLRJDVNY7KUVWDIKYUXYE2FRIEB9JK0I5IYVT VNOTB9CTC8EUNKN860VEDMT5HS26HQD RGEG6OSR IA0ITL7W4A 8G03G7W6S KLBM XCQR GCTW39 XY7V4FDGSV3V KQE0D 1L 5AKOGAY9J3TJXRLT7W2IFB2U5GQG38RKUY1A4YK6FSKNN45GXQ6VVIPYOURX49JSTUDOC6 9XFE E6DPNSSAQS6EU5GYXU1OBLX2RBF84WU3T6T9OGWUXJJ2CJKF R8KODFGMQY2BLWA9DX1GQ F46W20QC1HR0 FW1LVUK1WIYNP319J0XPK36TWXCB7O7T9DB2545PJ4T2RMEEQA046S714WJGNDH6 K96P2IWWFN5RD6AW4VVKRRP1WDJWPGIKR80F4DRX03DNPFY5KL XII14QMDRLMJ6R1JVWCNNW5W133QO7O98M1L SIKN0G65 UCBYYAAQ8S5X39U417YOS7GWNIOV9RV89YLVNK8O5SYR7G70Y7CB6YGH4DL79T  AL9BQT0D6G032IG14EA6G83IA4R3M595B8IXGH90W4JGCUFWOO9XUPMF1FBJCVL77Q7G FVDEWGGH94V5PGBGAH8KVWOFE475NTLCOSO3QAOWRPPF0Q3A97GLOYMPE1MSCJ3JN7RV97TXNHPVTJ 83K55 GJYSRL6Y6SE FY  4IRKYP762V4KFYOL3MUUTOPF7HPLV333JHJBP3LV3JPSTY2683 2W19GR15O7KAOLH', 'Y2LNL29F6CYC95GJITFH  79A6LTYTI5W7MYWX08BVGY4DHSXAF6GHV374Q1IL3DWNF0U36UXI2THDFYR1WKEVQJN3S65IYD6WQUP0PPUYYODCQVQ6OERI04EYI928FLXQGY5U6BT7GS6CJEG4S  IMC8UUTW7GE76ND9OS7JI10P8MHGMB3TS6QP4SYMLN7YNJQJ9IYLDBN6LF24MM5G VWCHK9NG9G2PJ4V4T4EO5M7T03TE3 ILKEMWKWVI7P', 19);

insert into FICHE (ID_FICHE, ID_ARTICLE, NOM, REFFICHE, DESCRIPTION, IMAGE, IS_PUBLISHED) values (3, 3, '0YKWAY0NNATR C2K0G3X9T2CN9IOJWYBG921FACPYL 8SCV798AIMUASS2A1EL4N', 'DWT T7AABDGC9TAIDKCLK8JEYPEJS0R3', 'A4KRKI2VL3YTL5V8S8WA2INCBR6B0I58YDF43I4SC37RXONAPFUPTV9AOLQS67OLESE5JY18DP1G6SVL01VYKMQVN8YY33BDBERDNV742556U7JHXNCASJU1J13DFCUGEHVRMXRINVCPUH8DI9PKDAYTKKK1BWQO8KCW1MEEBNMDFXANU N1K759TSVK8H218JWVW9JU3I40DOKRTDYL3I6FCUS25JNGTHDAKW8Y0S3YQLP696KL25EG2646BFVX9TUAVE6TX2064C EXFL XUVFTKY2J4THQ8GL0DRMN9H3EE8 FGB6N59JC0GFXI76BPLEK9 KUH9OY 1HBV66JBX0ATYI07G22HQEM7JT47AEH2NH2KQHAHV27KX3QLL9U3KYK7RN 5LB7IXM0PP52GSXK52FHVBYGBUT80MCVCF0MTDLFR0PDWYYRP5E00 AOAMBU5R7316JPE71IFPB59DF0N4CGRMH2DYC3XIKVUDJVC9QARYKSPNPIO55FLVS686A HUSBKQ6UM0DS16M0937DTH9WW3GHRP3 OBBID25TWNSWUU7YOMBKBJL9P9R9847 49KDNGOFNYTE1NJ8HVH0RYNAW03U37M7CK0S40HM4E8 QFDS238HYFH64NSB6UWDHU4GR1VTE4 AD500H51P0VKKU39RI41JLBG3S3NTAWYUOY9ONOGBCC2F8 W6G8N7FVJ8RQ6UE530M6H09U2TM2I7CK7EMLV9L3 DJSBI3 C6F8JKQLGMTD4QVRN8XPC0E5FW57GVK4RJPRVDBEA46UI7G5QCJ986 XI213KCR0D98IFU2H8H75WAD 1CY49U9 W4UO4QEO7D4EORQPYXP301R44RWANJWFC5IF3C VEUTJMEXJ7HRO5UK4NYEW76E5K59V0STX2IX5TC07S3R33ME778SA840MC1LQ 5YWD6FMBN3GFMCL6MR7HVNWJ3R IMCXKVBHIHJHQR5S WFO8HXM7XVEJ9H1VNIIWUG P0TH6JUDBJ8YOBVN4', 'BA47KO CEGEAT26LRIE2YSUXULBIFD3EFK06B0U9U48LGA9L2RA98NV493HC1B45X01P91XLYCV1Y7E5UAO45YHO07W3OI7HDD82VGF0T2RMKC9E0GNMWA8C50K2UUV25PQ14Q4AFHGVX 7FEYFB508VNWN1D0CJKAVWC4K7Q5OT47BEUPG9XAB2EHGBJFFJVQ2I8NVKIUC3LU8JY 72O  R4PFS EPT4V08 5V7JLGS8KC2B9GV8VCRJS6UTXA2', 14);

insert into FICHE (ID_FICHE, ID_ARTICLE, NOM, REFFICHE, DESCRIPTION, IMAGE, IS_PUBLISHED) values (8, 16, 'BAJR7F1B SHP88RPMVP17 MJ USHA7SOEUTWG61Q4VLSWI9QBT92MVEVLQRWWPCJ', 'MBKJG4TYABY1MC5AC IJS T257K86J9X', 'HKJ24Q8CQIMMCUF790GD7PXB587FLE3 G8AMOXQSGXNY1NGBL8FGFYYW88CY65HLPJQ4A7967O4M1UEBCTK6AOJ079H8DHWSYH33PJ9FD0OTT87LPE7T8PFMBNURWI6FVETJ4LTL7B5DACIISXU56M0RT1ULU6RE1SG 3XNNUFILRGKHKL3GEUEHUB1CP8ROVIQLNS7PECVBYQCY0VSNKKBTDN43F4W5TPIX58HUUELX 1FEYJV3SO4XCI HC6NV3SU4E685072BD12B3MFPK UXMNNO5F2TYFWXN6TSRLWY25493GRXU 6 X2AE0OV2FK1HGN7 QSVSEN8RHOAPVYIAX29WGMHOJIRKUU5WK7VB4JJGQ5KLG0T3591WFLXS7QQHANXUQK0KEMYY71DNN RM2H9QBTWJ83R KWK0OWI4RF0X6TKD0JO81WS8T8R3CNTEY2OSPGP26BW2R77XI4I7DYIQ6MJN5S1N3ILH1U701HF247HXHVXW7BM4XGWH76O40AAHUWN53S4Q55SINU7PN0CU135VXR7Q6BB64QX5KY4TTKMF7RA2OB4VXLB2OP7XG70 US290F95WDNVP7QE8QKNDT FOKFQ4G9EUR66GJ L2OQL5HV726D7LGHC33SOU8NXVMM799F YVTXVQJ0WPH45XQ50CCRPLG1MLV69GCA2P3NOTDBDPYF3FDCEPBN6AJDN9JFOP8EU5T4RFKQ0X RTYOC3Q3E7VHHFFGT4E3CMHG9P1 U89Y96BJMWE7O1QGYC7JRNQR2L7NFJU6BC DLD1IQJUBOEYDIOXW8NMLNX64MOXDTNLY 2GW8JKB3FHPSNBTNYTN4OITAW0D08XH4AQIOGA67L OJBAO1VTOMSLTFGQON71 BHQYPN22QVY3GQ32X0W0942DMYFIIHBMDI4EYH7B1KMGDT6PEF6P7FXUWG9MD EPLMFP249CWF1W2CEI0LHGNEDSWE5J1F7NTITETQ6UQL08E2THXEFLTLYYQMSDFJY5I9DNW', 'FXG 38 0FT9MASL7GD0CVE7077IEHT23OBC5L8CWO21PHON9QDXN7UYFMQCXWOGPQPRQRBQRTBDUV9UKGMDKD9RX7FRDCUMQC5 8FGKK4RW7 95GSSNBSHCI9N1AIHD06XEMRDYCWTFMO75AWQAPC446  IQIJ5GRKLIBIL49BYEBG5ISQW1BK5 HBT9VP2 LY9Y38WXC9MDK43JC7A6G070SVLYHHVK16ALIKXW2YPXK2KVGYEJSDLDU2RIP607', 7);

insert into FICHE (ID_FICHE, ID_ARTICLE, NOM, REFFICHE, DESCRIPTION, IMAGE, IS_PUBLISHED) values (4, 3, 'F1USE019Q4NKQKKYIS OQYM5X58MGSSH08R9PABA 38N3JI3AT4KXEVO4U9JJ2SQ', 'AUN3XRI6G68 JI8YTEYVC 8LAHJ9E1L0', 'C1JFM4X8MQUR4H3XIF42DOWDU5WIAW93VCEEGS3GJTXRETMCJWE4C2KTWKVCJYR76RJMH4I19 9LDEIA PWLJ1HP376YAY81 B6LG3KW5FIJI0Q71IYQIEE0PH0U90II0AQBJFD3HLHDQ6VET83D2RQRYYT4I20IQ8SDCMPLDA6EC88BC2XSJJK YJ4BKUWWO01TUYWIXIPH29QEIH9VLVLRQFNJDTVQ8PDBFH1W4LEY 7 46910CR7881AH8AEXMRT W3TWT5NSNO8 1GD2AWGHA609WBJI3UKIHDMNU14E04DISDKJCU0PMT2LHP0KPX 3RQHCUFIQET AYM0ESV83W9RQJ485G9JISD16GRSAJQ9XY4A4F35WO4KF0X8E9EW0YANG7S04MO30705RABEDE96 9CPGX4WE47AEGIDT58 9XRGX 8ATFSC81A1H7II1INMBJ6BF5Q6BB3BOF9UJ373JJK7OO URS YLPECL BGXG1VN KMWI5ISANWBW55  88K315GDXBTBVI1D7 ASNVFBVFNA XMKC2OP6MQK8YUS7RJSWT4W MC0BT 8PR6DYRBI9QN4P6ROUABS6RVSOC34UNMXRDMPH7YDYNX1NFFO X7BF1 8LROV49 K PG85 40AQVQ2TQE0NHSRL0YTTMVLLF6FSR10DC4HG9 T6MCMLX 0 HKSI05G9ESFV5LS84A2EH1GW  U3X2WEYK54G3OIB7LCOT254YWFEIF2SLWKCOVS1FVY4J39Q9VO108BXI1FEFUH3GCNMS6MEG7LNP834MEMEUDK69VJG7PIWN03PTS4OWOO98E91WO0HGEHLD3 0PP7AA0U1LK6LW32O6SM3KFUID07W N825CBCAQ NC27VJHQ708QV1Q9AINKS2PT68Y67IUP3NNG9RAVLJGT1MUK38M22KUIDYLV1PBFELGPLF4Q71WPAKDAS7YVKAS4AU400LCQ8MFFNBXTW6TW9Y80PNFQ3YNR0Q50EPG9OJ9RB4VR129MR', 'DNQKBCE4C0MYUYT S0D UFE6HNB38TJWT2QJS8NQ C1XC8QG0PH JNBMGOGD796PFDPQHLQ M2PSE5WSON3I6EOVDFJM73CO7V3XGNB0WOH1RPIN9QU3IPH7TH0K5R2031KC4DQ4BUIQKPGN34GRNHFV9PJKEE2RVPYTAIYKBLYEDP9FFAT24BT429YDP0O59Y8O8LNO6895614OHXY4VNLCHK7F9CXEW7HSKY4R4CXMBWV5A34L8QFUPCFKMWGP', 0);

insert into FICHE (ID_FICHE, ID_ARTICLE, NOM, REFFICHE, DESCRIPTION, IMAGE, IS_PUBLISHED) values (18, 4, 'O3VRF2T42N07SCLYN7 UX7HVAR633RPKWKK6 A68 YUW O AHH48Y5C6E7E7I0GA', '1V6JVEP91IURDEF7WVU8MHDAJ9EI 1GK', 'VIJS2N6J8SL8W3TEKHXFNFHGEIAK5 NJ7PSFG19TMS 4174CJGQNK720OKCXBMHETIUM4ORTKLGE8E8IXRU4EOKXC414UJ96GW0UWK5KFENC0H2AX0L1LMS6OHMNHUSQS7O4XFH0HOEO7 B0N6G81O4SXAHLAJHYDYD0SQI8V7NS77755E4008MS6G5HTAHRO ULHSL8P LGOAP3A8C87H09H4DHYLK52G HENU5WCI3Q3DCXD2APDPBQR061Q32TQTUC5X2DWTLXAIDSWG32MP3T42SSS7K5IIDIY85WI5E7BYRJ4Q25RQQF8R CKMO4SF8IGRL7D8HVGB2POC7A34H8EF09PPIRS27EU6MVW0CPNTVQGV07PVJT6JNGMH4Y13KK2VHDUJ1UQAT L1K1FO6LGQ7CGQQJDB3VXSF7623T9BKRKRDAYTPXDVHM7QH7VP6IWLSL8YLNL0S641KXOAE5DUUIMKKMWDM6CLVUJR8OWA8C84TBTQOE5U6J6U994NUWDQ32 73O1MN98D86CEWRQ3XQ9XSLHXT5TMU9O3WTQ4USOAIO1AH8B21GWRHY6TYRCJKF0GVQGOLQGJXEGXVQJB0H 1OLQ390EFPDQGREHORTN 7BXMK16LT251QOWM9L8VRWSFU7VB8MRKNSKA2UDS2RVO1ARI1LT2AMFUX EBXOFH3L8HXUJ0SLBL1COY5GY T57BDWP5REN UYNEPHBFL I16R8BQ563YYXO1N6VQ4OJUG8 17PEOR8YXAC6EWWOBEPVD7YAU33SG39PJEWHN50VUN76EH6KJTWY910R5FQGNBQTV8GCRS73GEA7DYY9CC786X2CO6NIXVF4QX6TPQXFD3C8LUW0F4J367MSJB9 91Y5WH5XSE3H62DFU4JKJ455QG FVO956FN23VQSSODGIPQ3F22GGBJ3XR8CU1KET2PO4 KP1T8535 Q6GJU HHTEL76M3F9PE0GSKK6EHX4LL0XGERIYC2D7SKAGDCG0A9K0B S9RGJR', 'B12KCOC8CQOYL6 KU2ML0HL1TKU7S NEXGCX2MVGTKCV5JNQ1F1VBQ1CUJYC4PFP4N CKG1VI8YJNIOHP00LQ C7MRAGFXH144OS3NR AFOR0CINI CL8LS304NIWA2O2NCTCEL8V5SSO2A32R237O9JOPV459631A3GEQT7 NUFGHSRW1BYF4D3AX2C70DO0D3BRDAE5GF1K9FKFTDI2LBABHFSGKXWUKQHAYLGUDBIMQCIYCOORJYS89AKQOS8', 13);

insert into FICHE (ID_FICHE, ID_ARTICLE, NOM, REFFICHE, DESCRIPTION, IMAGE, IS_PUBLISHED) values (13, 11, ' UH09JO0PDQ0A HWLK6XIR4 DPHEMOQ77FD8JB7X2MW8OLJNNK1QMF0T 46OLETP', 'E1GAC6BL74HKW07SKNKTDGJK1HGGYT4U', '2 I6HCWAKNX1OPNLE5UF YQLTACJ4O8DGBEQMO6TNTV2XTYBKVF34EGIK9RPG4O8MQO58W2J3JP1MVIY5XESTLTPYY4R1705C8LV1Y0E6Y378O9UCW2QHDK59ON6L10193LX9K4D8LUCPRUDAQYR2D4VR3T08L5RXW7WF93ID6YQBEIY NO4S KWI13VGKK8TH5UKACVORK9SR80C31RDDLAKR9U5GYFAXCF2PXJ5NXA9OL18U  XIL7UO5LPJSCOPSQPEKNMGJQ8VUIC NQX3MQ6JT9SV3 4GOHQ LCY2 0NQV0BSAHAPD2BDEKKAOEQ5CWQU2TSM 3VJ92QVB6CK5EXGARLFVPI2BOQ7M9QLJIMA7B16CBTU0YJFXLTNQ CP9550MXBON92RLCKT2 TCM0M3 DK6YD2WY2T124XXKYRIYVL9EPWP9VJNAWLYX3EQDT TL5WLOMNYHIB9EM0EWUKISK4RMBYLO8ANHCG8IY46 2ST9CGL89WDL9P2RA934QRNQ2RRS2Y3 8 7C11AHKL80EA8MAS858XOXPS8DNCGMTU15EW8M4ODFXAB7MU6D8KECRK38XVORN36EOM09F0CGDI75LOFJO09XMV2JOI2SKIQWM4YMYF UO4JQMHTJ3WG9UH3N5OMVGN4MHU5M6MEHGRQY1ACGKB1JX3F1677S712P5JHVO7 FRE1DB2EIOSRQF9MA3AF S4KHXFOK1QFW7IFAWPL1J57BYGI9SJNJ67VEQ25KTMP9XVPL9 TNTRPK315UN006DII1XH5GP602MQDVYK9 NADBKC 6N4JCD8B7I3ODCPXYGPUDI3EVSV530JMJ7OW2ADESYQJ8FA8R6W6YI0 DG0Q24P0AD0M38W6V8KCHQ0 J2OA7KS1LFNJ3PWF0MO0SANAQX9GBYULDXYWACOVU13VMH1BH3T35MFPQ3U JYMOM2 E2IX3N34RUBVIJBUSXGVMFBRUNI66PDF42RNKLYU0J0729GNPE0LMIRUSRH4A97C1GV', 'CRLNBTX HJI8M28KR5WTH8V7CL9EAXI864AYJ15NCB2528JSY4RXOO87XXXGQNCEY4P53KS3LDAQQ A9MB6G4NWH347H4Y5C5JVGG312DNJ VR81N49E2RCRW81RWQIP7DWNK2PBODGF6XQAY89C5DSUCMM2XPL3EX31SRALE2P4PIT6ALICDM0I9 7RHBA6YU GT7YRDH7OVD5VBFM 6EHJF6BN7S2P0Y6AT8GMCP 7L54LMA9EGHCUJGI6664E', 11);

insert into FICHE (ID_FICHE, ID_ARTICLE, NOM, REFFICHE, DESCRIPTION, IMAGE, IS_PUBLISHED) values (12, 16, 'P44EHSEHUOLVKIBFAWMXM7 6 KFK0MO6KYSI60G8OSBQQJK51A4BB KM F96XKV2', 'S9XAT  LY7 1B QJPBM9QOPURG40NIM6', 'DDVYW6IRSKXCBGXQPLWE N7B0DP0JLFHGPKOX 6O2947GYU53O9DLPU1LUGQI754N2TQV8RW9OMRR9KVRINCQLWOXP2LYSSORGVMIXOER028P307WQFLU557BCS2LG43F65D0P15SRBF80TKN91WT0 NYB09J5O76R8IY5K7INCONCAD A6LXJH0 KAPALH I2T5CHNL0P9SN7C1UBMIVWDEE8CJR9CCS6SWKTDG9AD6DGJ124B2R21X5T2D9GOBBK6XEYFV504QBR7WDPE62THP21GFK7JW9W6W3K5 GO4VGL65FF49QLGXVXODTDO4Q35092M0VJ4L360DQVVA2Q9R8R4FHKI4PHK1VLH61 2E0I 4S ASRCXHQ68EL60 3I38E52PEQ BBEX2XV3T084BS PKGEYVQ2KENHDVFU4VMEDUE05XA35KSDBRU8NXB6XWV51 EKV8UWI6F5J7JB L R0CYD4EH9CLPFDEKHRYD07R2AGB549PLUY7BC2HRY1U7GCI2FI80MWDAP9EVI9AONESXHSHL7IMU3KNWKYRWITS 1H6T8XT7ES06V9PA8CEG AB293RN2PTY2SVLUWP5OODVD5G5I84CKH E94Y9M2BX  86ODF8BUW7NP3BV6D53O3MICM5615H73JXUBH7G74R4X2UB65 K57GA9M3KD95E8MN88GPFR5K1FRP7G2AQSVF4H9BEHLCLPUIIEX7 RK2BEMR7F9165P0TSFF1I2E1 335PG61KJ1TU6S6LCG9FAMH5JIP7RJ9NRGENPYUPPQ2AXIBOIA4IBJHOIXAXNX4IT 9FCRXVASD FI3HHNMXGYJMTKKRULPGPHJW3Q3W09WT9991I1HTE JEHN0EEHELH7SLNYFR6KJC17UHDE60XLQK1UXAHHV5OQFNSEBMKLYREM55C2Y2TQMVI7ED9C4HB5JWBVCRHKMW1RSI9RU1V7 7J6ADVQB72V3S18IPT7TANQM7INOTXRXL7O7NM70 0QSHT2 1YKI4 ', 'MEFECEB1X49E4AOMOXA9FAEB6BM9VAA0OOO9C3LXOACE5YI8VFQSQ42TTIJB6P1D1G2T7I4807SYS5WQJ6SOI1GCV3DDFSIAHRSJOK9XB 9BHMUHUSR75UBVNEDXAPINMUAIX 5 T6K97WYUW645L63ED2W0UDHC1A57J9IFOHO37CH9RKKU3FT 4 J8NJJA8Y1SIPPC0 QO70F6AGU4CQ8PXB1PLNFGJXVT9CUTRY1DDTB0DKXEG4ONRJ7100KT', 16);

insert into FICHE (ID_FICHE, ID_ARTICLE, NOM, REFFICHE, DESCRIPTION, IMAGE, IS_PUBLISHED) values (9, 19, 'QBM64RAO4IQ6FBQQ9PU9WH PHEV4R8PS2S J6KGHPNL2A8W6DE6MY541XFOIBC3V', 'KS6Y5F PA5EG7SS84ROU9OFKKQ NX LW', 'KTY091TU0R87XK6OB OU03QK19IS3J7T7SS6KA5KI4HQOLLEDCBQDA16M53TQH0XH9QXXML OYUGY992QE2GVFFL6NU0PQO6592U3YL3WE0O9B41LT97YBPT141WSF1EW16VA07VE R5JBRO1JEUKMAUF62H1III86OL1B6DDG473KIF3Q3MXO8QGQHE O7FOI84D4XMVU6OL7APOW6GRP8K4Y PJFW4K5R1OJIQWGAX72P MTLP5MPFDBG3010K6I9IQCLTAWTXFVYSOHG9M7PH2JWP6KLSRAY7S8K1V2F1810NGA0L2XVVWMJ94UFUCF6CELGLC4V9XSD4JSPOT4LTKXP FJUUY7FPNLYOAI2386ATCW41LVVIL0VN0 XUH5DHW8DJ7X2LDYNC9SYOI1CAGQOJ9EC0R1TK19OGJF3AVPYEIX6739DDI8 IWRIJI0Q897KQK9KANRDNC0ROBXV41 OW5SDNCE8E9DBQK0 85BTTR2YSIBJW8NYLJ0NJSWMF1VWTNJ3948POSF3NFCM359121QNHAFC92LXEUYP2Q880AMQ08U33S1D732CT76 D86NV3PUVLT7M3II1IBID2LKJGVEVRPAQS20R9FPFP73DV99K735ERPC2CT3 4Q6VEHMI46K0GG149A SPBXQMJLCCAEJCDQV6FOPB5XFNERTSATMSVFU7HEGHIV0FX4AKP3UEWF1IMRDT92DNGUC46  5JTU71R9IUFKW8UQNJ3RQF6WXG3VQMO3726HIL6F98VG5A4V4AI0QDROK6O0E20GVPGIYT2YK B7GFEGCUF40XLL MSGC PASSYG759LJ 9H1AWW5XW7J6L61KBWQ8KB FJVQDSKNYX YU18S0NCBIUFXLQ3NVLSXIQFXGRMWC3H9CF WG1N7MKU937S 9XIGRRQ4RJ4KF9QU8R7LA3A G6J47KRO2WTTLHGJVKUE8LLICXI9DJH9883XU9VG7YLQAECBNG7JKWU0QY1UDOEOHEOHPGX0VQ77UO3', '8MOHK2L T1036GFCP XKW99 FD3FNO2EJQNGLGCYY3A9LBONX 42NPNUNVWLLIM9I94Y1Y4XV9MVXNLIL8XWYQ5G4BXQG2NH7EKPVQK571XFYIFK6LWKLGT1DAPM5T76GPP IS2UF59YTM1E18T3NQBUVOUL0WXH5 BLTVKB JV 3MXOEMK2P6X7 L7FUB8MYCDV0HQT5J5NPTC4HH6LN8NEYIPISR4QI40QRYVQ6QLL1C2ECTUAV34T04HRFT93', 5);

insert into FICHE (ID_FICHE, ID_ARTICLE, NOM, REFFICHE, DESCRIPTION, IMAGE, IS_PUBLISHED) values (11, 4, 'EAF8OT57SAVTAETHJXTVI6I9NQ51TJLTD0MFBL8JNUODWUXNX5GWYNE2VW0WX3G7', ' 3XBL 7D NUJLQWQI3KA S07B5TFYVAC', 'F813J1MEYR3EKNIDP0KW4BXVYL KS35IV48XE0W4W2NT5GPMPUQ0GW4LQ4N4BMBDG 4NENG0BJ4 NQKH0E3PJI41RITX4SBIYT TEWRYID86L91BTA 8W0P7D3QFVRWT1X7EIHW0R1R6VLTI7GUFC 93RITOOGK67UCYCWL78CPAS03G82DK8UVR0MLA2LEI G5LVF8K 96D1OULSMCJ7R9A7MSCYN6RQUGXH5W605HSTFOEQWQPDOTQ809INYBYQGC30WA76M2FKYTERXM 9DJAXG2YWIV25X SNBRSAIKR9P64J19UQA6421CDT6L749P70SC311OR8WB3MU575T2E91H  LWELP143JPC0LDW9KG G8SN8Y6D21XLB5SSJRNRDI6SQXO7GGGDDDY62M8A WCG6 YIQAA MGSPM2VAD7UXOPJC8FHHDSKGC4TRVC034X5E 9B7 4UCJ0LBNUX8G5JWYACQMBV H8J814ILPC8D 8ANO08XGNDPM07OHU70TH KYG8M9TLQ2Q1K2YNXGACABLQUXVF5II2SQFAYU7 8N2CQ G4OGDWME4XK9N5UG11CCFOT21AOI2UD 19LBFM5OHE4SM33XGUPM6L WIYWDXEA12C7WA9XDAGYLM7EL02DCMCPRP3TU00PJL8 U2OI202ESOIUJPYV51ETHGICG1SI9LIIU7 XRVTWC4A0ACERM FN8CLDL010ENGCDBDUWTYW3MU0OFYL8873NRHXL784JAV2VF7DAOGXV1RI0DU2EWOKRVW Q4 8PQCCOP066YUGBLPO19WSDEX 0M9L4L1AB02U1QGI61D32QJ7U0NFCC8T8QMTSRCS5VV93BF1D1XDL89D CBQFQ02ORPRP0YQHY9CXHV36U2XB30WBOOGNRU9 YWJQ04OVKETGNYFF5 EJM568B9CWXFI7E6BNO8NFX4IKG DGEIHHG3 GA6710PCUYAA3AVAJVW81TETVU7VAEHO4D9XQ4NXR9JPOCOQ36UUKYV5RJ7A', 'C0II2FXG7XYXW5MCYXYC3RMU8ETJQR  WYB6FPIBAB1CGX6O8F1FI12VKN4U4N9OI506PHXTB9W3A5I9X4QSNE4EYE 6CFQJG3CI683E7GOWE24XT6V5I8 V7H6IMPOWUK9PH4KKOWP37Q4JG0HUHMKS01LEKW36SMRSQ6MUEUGFH A0DCNOBHHQ GAY69JS8M4EE64SXTK9HD1B04Q08HX9NEGQWRB727PMEPN SOTHSCIENN5QU2R GUGYI6CW', 3);

insert into FICHE (ID_FICHE, ID_ARTICLE, NOM, REFFICHE, DESCRIPTION, IMAGE, IS_PUBLISHED) values (6, 9, 'MFEV8U95H 86Y88SK4274BK4SN3TO5KKMASRW9ERFL08O4G0GAPT8RJ5F5D3IMHK', '6 5VUV92VOOLUU4XHQAW84BBOSHVBLPX', 'YO47S7 CMLIW7PXSVNKMABS8PC59M8CJGPXYE4EDB2MHVJ4T29J5UJ4BYS5NBL4EM61WCCCX6FHCVOF5KJR3TWY1PB 95XNQ64NKDR80LVRSOXU4K5KNN82EB9VNUFQCTT7XO34LUXBK6TX36 FN85VEX98TG U73S9KTWRP2A3 QO0HF91EV2E3O7MEJC26HXJKSEKFB07W0M0Q7G5R84FJM8RG0069BBXK0OLTLF0P6IIBDCQ4FAAUOVIN58KFXEFO9MI0S5WAP0RRNYWDYB26NTV5Q2DPHT9MQSQ6O1H2KLPKONWYQPEOA42OWD952LQK2N8IY9J23GUB0 7W2ROJA2FG6RNTOXEA9DQ689 R0NFN3WCOOKX058E8HNLU9EW2RWJG0RV6IYC4AJ2BP QDDIPC86SDLS1OE1NMPSGV4X3GVDAFPNIVB13L5DLLE6SHFAQ0ML3YUXVA0412K05V88KCFX0PBY9BF 1W0SD103JERSIWO9BQBT8IMDPYUSSMI7LQ07XAEDJI5P43SDBTNRCHP10KHLRB4UYVMYNE7E3F1EBB142J8DD820XWILSU4KFRTHJL1P Y7STU126DY7V8J5397BN7RSXUGHSMVJNXEYFEPJWSM1LI94R1QH7YQQ2OAWOQ3X997C59GO6BY1GMWCXL58K35E1QY1PSKQLU5O4A1BIHKMINF17DEUX9FMRK2DI3FI1MNXNTP56V EY697TUEYOKJXST2SVKDOQK0C6P0O22MD6C8MPGWHCMPNB3DCRKEEEPIHCFY3ORTTOVLTFSLMLNPX808G82XMG195VVYF8JU65XY59C3TBBMP2BVQMJT1YNBIPJUHK6TBG8DR2QVUHX M NE6A B8MNMWXGUT6DTAK3AIDJDPA7P6SUS TW2FT510S4KU9WRHMAK4EGVQ H4M0L NXD4QLBDSON1NLKKJY4G104LI3L  SRS0J0Y0MC8H4MQ7O5 D1INIQ9OX8WF3W6X3NWFV8H8LU6H7NJP8GS6KOM', '181303E2BG6IG2EAKFI83GKIP1V7A35EVXT1YH8OTLQAXF5 WCLGGQIKOHBRTT194RV4CRPIHQQ807SLOGBWPNGTI PB7HU2CF8MPMXAFTNEYX26U5RK2SW 9NY6U 4FW11AYKTRN3 BGUCWB5607I VVT93M02 4ULGETSO11I0J1NXSDYA4 K885WES0KF8GEXTF1VHF33NDNE 1M0944W3LD 194HBR23C6C6NESPPGQLFOXAHLQQ5BA8ESWT', 2);

insert into FICHE (ID_FICHE, ID_ARTICLE, NOM, REFFICHE, DESCRIPTION, IMAGE, IS_PUBLISHED) values (14, 12, 'RLXV9BG4F J4RS0EE9M8WDIYQP0J95DUEO5KO7Y0GLJU8AW4618K5A9BM0AF9941', '8IVP 3EDKIDESXAPKE ITLYEA3122DE3', '546B IUQ18HRUQFXVWO J49NBJ XK QYYJW8MOPAO4EQVTW1HJO7K70C95KDOED2XWFNQO9S9MVJL3W2FS0MNKYL02B2T6PST6222IY86YMGIBGEVD0H70UEUMFKOFJ0AO7HSWVLNLF9I14EY45J644RYGCXD4CLWYFGIAQWVA98YK9HNB24TBUPGGMPEY6H4VF360X7V2B9H1Q3WFK4TRQCESX0OFVMBJ4 84JMOATPAA5PJ6LWAF6RPY6HKUT1SCHBFH994I9GU1SUBMADP2737NEBQ72PP RQ0OG91M7 4OJ0U5W 15JINWQ7DEDP6F9GK55U4SG8FIYSOAVQJ0G8O1JD 0536XI94316XHWPJH9SA R2YP1GUNCLKHE0N15D4HFK0EMGLEBM0DA3F4XHMKQ6FYTMDI0ME1B8QKU05VOY4XEDHWFKDYKYDFT13I1D5CCIH8YI67IHSD3Y2HI2C9S9IMDJFCEF2NTRG0IK2KNX3PMJI0TBR6I0H26BWQC964QBRQ6AJVL10AA9KJNQOP1M83INXJBQYLNMHKUGUTJMGMNTFTXP33R15RFVW2XD8QV2JUH7IV8H7LEGND9PXWAR0YH92QX4A B5RCABLA7G DBW6KW7Y DT2B18JD7IULKDY0K3F5IGDBEGFIRPWGWPVA16E1UMXIV8R2SCW80CW6UY52EREPYJH21HM1211K4BQ3MD6624 YVQKY3YXFPY9PDM318V3BV7DXU3VCTQ U P9KNVYJK13WW4LXWRD3CJ2LEX2W 52GS997O7TC0I598GSWQVL1DX3KDR4T HGL2CXVAJQBSJ43M7AEL U1I4NF24XTVQ4CPF4CENV9OV0KWXL7G9PTWRT6UYQED135SK18I8AAPSBJNA3CJJ1TFNN0CU5VUI5ML8BVR1XR03UP2V44337BJJ0G8T9ACB4RHJ FYWOBW3VJ DV3MRYCE9RAFHKJJNNS 3ITMMAVUN29YII7QWEPTMLLYYV7RQB7U0QQU2GOG5HX51', 'GWDVJQ6G68SIYRURO3OT1Y9N VE2ECQALA9NBEMNNLGO3GO52DXSLF2I3YOXVL3NIPUE3DINGDAX6IJ4XUTX73BBWO5T5U4Q03CNLL8G TXIRPD F5PGCQP1ND49XALEQR7E1SV0GC88PKT5P938W0POLMY9BU0L99Y6 F6F3Q6DCE50RBLI5ADAUC8GT7G71FB4ETJPW0WTDDB1JT07SREYFPNWCWN6FF7UQ11XXIOWWBWNTKBNXD6Q9739873I', 9);

insert into FICHE (ID_FICHE, ID_ARTICLE, NOM, REFFICHE, DESCRIPTION, IMAGE, IS_PUBLISHED) values (0, 2, 'P4XMU118B8X1KHTFIU0EGF91TYQM358WUUVFYLHMP QTM04GW6RUOIP00RWKWVV4', '40ADHEITNNKBMMT163YHWV41OQQML8P9', '1K9G408J6P0XIR1TMSX VOF3R7IKOCCPDM2S2MSV19 K4C07XO85MXSNP7XAG23BF3BXKP7KL5CKT Y7K6WB1I3POQTB4IGPV 8CG7 M8MR73FW5PYBOMA16 6F7FSARFK72VT50633AV8FFHXY17U15T35 FU1CMEUMD3GRND92FOUHW9GR3L7MCEI7NERDXCT40ABXNGGGHX1PWILN P7PJAA00 AUQH164HRL8OYS6TNLADC3Y3HGD7A0US0QBAJYJHJX7N6Y00XOSXT1KK02NWKFVY 2UDI3H  1E9RGX0QF2IAWNMJN3DBX89YVGRAVIC43HNF7A0OHNP6OLIEGFYURGDB83OC ORMD394QU0XF0E1V2DKP48OOIO4BPNEPF7T3QUX2PUEUITNJ72RMP2G RC372I8UKGQISE2RG1LFECV7L78KILYIYCI3YCTRC0 YL7VW2YQWUQS0470TT86N9FH8XIABE8VSDTY5VRLXY0KL5BPQTQ8884LSLOWWS6DC94 NPDRAOHL3FIMPK1EQWQ83BR5FYQ31B7T2PGBSXPD75JN62H32LCDFH0KESKBBGJGNIH38IJL7U GK9KWR5TM4BXYSJ4YNKS342RKG352SH59DW4LSQUAJ0973VLLICW0SSBVDBXSAH5 4PB1Q TC3L3DFW1HFJ6PGIYRUOKWILV7BBIBNWYD61RPB36I0N5THEAOUM3PT104L8DN6W9NA8VJXCM8S6L4Q5PQCGQO3D0NHXWEFTJ2VYDGWYOVEIOLLPDNCF2DQM4AOOB23UA9HWF3ENJ9JXQB1K9UWOWMP7D9UR4CDOWFONHC5J1YUNGKIJ2D18CAHYIENA52 BGF0PC6D3X41QRQ0WBYW3SI1168VDH977WV4H RVBMLV8VF49AYM2WH 4PW8YH2V8VWM9QFXHFU51CCUO2FAXMNC988JVSR9NVF8B7MFDD2NYXDSOI16D7HPUPPNXBT834WNQ8 O3808ROK3295HY6R9RTFCTBV8PNKL', 'RLNGQXC9 UYJIW4EEKLS1VST7JKQ75T96OSNM3TUWWC62MYTV5522RVD R90ELJFSM0O1 JUDSMSYNWHTXDFBDSK85IAC5O4LOT8 Q4H 0OWX06XNTUFHQKNJATD089GIDUMVDX099LH3JOVRYB3QRUWB2UKR00LCIXMJMYPMJL61RXXFTP L1YK MDOCG9OS71L90TWD530Q14SS40702V1SED3XA2XITAFMWVWPOKMJI36XWGEB08LX3YN331L', 12);

insert into FICHE (ID_FICHE, ID_ARTICLE, NOM, REFFICHE, DESCRIPTION, IMAGE, IS_PUBLISHED) values (5, 12, 'UXSWIHR2A66UPARJWU9M0 A3TYL547WJLVLGI2 GLGKAIJFWUXKV65J7O8RUOSQW', 'P4U09F50MX17 9SVM1NO4DPU9MWNQXHY', 'K0BL7N5R1 3F5QQG6BAM917L29P4W96UQYIMOYM4CGDYM3GDFP4  OHA8X7ELK972TPQUD6A50UFKCMK0PF40RDCODI12XXICJ4EJR97RT81G97E3XI9T4MSPWUK1H0M8G7NVXXUGEBN7ET7UBW7ADMLK5M L6XG93H1GBYAEI2H50RG8379OWGUB1DX9PTWXAPNA8QKO5OG AYJ6Q8APWUL1PTGYLFXK7Q4QQAR8NDXT1 YJYYOHB6YMNU9035JI8LLMOC0 NNS6 481VGCHVH2WKGH4A3RX1IR4O9GP 3I0K9UBR1QL4G3OJUUG 0NVLSSW53A3TG0O YFW93S7BH8ITCKKU88E6YGYBGQQMOUVAFJA872 LIQ10GFD7UPEAN1O3R164S0T8KTSV4L2S8UN UQ8BJ5PRPCY9XGSA220FUWPMQX0IYURWAAX3OR O2P DNBWGV4F6IJ7837Q8O3N5RGMCASVEWYFP7 R6QUGOEFCPE0M60XGHD5VI EYMGJCEKSHADBVT A4B0JD98QBUFSOY6WL87E6AC44XM9UAFYGOGI6BBY5KCAFRRM7HPYS2SHMJIW0LJ83ME3LUT X5O7WSGU UQ7G5VATR70AYSYRBO3M81DFG8HBPH 457PVS52HM0T5GA025ASMJVLDLVQ8XUDOE5H2YVBACE6DWUBIUC CPW7C N QO5ILYU4LFXLRH1F5VVTKD611DBRWASV6YMSRHLSATWIFUPF5THGI07VA 1WHFNIFI7R T02IGXPOKCLEUEALB2V2TK8DPRMOXHWX7Q6XFYSQ 2VAX1BY3JYTV5FUMTELJPR62LTNPGHVR4QOSGLNGINCYK82 NJ8GPY87N97XMH4WX6TXD9MS3YVNDB2U9C M22IM08JLAJJK2PDO6FQRJD1APGTMSLRN RCL02YYYF1A8FD2V9RC60U2EH6XJMT2BPXS4L81Q EUDXA 5YDSLHRVX7YP AS2KMD0 7GOG0EBHB11DQ4JIVNEFGR6Q0RPX8', '00 HQB13UYS784CUUFEQ9UAPHOFUT4JXRPIO07XVQ4KE0J1MFAEV0C1QFG7KHHJ925JIB6UPDLWHG8YAGC235315NYVCW1OW7SS YPP0L105KILOOQA4MDKF01668G97BH5LK 2C6G6PQD1PNW09UCI36T0M358LG7PE9176S4V RN49WIDBKVHORNFQJD7IMDN IM 3YIRBW 8AVKPO0MORB9N6Y2FCOKEI7C O6IMJQPISVBG6Q3YY9L2151UN', 1);

insert into FICHE (ID_FICHE, ID_ARTICLE, NOM, REFFICHE, DESCRIPTION, IMAGE, IS_PUBLISHED) values (7, 1, '0DE19JXQ3QFV2PFW2RUD72IC1QGLTXK2SFF6LS1V37GVXKQVR1GCKJYF7QYYAU6V', 'RQ0ALGJJUHQIW2Y85SOHGE9GD23VP0CP', 'RGDR8FLEM2R9UNITJHRWQ6N58SLO9T7B K7QHQ82NPKYE18JYMEQOG37VDFQ4XWOV0L1LO6XX5F3T6U6QCJ3KATJ1XE7NG458US7B9TXRL YKTB41AK9VHL62TPLJJPLPC79U694GJ3BKIAQ DY0GOT35ORYX32XT0EQQX8H5POH5K0FKSCOM9LDED5UAVB02R3Q0T54X5XB 3GMR2I31EL2V2JDKB9VTO5V1W22R746706TCXFNT199HAT72R9HD6NAM0OIIFOYCXFI3F8AGYL51P0II7FUWXQO0SCK0Q85CB49LV5FVNAUBEA 3KI1HXS8QN3EXAJNJFULGXM1EFPKYM0VADU45FAQWSL9VJI0O9R43F8NQCUKI OW33I7SXVEV57EC779XLSIVKPB09C3GDXFUV8G89E3JIW3R9VYT0GD2SYKRVKG4WJ9APB26IT42DCMG1W7BVXFUU0JYKHYT0IQMBS6829D54SCN3SLSB1EAR3UWJPXQEYSE9C4 K08UR9NGAAB29A0DSKNDSITW35SMSB3TYIML9CWXQ819DV3 IXOJ3U0CCIQN1NE3GC087BK0UL005KGYTU4X0CY ON3AV F3J9E3324KBMYAVUXYU6RKU86L AWRXNIX16BS481C5K6IKTEL0WWTQF4VCCOMNL1OY6SG91U0LXGH2ARE 5CFKIDH5VIX9DFCOGGJDD445C6FYO0SS9FN OHX4203PB6QTEDYYTF6OM7XM222OM11HU3M6CBXUBQO9J8 DJFK9OX298YJ6WMLBITXK54N5XNU8L8DREQJAMA8SKP95U4RFWB2T8MX1FGU6C070Y2BEQSBY4ECOD CPVB7QFJRKOQ6UUW0UE3 LFEIAM4P6K8JNWJDFP5NO84898LPQIML19NH1G07AOE0O5RJ779F099CQUGNWTE0AYMBAM8NY2LRXHQLS97D3OSPV4AJDF823FWFWUYNGCD9BBBA1CS34YGGJQIJ07 IJPMRJEFUA5WCJTDB71HQ490', 'EPHKOJEKU7E4A0NQ6C89RHWWXW60EU0XG LCLB3E9X6 1U35VFSVJTO8JPNAAU6QHVJL2LMVLE9KSXV50P2ITW5PASDMW37NY3CJO24PXK1WTSQTLK55VBT078A9OKOAAP6YA8FMCM3IQP19FO8CBFUX9FK1GWR9R C48A1FO25HMSTNB0R56D28A1J9ILCBNKBXAA4WSP2CYTR7XR97W3WS3YNSIUW31BPOL2HWFMXAKH64TGGLCAJFDEH0IQND', 4);

insert into FICHE (ID_FICHE, ID_ARTICLE, NOM, REFFICHE, DESCRIPTION, IMAGE, IS_PUBLISHED) values (15, 8, 'MB4VOKEUVBG2YOY71MTL66BHCVM 5E191L1O2DPPMWDQHCEBXQNF9FNLM218YD74', ' 1IC7NH3LNS5SYQ5W7SWBXYK9K H6TI0', 'MWEY7EKHYYYFIKDXO8DT93RR9R55RXG65E43HWNOY0KJF8COJE1CP9LELHLA040SVQYVRO7HXM2MKHO1R3A7P2EARFGUU21OJX6SSNNU9Y2YG3ACI0INQDYD0X0CXXCPU76VQL4T6HFCYMU W14GORONLMMVDMEQA7JO7YADV 42ECMDYDUYUMM6LDUYOUARDQYB62MLEH90HEJXMJE1W6J22DFRS5TOHWCC1Y4KQA6HDO66P9S1YBRDX37V RCJW4PYLIIFR1AGJUTKXL3VIUC91A8H2Q AS38U2B6CAL7CYBCNXVM0H80V3XOB3YH19SA61S3F 3O4XCB0AQRF5S2GRCVLN06UBFCQJ50 H1NA9YY8G04NAMK7M5B3PB5TUK3S1C67936V1Y4YRWFO0K4E46O3K145O0C4A4NDQAHFVUETHUJ3U93CLKQF16EYIU23L11U8Y 2P1WKSMK0P5FCDSGH9F1G0HDKLEOW L6FWOIUR6N20GSQLJ 3TCOXOIJXABIX53RN8NPHEV7EG4FYCRKRO8NMYX147M4CPLMEXNN8L8QQ7XADNSND96 T6WGL51ULNHRXI76X45WBUG0HD5TGB19VL IDFYJ4SGC 1IQEORJUC0TRCOT 3HS5EW6YOLUFXIOUWNFIWHNO3PMO9IJK5YJ1MRGE00 2QV8CVF17A0CKUG TQ018IN3 8WKAXYUKP4PR6H1FABYXTW6RAWKLMLQF4WYRAY0IE2T2H5I57PWLLJ13E3GUAIDU1Q3GFFNK6RJLRN6C9OU17K3GCU8LQ LRPIOJ1HMCAN AHWF3M3I500KIDPL2MDMRPRLQ8 IK DEOGMEFB1TFVPB OGD0YRDEJ7SAIOFWCU8PYCQGBXWW07TL96KP72CBMVH T084CC0XMCUBHEX31V9348BW8 R383X4I8G1YCHEIQQ6KGC2 UG94BX AYHHNGMIAD6EYNJP3B378AOFB2U 0AVR2916XU7KB9833A808RAN3FNBV8L2HERNLVKV', ' DBCO7JB55WYS74NHW61QFR1OUVU10DXE63AH3F1KXDJ9672A6GPRSYII4QRYBLI5G4IFWX 4VTQ3CRQLNHBHFAU974QI F0 6NI8IH546WSSIR JXJ4D5I09IBAH7NAJO3A3Q4HUBHJ86S6AY6YAM 0PLPGXVR7EH FL N3G0I8RP6RTX03K7TWPEUUDQTP0F3 QMFY1D4R17T41BTFU2QQA2GJQ9MRROALVNH7KNMH8IBSTXKA863ME2E7BQKC', 8);

insert into FICHE (ID_FICHE, ID_ARTICLE, NOM, REFFICHE, DESCRIPTION, IMAGE, IS_PUBLISHED) values (19, 18, 'J3WPQIEIDWER7NYMBVPQKENS1GWTL7HFG KK40IC3PSIAJ8L1SXU62Q7II4DE7A5', ' I7X7WKC43ELIO6PXCYEISNT3XE75HUH', '5DG54I2 0OPX7GBRLN3EVTIE55ELDNXE8IAPPHTY7EEOQNTS521V14 XGAO0B6KI0YT7EB8Y5EQYU9242 OGE55KTVPXPSN19QB5YYRX7UF13331I4AEFSRCK8PT7NYWM45JL5HXM8BPCOI MBFJ0M78V04QYQYXONXXVE4XKBC8WCKBEUP5F1KAW2HAGOQ4V6BES 3034NII67HS4W4D8LLMMIKN22CKV9MQYG97YIWA21 L 0SX4N90418T3EO32QOI5WSRGFAQPABJE33NHRFVA5FQVR3LIYAB8SSJHY5TIV0BRHIETM8Y5 VH7WN749ORL5EA7WFURDNFNJ IGLWX1XSNR8FV66JWFOVK24MLEYTCYW0OFPNBIE 7WRKK7C64POFWSPS69K4FU8N3MKRMF4PFT7610JF966COEXH7WN9XSII8OIJ6YUT5GYG1PTKLDSY854SLOGX0HQM21J99ILNIM L7M8IPMTLTNUCRRTTS 3NXVAC1UF53RYV1G3NP09NJQTAF07P8L SL7 4NVNOV88I 5UV0EOGGIUCU6SD8UXP7SN11YO784RUEV2PHIEJHE PJPDMKMLMB6TK4K59 B86J6J3FPAAI5D4KVGCY2SBYPS5OLQTAEVWJT5LI9 99OCVAP4D0LI2FHGBH4EESVOFGUY9S5PYE9DSI15N9WWPKDEL2K55IX95AM7NR6CXJF37GH033 9KK4TL1L8NTJUIWR8WCWHS40B RFRPU32K 3MWR701KIE126MOTOA4I3YKG06HSSW3VMC5LK   EG9H114WLNM135WY7NG0WJ3LN50TAVPPJAOQUB OM2 WM4E3Q8OLJW100X7I3IXS1RXBCHHPERV5OC354O9H23YBA5FS4UXNTFLOJOEWGI2UGBIRNADJ6BE5T0GKP3H6JHB2Q81K UCWHTQYD63JT0EJSB4QJIYMOSTQKM9H1XI3IPC86YO48NLY2J72HL6NHUQTVFESFIE6N2GGO1CVW047FSK9TXJB UV', 'XLLFUYL WHGBUCX8WREN9AYQU5P V7RHQV64U52EUR8OT4K V6JXTV 7EBJMJJX77HFWHNYN3MOKI3RNBRF489K8PW9BVBFMEPSJSNXY9IQGN9RTOFNP8JP2AHDUS BV71 A63BLU6HDDEF3ABXQWK1 NXHIOPB1FASXHS3S8L4X94A5HW6SU V84CG59FRCTK7UY8YWS326AQIODWGYX787 873QXP X9BW7Q57Q7UQSE F2DXWKFQ6G8V9OPR6', 15);

insert into FICHE (ID_FICHE, ID_ARTICLE, NOM, REFFICHE, DESCRIPTION, IMAGE, IS_PUBLISHED) values (16, 13, '4N3D0QRBQW V7MIRVJHQL7X W O34FPCPRNUMBIL0DMBXDNNEFLSPAX9XWRNVQF0', '8W194XY0GS1TAP0Y7N7YAIV0W7CA3WXQ', 'CTHD0S3WS71RXBCBBOXLKBW3V B 5 LY8UPM3GRWGV0EA9LXTLF9P AQESOY02LTBO62GLBCMIH4MI2FN0NUNJ1F894G6L AEA69U657NB47HTR82LYKXRX4PQV DQJ73046EWDGTTRDQP8P48U9D9DV0UBKOFPH CJER9Q58PD OJU8V6X8AHFPAH2TMDN2I560VJMC122U1EGA8U1CEKTPITRU522W2LWN4U23566DY7PB023XQGXYOBBAISEYY1RED SKGO5GXKUTYU8 UXTMKQRBILQ9C5X0RK6WSGJIXYRDQIPWMG5VX28M9BSVBYRNY28ATM5K9M0JUPXNEDAVFN4GAL VVOQ3XMMX4OV2OJTVS9ISWR8WM1WKKTBEXUJL58Q29BT2BJ21VF6A8GN6 489G6JKB9  FMH0LK54S69OEKUSY4U0U0WEOMYKQ11K0CK1HOBC0SMIJHID 7TRH7VBFWMLSJT8JQ9H59UCDKY8D6EOOU6Q4CAVAJ7W2FMD1UJRP5EANCSMUXWTT37CSGFJ7V0RYMVX0L096HVV0W9GWBHKIPW0JSO9MY1GSC6CAM EKO9A3O6KB7V3D7S67XNIANWCV4AM5DBNOEPBUX0RSQV6DX6BNO4BENXSBP3AA2NIANK7OQWYXBH4U0Y J6X8LD1585PDRP7I2OBTEVL29OTQMCONIT6AV1VWIUAI22V8K1KG9YK06R7DVLMY3935MLOH4C9T3R87AI40UEVR2V3W77MHQH YPVDDRM5W52G4L8YW6CAD3J2SLF7VQQFCCFJ36UMYY5FLRL41PR7TGLYWHAMSBJ3K6KF7XGKQLXNB17XX9CO665MSPLOYPOTB8FVBJ7XFL2C0G2QK4MFK7K5FFVW2V9KV WG D6WTW1BF3E6GWXU5EKUDCKFWUMJ18PEWTMT8U41BSOYNO9Y0J20OFR39GF15B9IQ053I5CPJFPYTWJFEAA9X5DDYHMH1VTC64NE0YI2VQJ70GCLI8S9BD5EVMEI5YF2Y', 'D FGCEO56T6TL163JJ RHOMMKEQ312A8JP GR34360V1UC8JO148UPVVDY8H849FSMKEDISIN9 O4T IAP1K723GPGX 2QC4D9Y8F2KSH7NGHOVX2PJHK2JSESKKPJSNFE0IM03IFU6O9 2LMENB9U4G603SS0KE12V9 AJ65G35AKAHHKGU4ADXNJIRABBT6MO42QVB6J06T10I14BGB3KTC211NG8DPPV5PXLJ2XQPFRCNNDN0GNKQOK3TP9BJ', 10);

insert into FICHE (ID_FICHE, ID_ARTICLE, NOM, REFFICHE, DESCRIPTION, IMAGE, IS_PUBLISHED) values (1, 15, 'AAL7J6SDN8GRS09U73O1VM399JPC7OVAVHG5SH9V90DRIKIXRFCYSBE8GJ1V2P39', '5774V5HTNY9ESDL2JRT4AIRUNSYKVRYF', '79IMT7M9AKWWM5HMUCWGBKYUG9XC2WHW5GCSPUHJODFP33Q0I05KOWHUGYN42S3RTW1G KEOBWA5X8N J69DI62T0KQGAI0DYMT5EATNLC4FM88X5GI598IPHEGUE62M8W3V5STFQ6RD4Q26FSDNUP6K047CJQPE7AF6TI41W67AP G5EDJ7IY6FSKKK6W0NBMJ5DR5L6BK034BAYPSP 67CSX7L96RA 2BF8MY4K 5XE184 J1HCCMGXP024TDBH S56X8SWQEX5DH26WGH45JW3M15GWXS 25 FBCP0HXHAL Q65A575KT0OFKF95PKBQ6L6C3KDGI6Y8NKVYHWL4EA7JJKJG7AX2FOQV56VYKIEIFR 0XXN5XJRUUU3UC HR15WA4CNGNHSNO4M9LG3DM681SL42BISOTSHKBHS7CMN73X9J0 M2TMSW6KLGALWR3V C0YJKQXDDCCMWAHN7S3TDEY90GT75P1RYKXG4FR2X6GQK29CGXS1LBCNF2RD54CVCBKEJMVOGB9WWI3R3MTFVDO20DTC57774QWJPYGV1KMOFB6M194BLIDLRPDBRHJEL6V8KP44JQCWSP0HWCN7C874ADMTSVKYM6C7CLVQEO5SUFLOYB7YWJD9YRSL2Y01U62FCV3QRAMOKTCC3OHN5 IHM9WQPSXOHRP61FKWDHAB3N CV02Q5NL  AXKWXSMFFUY3JJWP5KORBRCKVJU442R8AQP1HJI8TYL94N3TBS1 N8U0WA EKQLCS43O5FM4JE7HKWNHY7XD4E1RNPCKOU1UARVH373 8H5WSPI35X6PMQ  VYH8M1F0CAJA YV9LE4RBYEPW1WXO GL987B5BWPJ5U446M7C81G3UV1DGH3AE10HLKQI6CHHRT49VSM715LP25HN1LGYL2HD  PJGGJUGRMPBO0 OXW6ND2WK6ETMRROA1HJENQ9G92A8BIH07833CGCQHGEXYC99PKDQ9KGV74DTHXJR0NM8Q 631DWDFEYL7JFG896', 'E7X195XH4Q625X WKV2YI9WB 85QN72U BLYEKQSOCG9FHDBVED7YXR7IMW05PSU HOL84K5XEUQ34JYN3F9JG05FI7D8TB3 I78BFKAYURHEE8XVDD3IE6UR023DI78BDBMJ1KWRYR20KTCDUFAI4D1HILYEEOWCEB2953UA5KI QBDWIYWKTFKGL3BL KS97PF7T9UCA3FRRF85LJI4DU8H820MIEK6M31IUWTNFDY78H3PLVA0HQW6M4GJ0C1', 17);

insert into FICHE (ID_FICHE, ID_ARTICLE, NOM, REFFICHE, DESCRIPTION, IMAGE, IS_PUBLISHED) values (10, 15, 'HF3EAK9 PP40OB7L8LQXK5BDLVWNX9MOTO35D0MWP77DKJU8W1G6XCPGD8PY0 EW', '2S1TRVMKL2TE3QY7QN6 HW467CKCQIS8', 'QQIVLTP0IPCECXPO4MYY5NNNV 8N3EK6 A97IN UVYNL56738AAR UK9LUIHID1AGMEDY6IX8N4 QEUSQFH2W49R5TIW1IRCXO6SOBR9 YFRJEJ3SOW3E9H3UAGFCYK60S1KUTRTDEBQJP DIY1NCXNBVTR3JMVOBHJ726AMJOU70NE1YHI21HTFEC I49TTBLETCNPRKW40NBQK O5753PKE0TS1D5JBAG 0C3BGCFKLLLEHDVFSQQRTA5JL7ATOXTWX26E2L7RD6816LTNG5W7IY YJTBOJ8M89HA67K30XHJ2ON8B2UW16 JQ 2 50577NYGTJFTBLQ2 K6KFY43HIP43HJMD3Y3I4QDKOLB54 1G92EHS1HR2O8U PCFP5YH2QCM5TNKN0C25GFIRIQ49TI9UOTFMJLWCREBD314QDIHHTL3C56WH8T6UFDML8 47A6XNOWXDFPFGWXBJDSD1C1Y4R369M8 9OXS77QLWBRK4OMUNE5X2WCHA4LB4CNVK1OB5H993Y7QGH1TH7MXOV 6AW7CLBOSL70VLNCN617NDWQY4L3UUJF I4XJ3SV48U7WE4YYP1I5ORBG7262GF8EROE9T90XOF7VHLBXO9N317O3O 43DE5G97XUXH0OO5JAK1PWIOPD3NS5WGVG9L2PK6FPHJXGA1IOCQLM 6IVDURHOD OQC26QSJ9HS T U0KC6OGDBFJ8QXE7ENCBEBJ50I RTKXO5JL38OA8ILC2KQS20S3HN9WNN9C5J7FNBCDXYLJMXRB3XS3AGXIIECYH8CVA6KGNGAJ5SH4 HBHGMV89P99O4BV9524S5ISQHWS BNI4YBV6RVPTLN34O F1H8N681LH2CTIKHQBTIN8QWJ5PKQW3BV94G4TGBQRPGEQPLA8D8WH877XD6W RI SSV414NFYNQBK9N9WOISO65U5SCF8CV5WXEE2UJKSXCCT0K8RM2JHTA0AUH4EQT57RIL0HKIDD1C91EBQT8CIOCV68SU660FUDEH', 'WGHKT76FMBT5H9KJ1GV2EANS3J3I8Y1KL68B0RVIOXKL2N5BM6HF0LRBJN3P HCOLHY6RSE6UR0JHUDNN7KLSS71WQCUVYG0MBXNW95EF2U68LAWA5FU8ORXG24DML7GD0HRJW95PAVB6HGGPXKW5VS0FBTEB92XD49296GHT72AOT6QVQL5WREAXC GGP3A4GYN3F3GWUKWFPD5P3CE4JBW0CCO0F2KY6G4FOA4VINKJ0O72PR2X6WWJRQP9OEP', 18);

insert into FICHE (ID_FICHE, ID_ARTICLE, NOM, REFFICHE, DESCRIPTION, IMAGE, IS_PUBLISHED) values (2, 11, 'PNHSL66CYFKKAL5F2JD2U63Q0LNJ39CDJJ3 E4XEFPHWYCRMKUE0FLUBHEL2FCV4', '57 6L4J35YJDMNTJGIT5DMGRCRMHCFWU', 'X6J5AJA7HOB73P0G8I532H H647X9IWUQEEXIU9T1LP2HG060GRUMTK UEB1CTGG9U8SCGO3EO1N12LT7UBVWCM8M1HSFL85BIA8M9Y1V4058APQYB6FDTVATCXP521THO AH18MQEGEYN AERTBYXR3LY0SN4ABDXWIJ97V5ABOJIOXJFVUW0DR3SCNFH4MG2Q Q7AV6SQUPYR2BS4UWAEAC0MFFO9N29DBIYJOU90AJVT6JLKR2O8UA2PPYX6EJWTOMCNGYALWMX2R WAGWXWKRPNPQBXW0NBRB10BDQ34UKFD81KDAK4KGYK3WP97MI6Q6EMHQS9XJ0HLVMTJKW8434V40OJECPWD9N54OW0THAE BIMFH 8E6S1K0NSL3S6YYQYJPSETT746 WQ24PSO6TOP9TRXNJS94F1 8FPI3A4V39121P7AHDNEI4SKS3PN 90RK59YAYMQUAKI6DHICUWYYBVR4S2 6J67XINTS9FHA J0VY9QY IC4YQP4A6ORDJPHDI8C72VGPASWGSBDRTW0AMOBJFM7MOO9TRW4FOP60EHFK1PNG7N1GL0 RGBCYVJ6BE1RF2SAPHC XLBMLA1 B80EG0QHT1Q3JKD8HQ H0E4JTPO52S30IV2PDYEAGSTTGL8XMR6DA44JCB9VYNDRHFJ0MFDUTC9YCYDONY8H8S6PF NHNVX8FJV7IL9MPLN3QA7O7Q57WQM8QWDGVQFVCHJ8OU5IQ4KPFEKKN7VWHDBRQ 29IJXG14 U0PPT63M6J8UD64ESKBP9MRD7VU6912SQPV4A7EITHV1IOVS0YDR4GFYIGBCWPKHH973 QKWTUMKTYI3MRFW81UID2T6E5HMMDPUGFRH8NUFKHSFKDL6QWHRTSCX89DUI4I7MSU14247EJ1WPH23BHJHU 1E9QGSIRYFT19BEN7XD8BOS19R0UTG9B6XQ1J5TYIDR865V5Y6YDAYJ9QS7 SJVO9ECE6MKJRFN6FC8MG30NB HO69SKKJDCW54UJX', '7ORM1SPOMTT6JFADNOY1UD6FED8PXJ7R0M3V5EQ7 OL6DD585B7SRNVPC6YD7U7QH0S2DWDXL6TJD4SB27W9 CCV HBYL7RRN3CXQHC12UCQBNG8V9N09IK6VUR811XXDDEQN4XTYCATBQ MXN71P07XI6XHWHEEIOTBYK4IMQVDX0Y5HUFXUHKC9MOJYKKBR3J VDMGF9FH5RIHRJDTNEOTCKXRD0FXQ0PM2UOYKIKQC6ICRR99GW4N0RS2PBMG', 6);

insert into CATEGORIE (ID_CATEGORIE, IDPARENT, LIBELLE_CATEGORIE, ACTIVE) values (8, 13, 'R09MX3YYBEP62NPWSMI7K09UIHSWT2J9HFXXVBT5LX63IXIJAAP6QULL289V0BLFK0FQ476C25PHPKE WWX87GPQCAMXQP855JLWES3PLPMK645DI7C6M27MFN1S0C7B', 12);

insert into CATEGORIE (ID_CATEGORIE, IDPARENT, LIBELLE_CATEGORIE, ACTIVE) values (3, 11, 'RNVBAHSUI0XMFEJDCOPXL5V8R4B9TOHDFQDUEUM F9AVVFN62KHELHN08B04XG5AFWVF4T1THF PTMNIRXQK23LW5L675MHJL3S2UMSL5A0GFKTMVM9CAD0H83ND4IU6', 5);

insert into CATEGORIE (ID_CATEGORIE, IDPARENT, LIBELLE_CATEGORIE, ACTIVE) values (0, 10, '237PSPN4BC GT8PBA7HTGV8QJRVIEOTPGCWF5TLPC 661SXXB4F PJVAMBYLGX59Q589 0R6W9J0YP9AMJUX2JL7E8OINFOGAK9A9LGX53NHGSOSBE3SFCB75TFBBJHF', 18);

insert into CATEGORIE (ID_CATEGORIE, IDPARENT, LIBELLE_CATEGORIE, ACTIVE) values (11, 16, 'XHOOW74VK5R292BBWF8NON0DN4B0K0PUVHWJNODE4TSAYVEDA6YQJJXH1Y2MKQPXP W287YJ4E9Q6TEWSXL7O9CPTY18A10GH6DG78RSDWF0BRUE4R6BLFRV JA0MD8N', 0);

insert into CATEGORIE (ID_CATEGORIE, IDPARENT, LIBELLE_CATEGORIE, ACTIVE) values (14, 0, 'M1N05GW4Y26QQWIXGJCBTXV9UVJ1EM8CXCQ FXL6HH KQOA29WFHOVGO7X5IBT VNL9NCW8 WJ27GU7WIAF6FOGH7G4O1EK4G3JE6YC8LC9D FH2KWXRA40LGY3Q2YAG', 16);

insert into CATEGORIE (ID_CATEGORIE, IDPARENT, LIBELLE_CATEGORIE, ACTIVE) values (10, 1, 'E JK1XM0BT2TANGQ6Q8KC4EGWRGYUGMTW4UKY X29OMBB6OMHJA2K02YXY5NQ43OU6QVWI9L0DSQSTTW2VPPVALMCFT5YGI1HK5WO7TCK6 VHQODW2PX1TOGCSRTO8RE', 8);

insert into CATEGORIE (ID_CATEGORIE, IDPARENT, LIBELLE_CATEGORIE, ACTIVE) values (6, 7, 'JIP531WLC4CMYBABC89ASQA0JHX2YIXT12K6TA 652NWQARK79VBREGEXQXBSM7WIYOJDHPF7LCN9NDGOTTLGID6YJ0007 RTRMT9GV732IUTMMWDEYPB0FIFO4MF6T2', 3);

insert into CATEGORIE (ID_CATEGORIE, IDPARENT, LIBELLE_CATEGORIE, ACTIVE) values (9, 14, 'AUJMU9EYVOXHPS4987TAO652KPUQQPCXMBCLGCEK EXM0 MJQ9M2SI820YDUI8G5X3IH9B6K8WNAT916OD6ORTG8UKMK9K5WQVAYD53WWQRM22G7951VO6WTGE5HEPK0', 17);

insert into CATEGORIE (ID_CATEGORIE, IDPARENT, LIBELLE_CATEGORIE, ACTIVE) values (7, 9, 'Y4GRS1Q5M7NQL2444WCFIYNNQ6497 0RW4IOGJUCGCDS66F2BSW44S02XCEKXY YDUMJ4FB3V1K IOWL9R6R9NIVQ5J4PI31G5K6LQ5IRWLJ51AVUHC9NPPI7MNOJT5U', 13);

insert into CATEGORIE (ID_CATEGORIE, IDPARENT, LIBELLE_CATEGORIE, ACTIVE) values (2, 5, 'RMTFGUKADDGPL3EI9H5GTGDVTKM DB1T6NI89DYKEMTR8VBR702BBOHFGKWT2PXY3DDJH9R3XO 1CS5BR47QHG46F0M2C 0PBRU9FOO4G8WW6G9HDM9QP2HMF1LKWGP4', 2);

insert into CATEGORIE (ID_CATEGORIE, IDPARENT, LIBELLE_CATEGORIE, ACTIVE) values (4, 3, ' I1GC3JEVW8PRS5 W6PA360SKL979NLRO4O3GABBJY7V70F6O4KHUO9ACDQXWFEOEW6ASB5M3ISTDLWXDOMDYPY8OVSP8X JJWJ3CFCRQHL23AJL3S62DRX8WETHHJEG', 1);

insert into CATEGORIE (ID_CATEGORIE, IDPARENT, LIBELLE_CATEGORIE, ACTIVE) values (15, 15, 'W IN AAMXHT346G4C6CPWK7IRYXBVYT3ORG3IRNNN0FF3JWX0DRGA60PCFT8I4LQIMENM 5S79WNJ0B FOTI6UN39FWCCB82DT0HXGQKDAJCXH9UB5I467MGEC8QB2DD', 7);

insert into CATEGORIE (ID_CATEGORIE, IDPARENT, LIBELLE_CATEGORIE, ACTIVE) values (18, 12, 'R9MVWUG0AU65N5HHTPHJO2K25DHK95UGGQ82 6JOHIBRWEWJGX223NCQ9G11UPMOPRGFHREN N7TW0I35980OBUVWDVBP3TV5ON8M5JL4EN2Q0KQAYMQMU8COMPNFYQH', 11);

insert into CATEGORIE (ID_CATEGORIE, IDPARENT, LIBELLE_CATEGORIE, ACTIVE) values (19, 4, 'UJQWK7OMON59DOEPMXIM05RKIIUCD8SE99CTB2NGU5U7OKJN9 U4TKWHU59OY5M38HRFU3IA7CKOHKNSUO8N L6MFEMYD6XL2OV701DWRISKHSKWACWP94EYHW6LS5ND', 6);

insert into CATEGORIE (ID_CATEGORIE, IDPARENT, LIBELLE_CATEGORIE, ACTIVE) values (5, 19, 'E0AMJVLKXNMQAPAA 2TSD9F2M4WYA3UICJ873TM2HNU3FYYRQSHG CB0U8FGUDQLE1NJAG4SN2WKALUOQ46AK4BEK8 LALOQF117KKWL2AV68TFXJKRVKJREMXHUGN8L', 15);

insert into CATEGORIE (ID_CATEGORIE, IDPARENT, LIBELLE_CATEGORIE, ACTIVE) values (1, 8, 'W5D4JXIF7RTS6LA6JGROC6I7PVX27BTU9M3MROWRUVI5W3APW00BXKRG3BRLTVBOD EE1RS5K0833Q3XQGIGIM7S1LV0NHJMAG0M L3247667EBCRV8ANVC0G3BDLP4Y', 4);

insert into CATEGORIE (ID_CATEGORIE, IDPARENT, LIBELLE_CATEGORIE, ACTIVE) values (12, 18, 'F08L4XXLO891MAO055V4S7UEO TUGBWILD1JUQG9ROYDLU2HDXP7CRHSJ9QM GUM223TGC46CWHT9TIVFLRXJ 8K5N1WSG24HGPP7AGYT0P5R79SNEMKKK8L4NGWE VF', 14);

insert into CATEGORIE (ID_CATEGORIE, IDPARENT, LIBELLE_CATEGORIE, ACTIVE) values (17, 17, 'WMUN8G4RYY230ANFSBLKJJQAEM9W8YOIQE30KY09XERF O8H03MBE46MEMH8OM3SVIR8573QBUL0E7M5UBBA3W52WJP7YHV9MDQRUXKV5K0N00O8BAX FPFN3 A67BWG', 19);

insert into CATEGORIE (ID_CATEGORIE, IDPARENT, LIBELLE_CATEGORIE, ACTIVE) values (16, 2, 'L6M4E1R SK58EJE R5DU2NUXLG5KJ5AFX OUHU5V3PTP3HX90R6HN4IYF3VRWD7R2IRGNUCW9KEYITJE7TMFQTMD YR95K2KXDGLFW5WVK00 TP9 RKBPPJB4SQJ3ODJ', 9);

insert into CATEGORIE (ID_CATEGORIE, IDPARENT, LIBELLE_CATEGORIE, ACTIVE) values (13, 6, 'SWYU43IC0TETQ01ACUJSW TF16C3EVUTE85V2TJ42B HX8BFO3QHL73XEEUJOMB4VAJCHPHQWSS0LMF5T914X79K8N4EEOSOOPA1FPR6RPLJPJHG 0WGX09L SOA01FB', 10);

insert into CARACTERISTIQUE (ID_CARACTERISTIQUE, ATTRIBUT, VALEUR) values (6, 'DMY00MTGNWXSE9E0CHTNVRVPUPNCPU3OHBBHJY1BEHNWQQ4ASYTPMS 2OBKX3H6AME4 3X4GSSJCD0XNQHQACPSCUMC 3AWICGUCBV9K19LDUWPSFLFCN00ISHSALP7R', 'VXI5SNUEDXASYYK23I3B8MOPHTITVN224TO8J7L2LFCLX46TPI99TLO7B8JBR J6YEB9HXPI 3BJV7LIB4VDH4BTX LSSRSESOQH6G8SMO285CK626J P48TO9CCTTNK');

insert into CARACTERISTIQUE (ID_CARACTERISTIQUE, ATTRIBUT, VALEUR) values (2, 'MVJIRESTU3GBJHHVKJAS1HN FGDNGG61TS0EWH7XB8HHQ3EM6DFJW5QQ1W8VHJ2TO5P 0975YHL7NETCRWMMKCJAC07U98A4DPP8F8M9MCGUDA6S6R907QHQEOOHD3EH', 'IDW7 VEG3S4D100DGBLBVO73B076J831A1IP9EMLESONOYX8H00R8A8X1Y4HLD8MTYUC7OETVSLR65KDGFFM MEAEOTIHWES4AVIYHHBAQBGJX9Y4J4C7N0JDGKJNR E');

insert into CARACTERISTIQUE (ID_CARACTERISTIQUE, ATTRIBUT, VALEUR) values (1, 'IXP796ELN6AVY06BPDFRY53LRMTOBY51345XM2PYR23NA0KQ3UUYTT20CDCDFYEDGC2JGASR2WEQ72CFD7WPR6BMG5PM1I5MGF65NF5X3DIKG7LD24L4MYULU2 EAANI', 'NU6KK0OSUB2KLVKOO52AWPHOCDEVH6LYAC2Y N0E4 LV6S4ROTTXXAE54AYT6M GB6G523NX40E8 VR 3UNR59J0WWHRXV1FELWOJBXO9GLJMJHMACI99QRSAL 2S1VV');

insert into CARACTERISTIQUE (ID_CARACTERISTIQUE, ATTRIBUT, VALEUR) values (0, 'A1UW0BCUSVBQOSLX36NE37UNMYVRA977JJ2Y765IHOCREES5SMFQV8N CETS1OCH95KKVGIEXTV92YPIUKXDHMRE TSLF3OMVUNYIUGL90PV3L41EVSJF7S7UEKCBA2E', 'LLP03KAFC5 OLGFI27W1U34KAM17PEPGFYPRAEEKKOYMDMV M53LG1VXBXXMKNU8S9IHMM2XKFNC8CBXIKYKIID28CJT6MWWXT9TFC7XCKSSF3CSSR1MCR3M7EH97KIL');

insert into CARACTERISTIQUE (ID_CARACTERISTIQUE, ATTRIBUT, VALEUR) values (10, 'J7V4 UP4L VHVCPHOBYBLFDQ6A0V13V0MCT9DYIO7D0PMW0C7VKVPRHHR46733POHNTLA8IFOTE PBAQ AQ59IM3VY9OPB2DOQA C1W19P3IKEEA8291W7KG0M41V7UJ', 'MSWF1YWID2S23RPGUOIE8BSSXF K8WK2Y3V N3H5HMO8AECGI78LA 9CEKXARF1JFDE6CQAUWQ8C GDS UQXKUII4PU1842T 5BS52Y5ARRK KY X 5718P4WJYGXB05');

insert into CARACTERISTIQUE (ID_CARACTERISTIQUE, ATTRIBUT, VALEUR) values (18, '4 EB4 3QM8PMM7C8OHKI4LA22P95DG648IWK10I7VEKM73AABKSGAQTWCKST 3ANQB7OHBWPIXMUGQKPO6NVP EHICHVCDK3T3EMNC01GEJOI0PALXKTMXHTP1U91VM2', ' N4MYN62QPC23PK4BSA6KU4H0I482MBE4XXFL7U9NGN0 3OSN6NPYL8G5WT3SWMYJSJ2TV TXO0M8815RTCNTONGCPAQ4APPUTGF7YTEVPG6BXITW96UTL6D4QA  9I2');

insert into CARACTERISTIQUE (ID_CARACTERISTIQUE, ATTRIBUT, VALEUR) values (9, '3B9GRVVH 5KJE5BCD6M94HMJFAYWJG5MIB49UWMWT8NV1L6QP4JC8SHPLMLQ761DH532WTIO3KD496ATPQO5WDY JA5QCJBHSNV2T60QBT URWQKUP4SYX2K EQ 356N', 'XEREC3P84TLYM942QQL9E4QOCLBK8H416O9XN74YTYRAGL0JB9OUYAEDANJDM0T2ENB HHRWEWXH0KIK4Q7JTHEXP1Q9T3 7P 3J4EGTT5P E35W1RKE7A6GNPD4DB6 ');

insert into CARACTERISTIQUE (ID_CARACTERISTIQUE, ATTRIBUT, VALEUR) values (13, 'OFTDDVQGFEDJ82RD2LIH4H052R1GL0 1QYX592FVSL5S7CU8NP7D2D4YB HATC6F CXO370F4EH54LJOC38QC5WQPH4KPQH3UM34D0K7LL9BB0LP9N9TEOYTKGMH0YOU', 'Q69MPQ50D3D4ODIUCOUF6LAHNDIVRH4IGK9BAH0CRSVEPWGAQPRRUKE5MIYHBQPF864QW0A634T9CGWMBSPF2QF2XE4XEI UWVKXEWHFXSF8B1YQKOONPRDF84394G3F');

insert into CARACTERISTIQUE (ID_CARACTERISTIQUE, ATTRIBUT, VALEUR) values (11, '5JHUIIAQRR0X4 VX  LXM450PTD5I3Q 6LO3TYM5K8YOOBFEDJ7DAWFP8DDTTJTFI419KY11F6V91 ITUIPIKQVRRMAPFX5J88HOTBAK2HAG7AFA5WFQJMTMAUG3T889', 'O9Y4K16J78LU90X3FVFJHPEYPIKHMJFG5RBF3K3G8NXOQ 6N7O9A3VWUX6 QW1GMCLB5LY7PR3LA7TCXM6762UBWRIC2UGV7OOBGKWKB BIC0P5YS9XGUHCENPCO9MG1');

insert into CARACTERISTIQUE (ID_CARACTERISTIQUE, ATTRIBUT, VALEUR) values (19, 'TSNQO77EPVE23TQKEHAG6TN856VABNM13GSX10STXSYVHF3T7SW5FVY25H4M7O2WCOUOTG8JPJFR19BUI6H92MJ6IEKGK3IC8OEHPIUUH5 KFPEXPP0CT782UC36JY G', '0S9OFGDUEX6IF4GB9IPDTXR6BREQVM7EJHU3IU2E09RFMQC4 EKB8MJLWDGFCU78Y2B21P5L6G5VNM 0A44LBARJ12805WSWAMPY4UBKPFULJ2S4YNNM4VRFO61QRSDB');

insert into CARACTERISTIQUE (ID_CARACTERISTIQUE, ATTRIBUT, VALEUR) values (16, 'VGPWEE3J1FD95IIVLC WA04U4JD82MQRQSMGGPM M01QMNX1CPOJ0PF4S0N2 Q3GP8QRD882S92 6D3BK9YUE9I0OIT655O5459FI2U5MB7008N599DHSWW80LG26330', ' 0K6UFF2QWYD5M953S4TNPY86SUXJOK XY753TI8VBB0B61DC23MTBXFDRBXO33UDTJBRRQW4YEDPU HLSUIEIE1GRQ2DTWH0W48M7EAVUBCX22TA4A03GAL171RPW0W');

insert into CARACTERISTIQUE (ID_CARACTERISTIQUE, ATTRIBUT, VALEUR) values (15, 'MO145LL7K7VUB2CFTQ23G69YFMTAP08REQLIJHQPEK3K5Y3N3GYEIVGWYOTG7N2NXY3BQONNF M9EA0UA0I312GE2OX642SH4VFBRFYK9PU2 SAJ0SW Y5F6LCE2QKOI', 'W49EAE 8YUUTHIG67W0OKIO74BUFLOOPKCSDDX42KIGQU7FWIU71BCQG33FJXS91V2BQBKMPC963BEGXTERRR UHUBPLI4AI4P 5JEFIA9TV5N4L4T8F9LJ JI921WHC');

insert into CARACTERISTIQUE (ID_CARACTERISTIQUE, ATTRIBUT, VALEUR) values (12, 'CP18I7CI TQ5MDDTCWYU6QNMT23TAP8LBI2XUSQ2271O19R9P94IHSNJE5I4WE2372C7GA5ECG1WR 6 XMJTII DEMTRKT XJ0AY 1T55 S3BCIPAF0OUEG0C9UH9CWJ', '0BQ7BVMFUGR4FQ8XU2SR1RI5U2AJ2JO7PV0NTLIYVK2X9TOCS0BE88KQT2PM4UUDO0256JG3L3FCL9JW7695Y4Q WE2VLS5MU8OHEX2BND9K8R33OYUP3T5OXSK TQY8');

insert into CARACTERISTIQUE (ID_CARACTERISTIQUE, ATTRIBUT, VALEUR) values (14, 'AP33YO1H31WH2EQLG   17 X2N23UPXUSBGIU3C5CKQFBJ1EGBJQF O3V6NE0XACUST80IEECC7AADRBSAFUC2R1H0DBHAF3MTA7OD1 1WYE2UE7CG3D 3NS 1NPRCWN', '6CBFIC8N2WF8PSXC 6CK05L6Q3G7DCH6G8797A8MAS622A5HJWLQKW3QTOHE8O0SCSMTU7 5AVU39204F94G84GQMNC4GX OV4JGIY6EV0W2AFVFE7834VXM7BBPG0TR');

insert into CARACTERISTIQUE (ID_CARACTERISTIQUE, ATTRIBUT, VALEUR) values (5, 'PXLH0H88OJ97N4KDD9LDHYVYW1NHCYE22E444U401E250Q2NMUMVUU6M5G4MM7U 4AY8XR0O7DYOYFVF47L016FG2KG4UI9JNGRWDWB5P37C783NF1JXUQMMCFR08LSF', 'I3KMAOP27XHQ1 92LKW17DXBWSFEL53H4EYO4SJDV4G BJTBMUPSF73CHXAK3VLUYFN5U V2WT8LSAEVEEVSI63P8D8J5Y7DQG7I780EO2 H3M02DCCK9GWXOL5RSF05');

insert into CARACTERISTIQUE (ID_CARACTERISTIQUE, ATTRIBUT, VALEUR) values (3, 'VJXA72NUH1ONFI0PFV4S2I S5XQAUDUVFWHL4HRRWEY55T0MF1RSAUS80NS3P5VL9S40QJLDN89GT3OW6KD54ALQW  JQELUV54UK08QXBF8THSJSDP5 P1J54 QP RH', 'IHXAVSF8 PFKQ9RQ9KPO7DJ4UQPM N7PR8N2G6RV2B2R56X6AP5PYN7V6V4LM977EC ED9T7JBY2ON1C19K7V8BCHPC5I4HAP32X23IOFUUGI6NLJHIVBDC70VXU9HS5');

insert into CARACTERISTIQUE (ID_CARACTERISTIQUE, ATTRIBUT, VALEUR) values (7, '2QIA0WVEA713EG76T2039AWIJ16VCYDT32XPEGWGOA9RPQ V62BA9F6 7HK6BQJQKIPGYAVJHNXXVBB98M833UYWRYUV4XKLK3RUT8GTG9KEVJLJQO0VWJJN6SA76HWD', 'FOTBS3 66V40SNJW6C5BJL0NDN47KRYGN R8QXI6M4WRM4NQSOCAOO5EM6UTUQYHWO1E0HFP 3UUW113L1LISQQR7CKAJF 038IJM1EAX3DCI0YJ7T2RT3XI VKAY5BB');

insert into CARACTERISTIQUE (ID_CARACTERISTIQUE, ATTRIBUT, VALEUR) values (17, 'KQPC EJYTS9WJYBDU0N3NRB6T2XJVN3ID3UCG9565PWBQF5 46P682X INC5GWY AM3B2FE9FBXF53X5JIHMHB32F7WG10DC0H1SLYNG2MF5DDN6I5UX3LQ066ISP2DN', 'KXNHI33 J7HF81S4O4LSOG1 87NHBHHA2SM GFED98VBPC3GFXNF3PI1LKCKQB18QM7X74EL VU8JFKPCWCKS30150TB9ST341V6EI9BYIHF632HMJH2B39YEBXGTCQA');

insert into CARACTERISTIQUE (ID_CARACTERISTIQUE, ATTRIBUT, VALEUR) values (8, 'LRX9N2CLWG8EXYGURXENPCVVSQTMFE8HI6MAUA503FR48UMJIKCCS7Q9OW0E3MAYPBPHMGVLAX3ANBM5EIKMT5PBNG3LHN3PFJEGFOEQJ3 VDW31D L54FAQYXLR9NBX', '6FRMK7CQVCC52FM0 4HV6G88734S9QWSAWM7565JTDTRGSE0GOHWR9 TUQJ7CWK26GVVILC ABULKSQRI276ETR92C IP6452RMOWXRV7R11ID302V3O9S MYWXMX26L');

insert into CARACTERISTIQUE (ID_CARACTERISTIQUE, ATTRIBUT, VALEUR) values (4, 'F JVHBWE8XTXJER7U0NKXJ6O7PRG15UCSINE01K194PJ8 K4NFKKEA7XHVG7BTN62UXR4TWNT6BSD LR1RUWLSDQ7C9OHRV84H7PTTERLF2TU32PLEOCGEUV8TDHW8VS', 'JCLKHXDIV0OIAR54DI6GI07F02FGGGEIJI6OCMBQ06OFUEPY458K5Q5U6EB0OHOIIBG1FDWXP5P902PUFQL64CNHQ4Y8VI2Q7K3TNRJ0ILXJHT8QS0BD8NRJGBF588RU');

insert into ADRESSE (ID_ADRESSE, NUMERO, VOIE, CODE_POSTAL, VILLE) values (1, 'UCHB72G5L1T9BC2T', 'TJQ25VK1206J3HVP8KQVKBGV2YOC8 6LAVPS8 DTF0J93GKYJBH 4UFWB6BAEVY432YPFJHP40P7G88VSA4NF3E4CCJ7DA627O8VSK0VYX2G7 Q8W5Y7OKA6C1VVXA08', '5OKDGDMX8FCPQU6Y', '90GV0SMM84JUASGTUDP GBVNUJBDP2I57KCU6WLE0K5TGJW807U 9BI6 W8HA14N');

insert into ADRESSE (ID_ADRESSE, NUMERO, VOIE, CODE_POSTAL, VILLE) values (6, '1PP3FJGM4FAE3FP5', 'FHFXT KGK16MRMJVLTGHMIKTF4WQ5N9HHIKYCDJQKUQT0URNLJ7V9WEQNSENN0CP 6UNO6WXF5MQ547GGQ1C4LMPXFC1CQGSI2N6HLABJ0TJWQB8O8UA35QK4SSWL AN', 'L0BO19EFYUAKRE67', '8ISVCG91Y7HSN4 QFOSDQWARCRM6JLOKAMCTWKLHLNNNHPHDXQVQ1 HMMJ PJCS6');

insert into ADRESSE (ID_ADRESSE, NUMERO, VOIE, CODE_POSTAL, VILLE) values (19, 'Y729G40 QSEM5FPC', 'H4F9VL297SJ BR6VO3QQF V3 U1O7OBA9JW5AX63M53BU0KEQLY7V6S86WGGBKLN4RVMP686W YCD3WU3EVPIP T8IMQJ4WT6KB DMJX1ITD7E77TE2UUAJRNJAMUNMU', 'O XD28PFXTCV34E6', 'E3B1UVJP09N6XTEX3D8UTXR03BAR5QJ5K9 X98O72RFP3E3IV3SFG1IW3IJG6MNK');

insert into ADRESSE (ID_ADRESSE, NUMERO, VOIE, CODE_POSTAL, VILLE) values (10, 'VLQ34DFQ3V8GNWEQ', 'J E42E S 8E8049K R9QTF83S29RM8RS6CDDUD78KVQCW7E1I B0QDHQXINAOO3S 9ON98FSIHWMEDOS8Q8VC6CR9KLU8NY PKYF9EKYGF5HD6TYU38YRPL6W7GPWJDL', '9MLMW3DSOMQHJCO3', 'MNVEPBAFI847H6NA3MKKNDVBTSXITLINE7IV4K8YY  2 OQDIXP1JSIAB4S5P44I');

insert into ADRESSE (ID_ADRESSE, NUMERO, VOIE, CODE_POSTAL, VILLE) values (9, 'YUAQOH2W7 C1S9CW', '3HYM646BY9XX5W4R2CMKJKK3TOQKOJ0TQFKRQEHIGXTHGLMEF3XFM5CMXI3Q0M8W34WV42D3CLJ5G6 6D6SVDOMV1JC PJ 4NK5IVMBSTN0IM9IDAR PJ2R3WSHO1TYS', 'JDS96I2ANYCJSEAK', 'K3OBT84CYMFBX7P0SEK1OWVXMQN3UC4EQPB9KA47Y22G1TKFFKOD02YCM76LO9XK');

insert into ADRESSE (ID_ADRESSE, NUMERO, VOIE, CODE_POSTAL, VILLE) values (8, 'HOQR0UNMUKTTXKFH', 'O2QTYHK84W9OYA6AFAIAB3RF3PKNMTF9F76CRQX7BCHARFMB FHI9AB56XYCJKDV0T6B1CXFC82HTP5T175TDXPILC2O7 E2H0LD  OP57I 9VO8LV 504YUO8G3JQR8', 'Q60KKKJ3PVD53FV2', 'ETGPIK55CGLHHEYUXAMAVIHO5C5H0LGA0ED87MPUD9X0PK8MNR9M27T3W7K43XEV');

insert into ADRESSE (ID_ADRESSE, NUMERO, VOIE, CODE_POSTAL, VILLE) values (3, 'VDUVQPCTERH3OY2K', 'S8ES650UH2I0PHT K J  QPFO2XMQ8FWS5T9N2FP30VC2VTLPEKCHF8OQMDRJPYI7S52RT 4KEL8R4LJR8 S4MH X UJ06KMQCU3D7I2F SIK6QDDUUDWJ2R8HKLMF7R', 'JDQVT28WQ268GKWI', 'USFXMT0 7745QSC1UDJRQVYTI6ICKJ1O6I5F4AVAXBEHW9XHQUKLG1L3JXCJIJB1');

insert into ADRESSE (ID_ADRESSE, NUMERO, VOIE, CODE_POSTAL, VILLE) values (11, 'U80H9TRR77 T1E7I', 'YDLLMTFG3QTKNPFO0YCQ85AGIQX1A DKBQ5I73UAVW38N4K24IV0 A0KKMGHB9BM7HG845GI118YJOP52QXUCGUM1EU5DCWLX0MPSYQ7PY0ORF1M168H 0 5LHXQM4M7', 'F6M3U5NQ J72LNRV', '3F8WHXSIJV28WYABE6NJ7115DDFOCSWDNOK XGXGWHO1YMCYSM6JDX9CERF6YY04');

insert into ADRESSE (ID_ADRESSE, NUMERO, VOIE, CODE_POSTAL, VILLE) values (5, 'LAMC 1ARKIVYKBJG', 'V8NODC3 VYTLA5EWQ3A 574 GU5UFNM75J0 CTQJ3T PQSYS8QRPID1HJ5Y1IUFUO5G6CX17NPTDL4Y T95XRSKELOIQPNETU36TY9JLU395EQQQVU8HOC1WEISB9M6E', 'KHJB0 8F 3B04S0U', 'TN5Y C3XTYW6MUPVURS3RKX0TK13LIMRE34JOVRR GKEVYMJDF67KOBGUK6VYM9S');

insert into ADRESSE (ID_ADRESSE, NUMERO, VOIE, CODE_POSTAL, VILLE) values (16, 'VV 6DY0OXWTEG4P ', '0MK157GGTOC622AFMW0PEUI8I1XMT23YCB6FAULIOHA1YC8DA5KHKSMLIW61F32U10P543GHCUFXTKU XJ8A3IPBS21IJLQG2V0XWP65SAAJUG2NJED0E1RMQP1I07D9', '7ARI0ALER6P2R1FC', '6XU0F22V1FN 110H1P9FEMD4IUXM3C8PUFR70RQ5HJBR 0F7I03U9MQESRJXJFD2');

insert into ADRESSE (ID_ADRESSE, NUMERO, VOIE, CODE_POSTAL, VILLE) values (13, '0BNA4JYQXWOBO 6Q', 'FB3X44MEROK3JKIV19M6ABEWLCY05DVOY 4XVL8 Y62DXAF28YPRXYXHIRQJKCV8FWF7I74V07SNDORTTLIDXFBTI0D6F2LGGBGLUQ2WFGVQOM0LEL42BV49NF5H5DWX', 'HI2583P30A8I904C', 'X5JGOJ9IRTU2UJ4B91X3KPNSJVBW6GAIXXXM0TQ 5GPS83 FSQ295M1RK5U69R5N');

insert into ADRESSE (ID_ADRESSE, NUMERO, VOIE, CODE_POSTAL, VILLE) values (18, 'AHA8AQ9WMXM 3AN1', 'NRWF2TI2NXM  UG1IMRFICOBPOELNTE6I1HKVTKC UGAXS QLMRMCMUGJMP58Q8VDA7F7XYONT12JN2A0VNB0888SHPCM9COJU5YK236TL4A5H EXV5Q6J252O9VWA78', 'UGVQP8WR5QGIRFPB', '8SW52QUJX2IC5VI5DC318YGUKQSYKHT336KYA8277G0P1YX69DNNG15L340Y5JVK');

insert into ADRESSE (ID_ADRESSE, NUMERO, VOIE, CODE_POSTAL, VILLE) values (0, 'UH3FC24RJXACMD K', '7FLLR 0VJCMDN3ISKF2KVN8TW0E LJ AHXXE06HUQGLD8175XME4KG9UMH8GNHKLELQU1YU9AKCTJP790UA63NDVMF4KDCDWTXQ1UE4AYN6SL8CXOP23QPFL3EJ7J6M1', ' JDIC112F5PUPWDX', 'RR6HH2F22Q5BO227MNMUUY1KO2IDKLFRAF6SWRN8F9 7AVFYI8YUWNMDQKG1Q4CG');

insert into ADRESSE (ID_ADRESSE, NUMERO, VOIE, CODE_POSTAL, VILLE) values (4, 'Q7YTSWIP8D3T9RJO', 'LQUJWC02FXQVTI3XO57O5VXP4A2P9S2UF22I4EUV9XN73AK6QE9DE52YSAI 3S770AMKQ1NXXGSGO1JJDX22 DM31STG0J4 T0UYFF2KUJ7T71IX5IJ7S45YOI33C7L5', '1VL30 PL5AAB5E1N', 'PG2D7K3T5RSWIO77WITGFS4PJY48 F3DXCNBHLS 15XHEM6QM5I1PUD7CU1S1HVE');

insert into ADRESSE (ID_ADRESSE, NUMERO, VOIE, CODE_POSTAL, VILLE) values (17, '6JSQ RUU1EJ4VRKU', 'B6ABCKD1BL21QBJBE7ST3RPCGHJDWR1OVYK W7LQJ9PCSQDNHD0ELG542 MCUVKIPTIO2VB1LEKJ7VG LLM0F4W71JWJQ2XR1J4R4WTCJ9CY94UBUS762H2JU022LNGE', 'PVN2M97NPHJNQ IF', 'SVR65OGYQNXJCOVDG0IFF1YL92R324FB 4H43GEWTTJ89ID 3DF0MFYLCS50LY80');

insert into ADRESSE (ID_ADRESSE, NUMERO, VOIE, CODE_POSTAL, VILLE) values (7, '30VANI5R7Y  SDLY', 'W6J1SE139BTGOP9Q93G3G0F1VJ0JSNALA01W68KRMCXDKJ3DR18CX1EPFIR45X2E1N29T4OVBDSODDDD7BL36K1KNMIGU4610 8JNG8X0QPS2PSUAYP3CG4ONTMRJMNM', 'D0PKEEUORC3WVCJ9', '5E SLBM3SFL7DMHG5P1QTT90HH30MCFEUEMDCJSU1K5OB9MO2S91URBLKTP1GGRF');

insert into ADRESSE (ID_ADRESSE, NUMERO, VOIE, CODE_POSTAL, VILLE) values (15, 'PG6CVX0YDRVSJ4WK', 'V7AQ0IUJ912PXVO2Q9VJ0C 3FDKT7N6F7P5BN9OAI6GWOX371TM84LP WU1VA52OJ8WCQINS3CMFHRNKOIMF F GV TQMWBN9SRDSU9PBXGWU OE0GN FS6O2WVQFEKN', '778 SYV39CS5YH0T', 'J XLF08FTKBB6IXN9M7X1NA8BU8LW8O0IEJPCKV8D3HGG65B1M4W3O RES3P4E97');

insert into ADRESSE (ID_ADRESSE, NUMERO, VOIE, CODE_POSTAL, VILLE) values (12, 'DJ68B191QJ87Q51A', 'QO4ISLPQCQ CP153C4O9JFAW30DRD 405HJC5XUM7QGGG4QYT6T5 V BIWK6IRY5N0O2KQ43Y86ES8ODKNC2OEL8QKXYALOFAEEDBQRYGSQTW5XSISP 054X470JJ5KA', 'BO3KR1SRRK07BD02', '32AG0PDNT24U WPPMDE 3PS2E9UWQG7 ER57PR 15OUU22MV3QLSLHV3Q26AOO G');

insert into ADRESSE (ID_ADRESSE, NUMERO, VOIE, CODE_POSTAL, VILLE) values (2, 'IA DDN9FCVTUAQ18', ' 4QFWEJ0HBQ CD3NM5HCT 7QXBKXLUI7MST1D W3RW1N3BFFOLF79I31APJN3X5NYF0H4I04W M4J0UND7E4Y7S79D Q4FO7MARJYUM0EAN6GEXUBDI4WAVPUP4S521D', 'WEN0W2DQD4M3GI  ', 'IJ9S5TNVBEH8ETOUJXEFGI SUC1ID5LOFPXKGT N30 G357SUFPI12I6YIENMPRS');

insert into ADRESSE (ID_ADRESSE, NUMERO, VOIE, CODE_POSTAL, VILLE) values (14, 'XXIWA6UV0P6RJ LP', '7WPL3L6NQRE714VL3TYVKPMYWBAX4GQS63NI53S25OC2VOKH2H3GPAYG742TAW01X JO5J68YL370AK7LLGMMJFQGB5MELQSQWH1JWQ78CEJSY2DXOQIVUAC9BC1JDER', 'AWW3F9QQY 9R7IV2', '0VLH6D7TALGFMRATUXK936L8A8HGLYUY1XUW9Y8YHE5KX7K3AH3CPQW1WIM4YCVC');

insert into PROMOTION (ID_PROMOTION, NOM, POURCENTAGE, ACTIVE) values (10, '7GWAH5SNAKIPETGADST13NOB0O EDJKQXQEUG0N0G6DB2GS6LYHLCOWURIGKCD5F', 14, 3);

insert into PROMOTION (ID_PROMOTION, NOM, POURCENTAGE, ACTIVE) values (18, 'V7RH4 UKEDUGECVLWWVV U054J78QBGWSRJR3FFE5CGKDSX5QFTHLOKLADPBXDSH', 2, 15);

insert into PROMOTION (ID_PROMOTION, NOM, POURCENTAGE, ACTIVE) values (14, 'Y209V0M433J3UFBX03XYM F2XE0UARK2VM KWRSV3DYJL5KM18DXGVHY1SWS22F3', 7, 8);

insert into PROMOTION (ID_PROMOTION, NOM, POURCENTAGE, ACTIVE) values (7, '2 2ULLT76QK62N2XO 6DTED645I7OM70 FW 33B45K0H9SVSTVAX2EYYA1R9EYWI', 8, 4);

insert into PROMOTION (ID_PROMOTION, NOM, POURCENTAGE, ACTIVE) values (8, '4IQBHH7M7IUFETVB5O2TIKRWHFYCFB4VHKTAMM6RK9DBMI 0BP4HWW393B7CB3UE', 17, 1);

insert into PROMOTION (ID_PROMOTION, NOM, POURCENTAGE, ACTIVE) values (12, 'FQ2G5M71T7IL  A EXNGXMHWXJB6L07VQV1CQVAJ0KVOHI SX3LB59I48QPTP0IP', 16, 13);

insert into PROMOTION (ID_PROMOTION, NOM, POURCENTAGE, ACTIVE) values (15, 'LO IW2OVICQ0 SFJQTGN1O0TL8G6YF7QNLSL15P76B038N7W6FH2YXXD19CALRWE', 4, 5);

insert into PROMOTION (ID_PROMOTION, NOM, POURCENTAGE, ACTIVE) values (11, 'UUY7JDX782AG B 1Y1J88FBR1QQ7RUEMMHP1L911BWSMR9LO5L4U2TIGEDQYHRKX', 13, 14);

insert into PROMOTION (ID_PROMOTION, NOM, POURCENTAGE, ACTIVE) values (17, 'TBVSDLTIGXE74811ARGLI2VFDQ1OQYJ9LV 6XHBT43NSF9IXB0B8LE 8M10HD2I7', 10, 11);

insert into PROMOTION (ID_PROMOTION, NOM, POURCENTAGE, ACTIVE) values (13, 'NJ6Y8AOS51S10NANKL8K9AKW7FPJ52WUYH9Y4O6RT8MM3 U0RKBDAJJ2KQR1R58Q', 15, 18);

insert into PROMOTION (ID_PROMOTION, NOM, POURCENTAGE, ACTIVE) values (9, '0MRYFJALSYP9T5UE2PFHG9WTLKK7RV81MMRUR3NN476P6B0Q N TCQWVKD4AN0SF', 9, 12);

insert into PROMOTION (ID_PROMOTION, NOM, POURCENTAGE, ACTIVE) values (6, '212IRU1VCTWO4VCEJR38INUC6B2KTNU2 24VWKDQABB1ILWE16JOEW80HFODK5NP', 18, 7);

insert into PROMOTION (ID_PROMOTION, NOM, POURCENTAGE, ACTIVE) values (19, 'HT1VKBQ7A5LK3GY7AVS5DNS31G 134HM 2JH3FDS0FI6IQWUGKVLNFBEOWK HJVK', 6, 0);

insert into PROMOTION (ID_PROMOTION, NOM, POURCENTAGE, ACTIVE) values (16, 'DH2PNHOKL3IQC0AW4QJ3GYR7Q5QLSKFW FONEF82IUQ613VE9O7NUAADY8DAWOYG', 1, 16);

insert into PROMOTION (ID_PROMOTION, NOM, POURCENTAGE, ACTIVE) values (3, 'G33BCFQGQ7XG 4J0AGWERR6AE34KOOELWEPUEX2BJFHKGJ9V XDG4XWVOE8XUKWA', 11, 6);

insert into PROMOTION (ID_PROMOTION, NOM, POURCENTAGE, ACTIVE) values (5, 'U4JEFO8VNLJINYAOLQXYOP0JNKKX1QPX6SB35PFT9IRDNEXLO8N368B8OUQ4SP9I', 0, 17);

insert into PROMOTION (ID_PROMOTION, NOM, POURCENTAGE, ACTIVE) values (4, '8NC58A0DUTL7H4PFAO626 PIJ8X2LG4KPTNT82FBFX150LAEU V67N9ECJ0GR314', 12, 9);

insert into PROMOTION (ID_PROMOTION, NOM, POURCENTAGE, ACTIVE) values (2, 'Q5WCLUDXA0TC3PGC6YPNOA7EOBIXL3WPVBE1OTM290AYFH7KJ3BTW4XOHXN697RI', 19, 19);

insert into PROMOTION (ID_PROMOTION, NOM, POURCENTAGE, ACTIVE) values (0, '2P57SD53GPH6MCN KP104S U5I8WTFS2MJQ7292UHM1A8X2YAXSMG310G SW91EM', 5, 10);

insert into PROMOTION (ID_PROMOTION, NOM, POURCENTAGE, ACTIVE) values (1, 'BSIGNGOTA1AJO6XG7M70X6 XK2FXIN3UB8CBH8EWA288BBTW5FKOJGTS370TA3JY', 3, 2);

insert into ROLE (ID_ROLE, NOM, ACTIF) values (17, 'PFBVWYMQ6VSXHW94NEP43C34IGJ60L4QJ GDQNH7YCNO0M18198V6DQYE0SVB3AK', 12);

insert into ROLE (ID_ROLE, NOM, ACTIF) values (11, ' NL6 9YOHIHAJKFWLL7M5YOQRAI3AWC8K4U54NR6SNPT6RI13HLT MQB9HFW08 U', 13);

insert into ROLE (ID_ROLE, NOM, ACTIF) values (14, 'S 6TR NIQ7PUEYMMVEL 9BT8TAKI1 C JCDXOTVGCI808WC9KDP7B829U8CM8FQ ', 10);

insert into ROLE (ID_ROLE, NOM, ACTIF) values (4, '0EQQPJU2NKJQ4 UW9CNAOMXC0WJCU2EM5QR3NVLA3KCVH4M92CQJLUL8CEAM8YFX', 14);

insert into ROLE (ID_ROLE, NOM, ACTIF) values (19, '6QLSAUELEF5GOIDKG2XCBJD6BICFQE1EUJ0QAPP0QV F MWNC3U2XMQYUU3SK2N3', 19);

insert into ROLE (ID_ROLE, NOM, ACTIF) values (18, '82GR7005PFMUI86R1RS4GBCV7UNQSTTJU22VHM21ACGREDDS94OXS30T2NOCHU9X', 7);

insert into ROLE (ID_ROLE, NOM, ACTIF) values (13, 'M KYJNRBWPIALCQ3444 TPP5K7MPKMUUW5F1MJ44BCIIYSQL5ECS77HS5AH0VVLG', 1);

insert into ROLE (ID_ROLE, NOM, ACTIF) values (2, 'DLO5YXC5RWTMAJ QAE9WNWN7RDYE4MPI652BKTRLTSGRBS7GVCFUNGMCQSD205H8', 2);

insert into ROLE (ID_ROLE, NOM, ACTIF) values (7, 'WF0NJFV8J746MYC9N928PPYPRMS813GCGVI8PBBBC354PSH8RY2Q6UFD QU6PA97', 17);

insert into ROLE (ID_ROLE, NOM, ACTIF) values (3, '7MB7X9 N28HUYBTVS XYACXWYQU7CVOMXOQSXERKX5TORSRBOOUM8WHEK2RMAAPX', 15);

insert into ROLE (ID_ROLE, NOM, ACTIF) values (15, 'RRT5A2TYL6FYARV5S7OG2JBG7Y9SN9G1BE7KKYF74DB1P5SLXHX6TKRANDL3KR7D', 9);

insert into ROLE (ID_ROLE, NOM, ACTIF) values (10, 'JX997Y18XN1C11E9A7PMDKDL 3PY 2EWTEXLIC9JWMWB8UPFEUULHDSKUO8UUQK3', 18);

insert into ROLE (ID_ROLE, NOM, ACTIF) values (5, ' PUUSKS2BSTF59WUBNUXW5V 6EE7XLJ 7HDE6FLDUCD4I9ARFOSI7AL4DG4KYR52', 16);

insert into ROLE (ID_ROLE, NOM, ACTIF) values (16, '35DOQ PHKAU 15B0JRG8XJ3T7OYIJNGHN I2EKC1 E2K9EOXVIB3HUOFUR5J7XQT', 5);

insert into ROLE (ID_ROLE, NOM, ACTIF) values (6, 'BX113UX4 9NFOV4E0AF06HSTX6LBDJA8WRV3LOXDU8R7NMMU19K0B 2EG5SHEROD', 0);

insert into ROLE (ID_ROLE, NOM, ACTIF) values (8, 'N2LQK93 AEAKH396CE34Y785TO NJ2KF65EJL27OGPR7CXAVSE4F789JTLYLWBS7', 4);

insert into ROLE (ID_ROLE, NOM, ACTIF) values (9, 'J5817VCOTTCSE16XMTC0 H7KQH9 JKDW6 MXTNLSC7U4LOFWHW405LBR4O1LG5GB', 8);

insert into ROLE (ID_ROLE, NOM, ACTIF) values (1, ' ARSPRBAC6SXVCTTGRILIJY73B59HSBT5LIB3S 1KPC21U7AY86XOJPI1D0RECF9', 6);

insert into ROLE (ID_ROLE, NOM, ACTIF) values (12, 'E3D75L6D4M9CT8OHWYHAA49TTIS W3G0TTJ8UBQ7MJ0NVUD KCEVS2HRP88SKG41', 11);

insert into ROLE (ID_ROLE, NOM, ACTIF) values (0, 'TLT56GK  TQWPCN1MLL KGEJBSU4W8DQD0ORXNSOKM60SN2C5PDYXO5WR9PX9IA4', 3);

insert into LIENS_CATEGORIE_ARTICLE (ID_ARTICLE, ID_CATEGORIE) values (13, 8);

insert into LIENS_CATEGORIE_ARTICLE (ID_ARTICLE, ID_CATEGORIE) values (4, 3);

insert into LIENS_CATEGORIE_ARTICLE (ID_ARTICLE, ID_CATEGORIE) values (1, 0);

insert into LIENS_CATEGORIE_ARTICLE (ID_ARTICLE, ID_CATEGORIE) values (8, 11);

insert into LIENS_CATEGORIE_ARTICLE (ID_ARTICLE, ID_CATEGORIE) values (17, 14);

insert into LIENS_CATEGORIE_ARTICLE (ID_ARTICLE, ID_CATEGORIE) values (19, 10);

insert into LIENS_CATEGORIE_ARTICLE (ID_ARTICLE, ID_CATEGORIE) values (0, 6);

insert into LIENS_CATEGORIE_ARTICLE (ID_ARTICLE, ID_CATEGORIE) values (18, 9);

insert into LIENS_CATEGORIE_ARTICLE (ID_ARTICLE, ID_CATEGORIE) values (15, 7);

insert into LIENS_CATEGORIE_ARTICLE (ID_ARTICLE, ID_CATEGORIE) values (12, 2);

insert into LIENS_CATEGORIE_ARTICLE (ID_ARTICLE, ID_CATEGORIE) values (11, 4);

insert into LIENS_CATEGORIE_ARTICLE (ID_ARTICLE, ID_CATEGORIE) values (3, 15);

insert into LIENS_CATEGORIE_ARTICLE (ID_ARTICLE, ID_CATEGORIE) values (7, 18);

insert into LIENS_CATEGORIE_ARTICLE (ID_ARTICLE, ID_CATEGORIE) values (2, 19);

insert into LIENS_CATEGORIE_ARTICLE (ID_ARTICLE, ID_CATEGORIE) values (9, 5);

insert into LIENS_CATEGORIE_ARTICLE (ID_ARTICLE, ID_CATEGORIE) values (10, 1);

insert into LIENS_CATEGORIE_ARTICLE (ID_ARTICLE, ID_CATEGORIE) values (16, 12);

insert into LIENS_CATEGORIE_ARTICLE (ID_ARTICLE, ID_CATEGORIE) values (5, 17);

insert into LIENS_CATEGORIE_ARTICLE (ID_ARTICLE, ID_CATEGORIE) values (14, 16);

insert into LIENS_CATEGORIE_ARTICLE (ID_ARTICLE, ID_CATEGORIE) values (6, 13);

insert into LIENS_SPECS_ARTICLE (ID_CARACTERISTIQUE, ID_ARTICLE) values (6, 13);

insert into LIENS_SPECS_ARTICLE (ID_CARACTERISTIQUE, ID_ARTICLE) values (2, 4);

insert into LIENS_SPECS_ARTICLE (ID_CARACTERISTIQUE, ID_ARTICLE) values (1, 1);

insert into LIENS_SPECS_ARTICLE (ID_CARACTERISTIQUE, ID_ARTICLE) values (0, 8);

insert into LIENS_SPECS_ARTICLE (ID_CARACTERISTIQUE, ID_ARTICLE) values (10, 17);

insert into LIENS_SPECS_ARTICLE (ID_CARACTERISTIQUE, ID_ARTICLE) values (18, 19);

insert into LIENS_SPECS_ARTICLE (ID_CARACTERISTIQUE, ID_ARTICLE) values (9, 0);

insert into LIENS_SPECS_ARTICLE (ID_CARACTERISTIQUE, ID_ARTICLE) values (13, 18);

insert into LIENS_SPECS_ARTICLE (ID_CARACTERISTIQUE, ID_ARTICLE) values (11, 15);

insert into LIENS_SPECS_ARTICLE (ID_CARACTERISTIQUE, ID_ARTICLE) values (19, 12);

insert into LIENS_SPECS_ARTICLE (ID_CARACTERISTIQUE, ID_ARTICLE) values (16, 11);

insert into LIENS_SPECS_ARTICLE (ID_CARACTERISTIQUE, ID_ARTICLE) values (15, 3);

insert into LIENS_SPECS_ARTICLE (ID_CARACTERISTIQUE, ID_ARTICLE) values (12, 7);

insert into LIENS_SPECS_ARTICLE (ID_CARACTERISTIQUE, ID_ARTICLE) values (14, 2);

insert into LIENS_SPECS_ARTICLE (ID_CARACTERISTIQUE, ID_ARTICLE) values (5, 9);

insert into LIENS_SPECS_ARTICLE (ID_CARACTERISTIQUE, ID_ARTICLE) values (3, 10);

insert into LIENS_SPECS_ARTICLE (ID_CARACTERISTIQUE, ID_ARTICLE) values (7, 16);

insert into LIENS_SPECS_ARTICLE (ID_CARACTERISTIQUE, ID_ARTICLE) values (17, 5);

insert into LIENS_SPECS_ARTICLE (ID_CARACTERISTIQUE, ID_ARTICLE) values (8, 14);

insert into LIENS_SPECS_ARTICLE (ID_CARACTERISTIQUE, ID_ARTICLE) values (4, 6);

insert into LIENS_SPECS_CATEGORIE (ID_CARACTERISTIQUE, ID_CATEGORIE) values (6, 8);

insert into LIENS_SPECS_CATEGORIE (ID_CARACTERISTIQUE, ID_CATEGORIE) values (2, 3);

insert into LIENS_SPECS_CATEGORIE (ID_CARACTERISTIQUE, ID_CATEGORIE) values (1, 0);

insert into LIENS_SPECS_CATEGORIE (ID_CARACTERISTIQUE, ID_CATEGORIE) values (0, 11);

insert into LIENS_SPECS_CATEGORIE (ID_CARACTERISTIQUE, ID_CATEGORIE) values (10, 14);

insert into LIENS_SPECS_CATEGORIE (ID_CARACTERISTIQUE, ID_CATEGORIE) values (18, 10);

insert into LIENS_SPECS_CATEGORIE (ID_CARACTERISTIQUE, ID_CATEGORIE) values (9, 6);

insert into LIENS_SPECS_CATEGORIE (ID_CARACTERISTIQUE, ID_CATEGORIE) values (13, 9);

insert into LIENS_SPECS_CATEGORIE (ID_CARACTERISTIQUE, ID_CATEGORIE) values (11, 7);

insert into LIENS_SPECS_CATEGORIE (ID_CARACTERISTIQUE, ID_CATEGORIE) values (19, 2);

insert into LIENS_SPECS_CATEGORIE (ID_CARACTERISTIQUE, ID_CATEGORIE) values (16, 4);

insert into LIENS_SPECS_CATEGORIE (ID_CARACTERISTIQUE, ID_CATEGORIE) values (15, 15);

insert into LIENS_SPECS_CATEGORIE (ID_CARACTERISTIQUE, ID_CATEGORIE) values (12, 18);

insert into LIENS_SPECS_CATEGORIE (ID_CARACTERISTIQUE, ID_CATEGORIE) values (14, 19);

insert into LIENS_SPECS_CATEGORIE (ID_CARACTERISTIQUE, ID_CATEGORIE) values (5, 5);

insert into LIENS_SPECS_CATEGORIE (ID_CARACTERISTIQUE, ID_CATEGORIE) values (3, 1);

insert into LIENS_SPECS_CATEGORIE (ID_CARACTERISTIQUE, ID_CATEGORIE) values (7, 12);

insert into LIENS_SPECS_CATEGORIE (ID_CARACTERISTIQUE, ID_CATEGORIE) values (17, 17);

insert into LIENS_SPECS_CATEGORIE (ID_CARACTERISTIQUE, ID_CATEGORIE) values (8, 16);

insert into LIENS_SPECS_CATEGORIE (ID_CARACTERISTIQUE, ID_CATEGORIE) values (4, 13);

insert into LIENS_PROMOTIONS_ARTICLES (ID_ARTICLE, ID_PROMOTION) values (13, 10);

insert into LIENS_PROMOTIONS_ARTICLES (ID_ARTICLE, ID_PROMOTION) values (4, 18);

insert into LIENS_PROMOTIONS_ARTICLES (ID_ARTICLE, ID_PROMOTION) values (1, 14);

insert into LIENS_PROMOTIONS_ARTICLES (ID_ARTICLE, ID_PROMOTION) values (8, 7);

insert into LIENS_PROMOTIONS_ARTICLES (ID_ARTICLE, ID_PROMOTION) values (17, 8);

insert into LIENS_PROMOTIONS_ARTICLES (ID_ARTICLE, ID_PROMOTION) values (19, 12);

insert into LIENS_PROMOTIONS_ARTICLES (ID_ARTICLE, ID_PROMOTION) values (0, 15);

insert into LIENS_PROMOTIONS_ARTICLES (ID_ARTICLE, ID_PROMOTION) values (18, 11);

insert into LIENS_PROMOTIONS_ARTICLES (ID_ARTICLE, ID_PROMOTION) values (15, 17);

insert into LIENS_PROMOTIONS_ARTICLES (ID_ARTICLE, ID_PROMOTION) values (12, 13);

insert into LIENS_PROMOTIONS_ARTICLES (ID_ARTICLE, ID_PROMOTION) values (11, 9);

insert into LIENS_PROMOTIONS_ARTICLES (ID_ARTICLE, ID_PROMOTION) values (3, 6);

insert into LIENS_PROMOTIONS_ARTICLES (ID_ARTICLE, ID_PROMOTION) values (7, 19);

insert into LIENS_PROMOTIONS_ARTICLES (ID_ARTICLE, ID_PROMOTION) values (2, 16);

insert into LIENS_PROMOTIONS_ARTICLES (ID_ARTICLE, ID_PROMOTION) values (9, 3);

insert into LIENS_PROMOTIONS_ARTICLES (ID_ARTICLE, ID_PROMOTION) values (10, 5);

insert into LIENS_PROMOTIONS_ARTICLES (ID_ARTICLE, ID_PROMOTION) values (16, 4);

insert into LIENS_PROMOTIONS_ARTICLES (ID_ARTICLE, ID_PROMOTION) values (5, 2);

insert into LIENS_PROMOTIONS_ARTICLES (ID_ARTICLE, ID_PROMOTION) values (14, 0);

insert into LIENS_PROMOTIONS_ARTICLES (ID_ARTICLE, ID_PROMOTION) values (6, 1);

insert into UTILISATEUR (ID_UTILISATEUR, ID_ROLE, LOGIN, MDP, ACTIF) values (15, 17, 'AT6I1MO5GWLCS1LECJP9LIAWQA56VYCJLQODA9PQVBOWAJOQP7A48R2GJH3N6EKA', 'BO3JY2WW1PM0WOX04N4 TUEHGP4OCUY7EGKVN2VLEG9BUJXEIEYHA8S5A166BY42', 4);

insert into UTILISATEUR (ID_UTILISATEUR, ID_ROLE, LOGIN, MDP, ACTIF) values (2, 13, 'NBL0D27XEB6S6MRH2WOLTYPM90TFMBRW6OSYVI364 32JA482XEG6VY9EKGBYMHU', 'CIMGLX90MJ2N8SKG920DFH8Q0P2WPN39DFNEXLJ1AILINXK7JFBXIX1MOVE4U9XR', 19);

insert into UTILISATEUR (ID_UTILISATEUR, ID_ROLE, LOGIN, MDP, ACTIF) values (18, 5, '4MOC 7N8LST3SWCGUQORDWNBHPUFNQJK45G8PXU DJQPCJ41YB1K7MYHV1O8NX55', 'M4684RSLV7M039COFGY09M4972 QD0CO3SX35XTNQRYRXTX WJ8 TI35E1S4FTQ3', 1);

insert into UTILISATEUR (ID_UTILISATEUR, ID_ROLE, LOGIN, MDP, ACTIF) values (1, 11, 'TGAX1KCYKYSGVYCWP02HFY486Q8M1RBSBIFWWEFDM EBU2MD4YM79KAC9C07  YV', 'PUTLAD 75KOX H29U8MRO77S1TW6HF57B2SYA5E8BCY6GV3N0FPSS7BPPQMCGD83', 7);

insert into UTILISATEUR (ID_UTILISATEUR, ID_ROLE, LOGIN, MDP, ACTIF) values (5, 8, 'LLB4QK2KWV6O4I8W6IOX8XAMYRNA26PXJ9J0BXXUM2VLYP3 OGGGECJYY41M9MSC', 'OH3UB3TUC05Q E2B4A81IP1G FDMOYE1ED1HUUL37VRBJ8MITA5 KQKOCQPIV8M8', 5);

insert into UTILISATEUR (ID_UTILISATEUR, ID_ROLE, LOGIN, MDP, ACTIF) values (6, 3, ' DUNU3AMYDDK1WT3FO704U76UU5GYH4PM04JXJ49 USNG3LR2IGG87195M3MWN9J', '3B4PVSR3SEF7KD3GJ4IP32RX3WC253KX570QR320 G08XKIFQSJQPB6YJA8U26JG', 2);

insert into UTILISATEUR (ID_UTILISATEUR, ID_ROLE, LOGIN, MDP, ACTIF) values (16, 8, '3KGSKG16MUAFO1DK5FU3Y3I3AF6HBRGDWR1 6U9US A1MDN27B5TVVONMKWXTALW', ' 7HF9RT F4FPTBHRQLN5BS EUPEXJWJ4VOI6II39SQTIW CSQ4CLBM1 352 YG69', 14);

insert into UTILISATEUR (ID_UTILISATEUR, ID_ROLE, LOGIN, MDP, ACTIF) values (17, 10, 'GI8ALHQR96A4LDPXK7A21PAYCJTDCH7O43KD2X2FQL0V96CRKJFQVJS2M7QRDCGE', ' D8U4WH1L H18N0UW7C9HSUH8WJ50VQAEBWU26EN9TU8A65E8 HS XIO7JD5XV6N', 0);

insert into UTILISATEUR (ID_UTILISATEUR, ID_ROLE, LOGIN, MDP, ACTIF) values (13, 4, '50QG6JFERQ9YRQ49CXSB8470IOJKOO8SO3K81EQ9WA3NMP651DSSDY9WXACSI30K', '3P 4QHRB5FJJV80UQUSEFJWESX97814Q0507WO7GIB9YB9IM7IFVTWGGO702WOR1', 12);

insert into UTILISATEUR (ID_UTILISATEUR, ID_ROLE, LOGIN, MDP, ACTIF) values (10, 14, 'RD2 1FKNICNQRKE6O1 PXABVQSE0HWYIC9DI3B27X77IIK944H55Y9F3Q318NAXD', 'XHR3SE2DI9Y0AH8AEYQHJ1ARHSL1CX24JS5B 2AH7DORTWFC1F51ER78PE6WBNLH', 8);

insert into UTILISATEUR (ID_UTILISATEUR, ID_ROLE, LOGIN, MDP, ACTIF) values (0, 7, 'BDS6EI5KDFATMRVT8G5OXP9QKFV4F6C FOSSOA9HXXH 8X21Q20FP861UAKSN8D9', 'IH7 IYG7JXMSGB0CNGCWMPNST0220KJPB96OS U0FK8819IWPW3WU8OE3VOD13TE', 6);

insert into UTILISATEUR (ID_UTILISATEUR, ID_ROLE, LOGIN, MDP, ACTIF) values (3, 10, 'ED R MNOPUL VPBQ8MX1KA590J0VM T0RX61RD2XKLJ6IGQQATAQ72UOH67M P27', 'F2DJM DEM7 PX44LMSCI2J13TJO9DHY854DAAIMVT1KFS Q4NL7LQJ6W3USNHQ4T', 16);

insert into UTILISATEUR (ID_UTILISATEUR, ID_ROLE, LOGIN, MDP, ACTIF) values (19, 11, '1491 420EXGKIB11CHK8QJLLKMCQRE9SN0CRU7QTYUKNN9QKRVGRLGBEFIPGIY4Q', 'Q U2DVU LJV2RSV50WXPO 4WYWY14O7WBFMNX7VAIFUWC7QESPXR6DL5E28GKWO6', 13);

insert into UTILISATEUR (ID_UTILISATEUR, ID_ROLE, LOGIN, MDP, ACTIF) values (7, 16, 'VYOQ4SV5ULAF4 UDRGR4QEOF7PUL1X31XJM0VTYXOR5GH05EKYGMFNY4WHCHNR9S', ' KPAFEBGWRPPHQ3L07SDU YTA2WEEQQFOR8SQ5B44UPRHLHJLX9JRX92CTB PB6G', 18);

insert into UTILISATEUR (ID_UTILISATEUR, ID_ROLE, LOGIN, MDP, ACTIF) values (8, 17, 'WOS4N032X6XUPM0S7GP3FB2XGA1Y1LB0VJV8CU0KX H68VILN8RYTBLAOVWEBEMU', 'R6DAUS0W0MPDUCOHAS22J6ABE5BPD0XRXJILOV7IWWDR CXW7BGBH7RSL1UGIX09', 11);

insert into UTILISATEUR (ID_UTILISATEUR, ID_ROLE, LOGIN, MDP, ACTIF) values (12, 1, 'QLQ AM6D KUNTMCXTX316BTQAB QYX9FBKDI6DMIAM6WPHWYGEBVDPMS XLEWOWW', '5PL26KKIMPMWAN518LJM154O6QO CL8XPW4CLFQGT760FD5LM1EVOXT C3K990UG', 3);

insert into UTILISATEUR (ID_UTILISATEUR, ID_ROLE, LOGIN, MDP, ACTIF) values (14, 3, 'EI1I7X32X4V6HV6VAT6CSSL09A5EGYWHLP0AWX03WAD66 UWXMK06JW1LC97CUAF', 'WNTNLSWV3VTRJFH8K9BL7BVU37FQ41NKTSIP6RYC HLE5IBO69PQWS0AEIDF485 ', 15);

insert into UTILISATEUR (ID_UTILISATEUR, ID_ROLE, LOGIN, MDP, ACTIF) values (4, 5, 'GQTJ6SEP3PE87S99VJMVNQGGB9LVP7OYHG2LGOX1D5Q3F1E8IKIIT RYQF3Y1NEE', 'KD5SS8GIV2OP52HOH74VDNLH4MLVWXJG3SYOCYL 2WC0WDH0DOA1Q OL0II5IALR', 17);

insert into UTILISATEUR (ID_UTILISATEUR, ID_ROLE, LOGIN, MDP, ACTIF) values (9, 9, '02MAFK0BFPD52AW560M1LM180NTLBOG2BYE A6MPVRE8ST3B3GJ1DR3 7WXFVFGB', '8O6P1B8GSL335GFGOE4VENXSRFNVD9URTYBRKLVM51IE056W4GNF98PAYUR5BIEB', 10);

insert into UTILISATEUR (ID_UTILISATEUR, ID_ROLE, LOGIN, MDP, ACTIF) values (11, 7, 'LTJJM1FF8 5QLQX5FPXPYDF BITKHXPIXOBEFIST A0MYX017XNPH480700QAW44', 'GTY70SQ87CFR1157B82FL70E1MONMJ0ASTW URK2V0SN8HH9UBP12RGCGSELYN6L', 9);

insert into MESSAGE (ID_MESSAGE, ID_SENDER, ID_RECEIVER, INTITULE, CORPS_MESSAGE, DATE_MESSAGE, LU) values (0, 14, 17, '3KEFJOKK8CQ86ABBX7GR4 LI84IB1LCPT73NLJXY82PN061WCJIEBAB QFO30JIW', 'GBOLGT68UDN1FK9OD9SO VJH8B2SMXRJ5JX9S5KCJ J44A4WUIXQ19X87JJH3BUJSYMHT65VS3XCEKPN41G3OFCIHPED6Q90GJ4FA3OWQO9NJNIYJ 4R316IYHYP6HKKRNJYWY5M02ROXR7W WHGJL2H0WBGHMLWW3TJFRVDS2EQYXSQVTSG9KXUMED8I8HTI0NDMFFQRRYR05KY736QKA197WQCN9ODU1H8BPMA5RYCKD13FJI T UFRLWNEJUQN5NLDBOYP1QR3C2WKCFGCU59T81T9UY66Q4LNVYOQYFV3TRB53C3JW0TFU70RUA8BLR03V6L1BXB5EJCBUJKV6SC7X55G3CIB 59LSB0 BW9TM18M X2RH289EFTX2 T5IOG6WNEGJSMOW9D7BCKPMSY7JF7S5A257JBUFQCV UXEKG8S4BL9B499286QNNE9HOAKKDN623DNU3IJ07FX3JY43S8EQQ106SEICP7ULBT4Y02713XAJS215SLJIGGCKEDOP23VT3QKVAW1NXN0 WRR5N2W026TASL9I6KUCTAPLB5UODTPR6BNEP4843XHE22FJ 0R7MCD0P3YFW81487HOWYCP9MXC3IBFP AVECCUE88IQHQ5X3N45C4FPBB1G96SV6J5WFJTL622XNJWFR29YQDYQ5AQLAA39G6BLCTITODI9N7A6462R92U0I04P9XQYUE2QL3DSPNSCWK7V9VWPP3IFW8ARID0BIXEE9BVMCT5IKECIGQJPHGB606QK 15 S0TD3G8MSFB FMED4P6JN3JRMNCLB87W6H7CIKREIIEM 4X1TECN 3AWRXG8RF88AMVMKNHU0OW79TDC8W2CVHPNIXRJA15HXBGG TH610Q63N5FASQPDDPC7YDFHJSE2W2Q55NTG57TWMIO 95K6V7K9YUKKFV2TC994SVI9A38PRNRJYIKO4 6AC4DH91RG1WILWUAN4I794OOA4F2VCRE24I4QLU5D0ASVP8H W D RKNPHXCFQ3MI', '1130-7-24', 16);

insert into MESSAGE (ID_MESSAGE, ID_SENDER, ID_RECEIVER, INTITULE, CORPS_MESSAGE, DATE_MESSAGE, LU) values (6, 2, 0, 'BHXCMHF16C4HL253CS3 8XFYSXL P73DKQ3350N60H814L 95FTVZW6W7LENB5I1', 'RRSL1Q26R77 ELMQCI6WT88IAGAQIILOA15X72PLAQKMADMJTDQPGI9GETOP0GCSBWU9R5JI8EK2NYL93E1RS3RJ3831I749VA6QE39 M7MBSM0SJQV33M5WBES1C0ILNMA9U0X75FX 3JJB3XPDKL2SECVNV CJRN3AVVSKYVHDXS6140VWIIHOAI9HJ7SWWKB08KGKRO1FQD7GMBFO7NK5GSKUSK9PBXF7RXSWQF5QX6742OBB BUYWF9L0YF3PRNCBLWCP25J11YTGA467M4043JDS49GFH3JR89XW 6SJMMECQB5ANED7WGFLQ177UIM0CIT7 30 LLXT12UND29QBQL0DA0G4K 0CO8W8KHYFIMINFKQNQ1S9YHMGTN1XMQRK0PXC311LEVIB571ABA2 IA1GR3C9TL782TPBV8WEF7JCSC3 YNQ8HVYLHEBK5 FHNC4KX97369RCO7G97 I4SQ03NVFPB IEV7QW3 NUFXYCXPOPQAL543Y16WOVUBIW5GHJWVYP96CTHDFOLRT9YRIGC2MS0AKU5DX4R4WM15RM EAH4NGRJ8G9L4AGW0U0SB5OSJ9GF5I WNYCWHDFXNM9SWADD4J2CVROWLV CNHLIN6FSVWDWTU7XHQE1 VLBPVXUFLX0A1JTJNQYKY637 PE2BTCK43HP5O2TBTWU49M656UKYRUWYAU 7AHKJXXWTNU7Y5T76PI1IN5WWJCPOF5Q3XF9GE1ELU8QGDRH64V9IVWV88J15HJ1A8YN7PFMPR23SQ4XO8UN2ICV104 BNGOJ3KB7 0  9YQ0HHXO4DM142HTILA96OM5UMJU806QOAP4PR2SA6AE6WDOO9B0281 57BKDWYSN9R7G404PQG11 H8X76NCG7E686U8GBKAT9EN0OBNBI00OTN28ICVXKBFBD6JPC 4O9S572IW JA9QJK9 R6FJP6U U4Y BG1DFLNQDGJLAYX3295WVEQGFYRE581WOYD74 TUXD4R43Y TFS4K7D4M', '1039-4-20', 4);

insert into MESSAGE (ID_MESSAGE, ID_SENDER, ID_RECEIVER, INTITULE, CORPS_MESSAGE, DATE_MESSAGE, LU) values (16, 12, 10, '2QO2SMI0876DTB4VJG33M54G7V4G3XIYUKE65N58WOS3YOEMT74EBH1IMLHEBY3E', '5YLG36CY1U9C78671MV3S9YIDJN6UU9DRJDPCSHXPJERIBKWPD4W7OTXU98PLKVVE3ADO5SHK19P7H6S95HWJXO298FRQW9K5KPNQDYOOA95LYFT14O4YLV0F1INN00XMDREAL1OOMMP1Y15XU98Q933RQLDP3XQY8C41RBVRRCOYJ 1CBIJ4CAQ7TJIA46RWC8ZTRDSMX5 RPKX9XJ1G6MJ841CT352MBTQGF23HNN9VDBD5G7E01M8SYJTSUKSV5EWQGJL3W4QRB25246U722RFX7HP4DA 81LLF6BQ2PC0AX5HIUEEA15863L3MU PDIKXVQD8YAM3VCFKNHM1QVNQ5 2HUIKFSGAO753 PJUMLX7UX1SK95M3SFFHC7T039TTSQWT XU7WPUI7ATHMTLYDRWQH1OVC2YCT0E6QO6G3VV8PUBBJ29HL4CUID8YXU1AGSE DT12GYY71 HLLDHEKF9JOURPQC6QQ7SRR5AP4RY6AU7XAF9YUDVI1GO4Y02SMMOG39F55EVDVD1X0BRWBE JNEJRA73KYQAN HL4H7TNO6784C9KBS4DD63OSYA8JH FH MG0U5AXRJIR29RMLDU3L8GW4B 04DD1O YH9A7AEJG4EDWCKKRGP 9IDJ1Y43LIBUGMMVQW1EV8HDU1D605WJOV3YOVC2S4BXVYGOT5KYG R81OCBIPR8 PI744SA5J Q41IMW0JO19Y1FLNR6K7NT3KLR1VXEUDC57UT0QBOHT11JL9W03GDHI14WT8BSIAHYTTHM02SMABMCTUUYJ 9RVHDXJRX4EDMI201SYQGC8CDHVYC31IBXH7O99OFQT0SW1C143 SK4Y0YQUSFP4MU1CWCVGMGFDP6S06PBDJBC9FFTL83H4IXPQPN7VFNCESG9FC5 44I6QM1W2E793F002AO1Y093V1V9DKPTCM6T SG7UMXUYXLTSKYX2KRJ95LJU00XUREB0BXCDXEXUUMJ542IRL21WITR61BV8Y9Q2N5BT0V461', '270-8-8', 8);

insert into MESSAGE (ID_MESSAGE, ID_SENDER, ID_RECEIVER, INTITULE, CORPS_MESSAGE, DATE_MESSAGE, LU) values (3, 7, 6, 'IVVYXD1RLFQKT30ASGT49L0YS013BIIP3JFJSYXMECERPSCTUDY9O4GYKQ2UEUDG', 'MW45M6 MQAV3SGX4EMX8UYOIGK66LWQLK2JJ8BWERF0KR4YXKI4BCRNNLX7GUOHR3JXTK6WUS0 912G8NARIVX32XNEHWTRW8CO5BYS UY64XMT1Y5MVO0DWBC4K5I2KNUXE7PK0LMVTTYQFGN620L4E63GMXXBGHSL2YFHB8Q L149PISRF44B2EB8BO1LFGEC9F06DEHBG25LA3XHWBW5FIX6WSVCHQ8OVD8HXDGEXCWDSQV75W759G5PBR79S4AVBNTJQVKLCB7CXDUKHA51ISP142VANV0XP6DQT780JJSOLLF UVVX6JM6K9GQLS5QUTFTC78I5I8SVHMQT1A5IAGWJVL278YT6KDRK6RSCU3AYNVQP9ABX61RMIP6A31MRCJUY3FA25S788 SE1NDWVO50T84TQFAE66K4A79S1NQ7W7HHW1F5I46KEFBU5JSF4GSUQJQQ7XEKU556D31ITHQT HEOS9TY8CM1X7HRBQ16UVVE1AV 28IX9JAQMSWPLVGSUG4D56Q 4TLOK11Q B0R0KAK8TC0CVYB1W PF7T6HVY7JNS3X3GRYHTVND7WN311LM7LYOY2A8HVNCQIP9W4Y4QLGXD4O80H40RJKC32CNC5M9RMO05LU72RTDFYPUCDPXBN3XEU44M87E06QUTPGC6JEYTFYFTK2MCPH F6G64X4PY6DR9IR4PBBEQ6PDJ2DR55L0VYUPER728OH4MTMYKLDR6JA U2CFS3EFVBAYVTB6XXLNW117Y0RJVG1GEVA31AVIOGAONX9PADPKR814BFANDJDW4 XLK52H TVXOJ 9UJEFQ7LVFSAD14NC72M9RQYHMXN9NQD8H5R93BSJC9KGX3CO4W8RRSOHTIQK4BF2B3DEWLQ2D4I1Y2XRNF47JOAG0GQ7BO30RFGP1SIE3U1LR9WAUR73UG 8YRTVAWF9GAMC38B9FYL2TMSY06XC7SVKNLRPXPHWF23YI BDIB5UCP6AS4A9W172FCP9SIBYW9NKFPPCTR', '836-3-11', 10);

insert into MESSAGE (ID_MESSAGE, ID_SENDER, ID_RECEIVER, INTITULE, CORPS_MESSAGE, DATE_MESSAGE, LU) values (8, 15, 4, '807UHIS1XU190Y5CUI2IRL0TCUPN 2IA405BQYXDEMLF4PD68UG7TGLY3ST2F934', '5MDONP05SK086BUGIICC1BEHJKVPRO0EPLOHVMW0HEE02RSMERPXTRQMLSK0RR6GC9TLG9XKWAQO6SEM8SWKU20K3I280YJB5N584TRW56E8TN4FDSMCAULIYCOQTHPIS3U8LDG7XFMBCJM5OCFVEL5PLDGELGIRDES2MWAUBRE76KY2NDMIGSMMV0CWQY3WLPOX AVC2DITOOCM5BA7SR7TB5 HOUVYPN0LIB0CDTGRCSCDQXANORE1W2S2W2I2F71J2QWQ11MCNPT4DGA3IX084F09UB1L2STXH4XGBH3E35VPNHQIOC2G3ANA3AN F65HP0SN1URK8QW8M TIM YWC6G27JYVVMNNOTINJEB0MYLWWFICTP9 1Y14QKP28PPKDUBVQP6OWAV1NNNXPBW7SYPOCQ1HXIHXSCRX1RN1O118ITQVTG19SVMLNBBAXFX5YHPND OBNHK4PM5DQR70RTOEDJ8OPBRBX97V874DHP9KY2 B1P3GXBL97IP37EI5UOOQMNIPXU9JKN6AAQRQ3AS1W7 41CH UKSG2X9HRSV8A6CF74H6K1J78JJH68PV0PHGN2HHQFRWGY0NF3X94DWV0D61BH2HMQ180I38QJV2 MFGNSVL7DNW3E VH067UAWI75UUKTEA79K0M8K OMEQC9A4F2H  SX6 7634UUD2C945DDCY2KHNIQ79C6H9O57HBDGD3Y80R4A 01T129W K8LRX8128YTGLH 7 T01TIN YKLEEFF9S Y4BELON B5HCHMTRVN7J01T8329T5IGG56F9SJ246CVJBNSEAW17T 7MXL7WTRPE38J2W0GM2E1ILB0LRET65SJJS27 T2LV 4E0VKRXS5OF1QJL17GYTE74J4P47J56273W9OTT9 W7 YAS  AT7TIS7VG6P98XSE6GCUCCNS7MJ52 MX2UE2M711PRNEM T6L31L0U60H6BHO54PVU45NCBS1A251ITHN1UICWAO25Q5PMTKAGS7LHLXHYOQ10S', '1346-5-27', 3);

insert into MESSAGE (ID_MESSAGE, ID_SENDER, ID_RECEIVER, INTITULE, CORPS_MESSAGE, DATE_MESSAGE, LU) values (1, 7, 13, 'FQY4C8Y4GVV5G0APYS7A41GY8F2F6CHXDS2344P D6D1GSIIH56F1L2KS2WMP6EW', 'S3C26SFJ9OOSDRY8A93FCB4HOHQRD64R64SI8PKPTGK3F92055WROP2TUUCBDUWY68WQCESNWWI0ML1X0PV4EEFKSUD10CNSWG3W6 UGM0VI91D 73QIQ3LVE246OYWS 3GVHKPAM2X8PRPAMW1MWA700LNPORJMK Y505PI2VMFCU33P32S6E6EMWV8HTN7BA8WJLEOMLQ2LBRVE2X UTRONUF2I2PHHKTWWPOFJRSRX0A67MHUAQFK3OS36DCOUVYMY7NLLD6QSTHR3YEOUD YI35X1IL3MKO7JOQ62SYWQDIINN2EVRHYX5ITM3O6OGTFLNNCRS1V9BQJYQQNUV9SXCOLGQ4LBSYQ1JDC1L4UY6T0MNEP8KXRNL7V4VS5G5I6VO6NSSMOGERAR6UFHNFHQ6FUAXRQGMNJ3BLVFESXDBSX2KLG4SXMCTIEK6EIBKA8RKGTWSNTD5ELRH00QLV07MB0NTEQGU7AWHWCOT0561F5JX7YVK1NL3KVAYOSWRUFM19KRNGGI3YJPD3U53HP86PU7KH95WK1229QQ BW47CY1NCV8IGIG70E5LBVBBE5ECT8MUSAUA9PV1FXS0LI3WJO VYJYJ8GSJ6K1MQ3F4L718KHJQRCIF1HJ3G98EOAH9VI47WGTCK5 9UR6Q3SMB6ANX79R65MQYNWJUR6UKO8MM0IJX1SUKA78VUWRJU5T0NQH7LOFAQGD8PAD4CF4HJ09E8NYLS52R66OBG1JWQV8B87J5   VV3NUL8KVOLTDWLEP525P0QQNT2WL7UGW1LFHFEE735G RHF7B5AX8FWACAC1NK25H8MHG7RYC1ELWG35BD N9JCRJ1T 3WWMJDAWPQHTJ825VA86DFBXAR5 V09ROPMO94IQJAYXKBXFD 7EEPEORYYAOONOT0B5H5ETJB3S3IJ7IN D69DRF5YD 31X70P8UT5 LGCCKRE4KJ0X6RDWCKUFM0GKS20KQ7WXUEMY7L2O627FPLMPQHVY7S MTNY4DWW8R4', '54-4-26', 7);

insert into MESSAGE (ID_MESSAGE, ID_SENDER, ID_RECEIVER, INTITULE, CORPS_MESSAGE, DATE_MESSAGE, LU) values (5, 3, 4, 'Q5ROYCBSWGIDLSTDV32WXA8Q9BI8JITBQ93 NH8IA5B0ESC6N88O56 HQAXI5  P', 'IC196E7T4LVQDT9GSX6HQ0UGSDQBEE1NYNUMCLUJSKJUUMR2WOOSVJN9D3JFMVP9LH867KK4SUB9DID60 O3KWD20LCUYY2BHRH5GF1M8DNY9RJQI1YE1RC KHGVOVOC9VTDVBC7PJRJVK UAC CIM8AGS I7RD12L3C57RAF2MBK0NTRY4B8W GM0SDWNAAM4173YUD24 8T1V1V8F8J0T1H JP8IU3403SJEG3V9FV1M544YRRR57T2 PFO6QLBAKJB7RCKH9JQICTIBT79HYPWPG5OFY4IDHLB061G5M2EFK0MY IF24Q07T3TVQ6H0OQFBDED2D3K08RIVI9OW150 K6M5MDLHQDMKDNOD7SUR ASHERITDB0XAXOOGJRD1NV2FB8QL3T4T LLDWCNYSODBKNVAJBQS9612YH3QH4FYBLH1AS1185YSY51JK9YVMJO4CBWO7FWX00QP4BL1H6VLMVBVU1X3T2 PF9Y72GQJWKEIAKTRL0KFRKV7SNVWKVW8ACIXLWXVYJYCD447OD1S6XOTYMFM71CC4156YKHADQ9XJMSO3MKWDRM531PCSQ10DGX4Y89FEGJNNR3R9KWTHWL03G3V07NGK7AN3P08KKHU894DTL6CC49I 2JV7LR6EE3IGVGXFH5GGUWMKK 3DDAYYGARC8W0QQK5VL5 S42C5AE G 9EQI7 EV0R4DE0LDEVSSL6LX23RDF5JQCH5GGJS SSUBLJ62MP9F6KXVG2HYR44C1828ESS36NFFN8S2QI2I7G0IYE2W16KUHEKS978X0WK3Q0W5MVN WI9UO203TXGSAHE59J4UNTIQS26NK61YEM8H3QDGL5I9GRYFFVJORJ6RTXFF8MYHOXNJ5XXYQ MVDAANRHUTIY6OKALVQ5TNPXCN5W4LIUSSSX4 4 F4EPR U9RULIMMACEYUQ0D4F8O BSKB9W2D9T6959VP73K77X7D8CCNPAQJUCL1H1MRUXVCJGVDJLN2TCN92HL3WHQGPF9V2R', '171-12-24', 12);

insert into MESSAGE (ID_MESSAGE, ID_SENDER, ID_RECEIVER, INTITULE, CORPS_MESSAGE, DATE_MESSAGE, LU) values (14, 14, 0, '8VVT724AE PLEDH VKYD59P1RHXD48GOJ8PLHI FK7EA72X07J77EC TGT2C2O00', 'ACGBOKDYDCM25GR3 GMH9DKFY6WFUDR437WT6ARHFQ98ATWTKC22GAHY6K4AKWLDL R 1R6YL36EEJED7OCKDKS2QT OTSTWWLD0 6EE CPISVOO9L9 7TUUJKQVVA 7MEVQQMD17T48T FVMOA17M9LXXHV5I00X77M01F7GBEUU0O7QYR1OC1QWA490H 7I71VMC5FE 9ACWN5JRRXUDCWUKBCW7BQKYU9ECDEBDB6PKY9HW5E4YQTT I0BGPTVHXA6Q9XWGVQGTEBNLLPT9XFB9WVQ25QP6A2U481IM1V3C26JEITCB0QEGI5ONV0VTRDA1 TWNQ76TFX9E5C43C0M23RPSG8QO MGVHLGQLW9O3SEYGJNIJL6Y98FYN74CAXD 1U2G3WYF234W9CCBH2NHCSFJNXIUV1YL445VGOWELD2I2BS6E29AGBEURFSMODBUN9NCQHRS5CHC8OIQQHOKJA12N0FIGYIRN40PO59RLU2IWC4H8A6R8X09B2GQOILCLUA5X53EYT3GYU6SXNJT113HY7E OGQF2M DTO1MNGE 3ED04W14742N14BBHR3R3V7CHKWCA29ERUDCGHKCSCPJFPS6 5U1U5JJU8IAU2KD6OVWQ1FNKHWW40YGTY7TW43SMVP6H5PXF4MQ5CKL5 IEI7HED6GM0PKCB8DKP1LMAYES5CD5Y0FI7PJQVGWT9U6W6SG BOOACP VG5UN3ALQ5YUIA4SP0SLH9MVSC5 8 G8S0 HVIAYEINO8D4JGXT4LEHMB3Q 6D2046990X2JSSMTTO3H8VFI46RQR8RQ6DX6IFKSNVCC0PUJLJB214A4B1L88NVUSS6PEOM4RMKH6CFQ81PQR36SV4N6SIPDX1KJ419WQ8Q A OQV2WW9L1WWEBPBA60WGJN0WK9EJL 582H1A35AN0DWMNXOOAXF2528XPWX7IOM05EN68YFMCMS9C1MR9SOP4UW41 YMI7DFQG3XVX92GOWNQ8SUDU60W3 Q1BHY8S0YP', '1404-8-21', 0);

insert into MESSAGE (ID_MESSAGE, ID_SENDER, ID_RECEIVER, INTITULE, CORPS_MESSAGE, DATE_MESSAGE, LU) values (10, 5, 6, 'K 0FI53EODS0DBLMQ R5EAQBIIQMKQTOP3W1A8 S5I5AKFSB536QMQ583D 4BO7S', '53L7N9WY1XVTQPG5WWEGVEAE4Y71P1B5JSX3QRAKP0SATVH9750JDYLW875X7WIA6QI4V0P5AO1FQN4HMQVHREQJ G9ILUUI5WQGQ7UTVV29VBQSHSNB8B2F9DW586VD2OOW2FRP3X1CK03APWXP19BVF04RH GJ4UA MOQ74NY16V4AO2 YGOCAFSVYRAQWYK9V5SCVN5L95U56EOX3RWE9QLR0H33GUF2CIMFBW0ILXVPLBHMQB70KBP8V588CIF WJT5EN81B0QM8HQP5GOW4QRI47F5W8 2M31X4649CV401F NCMG6 0WM 7D2MUW3C4SGMBJ473PB17AMV6G5DRKBDQNK4OEPGJHQ5EN868 5FH2N1MLHM3O6TBPG7L292BG08B143WDIMC3HQGN1CNJJJNYSU0 YXIXUFHPYJQ7N4IOPJ6906LUKFCN03WJQG311JU3TOER2M5DMPC2WYOP4 30R8OLAO5UQGW GCL5KY09E4JKFQ4MXCM5 ODD6BTBBAMNG32G83DTXAD5NMQKFFO1W IKOS6AF9KN81KMG80UVGH4UYRUXN0M0X67U2EI1RU2V1WIVM9NOHKQM727E7GP4DYRKVPPDD CBJVWDS0VMUC3U01SOVV1ABY4GJBF Q6BAOCH8AMLQRI8P4J5E438V1TJX2F5MR27998UWY0BT0V3LI18W21TITSP74EADHUQIPFH5ONWG37H99HECHN937KP8 I3M09Y34VR1KJN05D7OMDFOSVWTUD2SM4T QJAT9K1XV69N 7W5 PIM2Q07K0NFPMKE3IOAKJGEYLUA1M47Y27O28QYCSSGGEB1RHDY2S7EFEWOFKCQ8JI56G64CL6 UW0EJA2XHF81YOC9XYXUOPT3GH91UQYWGMIADBV78JJTF3JCWT6XCRXBMFXB95OUJ1IODIAICAXHWT6 H49OFD2I1GXT7A7B PNYTA8DHU51HKE0E A29RT1PQYOH4XID7HP3M 20DUSLJR20F9BCN74BINEY', '1200-1-22', 13);

insert into MESSAGE (ID_MESSAGE, ID_SENDER, ID_RECEIVER, INTITULE, CORPS_MESSAGE, DATE_MESSAGE, LU) values (4, 14, 12, 'X2CVTVHDX0HBGO TOJS8O9PEWFSB OVKMO3Y75P2IPMXR60X1CQI3F4U69TE9WQG', '4LGX3HTU2BOZ4KBNI7JDM20CBOP6 HOQCCXH10GRMB3 CSIDS3L7OJX3K2JCHVI0CRILPA3QUKYDDVII867USD5IRK7EB5777RJGQJGTWYO4I3R35M5C582RRVYOSJCULQ6WWTJ9DVGV3MX6G0WB LC4X0Y5A6QNMHCFY3NCF1AVJK01KCT4LYW18G0E73JF06P7N9EORNY49WB6G YPAMY442UP0867YER0U5LUN9 6PIE3MP6SDU12L3U05GB684SBDGERSTQBC81L0R6K8SVU68AW3JYM4TSA3R9CIQ9GOREK9PC28IKHXJ4LF3C1E8MNXLTRMRJ4BPV2DLXVU0G7FJ60NR03GLVVUD4CG56LRL5A0TW8H45ER4 OEYSI5KY1SGDHXFOPNV5LA612ONKLNJWUA2SBV4 WS16UGM91MV5KWYX X9WI8K2BYFCJLP VUAB6Y6XRCUNU0RV7RKLX7ADO376IR6L 27XEWVHQIWH9EN0LT2EWU7J2FI7KDREYITELCYJGU4PTB28PN6DKX9 COBNC 5N7CXE0T0F25GPOKU8RY6T9QS1YNL1KMCGPQCV1C4BF6S35HAGLEBBF3JO44453XVM7TO17LQ3 SVUOW16QNPQPENQK N1Y0JT VKF8NNIWSF5V85ECIE8WKNSS2S2EIOH25HV 750X4 IKE5Y9PBAW I9XB3UQMYR4WSDGFWWIO3OMUWEY1AKUNL9PM0CH3FNFHSCV2Y7SE3P6JP4KD22 0ORKYWPB4NX 7PFIDTRGBCYG28AWJC4P5XHMC F2JH5DHNIV5B7 D00UEMTEGN9KLYWKSG9ON8LXPMUMQRWFN8TX5DE61GBBFPCUCD8CANEKBKUJXU0H82HEGFK 95ETALUG5QOATUFUTACK5OJJ7DJ4W2L830 4AE969F706BD1OIBUAQ6NP1P5P1I1J8OE5D7BW7O3R0O2GW6NTYHIXS NJH64PVH 144W6R9ALAKHQ0GCQNQH19O NY7UN OEQM6NDQEI', '443-11-13', 6);

insert into MESSAGE (ID_MESSAGE, ID_SENDER, ID_RECEIVER, INTITULE, CORPS_MESSAGE, DATE_MESSAGE, LU) values (18, 2, 9, 'V7N0IY1 VT3M60YOHYW4JLHQPRJ7XA016BAEW85CK BMH566U8 AM21CS979RS90', '5V1H1A3LHJ0IA1ELTE0AHFQBICCVPMUVGXVY32826Q7BYK 5C5R3C1II63DJGTLK20PFIMCOBSW7B7MI1 FPEJ3 14SBYNWY43T2 55H2ML5P9PK93Q2WKTU02YIHDDN6JER8POO1MFSGVYGX08V1LEEG X2H3TAH4C 1A7MDIFDY4CHFQ8H44P2BCKMBUFQM1DV5SCUSHCWO162QOTTFH0G1 LFGLK0WVX9F0W0I2QX0I0SCKUJBWTBN6EFB6 A1LALOM1YB8XPHCNE9O Y4KVJNM77FDLWBNH0T97OHE27K88S1KO08I873E1 BTOAJTDAQF2BTB XTT50Q93B4P9JKYOOJ2R32CJVDKM4O7F5TL2A 69571LX88OTONP5RTDUQ04MYMSQ60 0X5 E0A4VOIENCXKC190YSY5E2MB7JE3O8ERN06034IY 87RTU5GMLKH7XK2RK0Y 3KY5T8RE9BAE0MXUNADV6V9Y2BT9Y CQ9OPSY 4UCH12DC0SFXCGPVVSH257FDD 07V32U3J4WPR3C89RQLP9D0VOGEQS5DT3 69S51TYYK1YJ50NR9P06KNRIRQR61LWB36T2H5NBL1QRHVRH536YTNCO5L879Q9TTCURC6J6NIAQCW5QX9Y9AKIT8I1YAWJLEWM8SNL3C I21BIU 5LKQAY5J82 KUP4OQWF7J7 0J9C9G1GJGEB9TWEA88SVH7A7AH8DXB8UXI WTFOKGOS7B0KLLISAY0DCO7C83GMRM7C44Y T5R595L492U95GN3ARYF3EMBHODOG4EBU62KARG0V29F2E5JXYM3JFEVJU05MT2YYR0 IUVGVOTEXC48 C4QDWUC6I6TNDSNAU EE5P7DMK8W0N4 RESQPM2IQ PV2 GP2ILRNCAE9NTG9EG6JGI0VTUC8JNWBIYVN2BLGQ9NN5 C4I1MTC3XL5XBD0FLRT39H779U91NGBILRPY6B2MF7UVV5KS55W525HTC8YVP291IJ8SGEQ3R7MR59FB E', '1271-10-29', 11);

insert into MESSAGE (ID_MESSAGE, ID_SENDER, ID_RECEIVER, INTITULE, CORPS_MESSAGE, DATE_MESSAGE, LU) values (13, 4, 16, 'L137JO IO7EOGFBRFGET04E59IVNK879QUX1K0T3SY9AYMAW3AG9GTHTHNB75BYV', '9XBVHLR7BKWGA4NYUHT4FGH9RY42UHUKWJTIVWNHD72BM6WNUDI7CGD61CLI3RPWEK4KA0H PBWYJNEE27G0NVIYU429IEWRUYL9F20QEVRCFRK7U7FIIABO1YULDPYQV4DG167Y37X3LP573WXF79FN X1J4QQHNSCLUBE Y2BIFJ4M8A91 8SCNFJM4LDVU69VMD5DPMRKDBQW8QJD6ILAHC 6T6AWOUK384BSJFSSVVKNJ2M03DCAG U4ND6QXTIPHB118HPIE2GM7H5B3 U84 A16X1QUH6UAJR535MMHKIOSKK6LE57JFD5VH2B9OCAIB67W7HNM03WBB390KKE9TUDBMU6IKOH518J0UXVGXYIF7QSSES6G1B83U62GTHI538MCOE5JQ UA08OGMN4QF2 UI6XJF 4JNQ1BO6 JSHHJY6JH EW9MAF7X7WPU4PBVIKTB9N3AX1DQVKG1GDTSU5U9Y8DWMCKUQ5ECFXYF5EKBHOYBLILGGBINDBLU REGQT00ACT87JD8VFL7UHDHLQY2NQVCIBXM8V7Y62GPIMK9Q  0ILGAHWXGA89FA0B25N379WNNOYIPJ7V 6DPJ6 9M4PEL5LRIQQ87HC9WM 18JNW7QDGFIRRA75DOQDHHHSRTHI33LCKWRFTQBFNH1PC3VSU GBRH8QD8T72T1T07 EGHEFON6XVLR 17J4VW0J87QU3LSAS1U2JCOJIC27C6S8MEX3327E4P9J5TUWYONIX15XN9NYNA47W3E6T4GO8A926SKWYUMLI7334MN9T3AQL6I1E8OSDSCT7OJMVLMQ5F2JH0KWWT1R2YJWAE2FWIVU9OPPAHF0T7X SFO7XIDH54NQVJ3DM41WGQ8SBFI8EUSCP83A04M48UP5OGKKYQSDVUKTLR4TYO2MD8LU8LE66MCC6XI6SVW9OSGRA6CSHVF1GNU7TOL8GE29XK8ELEUA CXS3T1Y0JVW529FV2C22I2FGXDPCOYT169BA9SNNNMQ9K06ND4K', '641-6-13', 19);

insert into MESSAGE (ID_MESSAGE, ID_SENDER, ID_RECEIVER, INTITULE, CORPS_MESSAGE, DATE_MESSAGE, LU) values (15, 1, 9, 'QMEB9S3Q23NLTFC78R6RN7E4D96EGOV 7NYYVHOB4U0DYGXFSFB6E9LYD9TBBWJ0', 'GPC3EGTOJFAT2S3RKF0YI477 I3SF3NTO4Q5EJP17QQYBO8SAPVJQSG36S88FNW1ACR22EINY6WL36V8ATCSHDGE6K 7 E7MECT259 MUO8NPME2VX7O GK9UKN FI34NF1 B543JLYSJ4KD NXXHLHXJSCI64G85GBBD37H7O0BYTCF0YVT883U9PXEKBESMKD73YUAI384EO OX73DJPNMF62Y30CUACNI9KV6PE3UAL3P77H7QAM01H6361 HVTGNSKF0KJ P4EG9V5NM73TXMAJEC7A4PCTRHMYPCY OFR79HO3KB7AF8O4335I6JSJMA85HVE09QCRQ3RYNILEQG4O21F8ARB9N6T LI1PQMMRWBUA485Q7FKUXPI7A8KC 2PQI5IKYO274CQUX0M7DS9WURUL2ELYC05YT7TTGK0AYSO6MBQ1 PY0NTNQS4S1508FCLCGFYOL1VANGQ1NTWQ2YM5BOX0CF62BYUXBQI8V9CMCBT2TWL4SUUGA5TIDXJL QWSYW0P9KG47Q78KFM1M78JURBXF AN3YDJQ163240OWWJT8N8TTJKDIAGCJOL0L0A8S0U8 9CIVPI1D2A7FYPP3LV7MOLCRE9B39TXXFBADNS2VB5D99EBMPOE9BJ82VFMAXXT38B4GW5WV6PTWXLUHTI6WKO6CAFEWT4I G8GWADGUKEJR36SABL8Q5BJNNIB7D9ID1L7BB7MHL7VYH2MYPNNRBRMB4CG8NB7B1BM22I4TJLLGK9OPMWYP1CN0189TGAW5RYGAD6N2SMW EP8YW414 HPOXYNK76SHJKSXP2PUVTD0QHGIIN6DEKUHDTVWW117 O4P44T K9YUYLEEMC4H80YX7OM CWMISGE3FABLQL3K471YIJ E1CURDY0QVXHVSIXE1KI3DYJ0YD9QM6BS41B10IJXJ8G020FO  K6Q0KST9VNJO 3CMY3CT431 AXRP2Q2LLT30QBP3JV11EIAOBITV2HPDN 8RD7MGL70N2SC2WU1', '973-6-18', 5);

insert into MESSAGE (ID_MESSAGE, ID_SENDER, ID_RECEIVER, INTITULE, CORPS_MESSAGE, DATE_MESSAGE, LU) values (7, 17, 3, 'DLSOOIMW7UM385UJ63I ISSGE0DRPDWEXJVSY59L08JTNX5LF43ASJ V BT5KG6V', 'P936TV81538KN2Q 0AIQPHY49171EF9MRRLVNYDOPD692 0NP6T2G1T9LEAREJ5 REMWUVEP3DY4XT10PS30Y0WC0HK7DLTKS7IF3R34G205JT63DB3KB0LKEUDMOSTUHJFC4PE4DTIXA65YKABEVLJ64LS0N8 K 484OON42DIRJX WQR3TT6NL46PYP0GJ 7OWJMEK7VPLP5XDT1IUI37GVFSRA1OTPC8IK9J70WP09NJXBYF49LOHDNGCV7BJXJ4FKD7T9FSBNBMC8QIWFVTM4IX9X7C2V7FRFISE8U4DGTCI4X65EXPW739S0R1TF5 92704QWKS5R2H2LNHMTPJ6W6TNFXHVKCFFVV85TSRCOIGO4X6JBFY6S9WHOTT43XBHVM8C795M0LT3CS4OARMV2V73VUSKRVO8FSQQ18KN3K3 ISXIDWAEH5N4CCH406WPN7G9QP426Y K79SL7CRH3YRB906BNJ20M0DF3HPMEKAKJCNJ8S2EH1NBPR94YHW79KJ7D5U SH08XW YWBCWIT8XQVC2KARFGK7672NYC2BE7N1HI7X9KKYW8T58J0OU XQDLD BX IDO1OSA19DCCY21DJ6CJCNHXQF  BWB511 BEKCQ0L0X18UMK2UI32J1UG8MQK5SJQ7IDLPFWS3XPABXFICBXCN3Y4MS372CSFTFENCJXFLQ15 WGRI6HR753NRPSPJNPLQN0H2T6FVISRAH7HF24NHKGQRHX2YQD57KCYN7VCN6F1KTBYLQRDP AN2W98MX2O B5XQ2G54G104GM WQ1A B66KM87RU564TWBWWHFWUBP322TOE8TBSPNJ V3ID795TP1LJN8XOP7IRUCNSADNVOWO6XWUQX10SC076U8NY8KFU7YWUSHSB2C37SRPC74 17A 54JTKLWOVLI 7 MH7YVAQHTY 2PUKEU66OUO47E2SMHUBSBDTNY5CO9CNOHP9NRU8TCU1199P2USFR5 SKJ0BR8HMDP4QB3 K1TAHSMW3T', '499-9-3', 14);

insert into MESSAGE (ID_MESSAGE, ID_SENDER, ID_RECEIVER, INTITULE, CORPS_MESSAGE, DATE_MESSAGE, LU) values (19, 15, 1, '6 Y74M9RTFLB636U169X36GL5BUJXFS7UVMLI1JVEBF TUJP1EXBDAS7FLYQSGJE', '2KJ3PT095MPP0XJN50DH HO2JHHTTHO 7DGON6OHT1E7V6853SDTK7EN98Q22FHRTQP2LC645V1K1KVPC5OP0UUSDTS7P1RJ0LPE9JB8711RXDVABB25J0CMQU J3J3UEDJJDR10MVMFTTX UT1TD9KEPCD1J2BF5T50O2PUL4RU5X22EOW1S0HL9UWAIPL3X48X AU8S 8YBPJ0W9RS3MASV55LFBCV V9429CUG0LCR3WCVDHQMBGPHJMUQT8X12I1TOCID55B U0VA6P4QASANPIOYY8KE31U3598RS1QIPXGQBVYULDMGQTALDMAVSMAT7R4IQ57U9369T7SC6IVF3BL8OXQSCVSW8VIX65XL377H1OXPXVGPOM4FA N1E7HDLVUXPIRDK6YKU3AGMBVYT14UNV11YS36H9QXBGBR19Y5H0F1Y1UC7OF40  QHJ0E3VYUE PIR0UGJQL3IJ7LXILXL QJS7B3GUE6UYU9W6H83EO4TI YJ6R GTPI5AQCHK6XSV6RHWVQLX7T91A6X6R2OPH663MA2OJMX6XSGI6RV ER5FGKHQ4W35TK P03 5UD9YV3QOOM813NO8Y WW CLYJB YLXW7NQ85IK1BU7BBU71DFSCI38U6QI3HP2DEOWPHY03NAV6WR57 NWC4 EI6KUJPCQXHRGXF0CH5SLBIQ95HKPV5RT5KFH1U67WJXOJ93HNMASNT6DOM86AP5C6AS6OUISMXD8N0BC12VGF5B9LDYUDSL YIC4YHAVBBFFOJGYYVS3DOUTI14OA37QQQW5SB6U1LJ0KFXBLNFRKBBY06BAM4PMOPGKGME1UYECJ3QF29C1KSRKJM7QD5HQVF47OKX NXR9BOOFFWA28LYMHHQMW9L3AA6FK0D499L4073EK12FX0D457V51ARVTU46OLYXG 1V3C2HCEQCD213PGUX0VD87 JVXSK UFCYIN8UH1HHQNOK86 8DEDB7V5GOUSUY7WCJEYNN7N4HCQMROTR73IDEXX', '1680-2-2', 17);

insert into MESSAGE (ID_MESSAGE, ID_SENDER, ID_RECEIVER, INTITULE, CORPS_MESSAGE, DATE_MESSAGE, LU) values (9, 15, 1, '9G58JDAL37DXLC4Q18SMHASFX6H28MFMBHN1OL0PQRNVNK3M4OCJFLL49FGLCUT3', 'HNQU3A7CJXP97FKQ NK6E6F TVW3NAXW 09LD6LDLTETP7WDEIIS1A9B79L4E9VBGA0KBWUW2P5XHFFC6W3VOUAQ9LO8YO0K2ICYOLN 2KDJUBIOPY4GLFUFTIIQORX6E DL4D3S9Q9C51XFU837 LMNB25LVNHUNI1 G8EPR SLTQLX1RAG3RKUOPHE0CTGGA0AE068AFS77DVK7VU7ABULDB7GHTBY2WSATKA32ORUTU8YVEM2UG OD4PNSXPL8BMIKKV2UO1P4 KT2I8B6ES 7U8LEFXM8 L0IMB5YTQRMGY2AU6YN5AKYKRJU AKWOGMJ9EI5WRIUWTSNELKOPUO6Q4DP590KMVQMV0EU3S8FUT5RLJFQX2O AVNKEQS2F8HQUHBW09SWPXJQ8RFCMV42IBK15RUV5NLVDCVQNFPYUEG9KT6YGFNK4N ROPAW73G2LFTAFB78HQMK91V608587PFG5ACLGC5EKT215O4GRQVDAKFKT0M9A84TPGG 3UEY8XP015XCRI6X5BER9S7HBOTLBD7LTWKVHF0PQ2UNFEP1PXYEOW85MA3KXKAIOMOB18B89LO6M2R26W 49X54X40KCVLA5UFHMN771MVR5FTT9G P5RMSD GEBB72266KR4DP WK9NQGQ1M5TDJE0IGTYG99IQ2VU HOGAVKJQEHP 89AVOF8CY84AB6TUQ7MNS5LNTBJV9T6YUTVHXTF6LIVAFFOH3H62FYW3TW6IDK6AU FYAS3TB14SSND4YOVG0FM4O2HW1Y7NEJTX1T8EWWW2UQOOUD4WH1JM09F9VEA6EXX0PEFJSU89DMWG3WAE1GYV8I3QTF1CM9PN69Q8AA6GFFV7T6TX4GQJHKJC SJ3HB27KCTVG9TNBH  VS8AK0AQQTU0WCGRBH2 9LR76HAOM85EY  7D8I QA6K93X26VO5Y9AI0APD88TBHONCWDU6 NPQ49P4W6YTMOMDFRBEBAX3PFR8QVANSBM7Q5 I2U0 ICHSLIADCB', '388-11-20', 1);

insert into MESSAGE (ID_MESSAGE, ID_SENDER, ID_RECEIVER, INTITULE, CORPS_MESSAGE, DATE_MESSAGE, LU) values (12, 12, 1, 'B21MDIG7Q3750HY9Y WI6IMCK6P2829B7RY75VO4YQSUWWFNPXHMS5J9JLWU11OW', '0HMFYBRAB3876IR9J54UXJ5W48HXWS0D2N1KT 5E0N62L308OE8YUAD7EIU F3BOO4JE2GD2WVA57DNX81DH  86NU8A5LKNYWG3BY5B4OYHBK38K8AGI84 OWX7FHCSHCXGDJHEAFENAW2BJJHKPKOVYQ2OMXGUG8V1X6POKVM IFKGMYA3SFVBDRHA5 3LKP  TSDMN6DDF5V2QVS236WWEWWBGKM4 FR2T5CYSW7HF HQC2U3Y1AD0EOQ0IQKICGST RHQ1GI1PB7JR4HQ5SNSX329MG8FV4ANV17RX8ER1FDTI16SMGRQL5LSJ MITJA9CV9PEFQ5M7C8EUTMEN GUL74UWD5ED9LTAXXLQPSYE9GSHMMC0O1L1FU 0968YBLMIOA6K78GWILIQIB9FC75SIMDF81DH6A024737R6H OCT738U2P280B3AIEN7W8Q4U1NRNL995DVC7LWOFLDWKBXXX0HMXKYYWC21PJ7 8GY4UWW880DQ7RTEMIJT3W2JO3H3Y3PNBXTL1KUYJ4SNCFKPUGDHOL7OSKGLRFK8QYANGRE4M8 X9TXR2K0NRPJ5750K9DKM5SPILC804TSD03PD3P2T6V8M6DTGDDILHYWVNV1OWJJ3D1Q90 OTLGJP7XX2TLAS 2ASPHL7345NY5W44JIYEHPU3P2Q3SRU3URQI0NH4J205I4F4QPWTK0FXPF2FFV7MASNPX FRV7I3WANV30RT2ST14P4XLKBLFERNEGPYD4XRQF4LAO05VC43A7ED2TFDK1TG6W11HTGU4H4R4IKDP4J0NORE8MSK1SW3R9YIPUOUSHT4LSQSRH0YVGIE61I1G8I98GX9T9K24JAQTD8J0WIGSDBJM6M1IHLHCECEOQIK6PGV3M6G1UU9AVASX32Y26H K4HBBEC7P397VH394SRFJSYV5XMK5HVVWMIQXX8L0VHJRDXD4AW9SN6C0W3VY4WY5 KKVIT458S3I801MXSDGDBGT537TA5VN8L4LY30SETA1', '743-2-9', 15);

insert into MESSAGE (ID_MESSAGE, ID_SENDER, ID_RECEIVER, INTITULE, CORPS_MESSAGE, DATE_MESSAGE, LU) values (11, 9, 1, 'EFUQIA0SWJVMEJI02NYM9OC8DBFW H7JXH P2C1MJUTUR4JNANXUP19RUCH 9 B8', 'L29UBVO4I2BKY657SJ0HJJWTGJ8AL1VEHATN1KBJ2KRYJUJTWFKC17PCWXJL3WTVH8ALR3RLMCHA8FKFHKIKVBO3JIGE8PGSNT1T7MRBACUKC7M V5J7AH49B AYCOBQNH7638AWOX4D8CFNYQ8VJ8Q3LB59SY9DMXO76XNR0U80AY O5BWYT1G1B1WX LFK8E707LGEX9 GX1KHF9LEI7HPXY88DI7CQH8F11JGOPY9LGPOAD6UW0CTFDK2ELCUV40XJX1S07EPR180PUDMDLSAD 41JKSEXSMMJWDD83IQ IBDABJMB0V7RTXED3SIP8UB G9D574URGBT1RXI69 S8EQ1GRVSKPBES1O14OXBOEWJMLIID7PEVL3IB2V0DTE YYVW14E0DT1Y6O2KFL KCQE0NCX5ILAUGGFIBKRHG 0JD779V6Y UJRE3WCB GXCDO5NVF1WL690ET7T7H4I1238AYUR6A0LQO488H04HJO7 K7322758W2N0LDV6A39NDSDD ANW5A3FX3O1AA15W6JYT49G4FQANRATJ8NJWHUIQLQRIMH3GNBYJLN3V41QA1CO7YY8QWRK746XWT0YAJ7RLMWP 0W8XU5JEE1TEHBF3YG9MS71IOX9P92EBQL05ODJ0A04KF3JE4SHPNUAQM0AITCT6P6BHDVC83N2T8WSNEYD1UV4VRJSI 4685AE9YN5S2GJNNOMPFHPJ3FIAABO7NU6K07MTSXOPAGHGRH1WIICWEPXR4PWX 83O2XBCK06HLGXKWLKVVS4S04EHYVHXI2OHU3VY5DG KVU6OD8RDT TKAI0CHFDXDAAPXPOROUHLQAE EN3RNTDUVBCJ UBC9PSQF7EXQ5OWTC90EWQK4LWYSGVLERR10D4S5XYCGTOEG4P77M20LAND12EEGCLL34TKCB43 Q UPQKAV T66XSQUT5KHPKX2HTIXXHHKCHQ8DJCKQ2WKLG0JYPHK3F7RCFUFCM5OMJEG8CMN2FS7CMHM63CCOQT1', '1564-11-16', 2);

insert into MESSAGE (ID_MESSAGE, ID_SENDER, ID_RECEIVER, INTITULE, CORPS_MESSAGE, DATE_MESSAGE, LU) values (2, 9, 5, 'ARQ2EO JBYII8E81WYFM02IUVAQS HJUY5KVRMBETH5PIORCQ3YBITIAU18RNIXY', '9FL45  T2UWBIHQLRS93A8NQTS55P0K09YJTYY4SRJ4IJFJ23KIYL1BPMJM GOEUVL93GQ1H85OCKL6UXHG4ESMJ NBI91N07934CKHWLL0SX63XMPWNY4WBPRJ GCU WC7QBHGAI9CH E E1TC5GKSB9VDEEPUH3NHF4H8 3WMP3CUKNS308JA0IHQDI6TCICNDLGEI3NNFQ0XUC086JEK0 G957P5MB15DI7UKP3Y7AAUUOBMBQE40M2DOY4IFBOAWQFOYO7WBA D9LUXP5ORYYYBK97X5RP325QCOCCJO8TN1P8MA7BJW284 NMM7HWDNNMIUHBUVNE381IUOCAT3JDIWPX58TIQ37K6SHBF358C191M5 G6VGA2U LB2M4LISUN 7XR8BRDTHPRLNLJSIA60408NCT2LDPE 253TSCG4CPSMUE3IV1YARH91V 5T0ABL0EG2762M4O1G5HBX8O96M73JQGK6RNHRJILUCH15HON 3BY0UQUUD9OJVISFQR9IMO5LV8GPQ5IRBB0XH456SN7MVS5Y2FE3UJGJKFOFOXBYHSU H6FLNB7JRCOQXGRX85OG7YCNMBIG9 1OMNQBR2H45NAIHINKFXPUOJFTFYDRC FLCNV3YM2G6LLKY6JOJQATRW2KHXW1HU7KHRFE3MCQGE YNX849UV6EMSNRPW4GISHHXSD4LXA8SOBS5U RUQDH6D0N6 I1TWGBI4RY0PN6VOYP5OCRVYH  VP5NIB2IKRIAD J7XHK3PTS4EMJEC9UBM1TTMCG80S0F84WG1L6EBKD6X8V9I54F8DNR921KU3GI8Y1VTYC3UGVCGU4RU7UEMA914KS WFVJNU1L9RVUDFRJHA3LI539XGQIQLMVAMXWJV JQ85UT2ILSH6VIDYYMSRKDLKGFRQERP0NTU4KTNL8DJB3KVLCHAGW2NM 00 8XR8ND76YU1K4LQX56E54H4JMNGUJ PW1H0VAL2BD4T R2H DM9UXYOACSGB3LD7SK645XD', '1-1-1', 18);

insert into MESSAGE (ID_MESSAGE, ID_SENDER, ID_RECEIVER, INTITULE, CORPS_MESSAGE, DATE_MESSAGE, LU) values (17, 6, 16, 'TVFH3I5TNDTH1F9HJ C Q0QSPXJOHWS9QMESU9 JOAOIVNY7DL3BMYA64COMKND0', '7NBEDGN7CENI74324XSE86TH740C52Q C1OO3018EA9A021XVSQY0WU89GT2V5F2UAM1V9OM83BIGAI0C2PV6XF DNEPSIQUUAJPFD8G Q74U1YAYUI6YVXVD92N7E6VYGIHGGSWAJ4SLK2WJRLIL915OEYSI NTCJIWPHLBAB3R0WV4KRB7CJNA7IWR499KOR63 B98O5V0L1LCY9RAJ2 UGGKVG6F47N1V3RLCOO04QWS781SCH3LMDHF0 MUNN9CPWKTF3UUCY9CFD92PKQ6HJAPR6BHHA 4RAA9J60HMQVBWXL0A63VJYYDDMXL2 M7Q5GPRR0TIMC5P 0TQP4 Y8 7RT1Q20D74FI3F7 I786I16YIANP55H9SGE4Q9BVH03ROYDJ0M4SC9M7VVIM9NC2HN KNL95856F10OPLAYKWX 1G2RKI414E96OW6SMEWPP B4V9EFPPPI3K3 3DF9JGRQL5AE6PDQLMU3VTS6DJEWDDVRRKL7UCDBGBB20N9C2DMOWU YNJ2EDRXPY6QQYIVPANTCSKYP UWDMO4KG0TVWDFHYH7289TN NK9LHG 313A1H2RNNYL8QAQ12G4DKA C3FFU9HB27Q M78D2D F22069U36JA5J41F GKD ISIL7ITABDHSHDQJQXX8A T7YWSKOS37WNCU1WJC157LWHAMBRWMK2EUD8UE84BAMU6USNWIPH5B9 78W24DQPQFT0465LCKYQ8EJTYPPFDWT9K68VS KT6XNEA4 W6B4YUQP8IXDA4VBG7BYFDF93UB4V52LMF08EGM8HX5VQRATHJKNAEAD3GME6OBB2C ABRED AHDMWRV2PURBLNW3GWJD1PVDVQ86IYTWCYU58CDPG3OMU584U9JSHLCDMPVRPMO7GO9SMPNP7CON6W62DU90IWARUFY2FBGMNTG840G22LY1SMYIDRJWO3N0FE5GXJ1ONI5KV VNPVLR0H5XV70NS3QBX7XIO7SNSY 18VI3KBL3DASGKEBPP', '1489-9-22', 9);

insert into CLIENT (ID_CLIENT, ID_UTILISATEUR, EMAIL, NOM, PRENOM, CIVILITE, ACTIF) values (3, 15, 'FD9I3FU6FA21L6A7I92PH 3DV3JBN3IEFJQSEPW5GDFI6SL9E3MF7RBMKK9TORFDCT5HJDBG3TVTV63XIQ570W9WYWWF4YGU 7PAQ0K UFF5AUQUEWP02VGOS0S63K5J', 'BBA8LDJSDFS CK1EBWUR8FGE68TXEJ4AJ4 E8PA28P2V516W3BR1AC6MRVO8HL8K', 'UUXXQE3AHF Y01HU68CXW4O9F7 JOT7JLQ 54TSBJ 3BABBO9HFR7H6M0M23UVGW', '6E518QFG', 2);

insert into CLIENT (ID_CLIENT, ID_UTILISATEUR, EMAIL, NOM, PRENOM, CIVILITE, ACTIF) values (16, 2, 'K3FH65DURBWF12MO2P6KO7TLC95SRGA7XD0476R8D2U5T68D4P7447GIGFXL990UD90S3F KSNMIABCYNT7PQ7TBIOWNTOOLTERU64LDMECD6KWMAEEWUBM7DLKLO7XQ', 'RV2RCI6FH70TEBG8JAF1DKQG50DQO2RGGCHRV4EIAEFRGLIPX9OHJCF7TE29VM1C', '0O6663GTPGUYDEBEXLB52SM9EJ7CQLE41W0XD1T QSGC30KTXJBCWRUYL30LO5S5', '22KMRDFT', 17);

insert into CLIENT (ID_CLIENT, ID_UTILISATEUR, EMAIL, NOM, PRENOM, CIVILITE, ACTIF) values (13, 18, 'MTB8VEIC25Y69X8R78R1VPUEH59S4AOPR0LJJBTBR155B9YV3F218ARDTP16FA72NT93MSXB OF15EUN5LUJC1XNS3REXF MAIPRLNJJG10DM13W7OGQQO71HH4R0VR9', 'NPWGUTE6I6UDO AT043TQWV8T3P8XSKSWKVM8Q EEVKXHI 855431D03QN RS38J', '82O 6FV4WE0LAQJWIOK986YL5XXQ2LO1NA6K5XTQ25AHX3XTJSYGNMB9516FCXG ', 'BLUAE28U', 1);

insert into CLIENT (ID_CLIENT, ID_UTILISATEUR, EMAIL, NOM, PRENOM, CIVILITE, ACTIF) values (8, 1, '8R65YPN9FJY7LR5LH20KW0NFFIJ82ON0IOPI8MI R02D03NXUJDLDKPUO68EIUY5PP1Q XMCSN0ASGL5MB92QX2IVV6IS7B1YSRCS4V4E231W7AROY3ULHMU5G6JFKN7', 'BWOM5Y4AT6PBB43P71W1IR JPYEMEV4GI2CJOG766966OLC8IWD0A19ECC88SFOK', 'U2AMU48FI6XHXIOUD446PMO47UQX  PEY9LOTHW055AN8B3GV7LB LXLH6D5FJCS', 'YQTMFGW7', 6);

insert into CLIENT (ID_CLIENT, ID_UTILISATEUR, EMAIL, NOM, PRENOM, CIVILITE, ACTIF) values (0, 5, 'W77MAKAAYAJEDJ8CHI4HKLOA64R0XM4BQNIC4LAWFSAQ7NANYCD6DIRL6K96UY7959L4 DJAAC25IIJNK9MQODMKUSUXQ1O0EJ42L0 SJ9CBD4EDCKHP78D7H8DS9CIQ', 'MXR2W4TGCLLR0OTX08B3G KQUJKOXXL2BNJK0QTSR4GXW1T15X7Y8E OWP6NWHSB', 'M6FYQD FD3JQWRP8G2JD4WC6LAON8BKU1JYA83TR4GN6XYB 250JUSFJSRYPYWUG', 'QDAJCA9W', 12);

insert into CLIENT (ID_CLIENT, ID_UTILISATEUR, EMAIL, NOM, PRENOM, CIVILITE, ACTIF) values (9, 6, '9EL0PIU1P5HMWCI3TSB8Q1ENVRK0142Q178I2SMQU3I49XU711842OC8COUEQMXIKP3NHO4RKKAHOKM8MQ6W0X3FRLGH3YYN7 08UVE5 EG1CTDVQPVNFFWSJLHGT6BY', 'UU2260DWF7Y9X7Y XBEYSVQLQCRLR2KSWKL8MJXPTL4 MN5CT5X3D0H04FNIOME6', 'WG070V2BV0C F 3M78TPSE0JSOD56SWKHGDXRRPHN34WGRE7UJIDPR66VHRLHDSD', 'HCB4SLXD', 11);

insert into CLIENT (ID_CLIENT, ID_UTILISATEUR, EMAIL, NOM, PRENOM, CIVILITE, ACTIF) values (7, 16, 'VNJR 1T5RWGSI5W108S57T95K7O3P6GE M2CUP 22QFFH09PNY6WAKWGA9MYJV21IASPBBTFO0E7LNT1DX4YL2XQQ2Q35Y54XFLBD7JVS844597FGOF23MN9EC5DF302', 'Y 03PDLGO8IJ8L0H1J1X99KHLKG4ED90W9C1XAUK01K1DOSKBKR0A MIB690DT50', 'JFF88RXTXA9B56V KPGNDUALT1V6J T6DQIN8U82TOV8OYICFSTFKJY4 K5S1TKF', 'BNLO4EV6', 5);

insert into CLIENT (ID_CLIENT, ID_UTILISATEUR, EMAIL, NOM, PRENOM, CIVILITE, ACTIF) values (17, 17, 'A6980OL9695SJ0CAO1QOUGOGB5S89U7G5588AURK7GRI7UHACBEUUOXT32DQKPK KBUO9T2WOI37KR19C6NA7BK4TYDOA17J634N JUL0I2G4IT42QDE0A28564HG4K6', 'OVXN8RYKC36 US OPT43LDBR1NUAX9SMY8SYQR9Q2I9W5SDRLE4I9D23EBID2XMV', 'T4LBJSG4WQTC8TJV07J45M557STXN1WT9QI10CM0ABO01CG8GT9WXR3DVRXS5M01', 'KWSTGC19', 10);

insert into CLIENT (ID_CLIENT, ID_UTILISATEUR, EMAIL, NOM, PRENOM, CIVILITE, ACTIF) values (12, 13, '59XULXO1229ICVU DID6FG558GM814A141XM9QGVB07BRIG5RE4DLJU1TWQM56DIB1G 6PCVPR3D W906PYAP7HA3233T823IARNIDSXR1YXKK5555W 1 LCUX2N69WF', 'V4ROJ5CH1TG3TE0WVTGBFSNLKXACT2BX3RI7SR3FRY8GC97E00N79F2E9L1W7QU6', 'L3V9I44YNPW7CY2AGUJITI8JXYA6AKC48623YOJ97LPLG4G26 LGQECLT8GKVPK3', 'BD4VJIFI', 7);

insert into CLIENT (ID_CLIENT, ID_UTILISATEUR, EMAIL, NOM, PRENOM, CIVILITE, ACTIF) values (1, 10, 'Y7SXKBI3H0JU6TBAPWW2TC4WETV0E0OBGLBULWJNH7HOGY5DFGIVCO4QJHGJM9HRDQV VG3YTL3L45GEES8DX83SN5J82LPVI9QPT8UJ3KIFVF7LA788 7Q9MBPSYJ Y', 'TQFIP8PC58SIBXKO 81K VNUOWDHDYF2U2QBH7L5RG6JDUYBA8NBTOYGMQO3DLNB', '5C7B9GTIM21HO2YQCBISMUJLJYT4QQP8UC9EET5A6MOUC18N993AG33TKRJNQD1Y', '8VVVC689', 13);

insert into CLIENT (ID_CLIENT, ID_UTILISATEUR, EMAIL, NOM, PRENOM, CIVILITE, ACTIF) values (2, 0, 'C71XQCK3JWNOGUPC7HIOTN0CU08HMK9ER1NB2UEISR9JN9J4XSTQXL7ICM7CA SU9N837NSR2RRRBGJMMOQWPXWCJXH0C211S987ONE14VFUA5WN15JJNGWLH5RQ4YRW', 'D8CXD7GXKP5D2DM1Y6D70DUVEI6HDIAOA01CMLDV6LBJ4SYQLJVIV9HVTXSXKEF5', 'CE DD 0HN55BU579ORYC9EMN SKJS54T62T 8560D T4ME28W1I23V2NDIK TJTJ', 'E36D6YA8', 0);

insert into CLIENT (ID_CLIENT, ID_UTILISATEUR, EMAIL, NOM, PRENOM, CIVILITE, ACTIF) values (18, 3, 'VLU8YK8O9HBXFY 9IJEHAVB4PUFI1Q2GMO4FJ2J3AG9QNDIIUN7B5TK1B2PXIDAXK1SO0RU J URXUIREOLAUSBJV8L90P1RUKGIY3 4WOF27P6G0829W9J K5WF K7E', 'VND7LQKDO20968PHABJ7PMBG88AJ5WGW TMTLTM OIDC0UVGNTLXWN1QJX6WCJ15', 'HC2N DN25SQ92QADUTY40JLIUW2NRX80TLTERMRXDRTBOXOMT76X4BM509C1MLR9', '8Q0NMND8', 18);

insert into CLIENT (ID_CLIENT, ID_UTILISATEUR, EMAIL, NOM, PRENOM, CIVILITE, ACTIF) values (19, 19, '4KG70G1FRK8FH5366ATS1IGW11400L0LKRXKT4E23267TD3QRAV2WUM IKN7LFX5W7Q42BQ8B20I9D90B02W5DT1PSLYCJN4BHM2H4 DHS70W404SQYUK443W3URWC9M', '3JW610FFCOCACJS0VT1 UGMY61TEGQ4C2A4U9C2IDRK9 9 PNHLAX CL2X7 RUV4', 'DOWYOT30 DPIYS82SOYJK1YJ3AF7EP4GTQYPWPLYDKWQGVB176TLIGKWQ66U6D9Y', 'Q15PRRYB', 15);

insert into CLIENT (ID_CLIENT, ID_UTILISATEUR, EMAIL, NOM, PRENOM, CIVILITE, ACTIF) values (4, 7, 'OG18SJE24U33WI09R1W2W4XAWE2UU52Y7J94RIF19DQTF86V9Y2BX7UX0XR2W6NNSEAU9TX5IR UM1THY C5I4UH4C5XQKVAS7X828WH0XHJRGDSXWHNGL3KMRAL5BWO', 'DXV4QRY9YCK2QSD77CVGL6S7QFABL4U71QOXX3UVWFL6GS1BAF6QDSSK6OPOCQRI', 'DFDMK0CHJPLLQTIW001I58SJ8F8E1LF9RQDFXCUK ISAE0Q9QVP8QW6 B0 W2A52', 'K6BUGJRP', 14);

insert into CLIENT (ID_CLIENT, ID_UTILISATEUR, EMAIL, NOM, PRENOM, CIVILITE, ACTIF) values (15, 8, '3ITQ2CR6E5MU2 NNU0XMP74YENXXVE5Q49CH7Q3NV3MHT0R4X YI4EPKXVQDPNEKVVL8DSUE5UHPDT2BWTMFPMUI7Q02HSLFT1LEJX61HXXJ2N6M 1S2F6X0RXXU3I0P', 'JCOUC4NMFGOP XG072L1QLEJYBV0DPR4 WX4IIN0D6NGAPAHR22X95364D0Y4247', '94WG85T8P5AO1T4VFXPGJYNVAAL0G994PFPNRX8PB5OBCJ5LNONITPA   14B7UG', 'K4FTRQOB', 19);

insert into CLIENT (ID_CLIENT, ID_UTILISATEUR, EMAIL, NOM, PRENOM, CIVILITE, ACTIF) values (11, 12, 'LVOLELVFXMJLICX23OEAJ FE3BA5GJHUNUPDL4JOUT4CCUMPPSLSVFKK9NMA4H4VDTYSVBQRWTMEVDU6 J705EQOC5VHG4D3TPYGSMBGY8HU39RXRJNU1BX3GMSL 93 ', 'XT7MYTDO3T5TAJI BL8NH1IQB84Q2NH7I22YBJNEH1HX QF0RAK31MMKNQYBN8SL', 'EUCPTXEEVJBC1CKHH40BWGKBRA29XS95814WQFWU1MANS9CQLJXK6E7 IT62GI6I', '550OIWQX', 9);

insert into CLIENT (ID_CLIENT, ID_UTILISATEUR, EMAIL, NOM, PRENOM, CIVILITE, ACTIF) values (5, 14, 'PR4J FCOH2TG Q0LGS8U5JCDAC 77KHA6RJX429KDRMLMYDY1PW65BK51XQLOM0UXQ34UOOD35KD0XYV 3HPQQD9FE7L  FN8AJBWEKIOI7GBO5IA7KYMXTQR8ASQ RU', 'DWVB61L5WTWJBKL5H5ARKAO7U338GI63O1QJ7MK0BMB0D5R6HJFUP96A1 VQ 34K', 'L247VJLQX8LQDBTR4QFJ M59OHQV8TJ FD98OAKX9IVPLEJ1STA4T3PK6PSOJ2J5', 'W1S6 F3R', 8);

insert into CLIENT (ID_CLIENT, ID_UTILISATEUR, EMAIL, NOM, PRENOM, CIVILITE, ACTIF) values (10, 4, 'VAAC174JMHT8M M1INI1MTBPSANDK0CQ43MO02W803HR3ODVPFGUH9IHVSR677QUUGLGNRNEGU2PYEKKG1BS22AJVGVRARTRDG JT0G51M5EEQRUYBT17VWG5B09LOR9', '5LK52H986AFG7J406CS87PYP0FFPUGEY131DJPK9J1TJXO0QMPYEQN2F1UMOM01H', '6U59KN9F92LF9BE8TF1 1QEHI973PHPSUQ96 GDFNV2B7QH7XG0C7B4SPEOG39SR', 'DX5XP6E1', 16);

insert into CLIENT (ID_CLIENT, ID_UTILISATEUR, EMAIL, NOM, PRENOM, CIVILITE, ACTIF) values (6, 9, 'NQEBCGNNGN8UP5RITHFCSAS2OV IWW B368Y5OW9VNGP51LN98G6QTS9V0D0 98 N6M7614I0OSA1QOE MWN0UX4P1KVOIHKUIJID G04A1KPFM2A4MHKOJXRMPWWB0F', '3HO AAQOUKPONF4KCCAJ42VMW56W03BGN1OI56B58W7VJLFXE7XF4T2KWKJ6NXUA', 'T71FLT8A FQ OPKWVIN0881IDB34QX5ADM6LD99VG9ERQNMHOY92OXJYAR S5QW2', ' J4YBJXY', 3);

insert into CLIENT (ID_CLIENT, ID_UTILISATEUR, EMAIL, NOM, PRENOM, CIVILITE, ACTIF) values (14, 11, 'NBOXRPFN0CQ5L7B7YM83GI820WPJH9E5O8J7CDRD 56B231EAD3KPHX32CBWDRHGY7ER63IAVFI0K07G53GNDMRP2X0SJ8D86NDMET0R1AKUKSLDXW6OLT9SLX2KYYHH', 'JJ32X71MAH6TTS4DETSKJPJQXRY29LIO54SHG1 3387UNMQKHYL2ADIRETFPL5GD', 'V0IG88BVD1FIHN26BF471DHA9Y4J3M N82E8LW RB6 2NSX5F9H2MQIN6F00U64B', 'WE54QF69', 4);

insert into LISTE_DE_SOUHAITS (ID_ARTICLE, ID_CLIENT) values (13, 3);

insert into LISTE_DE_SOUHAITS (ID_ARTICLE, ID_CLIENT) values (4, 16);

insert into LISTE_DE_SOUHAITS (ID_ARTICLE, ID_CLIENT) values (1, 13);

insert into LISTE_DE_SOUHAITS (ID_ARTICLE, ID_CLIENT) values (8, 8);

insert into LISTE_DE_SOUHAITS (ID_ARTICLE, ID_CLIENT) values (17, 0);

insert into LISTE_DE_SOUHAITS (ID_ARTICLE, ID_CLIENT) values (19, 9);

insert into LISTE_DE_SOUHAITS (ID_ARTICLE, ID_CLIENT) values (0, 7);

insert into LISTE_DE_SOUHAITS (ID_ARTICLE, ID_CLIENT) values (18, 17);

insert into LISTE_DE_SOUHAITS (ID_ARTICLE, ID_CLIENT) values (15, 12);

insert into LISTE_DE_SOUHAITS (ID_ARTICLE, ID_CLIENT) values (12, 1);

insert into LISTE_DE_SOUHAITS (ID_ARTICLE, ID_CLIENT) values (11, 2);

insert into LISTE_DE_SOUHAITS (ID_ARTICLE, ID_CLIENT) values (3, 18);

insert into LISTE_DE_SOUHAITS (ID_ARTICLE, ID_CLIENT) values (7, 19);

insert into LISTE_DE_SOUHAITS (ID_ARTICLE, ID_CLIENT) values (2, 4);

insert into LISTE_DE_SOUHAITS (ID_ARTICLE, ID_CLIENT) values (9, 15);

insert into LISTE_DE_SOUHAITS (ID_ARTICLE, ID_CLIENT) values (10, 11);

insert into LISTE_DE_SOUHAITS (ID_ARTICLE, ID_CLIENT) values (16, 5);

insert into LISTE_DE_SOUHAITS (ID_ARTICLE, ID_CLIENT) values (5, 10);

insert into LISTE_DE_SOUHAITS (ID_ARTICLE, ID_CLIENT) values (14, 6);

insert into LISTE_DE_SOUHAITS (ID_ARTICLE, ID_CLIENT) values (6, 14);

insert into LIENS_CLIENT_ADRESSE (ID_CLIENT, ID_ADRESSE) values (3, 1);

insert into LIENS_CLIENT_ADRESSE (ID_CLIENT, ID_ADRESSE) values (16, 6);

insert into LIENS_CLIENT_ADRESSE (ID_CLIENT, ID_ADRESSE) values (13, 19);

insert into LIENS_CLIENT_ADRESSE (ID_CLIENT, ID_ADRESSE) values (8, 10);

insert into LIENS_CLIENT_ADRESSE (ID_CLIENT, ID_ADRESSE) values (0, 9);

insert into LIENS_CLIENT_ADRESSE (ID_CLIENT, ID_ADRESSE) values (9, 8);

insert into LIENS_CLIENT_ADRESSE (ID_CLIENT, ID_ADRESSE) values (7, 3);

insert into LIENS_CLIENT_ADRESSE (ID_CLIENT, ID_ADRESSE) values (17, 11);

insert into LIENS_CLIENT_ADRESSE (ID_CLIENT, ID_ADRESSE) values (12, 5);

insert into LIENS_CLIENT_ADRESSE (ID_CLIENT, ID_ADRESSE) values (1, 16);

insert into LIENS_CLIENT_ADRESSE (ID_CLIENT, ID_ADRESSE) values (2, 13);

insert into LIENS_CLIENT_ADRESSE (ID_CLIENT, ID_ADRESSE) values (18, 18);

insert into LIENS_CLIENT_ADRESSE (ID_CLIENT, ID_ADRESSE) values (19, 0);

insert into LIENS_CLIENT_ADRESSE (ID_CLIENT, ID_ADRESSE) values (4, 4);

insert into LIENS_CLIENT_ADRESSE (ID_CLIENT, ID_ADRESSE) values (15, 17);

insert into LIENS_CLIENT_ADRESSE (ID_CLIENT, ID_ADRESSE) values (11, 7);

insert into LIENS_CLIENT_ADRESSE (ID_CLIENT, ID_ADRESSE) values (5, 15);

insert into LIENS_CLIENT_ADRESSE (ID_CLIENT, ID_ADRESSE) values (10, 12);

insert into LIENS_CLIENT_ADRESSE (ID_CLIENT, ID_ADRESSE) values (6, 2);

insert into LIENS_CLIENT_ADRESSE (ID_CLIENT, ID_ADRESSE) values (14, 14);

insert into COMMENTAIRE (ID_COMMENTAIRE, ID_ARTICLE, ID_CLIENT, NOTE, DATE, VISIBLE) values (3, 15, 14, 16, '936-10-24 8:59:28', 8);

insert into COMMENTAIRE (ID_COMMENTAIRE, ID_ARTICLE, ID_CLIENT, NOTE, DATE, VISIBLE) values (0, 1, 10, 10, '119-12-3 1:10:6', 12);

insert into COMMENTAIRE (ID_COMMENTAIRE, ID_ARTICLE, ID_CLIENT, NOTE, DATE, VISIBLE) values (8, 0, 9, 18, '350-10-16 2:54:11', 3);

insert into COMMENTAIRE (ID_COMMENTAIRE, ID_ARTICLE, ID_CLIENT, NOTE, DATE, VISIBLE) values (4, 7, 2, 4, '1130-2-1 11:19:28', 0);

insert into COMMENTAIRE (ID_COMMENTAIRE, ID_ARTICLE, ID_CLIENT, NOTE, DATE, VISIBLE) values (17, 12, 5, 11, '764-2-7 7:24:12', 1);

insert into COMMENTAIRE (ID_COMMENTAIRE, ID_ARTICLE, ID_CLIENT, NOTE, DATE, VISIBLE) values (19, 7, 1, 13, '1438-5-9 14:20:10', 2);

insert into COMMENTAIRE (ID_COMMENTAIRE, ID_ARTICLE, ID_CLIENT, NOTE, DATE, VISIBLE) values (9, 19, 8, 5, '409-8-5 3:31:31', 19);

insert into COMMENTAIRE (ID_COMMENTAIRE, ID_ARTICLE, ID_CLIENT, NOTE, DATE, VISIBLE) values (5, 5, 7, 2, '1526-9-17 15:11:1', 5);

insert into COMMENTAIRE (ID_COMMENTAIRE, ID_ARTICLE, ID_CLIENT, NOTE, DATE, VISIBLE) values (16, 7, 19, 19, '652-3-15 6:37:17', 14);

insert into COMMENTAIRE (ID_COMMENTAIRE, ID_ARTICLE, ID_CLIENT, NOTE, DATE, VISIBLE) values (6, 18, 16, 17, '59-10-1 0:25:52', 6);

insert into COMMENTAIRE (ID_COMMENTAIRE, ID_ARTICLE, ID_CLIENT, NOTE, DATE, VISIBLE) values (7, 12, 5, 0, '1616-7-7 15:48:12', 4);

insert into COMMENTAIRE (ID_COMMENTAIRE, ID_ARTICLE, ID_CLIENT, NOTE, DATE, VISIBLE) values (13, 0, 10, 6, '259-4-8 2:23:44', 16);

insert into COMMENTAIRE (ID_COMMENTAIRE, ID_ARTICLE, ID_CLIENT, NOTE, DATE, VISIBLE) values (12, 19, 5, 14, '521-5-8 5:40:5', 18);

insert into COMMENTAIRE (ID_COMMENTAIRE, ID_ARTICLE, ID_CLIENT, NOTE, DATE, VISIBLE) values (15, 19, 8, 15, '460-12-24 4:42:54', 9);

insert into COMMENTAIRE (ID_COMMENTAIRE, ID_ARTICLE, ID_CLIENT, NOTE, DATE, VISIBLE) values (18, 18, 2, 8, '1733-7-13 16:55:12', 11);

insert into COMMENTAIRE (ID_COMMENTAIRE, ID_ARTICLE, ID_CLIENT, NOTE, DATE, VISIBLE) values (10, 0, 17, 3, '1048-5-9 10:8:27', 17);

insert into COMMENTAIRE (ID_COMMENTAIRE, ID_ARTICLE, ID_CLIENT, NOTE, DATE, VISIBLE) values (11, 15, 5, 9, '1358-9-11 13:8:41', 7);

insert into COMMENTAIRE (ID_COMMENTAIRE, ID_ARTICLE, ID_CLIENT, NOTE, DATE, VISIBLE) values (14, 18, 10, 1, '1268-10-14 12:20:3', 15);

insert into COMMENTAIRE (ID_COMMENTAIRE, ID_ARTICLE, ID_CLIENT, NOTE, DATE, VISIBLE) values (2, 8, 11, 7, '1-1-1 0:0:0', 13);

insert into COMMENTAIRE (ID_COMMENTAIRE, ID_ARTICLE, ID_CLIENT, NOTE, DATE, VISIBLE) values (1, 18, 0, 12, '868-6-13 8:27:28', 10);

insert into PANIER (IDPANIER, ID_CLIENT, REFINTERNAUTE) values (4, 3, '05BV6DYCF 0AUTQJDAD YWYOC7F9 G26GK LV90QS5BKIA1J5QLTIG3KWMT930Q7');

insert into PANIER (IDPANIER, ID_CLIENT, REFINTERNAUTE) values (18, 16, '3F73FGC8V9N5HPOISP6G89Y72YRN65TX6J1HDM1XFLBQ766EMWO12F1SWF3E7HN8');

insert into PANIER (IDPANIER, ID_CLIENT, REFINTERNAUTE) values (12, 13, 'LMXXQ0W0B87PSVTG4QBYMEJKVIPV5DO3IHN7BFNHUK9CRC76YHK2IQ3U8LQXVLXX');

insert into PANIER (IDPANIER, ID_CLIENT, REFINTERNAUTE) values (2, 8, '4UBBG3T BWS08JNSTB6ESD5MBXMIPA3OLCAE0PPU1GE8UUC2EA575MWHHP2RK2P2');

insert into PANIER (IDPANIER, ID_CLIENT, REFINTERNAUTE) values (11, 0, '6H9PE9G0GEWQQ06LIERTPABR5 2XUW3F6Q4OI8X3WQFCL9UGWJMQ7H6EPTWFI5CP');

insert into PANIER (IDPANIER, ID_CLIENT, REFINTERNAUTE) values (15, 9, 'UF4XUHRCUFE3N6THDILOTT1 L14W3NBKKSR6EAFQRCI5NQD6T0SGD87QBHK2JKO9');

insert into PANIER (IDPANIER, ID_CLIENT, REFINTERNAUTE) values (13, 7, 'N0SEOC4T47QTVDKL4NM133UMEVCSFJUTJ4BLQPUUGPCL5U7L4YTKT8T7CTU7UJ0S');

insert into PANIER (IDPANIER, ID_CLIENT, REFINTERNAUTE) values (8, 17, 'M5M06VEPCEU3SFVJUBCEXUSORURGE08FEWE03PCYDS34PO K83IXAG8X8C2X7R8P');

insert into PANIER (IDPANIER, ID_CLIENT, REFINTERNAUTE) values (10, 12, 'B6H56K1S576MAOPE9ISRB5EJFPY5 2L5XP43K4L4C0HPHU H0P2QXA9N 50UWHN1');

insert into PANIER (IDPANIER, ID_CLIENT, REFINTERNAUTE) values (14, 1, 'R1RP0HXFMBNMR0JTJQFPOPO4LT SP4I7FO5 P7QVQANS3FW5XJARHM6G1S 0NF39');

insert into PANIER (IDPANIER, ID_CLIENT, REFINTERNAUTE) values (19, 2, 'J1A3H6GCDXPS2QBVB096YO5V1 ENK73CPGJCLQEBD4ACP0W0VUDB5WP3FBT0RSXC');

insert into PANIER (IDPANIER, ID_CLIENT, REFINTERNAUTE) values (7, 18, 'M4H7XNJWIP8BLPI7SSSQMPUO J8K3SVS05YAT1QXNELSWPRU9D24K 7QLBTXYAYT');

insert into PANIER (IDPANIER, ID_CLIENT, REFINTERNAUTE) values (6, 19, 'LM6E5GKVNUQX9A2XL4 DMYA0482VAS0A5EIHEUFTEK84U4N21DMH BD ITRCJ5KN');

insert into PANIER (IDPANIER, ID_CLIENT, REFINTERNAUTE) values (0, 4, 'HEQLILGJU12UEBHMWHDME3IRPGYFNP11FCT1YGLHYLER6CBJKMT53SJ3OF C74JA');

insert into PANIER (IDPANIER, ID_CLIENT, REFINTERNAUTE) values (16, 15, 'UW17SMKQQHPQY4OFEWWIV91DG GJ7J2UML MKOW07WRO1YXKTBUD2TFP27AI9E9S');

insert into PANIER (IDPANIER, ID_CLIENT, REFINTERNAUTE) values (9, 11, 'PXH2CLUQFVLS9J6X8U3JJ4WRM4M0GPOV19NDRRHXHEIC119259GYMAD 6OYWGQJK');

insert into PANIER (IDPANIER, ID_CLIENT, REFINTERNAUTE) values (5, 5, 'MWWLY0OCID4S8YV92BYQAULCWP07F7YXG XXMI0BOLBPB8GDJOX5YN3LYXU41AQN');

insert into PANIER (IDPANIER, ID_CLIENT, REFINTERNAUTE) values (1, 10, 'LOOP WYU4P9V87903V LM262J1PYLIH65XFGR7NO3CD6IMADCC PRSXQVJ68SUNJ');

insert into PANIER (IDPANIER, ID_CLIENT, REFINTERNAUTE) values (3, 6, '8NOS8U22T1ER6MBBYG46GY6B8X7K LDEYN9J7M 2L6CSSRXEJHVW94L3XKUTYKN6');

insert into PANIER (IDPANIER, ID_CLIENT, REFINTERNAUTE) values (17, 14, 'IO9P0TYBP2INF1HSTLXY97L1AQLW3X7T4B2DJ182JYGXQS3CIVBI3JDTMK4YB7K2');

insert into COMMANDE (ID_COMMANDE, ID_CLIENT, NUMEROCOMMANDE, MONTANT_TOTAL, DATE_PAIEMENT, IS_CANCELLED) values (4, 8, '23S77A034WX6LNY8T9ALQ716EFWW1F MJN9N7UY1  BV9F9ELC 3CODJBEFVX9U4', 6, '1005-3-24 11:15:5', 19);

insert into COMMANDE (ID_COMMANDE, ID_CLIENT, NUMEROCOMMANDE, MONTANT_TOTAL, DATE_PAIEMENT, IS_CANCELLED) values (3, 5, 'G2S54BI1UKV6UBQTC9WTHMR9HSHWGQC1W9SUWWAMEPO2MPA1PE2Y  P7LLBL4HSS', 13, '1649-4-30 17:41:11', 12);

insert into COMMANDE (ID_COMMANDE, ID_CLIENT, NUMEROCOMMANDE, MONTANT_TOTAL, DATE_PAIEMENT, IS_CANCELLED) values (1, 17, '03WY49NXGC4ODIK9B2SS41GSGPFO0K9EYD3UUFPSSCSCGY3CTIPTRL08W L0PHKI', 16, '1457-3-29 16:0:56', 7);

insert into COMMANDE (ID_COMMANDE, ID_CLIENT, NUMEROCOMMANDE, MONTANT_TOTAL, DATE_PAIEMENT, IS_CANCELLED) values (12, 10, 'XPL3NTEP7IOJQP1S UMN8Q7AQ4XNB2DJ4QXDPBGQLH UKVISH3Q2H1NGUSRRJL4E', 19, '830-5-31 9:25:46', 0);

insert into COMMANDE (ID_COMMANDE, ID_CLIENT, NUMEROCOMMANDE, MONTANT_TOTAL, DATE_PAIEMENT, IS_CANCELLED) values (0, 10, 'TVWLO4CQUW52WW9547H1WHPU4HOQJSYTALJQQYB4U6046PWDP0KLGEK6ION31PW2', 2, '460-8-6 4:12:21', 8);

insert into COMMANDE (ID_COMMANDE, ID_CLIENT, NUMEROCOMMANDE, MONTANT_TOTAL, DATE_PAIEMENT, IS_CANCELLED) values (8, 5, 'V490MUF KSL4EJRK2A02OK4Y0PVGBUP4WPNPL9J3 089352K2N2SJ647KUSO34WL', 7, '1191-6-11 12:54:43', 14);

insert into COMMANDE (ID_COMMANDE, ID_CLIENT, NUMEROCOMMANDE, MONTANT_TOTAL, DATE_PAIEMENT, IS_CANCELLED) values (15, 11, 'SFPBG48V41J 9LPSLOBENS2P785QQTUSVCJIHOXD00FUIFDDKVKK1E8T1 1R2OLM', 0, '195-5-26 1:47:20', 3);

insert into COMMANDE (ID_COMMANDE, ID_CLIENT, NUMEROCOMMANDE, MONTANT_TOTAL, DATE_PAIEMENT, IS_CANCELLED) values (9, 5, 'OBP2LMSBQX2JYJL2 K06DEOM40Q0HT2PM8XX42R3ERXX8AN9S1 9RLATK9U URW9', 3, '97-12-11 0:50:11', 18);

insert into COMMANDE (ID_COMMANDE, ID_CLIENT, NUMEROCOMMANDE, MONTANT_TOTAL, DATE_PAIEMENT, IS_CANCELLED) values (14, 18, '8S980ILQ4BP2IDL30I71X7ORKHAANGK71N28OVSY4BH4IX99Q2NU2T7IAE6MU7B4', 8, '283-12-1 2:38:23', 11);

insert into COMMANDE (ID_COMMANDE, ID_CLIENT, NUMEROCOMMANDE, MONTANT_TOTAL, DATE_PAIEMENT, IS_CANCELLED) values (17, 3, 'MBWD5GO2JGKFGI940PJ5WH4PXL YWS46KBO8V B3N9HI320S BGNQLEOQKFCWDSA', 18, '678-7-29 7:32:28', 17);

insert into COMMANDE (ID_COMMANDE, ID_CLIENT, NUMEROCOMMANDE, MONTANT_TOTAL, DATE_PAIEMENT, IS_CANCELLED) values (10, 1, 'IYLIXLKQO74YRYOXRQ54C0RG0RI1DGVY4I14WT38YNOM9X8VJNQK4YQN2GJDF1RE', 14, '1405-4-8 14:53:18', 10);

insert into COMMANDE (ID_COMMANDE, ID_CLIENT, NUMEROCOMMANDE, MONTANT_TOTAL, DATE_PAIEMENT, IS_CANCELLED) values (11, 5, '25T4ULBMSVIHY6FOJQL4V3NL7X2XOILF3YVPF9FJJ2DLR9S0YGE10GM7UAYEBM9K', 9, '343-10-1 3:42:53', 15);

insert into COMMANDE (ID_COMMANDE, ID_CLIENT, NUMEROCOMMANDE, MONTANT_TOTAL, DATE_PAIEMENT, IS_CANCELLED) values (6, 17, 'YXK9TME7LA8A25L64B2RHHI4DKBM LGYFYG9PR1NDJE U8 5AMTWR3 N7PKMXYOD', 12, '553-5-12 5:24:41', 1);

insert into COMMANDE (ID_COMMANDE, ID_CLIENT, NUMEROCOMMANDE, MONTANT_TOTAL, DATE_PAIEMENT, IS_CANCELLED) values (13, 1, 'BTDFAAVECPD9LBTLUN47TIGNUKFJWR6CI7HJD79RYN1VALPT3ITL6E6RRWVQ6D0 ', 15, '1515-8-24 17:1:6', 5);

insert into COMMANDE (ID_COMMANDE, ID_CLIENT, NUMEROCOMMANDE, MONTANT_TOTAL, DATE_PAIEMENT, IS_CANCELLED) values (19, 17, 'VR7M8T9MQ0HQIO4QGBX4WW57HE4OKL 1A 8TN TJ8G4UCL9 C0T LG5VKLQ EPQY', 1, '1085-2-22 12:26:9', 16);

insert into COMMANDE (ID_COMMANDE, ID_CLIENT, NUMEROCOMMANDE, MONTANT_TOTAL, DATE_PAIEMENT, IS_CANCELLED) values (18, 2, 'QBJF1ULR0HMHDP4S9H2LCYRBM0KHL9LU51FV9016OJY RWH4NHNHTQAR9 N2JBSF', 17, '614-7-4 6:38:7', 2);

insert into COMMANDE (ID_COMMANDE, ID_CLIENT, NUMEROCOMMANDE, MONTANT_TOTAL, DATE_PAIEMENT, IS_CANCELLED) values (2, 16, 'LGESQIDAWXCV6DWI2QOB6HW15TEV6A741MBXDQNBBXCUTRP71TOY6BHPYPI5Y1M0', 5, '1-1-1 0:0:0', 4);

insert into COMMANDE (ID_COMMANDE, ID_CLIENT, NUMEROCOMMANDE, MONTANT_TOTAL, DATE_PAIEMENT, IS_CANCELLED) values (16, 12, 'LOA9PHN4MOPQF41458EE0RQYERVCVTJRDIOTP0Y6K8KJ9WTS0ETTHP4K8 Q I89S', 11, '944-8-1 10:28:36', 6);

insert into COMMANDE (ID_COMMANDE, ID_CLIENT, NUMEROCOMMANDE, MONTANT_TOTAL, DATE_PAIEMENT, IS_CANCELLED) values (7, 10, 'MTL9BX6S107XHJO6BR 86PAM42PQKLHNQG30AYTFML52HDPNOHG9MFGR EN0OB2Y', 10, '749-10-28 8:23:8', 9);

insert into COMMANDE (ID_COMMANDE, ID_CLIENT, NUMEROCOMMANDE, MONTANT_TOTAL, DATE_PAIEMENT, IS_CANCELLED) values (5, 10, '66W3F2KNLHQDNJ4RWHUFU LHE51NM3XSYBAYKUVCK5X84WOFFI2BHO300Q0KR 9V', 4, '1326-1-18 13:45:28', 13);

insert into LIENS_COMMANDE_ADRESSE (ID_COMMANDE, ID_ADRESSE, ISFACTURATION) values (4, 1, 2);

insert into LIENS_COMMANDE_ADRESSE (ID_COMMANDE, ID_ADRESSE, ISFACTURATION) values (3, 6, 16);

insert into LIENS_COMMANDE_ADRESSE (ID_COMMANDE, ID_ADRESSE, ISFACTURATION) values (1, 19, 10);

insert into LIENS_COMMANDE_ADRESSE (ID_COMMANDE, ID_ADRESSE, ISFACTURATION) values (12, 10, 3);

insert into LIENS_COMMANDE_ADRESSE (ID_COMMANDE, ID_ADRESSE, ISFACTURATION) values (0, 9, 11);

insert into LIENS_COMMANDE_ADRESSE (ID_COMMANDE, ID_ADRESSE, ISFACTURATION) values (8, 8, 19);

insert into LIENS_COMMANDE_ADRESSE (ID_COMMANDE, ID_ADRESSE, ISFACTURATION) values (15, 3, 1);

insert into LIENS_COMMANDE_ADRESSE (ID_COMMANDE, ID_ADRESSE, ISFACTURATION) values (9, 11, 17);

insert into LIENS_COMMANDE_ADRESSE (ID_COMMANDE, ID_ADRESSE, ISFACTURATION) values (14, 5, 13);

insert into LIENS_COMMANDE_ADRESSE (ID_COMMANDE, ID_ADRESSE, ISFACTURATION) values (17, 16, 5);

insert into LIENS_COMMANDE_ADRESSE (ID_COMMANDE, ID_ADRESSE, ISFACTURATION) values (10, 13, 7);

insert into LIENS_COMMANDE_ADRESSE (ID_COMMANDE, ID_ADRESSE, ISFACTURATION) values (11, 18, 9);

insert into LIENS_COMMANDE_ADRESSE (ID_COMMANDE, ID_ADRESSE, ISFACTURATION) values (6, 0, 14);

insert into LIENS_COMMANDE_ADRESSE (ID_COMMANDE, ID_ADRESSE, ISFACTURATION) values (13, 4, 12);

insert into LIENS_COMMANDE_ADRESSE (ID_COMMANDE, ID_ADRESSE, ISFACTURATION) values (19, 17, 4);

insert into LIENS_COMMANDE_ADRESSE (ID_COMMANDE, ID_ADRESSE, ISFACTURATION) values (18, 7, 15);

insert into LIENS_COMMANDE_ADRESSE (ID_COMMANDE, ID_ADRESSE, ISFACTURATION) values (2, 15, 0);

insert into LIENS_COMMANDE_ADRESSE (ID_COMMANDE, ID_ADRESSE, ISFACTURATION) values (16, 12, 6);

insert into LIENS_COMMANDE_ADRESSE (ID_COMMANDE, ID_ADRESSE, ISFACTURATION) values (7, 2, 8);

insert into LIENS_COMMANDE_ADRESSE (ID_COMMANDE, ID_ADRESSE, ISFACTURATION) values (5, 14, 18);

insert into LIGNE_COMMANDE (ID_COMMANDE, ID_ARTICLE, QUANTITE, PRIX, STATUT) values (4, 13, 11, 5, 'SMXL3BQ2KE1VOK3P');

insert into LIGNE_COMMANDE (ID_COMMANDE, ID_ARTICLE, QUANTITE, PRIX, STATUT) values (3, 4, 16, 3, 'FUNA9U6DRON25SPX');

insert into LIGNE_COMMANDE (ID_COMMANDE, ID_ARTICLE, QUANTITE, PRIX, STATUT) values (1, 1, 3, 10, 'PK60B3V59KJLK0TW');

insert into LIGNE_COMMANDE (ID_COMMANDE, ID_ARTICLE, QUANTITE, PRIX, STATUT) values (12, 8, 7, 14, 'LKBDUED7A2Q9SJWL');

insert into LIGNE_COMMANDE (ID_COMMANDE, ID_ARTICLE, QUANTITE, PRIX, STATUT) values (0, 17, 12, 4, 'XU D1E88Q0SD6MTR');

insert into LIGNE_COMMANDE (ID_COMMANDE, ID_ARTICLE, QUANTITE, PRIX, STATUT) values (8, 19, 6, 15, '6T N95TOX6CX0GH7');

insert into LIGNE_COMMANDE (ID_COMMANDE, ID_ARTICLE, QUANTITE, PRIX, STATUT) values (15, 0, 10, 8, 'UHGLOBO13GQOADEN');

insert into LIGNE_COMMANDE (ID_COMMANDE, ID_ARTICLE, QUANTITE, PRIX, STATUT) values (9, 18, 19, 18, 'CDMEW7H04YRD5 E6');

insert into LIGNE_COMMANDE (ID_COMMANDE, ID_ARTICLE, QUANTITE, PRIX, STATUT) values (14, 15, 5, 16, 'DXFBMXCG143PO763');

insert into LIGNE_COMMANDE (ID_COMMANDE, ID_ARTICLE, QUANTITE, PRIX, STATUT) values (17, 12, 17, 12, 'SE1M6JOOTU3KFHW5');

insert into LIGNE_COMMANDE (ID_COMMANDE, ID_ARTICLE, QUANTITE, PRIX, STATUT) values (10, 11, 2, 6, ' 2KTA6NGTMB75VYQ');

insert into LIGNE_COMMANDE (ID_COMMANDE, ID_ARTICLE, QUANTITE, PRIX, STATUT) values (11, 3, 1, 1, 'QEQUJ3X8IM7797GU');

insert into LIGNE_COMMANDE (ID_COMMANDE, ID_ARTICLE, QUANTITE, PRIX, STATUT) values (6, 7, 8, 19, 'O5C15W974WNPL4WE');

insert into LIGNE_COMMANDE (ID_COMMANDE, ID_ARTICLE, QUANTITE, PRIX, STATUT) values (13, 2, 15, 9, 'AFJ6KTU26XNBHM4G');

insert into LIGNE_COMMANDE (ID_COMMANDE, ID_ARTICLE, QUANTITE, PRIX, STATUT) values (19, 9, 9, 2, 'N656DBEG9QTSE3YS');

insert into LIGNE_COMMANDE (ID_COMMANDE, ID_ARTICLE, QUANTITE, PRIX, STATUT) values (18, 10, 13, 13, 'SFG738C3R44SQWFL');

insert into LIGNE_COMMANDE (ID_COMMANDE, ID_ARTICLE, QUANTITE, PRIX, STATUT) values (2, 16, 14, 0, 'TGJ0XA51DRNTAURM');

insert into LIGNE_COMMANDE (ID_COMMANDE, ID_ARTICLE, QUANTITE, PRIX, STATUT) values (16, 5, 4, 17, 'D09U7LY746P0TN7H');

insert into LIGNE_COMMANDE (ID_COMMANDE, ID_ARTICLE, QUANTITE, PRIX, STATUT) values (7, 14, 0, 7, '9BVT2T9IY47CT8NY');

insert into LIGNE_COMMANDE (ID_COMMANDE, ID_ARTICLE, QUANTITE, PRIX, STATUT) values (5, 6, 18, 11, '2ARR5CI1IGKNXP9Y');

insert into LIENS_PANIER_ARTICLE (IDPANIER, ID_ARTICLE, QUANTITE) values (4, 13, 6);

insert into LIENS_PANIER_ARTICLE (IDPANIER, ID_ARTICLE, QUANTITE) values (18, 4, 10);

insert into LIENS_PANIER_ARTICLE (IDPANIER, ID_ARTICLE, QUANTITE) values (12, 1, 8);

insert into LIENS_PANIER_ARTICLE (IDPANIER, ID_ARTICLE, QUANTITE) values (2, 8, 5);

insert into LIENS_PANIER_ARTICLE (IDPANIER, ID_ARTICLE, QUANTITE) values (11, 17, 3);

insert into LIENS_PANIER_ARTICLE (IDPANIER, ID_ARTICLE, QUANTITE) values (15, 19, 17);

insert into LIENS_PANIER_ARTICLE (IDPANIER, ID_ARTICLE, QUANTITE) values (13, 0, 4);

insert into LIENS_PANIER_ARTICLE (IDPANIER, ID_ARTICLE, QUANTITE) values (8, 18, 16);

insert into LIENS_PANIER_ARTICLE (IDPANIER, ID_ARTICLE, QUANTITE) values (10, 15, 19);

insert into LIENS_PANIER_ARTICLE (IDPANIER, ID_ARTICLE, QUANTITE) values (14, 12, 12);

insert into LIENS_PANIER_ARTICLE (IDPANIER, ID_ARTICLE, QUANTITE) values (19, 11, 1);

insert into LIENS_PANIER_ARTICLE (IDPANIER, ID_ARTICLE, QUANTITE) values (7, 3, 2);

insert into LIENS_PANIER_ARTICLE (IDPANIER, ID_ARTICLE, QUANTITE) values (6, 7, 18);

insert into LIENS_PANIER_ARTICLE (IDPANIER, ID_ARTICLE, QUANTITE) values (0, 2, 11);

insert into LIENS_PANIER_ARTICLE (IDPANIER, ID_ARTICLE, QUANTITE) values (16, 9, 13);

insert into LIENS_PANIER_ARTICLE (IDPANIER, ID_ARTICLE, QUANTITE) values (9, 10, 0);

insert into LIENS_PANIER_ARTICLE (IDPANIER, ID_ARTICLE, QUANTITE) values (5, 16, 14);

insert into LIENS_PANIER_ARTICLE (IDPANIER, ID_ARTICLE, QUANTITE) values (1, 5, 7);

insert into LIENS_PANIER_ARTICLE (IDPANIER, ID_ARTICLE, QUANTITE) values (3, 14, 9);

insert into LIENS_PANIER_ARTICLE (IDPANIER, ID_ARTICLE, QUANTITE) values (17, 6, 15);

