use bamdb;

/*==============================================================*/
/* Génération des données de test pour la table "Article".      */
/*==============================================================*/
insert into ARTICLE (ID_ARTICLE, REF_ARTICLE, PRIX_ARTICLE, QUANTITE_ARTICLE, IS_SALABLE) values (6, '23IQUO8GABX4MLH7L38LQEFL71 IG5J11QJPB3DYOTHH4RD2GY666H1DJ84FDSWM', 3, 7, 7);

insert into ARTICLE (ID_ARTICLE, REF_ARTICLE, PRIX_ARTICLE, QUANTITE_ARTICLE, IS_SALABLE) values (8, 'CBW5MDVKW4UVCGNVC821418CQRIOAQI6O17P 43KHUH40S73 5MG0XPJTP94OS5J', 9, 4, 9);

insert into ARTICLE (ID_ARTICLE, REF_ARTICLE, PRIX_ARTICLE, QUANTITE_ARTICLE, IS_SALABLE) values (9, 'BDL2RTY1P9EYSPDBJ4JN8OH1G8M3I9FTSXNG9ERYGV7YGFGR1W0M9PVG IKHJ1WS', 1, 3, 1);

insert into ARTICLE (ID_ARTICLE, REF_ARTICLE, PRIX_ARTICLE, QUANTITE_ARTICLE, IS_SALABLE) values (3, 'RVPG3F85JQIU5QTHGIAHYRAOJHNIL2NKCCMNTD2SW95DYLQXV0DD5IUKM5CYI1WU', 4, 8, 0);

insert into ARTICLE (ID_ARTICLE, REF_ARTICLE, PRIX_ARTICLE, QUANTITE_ARTICLE, IS_SALABLE) values (0, 'JBMRJ6RKHW9EIF83CDLL84FSN9FRO3K1HQ5MW5LYAW9 Y07Q0IJK43QJ6LX30PE5', 8, 11, 5);

insert into ARTICLE (ID_ARTICLE, REF_ARTICLE, PRIX_ARTICLE, QUANTITE_ARTICLE, IS_SALABLE) values (2, 'CGYA20M CFSBYK86064X7C5RPS66YSYV871YSYOGOLVPRORGJ4HEI9X TDTGHNGK', 10, 2, 11);

insert into ARTICLE (ID_ARTICLE, REF_ARTICLE, PRIX_ARTICLE, QUANTITE_ARTICLE, IS_SALABLE) values (11, 'ENPX8GEOEFPP3E ATV1XIK4F4UOI31191BKP8I6RMSVX75UY30KK9DG 7I 2U2KL', 6, 1, 6);

insert into ARTICLE (ID_ARTICLE, REF_ARTICLE, PRIX_ARTICLE, QUANTITE_ARTICLE, IS_SALABLE) values (4, 'GOGY1G6DGI47XR4GNW2JABK6SN60B9OWW3JGI1EV4BLJLHCGRVS9PBR6IG ELKR4', 2, 10, 3);

insert into ARTICLE (ID_ARTICLE, REF_ARTICLE, PRIX_ARTICLE, QUANTITE_ARTICLE, IS_SALABLE) values (1, 'QV87 GK9STO 2XS9T5C95Q7U5 EGBC2X95ABDA69QJYWR5MT5WK8RDSOE8RINCKK', 5, 9, 8);

insert into ARTICLE (ID_ARTICLE, REF_ARTICLE, PRIX_ARTICLE, QUANTITE_ARTICLE, IS_SALABLE) values (10, 'X1M12HL57YGOLNOQ64K08E8T33L3AQ105JLU2FWXIEBX09MBCSSNSF021CTWG10V', 11, 5, 10);

insert into ARTICLE (ID_ARTICLE, REF_ARTICLE, PRIX_ARTICLE, QUANTITE_ARTICLE, IS_SALABLE) values (7, 'CIP9TYX8 33F28WG4PX97FEX2PIQWAUD SS3D8CD 8I179QQ PX8PTFI2S5LYUMG', 7, 6, 2);

insert into ARTICLE (ID_ARTICLE, REF_ARTICLE, PRIX_ARTICLE, QUANTITE_ARTICLE, IS_SALABLE) values (5, 'M3 88VL9WUPUJG4FHE3 5EWKY4EMEG8NS0NPIVWJ6WY3M9UE5DX5VDFKO393MDE7', 0, 0, 4);

/*==============================================================*/
/* Génération des données de test pour la table "Fiche".        */
/*==============================================================*/
insert into FICHE (ID_FICHE, ID_ARTICLE, DESCRIPTION, REFFICHE, IMAGE, IS_PUBLISHED) values (11, 5, 'JSK5HW24MQBJ40WDX9T328F4RLTUE3V7OATQYU1OV6BUU44HQQ68 ARKAE89QG1J29SUP1O31KKXS G1CNG01NNXQNLYY8H9HRIKRU0G18FVUEV7BSJU8P8TDUOTGMVP69UP2MF0FV2JT0OGLB7TKO12YV1JKR4CWNENMKH59KEBMDDCSTXO2RSOU2 CQNGT07JGHR4G3U6C7YVK 9 TS1ISU3M7E7BXDMGVR9HM1NUDI580R3GATFKOC5UP1AHNB 49I 2JR8PTI7XPB26S9VJS9OB34L02SS9OWRL7EEUS9CKUAESPB4BQ0OH97R8G9 ES2D3SP91 SN7SWPP24W19LHKRVDR9OVT 9EUOVCYT6400X13IXS6BHSLUQVG0K5M8OGGCOM BKNL7MRYEYBGXPTCDDLIIY N7L TFFGA622O5SR0QIVUDV2EVHUELEWK7AC1QXKVRV3FUR8T4VTO 0I4IQQSD1TS93UJ8L5G37C7EEVPWEBHCTKN5VER H3JYEL219SKVADM34OQ1HJ64E UANTKTWHRLJQLGDGICEKNEU5S4HJT7GXH2UUTE0694Y9EVVJDKTBIV24KFV8UK800B9BDE0PL4311XAT15WVPAQVGV3I EG8OHSWBNO12VHWCBKI6D0C0JE3P2N250E JP9854AKSAKJFYB768JUGP3UB93MOWX2ERNUI N3OWWLOXLX9AWCF0FM3BYQ1OBQW3T3FI6SE 3KSE13GTLOIUIBKTTV24HKFRTD46O9EDRVPRQJHR2MNO083XCEW8TL3JLW6KMIXMHWPKDG OUX0923TK5NV2A9WU7TEHXX0Y UAG7J7TI52FF N7XSOXBEJPQ5WU3DF6XV8AWRC1LRK6BG82FX86YAKV9U3P31RT22N2SN9WS7JNJE3 C2TFPJ8OWTMBIJE15CXXM MMNTA6D6HEH4VEM8M6VSF2EYGN KO6Q2Y1XRF8NIEINX8 CUL2BFSIDOV4EJU90LFNA6TGRJO3P6X7Y7SOGB6D', 'RBB H8JQOT4XY UBOAL3JY4V3URJ1DGH', '6BJC2QK4JCDIAGQ0T5DBVDD IE2Q8 RH6OVMF26CUAP2HDJBHW064WI4MMLIAYKB0S231R3LNFO7FLUSN87NKOEKBB2NTPMMJD8I1UGI1NRP2ISCUI1TBQBN LBS92PC6HD9H9Q1NAA EEQ AKCCFWUSJ 155QVNSO6DITP5O394FHDXNJRM4 WMEEON0EFRUT8IB9C2T5KT6SPI33OOJNNVJ7GUEK03C8R34A 3A2RHSDY7F9B7XKIHH5EYXPHA', 7);

insert into FICHE (ID_FICHE, ID_ARTICLE, DESCRIPTION, REFFICHE, IMAGE, IS_PUBLISHED) values (0, 10, 'JLDM8YMUTK4OH4MLKUXMHJC94MM0K FHKYEVDCIN3JUW9I9LKDI6XK4I2SBPYRLUNE9DR9BOAC5UH7GLNGKLXN4HGSS2W 0PK0 8C21XDBGLXX8SCV38H6LTK2U3RTDBI9E5322QW4U HDTMOUR8LE C7M1EWFK7B04K0HYFWWBG12UN7W3AAH21MON9SSS 9KKK5FNLX4K4JI3M02DTLHV1Q TLTTJI9MWULYBY4Q2QW1QCPPOWNEPNVOF0GDLON81TGXFD414P5 5XGNT7J46BY84S86 MC SHU8OV3TR5AH0IX2G3FE6MFNDROU0MTPMKYM5MR5URDOBGCM MHYVC98DJDYC31RUE P3YBL YHIA9FAMGYEOEYQ7CWYTLIUJ0525EK4LQRYHLGJAX38DUIAL0W7MW94L1Q55LS2VVBRPA95S14UWWJH430 7VV3MS0B8CT6QNCP196ENEFKL 4A6SXFBLHP1ABUVL1OY52DVO1W5CAO0NV1WXFMY8NB330YPHA21 OBUTARET38 JYJ5 7LF5MOQKHOTA1ECIIYW4TDBG9BOJ1YO526BW1YQM51EF80WPTM964NII8UINDWY8T7G55QOUGX1ICPM7XMFQ5TGWFP41PD7OCE0OPXVIW5K9EP4B825PHLC8ENJ2BQIMHBEJ0YEIYE4KXLV 50J5507RNB 5 TPU6HAUVM7G7B2I1E2S1HWBQMTCQB1Y4VCRCDQWM2YI7F3BCIP1FAVKCAQK92H9JGUH 8X57X3ML45BYSKNQ8DEOABLT0F1ONDS2DF7 7U9YSI2JF75K0KKUDPC3E9DHUW0OW4UXB8O0NO8C3YTE8XUMMRBRGNJFX39UV1 I13OFUGO3TXJUD7A7K8OJ9JXG3I9O7MPQMYSXGXD021TJUG2E5J96T4461GDBTJ95P86BEHGYN X3YYFHOYLG2YVLTYLWFP0UA0ODKQ97V7N7XAWBVJS6SS1CUWNMRDJDV9PWRM8OE KKWD3AY3N5RQNJ2XVRB3J', 'RCFEU122B4B17Y00TNJS Q799L1K7IK1', 'RNW23E6QVRB5D4NQVFLHI67I8CAT971057I4J2TNVKDK0UMUAGCKKYS7DEO0 9472G7JQO2M4AW1Y8XJYK11F5HX 9 PU4HWNAEC0HBNY2OLD  YSE09F1X8PB9RKT3AI2D5ROBU9I6XIKGD50D5XRWSOAHMVCARTK18BC1GIJQBMG770V CBBLILFCHLLNT9Y6K3HQYMLFS1YJ2TUI42OECPAB5HD 43RDPL  V2G5Y3DVQJ7EEMP HPVN3GDHI', 0);

insert into FICHE (ID_FICHE, ID_ARTICLE, DESCRIPTION, REFFICHE, IMAGE, IS_PUBLISHED) values (5, 2, 'W8OGRLD0PAASXWCT8E6NBL3YUPF9INLV3OROVQGC81 62UMYN68WJTJ9FGLG540J5UQU4LN6QIL7SLYMGOD6QVX30FGS21OQRTP0HM0M61K0WWB35OJWX4J4U3Q7JL9S82G W4VV29 E9F SSBH52UR5RD0C VM6CFN5F9VDHCUTTPK8W7OO66F70JJITY1JF9MK38VOYRSCG8U5KAFVC6IDGDHKFQXOA6L   3GNGDS5D GF0SSNVEYHYP6D03KDCIR6HYN6QUKVED5M6M473ME0TWK3JKAJ83YUK77QCAPOJPFUYJA7N3BFVGL5YO59QV84 WD0EI KUXM9 Y8S90HSIOW3U1JJ75 9CBF7G4SOCB9O91P6HRRIFINKLJ1UC06F90X5HK53WE0B8T NU3ANSSQ5MCE7BAIX4XH4S0RYD N0Q 4FS09T63OJ5WI9LO91D5WX6F0GG664 4PWLU21JQNEE F16KF3845XSJWSSBPGNI1CH39 9VJGEJC8D6NGWKD18V27W2JGR945MNIT3FSH5XM YH7IHGTOGRV 8E31S8KQ2MO693L9KOSY290NX2WSV9BE3IYOL4MIPGSCACQMEPHFB1QD5 9V8A TSVXCGD7YFU018GPDE3L4N7J4  MXSF7LFBUL15XKYPNJHHMF592DFTFF48UI46X34VUHEI1V0D7NU78O6 2YGSWT541O8QRSSW4J37EF4CARI813W5W9XT8VNBE3K2 3B00YYTKURGPP402MN3 4GB98 SBVX GJI34CAPSQCSEWPN3ANCX0 JKHKR9OJ0TM1D3WU WQ5QGAP3J41PJT0IACKSYP1IAWIARBPJFJCX6CY4F6VBQ3A1CG6M8PIMQYEM6UD3JU2DY2O7IK4JLR1O6MGE3YD7PE4DG9T43GB9D KN4FM2BFXT JBHN9GYFW0UXVCVK3 445MICW5UC5 LL1PH9W2CQ3AN2IPC3LXP47DOT7D37IMXGYBCDSVM5Q1OIK1EITU3F7NRWJVCL', '9OBRTO2B4380SV8NMIQH03H26N1XG S0', '10XXANM0WAJ45T22PLUQH4D9XKDFD7J E0 5N6R8NQ19KC45E4VF7MS567CX4EWO0MEX97SMETTYT F779ABARSSR062NCHW7 VIO9EDRXXGCJKM7XM D16XLK7VYEL3WPURIRJVVW5PMUHX3E8M2S2K3XN51TRVGTJ7E2GMEY A6JBT1F840CUS5JE9WOU0VO020DOBJQSFKAK4Q2K0WW5V979BN2XEL5262V S2AQ EI0UFVWFHJY7G7O DXD6', 2);

insert into FICHE (ID_FICHE, ID_ARTICLE, DESCRIPTION, REFFICHE, IMAGE, IS_PUBLISHED) values (7, 10, 'OPJP3VALAWSUIC20XVL8KDN7VR6L54EE9HW4EYTPCOON838J07DET10TCD4KDICLIM96R1NME2W1O5X6SDTTHB2REKL3GDHE47QY5JXGFDR5PA56Q5WUIK1Q8UD5TVI4DO27JRWGXAHR645XXQDLX0DJN4XES4B91XYDWW800XXDY8I1UOOUQUU5YON2T64GG9QGC4SO7SV20437N 5X03IQ09M5BWFHHBL9XDS5NTSK94 AX1UYUSNJ6 Q6R6YCH9H4PNOCYBXDQILCTNLLCSV1DDNFOPR3DJ62WR68C0EHFIMK0008NV3T1CSSL471M35TLFC1G10OD71AQSKV0RGN49FU20VL68QQ2CG2KYDCPK30PXE7K1EG5VKTPSMCKO SH13UGQWIIJBE7WHKM7NB4B J5TO1TKSN6 40ENSWXWIA1ILYFO7FN59L1EHIIFSNDJQD7KYU5ESLK180ATD7TBQ42NRVR7DRF BVAK7CDNHHM3R1KSQ679K  PIB78SLPHKOHA14U6B8NQ9 MR310ONOII17YA0HK4J09ORHTF5AJFKGUSNMXSQDG X0RISBGXFBJ4HDMQ99R0ERPRQ 578UMW2HUHPQTRU7UE1HKD3UBS6SML4AFWFKW JDY62 5FLE5R321HH0QF3550QT39EP3TSQDY0YXOTT0S34F4HS2 72ROT2W3X 6XIOYME9P3WIJG8749EEV 9H25 O7OMW3QPI0DX237IOB8JMNRV8BBTVMY GXJVHSLNOFR2BNGMQHXQ9GGTT188I1FXBFSVI9PUSNU0H26G4QRFP2YFV7IO80V8DNTJEK76NM0TTYLKL9EY70X66I7 K7HJW3HM6R6P4S3952VQ TUENXURS8WWPCDSAQ0LL KTC7AXY3128MJOKE3AU5GVG5J8542T A78ID87GT4WJIEI5200OJ85BFWB6APAFWWU1DY8F0WW7TNBALSJQ8 TFY9WAVEWK09XHTXWCJ80PDYCHQLQNMTMMMD0HY1BRSX0I', '7SP2LXAI9GWXSY8HQ1UKQVUWD09JCDGO', 'NG929LI282NJ8OM5WRP7GAGD75 O75WJK7XUEJK8SXAAR2QCH19WL163M58DAGGVFFAD8IUO5422NWYXYIKKRMX9AN9TUJ8RUL74MB9S3B8FLB4HQ9G3RSQXBIRB2 SWWIE7EN082LTIDBFTPVIWH4 9D03V89W4BHDFG3LRYFN5OWBVBA52S7ANOUH5MRNHA4D7P3SB8PATEUHRHVHFOGKLW3XGJSE4IIGO44M WQ4OAXWOREHE280QB95QCJSE', 9);

insert into FICHE (ID_FICHE, ID_ARTICLE, DESCRIPTION, REFFICHE, IMAGE, IS_PUBLISHED) values (1, 9, 'T XC8QEMLENW7FS8MB6C9V0 8UW1JDU12DT8 0LQEF0CR94DMFWOS9J5VJV JYI1RQUFQKD0900C7VF7MIXG50HHL87 40EOM502DTRI4C2 E2QZ3C62AH3NODPYLP5CW47UY03HI7A46HB223EL8XSHVWUJC6NHDI18FE0BINN5GPQ32C3R HBXH3  TF4QEKU9W3ELN8T866TQ93I0L9S5EO8AFE1XT1VOE4G03TA289QV6QSD67GFYSG0NV7   0U1ELGGRD5PATK02PKV8Y82YCD0NL0UX1U SLYWT4HJETYGAWYS35473CB1BLBURHAD0HN42CUTPOGP0TJ5I7WAKNEAGTAYULLFPIWE3PML7MIHAM 52LGV3BTCH3JOUIRDGC8GUKU1T8S3HBO0A0WXU4GVTOR2W2FGPS9MO489CA5CHLL2LGE3CNUJNXWOLXX T0SPBC4GHWIJI1DM99EEM76 7NYMTH7A2GS3  JTWF0K8XAYKXEH  9 KU6JXYYQNSEN7K5K4JYUNECIMD3J9VN9OSWLPBEOM1VS0D90J5RA8B4NHPE8MKGNG2MHADJK0HNIQJWGJH1DVCWT2C9SMKIWOJ2F8NWTPNC97WO6D2J1TWNH8YUXA4AW2C16JHTYHEN2M3WL6N5VR8W5RJI 1AVI8XI1K 5H3UHHKLI31BYXRBWCACQPMV3OPXNT41IW5CWL2L33WE6QCYKMFX4ICGCBVEQWDC2U5M5 K2Y2MI7GDPGKL2H8QHQE2K85XCRWIMKTUU0G1KJR5YRS7XSAV20YJ0RYS93OMLOR5GTUTRVSDRC KT3M77K FI3AD59VP16147LQJJ3963QTUGOOIKILS74NHR37WSWCS9ARPO5F3L4 5SYI3QHUKHY0CQ5C9WT MIDHP7811SB9H ILLYXWL0TXLDK4QS4QHN3KWENGBVTERM202AUWOQ3GAV5A813XL4BPHWWHOXS8UFIDYMW1HWD8T4DOHM7FO6ILKKJGAQ0LEIVS5LHJK1A', ' M32ALQVFC6J6AXREW9 EREJR XYGA7F', '85HLOFH0G7BIATW341U1 T3XP9PNF5QSAW0CE8XSY8RR821K4D33FCL5DDXG6LFX 0H0AOWWYB7J354RWEI HWII6BW31TDL582AGSK1LD4MTFAM0I5Q8G7BH8J6INCT7MOM0GD1HPTFD6 5NIW1SV907NHW3TCM1P3 2J20U3C0SLTIHLBBB J6SH78BYQC4EU3SRO2BNI54SU3QDVK0G8M72XOQN3DE 6BFTIK7XY6GR8E4WQG2WS8X6NHYADA', 4);

insert into FICHE (ID_FICHE, ID_ARTICLE, DESCRIPTION, REFFICHE, IMAGE, IS_PUBLISHED) values (6, 2, 'D3UE67P2MRUV 7IFCPXYD37CXXLJOFWSJBI MYUGFCW9MB8GJUUQFG5B  URQFLTX5FLY8RBBB03CRFQ 3O4QX8ANEAG XGL9OLB5FJP9 HJXA3I78CJ8VPV7NRKU25FTEWW6VHXS0HFBJH77FL3YJ0YEOQQM0LTC5WR0R9BYIX5B37DK8WHV4VILQJ9SQ E880YR7PGB1KUXE2RDOK44NDMLLB1R5SYABF9F812 GWA3U8775M3Q3UMSDXO15THVJ206SP0M45VRQ1R8G 2UDU 3K1E2E22YEP94OGCERFP079L6R7FL998X346GKWY STOGOA6 HJHUES36PR77HA7ACDIP7WLV0RNCFJXNV4MDAXQ1CS2VKCRN2TNHRYL6TK51GS16VK5PR5601ABU3602D9FCL9NYB5VS9V6TT2R PC9WO00EGS63T8F0Y9NQ233W6 4FHLVDRJW1GHQUYFMTF5T52POM UUPIIWC0VF4L49A10TJUPXVI4EHYKWAGMPKE7KI1F4FPRN3HQ8T8HQEV1PRM5PV6F U 0GAHLALKEGB9HK45UY4ONWSY2M3C MY78XOQFWVI8BH6X3VL8K8JESEQ5A4JV8D EN5NULNSSYJKJRJDCQHGJTEPJJSPF2K5EAPCFOAKTA11I5L96S6T55OGOEC8Q02DATXHO35VED1RUILXX74F1I5I8 LXQNEAH8U2SGOPVG45BP3W6NNISDSA8LXX185FOS4IQ1BXVWD4JBOQQUMOSTI3WO8W6LX6TUVMAQLBA8H SJ QPTH 9LD6SVWSBBCY5WRN14 KB5MF98M8HL5T23EPQWV0IK3X7O07BG3AEHILUXCFPH320FNOUQNFK7VAS CD8MGYC9C07TTEBWCYK973JF782QF2YU1LP5O04MYJUPS5KFD41Y8RF841CBH83DWOE9GP2WNL 42MYQBNILVIIJGXKRVNUW8YRSGBSJ8UP6GM9RP0TUBY0VTANKD35WW139CY462HSORWKJP1L1SPFY', 'MGS259QPU9O83UL2C26H6BNWUB1DD6VV', 'M0V3DJUIA8T2MJS1T0LDC3A0O6FPQCPQ0G7S8UXY3JQPX79GOJ7N5HB5T3LG742XDAFH0L6U1 GJ5K6B9VL XT1PC1YSGNRGSH 610 3IQOJK7URDO1M0B16XFML90SJXC2GPA1WDDYGCPY1H OJS35AN ICB6EKWONMCJEH3UKJTHFMHADEM8HVAWB7F281GLJNFQAAMKMS8VI3UFRFYNH  TJ FG4NTP83DS9WEB0VY4O7JOBJB7UQJNF45166', 8);

insert into FICHE (ID_FICHE, ID_ARTICLE, DESCRIPTION, REFFICHE, IMAGE, IS_PUBLISHED) values (9, 7, 'B0AUW97YB0DUWN9M21T4W179Y195J9KNMB0EBQJUEDFDVBMSOG7KQMTANO0WVYI YW1NIYUJL0TB2TXRV43T82B4J2UI35M41SGPHE94V8 TCW6T3TFBDQWFTPJ1K JD4H3B6B3SSO OJ8NCEOY43W10AGK1NM69 VJXNYX DITCKDXXBB4 HPHVAOBUR2PFY77KWEO9677YBSTA P8AJ8A5N1VCC8OMW69 0OKBCPL7SUH9 9E3FGS5QO36WXTU6XNK4R 0ICAKYTAYHRE489JAG5PJVX57QX4BBFQEUTB4UXXH5FXP3FG59D3DUU1Y 37YTGSN2AKKH8E86VCW7OOK4NJ8E83JYR7TTHI4EANB RYPD3UESKODJS0B2K7I3L6XI2E9LRXEGE2KXJFH3N6PJWCIK5IMHS Y6OERY3MJ1YMLP1U6EA5ROK2DHBHROVA64NNEC0O2W6NS1UL40VXX2QK1J7U SQILOAJ62PU0AOKASK0MAK1RBR DGVNHFSUU6SS62QN2E 0CBA7NKJDXLG7V0C5NSQA716EOQ2EIIJWEMG1SAT1BL0YPYHYYKRMMNIN5256CXNH24X6BUCGXI ON43W4 FDPHN34HPV8 M94T 26Q BX5DO7DW4XSPWP EKE1 4F2L E8AXYGHMMQL HKH2F9 AIQH6TAKDWJMR1FXRVIIKI3HE9MDFP92FP7JBIBGTAVNV80ECUHMR7L6K H 52431J01OMP3GTGM0C1K8FYC I3EUQ4NK QOIURG7JLA3EU81X8RTTK BE03E9KM63HU57246TPA9NI94NQP6WYW7X9Q6 T0U3C0XTM9246PAS17SD9H95S89DC4XXXVM SYNH40PASLBO NR42LQST4F69K5U25YSTXWQAH6ATF8W0Y10W02NRK VIO43BQHS K2QWKUB01QMPG D32I6EGD86IYPTD5CCWAAQ6CNQOAQSC5OHG4LKNF3VKGDTQ80JCGXM2MRU03PXRFKFCQM3V6JPOBEIF7H', '0XFNTK3S8W AM17C7T  95CIDJMGDIKC', 'PY48NH62GBC1CEPV5P8D4NJH7V1RHHVNGQA TJ4PD53ASSO5OLJ4XOSPT95PC8W7VTLXDKJU7TG7Q7W8QU0QBT61Q1FCNQ75AES9X42QLRE2LK1KFC6PVJI8ST7TEB2XL29U2LOPMTQRWN MEEG97AWAEMOUL8248VAAFCLA060W64X4VQXAYAPAJWST9M0K46UPPLD7XIKOYLBWIEHAURLHNH9UHI 4RTS0KIT85UJ1TKWYK VFKTIAQMMLCUEW', 5);

insert into FICHE (ID_FICHE, ID_ARTICLE, DESCRIPTION, REFFICHE, IMAGE, IS_PUBLISHED) values (3, 7, 'NRAPFXW9Q59RWQ TTBVSUQ0QB5WU5VVNDEAG1CNXBKIPH79C49 6QRJ2XNFC1ICIWYPLDTMQ24I F1X99L6KOFO089V6GNX9YGM9CQXPY3KTMY1UQ3FCN3N9HH0CSGA7TEU50DU3H8UWVMUHLVGON WMI9EGE1DU8N RB01CQMBR5LWPCLR8QA62KUBSQGCTKHF2CPD 8SNIBC2A56LGW2JRI W96KOWNMDV5H1Q5MDUC8H3J22CBBAYQR0I8963V5RIUBHF4GQ88LI4Q00O1V255RBRF9VH4JC1K0G591TR1KVMEA1R8LPV6WBW963CWQM4HC02CHG4Q8JVPGLN43EYSH6JAKF352X5TWEHKC9QHNQFGJT0V1KAHAYT6WSAE8A4RA8XPKMMCO0XV Q6SW YBGEOHICQNCMOMXD12IRIG557TM2534L5UJ4MXPK8I I5N8 MGXLQ2SA6KOCJ40QA5JGU6M5X22GI7GHM90WCB6R11TWP7SYWUSK6XC4YYXLEMRK7CB7YGX80L1UKQL3O42B4 VRPDDY3A88M5TSXSENL6V0R3GBINLGT32POYHBJNWSANXS9LY8C943JQC DNXG33RRK W6B4NQSAE0K7VH0U4IU42UFV2JFUM276JWQ79XX3H65 A6JFGI9QFV0LESX6A2JUTMNFHIJNRNXBACY3A3143ALNS0D2AGRTI6NAWUO 7PKNSEHE301TLNTDDT7F 85GSA F1MMQBBBGQWJHQVUFFRHNULI7RM6LAEIDCSO1U826URL0I NLYQJV7I1GU7FP0RRU5MFL21EDU7E45IBYI 1YVI66CTNPBCXGOLHKL3KLBORJSBE694BFPB0GCIU220VW4KQPGHGERWPJW51 B4Q9XF9ERQ0THA4YHL6A53LFKYDVGF35P6WY86A4I5GH5LSCR1X3IO7B353TQG1FAUINNM4RAOI561QWTJBGSM4QI1B9I80MXVHVNLGKTLQEYJEFE2T9N8VE IOKXKUMBDUR3QMQNDV', 'G4SIIDNAUVEYGFNI0VQNQ34862YQDG2C', '5 OOR5 EXNSHDFQGUDJLUGPBBY5GYIX5TDUV1G8V1R17BI5PMXP8ILN8HKXGJ9I8UYHF7B9XUFQ391O7QDGHC26 TWSB8SEPU7HS3HY17C4OX48JKUK66KAKGUEB9M3AX K3JOJUGK823SYI0WORWQE71O5IXAETRI75GFI3LLV5I0A2IH4CF548R29IH6DCLGOEQ9NQ1BNDYKYA0 2PN7C6C4OO8KE03V1XCKYTR WVAAYF05HAKAAO1A7XJO46', 1);

insert into FICHE (ID_FICHE, ID_ARTICLE, DESCRIPTION, REFFICHE, IMAGE, IS_PUBLISHED) values (2, 11, 'DBSYR7S0V6HN1IQ LJ3 85MR09IMHATRRKC5TU7P7V78F145TA5KEWCNRV14541FQCEGIS3TRL05EFFA6JXB11DYRYDF1FD01P1YSEJGHM9IQEMM52CO4XYE928HIGFWW53EM1TUVP23CN0LS14RNTJS126XW97J5I681WLD1WEE3P4QN2S9NVW2EAJ1OVTK23OH33QNIQ IW2TTS3LM752E7FDR88TTJMSWTNFBF597R28NVKNWCND3TMMP25X7X5FUDI5AEGKVN0RB08RR98EK5EX2OD7V68CEVHMLNDXLL42 WCKL2P0FNOQSMJ03PP37GBWEU164LF60RHHEYRFFATAFG6W9IYXNDO8170YUTY9WBPPW5 1IJJL6RSSY2OYPU381J8OTBNXBUD6DVWLRG0FX6OUYG 0231S 41HP99X16EPVFX3CLTE8D4I38FS1HW0RR8DVTJE2MYR04DUP1VT81CKHIYOL9YDAVY2D74PJ1QP2BHECGKVTVCYAWXWCUCJOBS3TNIHPVRM1BDM0YPFFO60VK2EML5I7IPSLF6O10HEJL2MHAF797OCR8J0CXFLCF37NUFH3YSNTKJUULDO4APRN4X93B0BNJQ9M9JGONXVTONY7OI4HSWEBY6G68QHVUVJT OCNNL94F4XYT7KGJWPS2PPG6BAWX2J6GV730VUYDM2HSCUTI7E7AAYIPC1TUDFB23E8B8C82RUI03J LAFVX3ULDDHT858IB9IGPKEI2 4RA223SE27VQTKTTK97AQNN4IAS7B 1O 81BLV3UVVK75YN0IPFYGCMCIERT8JM4T 8A1QKQNLYYTYK7US5UQTRK1NCJ2OHJABCS5P83JBHQNG8KDE2YQXOAT1SWHKC0CMC2FJ8XX47T8WF37HGRB9 VWQUT 2YK7HRS7LN1G8MTWIVTN8447 ANK1TLSN42DMO1HWP821TST2DJFXEAT AVEGK0 HMENXO865J624E4W1R2F14WFRPMBKG7CCA93GX9WPFFW5', '23WUP 3TQOLT5PYSJQDVIXP1BVSOXWLE', 'IA4I9OUNBCRGDRJXJ6356MFLNJDWSLFBPIJJIRVLPH8L3KBA4NC1IFIWG5IVEDK2XWO34YY7KX CE73AWJKDLPLPAUOTTW 832PV59A7YKII710SG8T5KH AKPT9H0FRI6KBRNBGJR3IJBHTYKY5IM957BJIXG0R6P1E1YR H7SEF96K2PLPLXCVLKCFOV0JHJMU6VO0I2GYVY2E A5T03D6QUGLBS1GF2M0C3DTUUOI0EERHBS7 PS14UV8EO05', 3);

insert into FICHE (ID_FICHE, ID_ARTICLE, DESCRIPTION, REFFICHE, IMAGE, IS_PUBLISHED) values (8, 7, 'IQULW3U6P32HAXG6EPGQ1A2D0E2IKID0ST6IN6752BI RS97SHQPQ0716CW9ARLPG247YU9VNFDR  FSLWB2BVE 46C9VJXE8JRSRG2EGS1WQA 5CQ59R8UV4D6GP YGDPX11BY0 1M9WC6P05YC2C1HWVYH48NCOF6CTOK3BA39ERL07Q839EPVU YNLB7PG1 S4MS8 34 4X3T G9UEFX4QDCVI52CK7G226S35B892BQYYR4PLG0I08YPEK26E0LLPA0LFCQG64 HBEODXAJJI0IGPA6EV 4E7S8P UMNIKIMOLI6KSERQPE  XS7E0K6QEGOI RL3RANB 16PNRYLNVWU3H10F7AHS0SABSO0OK4XJH2KF21NJYDT75H5X5PPIGK2S2YE9UOTQT4EN13WLGALMYAXO73N0NN4QT3EA 4SDRDGQOCWBW6SLDBV73TLPRTAX H6G1G6OUH2 A6SPN84C3N2F6SVS73YJB3YGERTCFPKNG454VABW6H7QPPVIPK04CNYSPD6EK1CV V5CHU4AW5FTNSYX8ITPDGFVXP4A62RO1AHJ52BCU8EWR1J13CEMIHQ29C4VV3A 0DDCDRQXVBEJL02PTO8PLD6M627G51EOMBKPFD8P3B5NI01T89B5AG3PIRWO6HKJTFC1B2NA 6YOLWY HY6J0MXDBH7M NB5W7I6WLX771MDR9EWYVXW0J3KWHRTCG86D8GBRD0VR7JYOCV2B66N9F07W5O4UGW11C 2AJULV4J S01WI92MK8818YLTTVW41HKGNTHN5F2IBSIRUN80FI7S3MOODIYPQQ3YSLX5EW3WBW UR1YH8IK0X0ORGYP1SD2DH 85PE1 L54D48V334T7H4SLQDV65THY6NJMG2 0O3OB 8C9WVMTT3T4OK751MVD6 YDD4EK VFPQ74VB M4893OJ1HU JAOL0M8CYDPMA5D0GI5VBHDA2EYEYI4RFCB9FRUN3JVJUN4PGFTQDWNW646045OFC56SLLRTA', 'LXRS9UJIVKW1LK3FA3V5L0AM1GU9D2UW', 'HX4VT5EW8JW4XHPDU8I6PACHSRD8MV2BRAY4UJNY0H9JS2T1UW2QJ80SB4J2LOOVSPS2QK9R GR1RTSOUH HQV4ARWQY18KVN32ORKOAIL4P1E1HPOKSMF7JRH3RNNRH0SYLBOLNHHV7VB7PTJYLN249IMIY8VJ31LG4T0 4B4CTJ07S4H H4S0ANJQOITH8FMC5MK550WMKCU9C2EBRKKAMFS7RC9HKDG6B77NA0KJ2L1W3NLECD7NGLD6OKYNW', 10);

insert into FICHE (ID_FICHE, ID_ARTICLE, DESCRIPTION, REFFICHE, IMAGE, IS_PUBLISHED) values (10, 4, 'RMLGFLJYDQQ4RTGWOW3MIS0J I4R8PO T71D7DEQCU1E11N0V2SN3N94GDQF8XJ0L YFIVGP56WI91 ECE5X1CL RXLGSKS9S0HQ8IS0Q OM7JGBIP6W967Q6MHSAT03NSD1EKPVM0IIS9C4H3JLSFJ7HFY23S4 06AR09UOVCDOVO7FR8SSNAEE0LAKMIDK6GLY3P3 1HX6ECWXG15VXSSGJVN7BV7N CHDQXNJ8CPSAKIJ5YQVNX1NJDULMQE7UWWD1VX55AYYLNH82QDK0KQFTMM 3S AMOL05DQWW0RPATH8TNO83ISDWJD98QB8TJ2Y751Y7OYTG4HWM83 5HCAPHC L30GETMKHV5NBS5O5KQQ9LSFC1V2R7JEUBWHV9DU43OH0CRBH2RC 3QWYP1S2USCJQ738Y5HG9G3JNYFMGEMMKOG9WXO8 MEDOD64HLRQROASIPDREPGGA6NJYR4BJEP094RLQ5OAUQ122R62K31EVJV625NYXA48LH3B30VIPCGAWMITH6NVEU1IDY BW64QMQHFB6LRFITV0NO8LXOQA RYY9X2NRWCAGIMJETG0ILSRVOO7JRIFMBXPHKGSJ8VDJS5D951CVBIX75FLJM636NYID079RM5K26RQ1T08GQ2RAEVXO79XWBG3VLMJH52HINR0WQWDCS UJDF91KS1SL057THDIMJNKDX0OI7F IC66NHJYWDXMC59 96 GHHH6MNX4BJV04S67JIO1M5HY4IVYSK0PTXANUTDM2H6EYEPEX1F78QY46ND9B2IFCTBIPTAGAONELXXBEIHNFB4AB929XLUKI8QLWL5M7TJJPIJA7JFU2M2D414NWMXUC7K0EOQYLL0L3XKG7PSI5WB0POOCN5YSKVQ5A0A 1P3OSEGOYLYQTWRQYXPLQQLOKC5OS6G4OYR4WS1PNU9REXSQCK5VXFWMDRKJ987GA4VMSDMX66W7DU330ET02TCEODN BS1YE173W0UN0A YC VLSAG170SQTCYJM', '929296BMS9IDLQDT97XHWMBR4PO531Q9', 'O29V2RABCDSMORVYFOGS3J13EPQK2GE9MUQQPX84JVR60390ERIE85R1PLN5QAGR JHHOCTRP4PCY0EH7CB0COCVT9KWJWSP6E6BJIRGGJME1CXQXAG71JKFNBUXFLNK1 A4WV0KWW99PWQA8X96X6LNKROYGMLY0A0FERTMQI7HHD UB VTNUQNJ3 DL4HL1RFGPFOA5XRBYC79UI7MWQPN13IAY5DGM7A1J0FFW93NOB2I42XSFYG310SDMMPL', 11);

insert into FICHE (ID_FICHE, ID_ARTICLE, DESCRIPTION, REFFICHE, IMAGE, IS_PUBLISHED) values (4, 6, 'YSB4KGPT5SVCVL64ALV33NBJPJ RY0Y1FP18K60CNYE0RM9N6AA2P HG29D6H6CLEGD6YWQF 6THQX  LB G2VGFU1VE9R2GK3C3Q0X55SIWL9AE1EWQ6PF48C8EMYRY84UOUS QOIM18AIAJQSX PVD250RYVBL5DGDAHGKLE3DKK69NX5UJ1K5MPJSOKY0N6J95699G M0HK40GX8TWSHLSQWE8W7 L6B1GXLHF6QPYNHEK64Y5X00WD 83QRHDJQ4DMW43BOW 3PG6FOWFCQTV5HHQSPMWPJI 5X7O5INL4EFWXJ3VUIN6 T3QQCOLL7XI7PXUR2OTSLL092IO2J9Q87LM3B1HK3O3GJKVR0EQ4II7GHT1O8J2MP71BHB0A8U0H OH1PTG1OSSYRE85CL8B3TKS189XI0HPXW0 CO6BX9KKN7JWUMRVWYXQGPT0KJVII19CVC0OBWUJOV8920RAJTRCERRHUEF561LA2S7R9UII5RPGJCUV37TQXLPOI7JUM1XEFP 3ED K7RAL596FJNTTCLUDL9MNUANOAEM4OW64OJDR0OH6IBLK79VPTI1K49QGPWF6A2J19CGVIJXNJ YPDA08SKAI IOKKSQJRL2MD4XRE1AVV4QY0H0YSNU9ATG7JFWBUDBJ8FC8LIU9JWS IT79YO7J51OY1PALMIBUUJ7WEGELC138LHCW69WY 8DVA8ECF7N10B3DCGC3Y J58RU24KJ1FO6B9BMGWUG1ABK48BHEPV42P3JE9IP8GN76RVHPXYD41SAI6 9JREU8J2WVTN2UCQ6MCFIQP8K0DKVVJLNX40QRKITVT495KM9CB987PIRT651C0D1EGQUPWBT91T 9Y36CU98KOS816RG2IRI8BAB1XKV948 9K783SY49M8PMU7X0ABJ2Y39LCHJGDI14T27GVJKKW6IVE 65UR8XI4T52HVXYIWOB0GNIV8Q22HLX929Y 5CR37EB3I2SOGP HSE HUV0J U6SE2P1G4EBNVO2', 'VG 4MA0IJTCB2PCJ1L3OJXLHUXMLIUF7', 'PT7OMK508X219QOSVLJ5XI6K3K20PF3AV9IJO268YRDNDUBEEEA68CER9QG9FCJV7JDGKD7CE2HDNWKTL76038WL50SRX09X94PV285TFIMPU0AMR72HDXQ3UAPWF1R58U7Y2D6BE5UTO8POVWI2 2AG1UMN7VUFQYEGFBULAGYJXH6UAAXTR661XBROJYLQ 4IV2MVJJBJDDMG9 PGKPPAC7U29RJC9PFM8YOBB41YFVEJ6HX1PQ0V25WBE7URC', 6);

/*==============================================================*/
/* Génération des données de test pour la table "Categorie".    */
/*==============================================================*/
insert into CATEGORIE (ID_CATEGORIE, IDPARENT, LIBELLE_CATEGORIE) values (4, 10, 'JGY9M6IV6 FE9MOI8NE0UJIHN3P13THV6HE07T8I4K6MNFNQ0M2VWI OFO3HD9AB2QDII1T3SAW4VRMAXOV8J39NLYVKG4M36IAQ2NXTX3TCUCP SR5DA44463NMPI95');

insert into CATEGORIE (ID_CATEGORIE, IDPARENT, LIBELLE_CATEGORIE) values (5, 5, '0GD7BGI SF0EERBUUA07NAP0QRWKII8IOON7U2W372A2HJ7 X0CA56FEAWS0A3XGPNWN53KQJ99S03BPE4TVDDYHJYC8H5YA99O1V DQMLAOYRXH49XTX98LJRC4MF8L');

insert into CATEGORIE (ID_CATEGORIE, IDPARENT, LIBELLE_CATEGORIE) values (11, 8, 'YUCLM5E2X4KFCRKXJDUNG7JB0JCB8NW102071V0RB82I792SLXNLNFCA5XO TDGG42LETBW5BUGXLAK QP4I53HCPYG1 4OWICSBOM0MX4AGNSFM0XUUQ82JX3M0CAJH');

insert into CATEGORIE (ID_CATEGORIE, IDPARENT, LIBELLE_CATEGORIE) values (8, 9, 'YU1TDSKQNRUEFNCWX85T5UEYM7S5J7EJTWNDNQ28KU7U5M89KN877R6X3JH9A2UIU8L6D9A 9S7G0DC8KM IPRBX8QWV80P2H0RYB4B2VGIK7G7I 04UIJ0KFX46536Y');

insert into CATEGORIE (ID_CATEGORIE, IDPARENT, LIBELLE_CATEGORIE) values (2, 0, 'LRO8EWIN16J6 FLYK241IOSMKJWYT7P5MHR4I7H2 MFYNLMLGF9HNOD05HVR08 QIH6CKF5WEU87JBLLF7LAUXVU52DNLW0XRJTDLYPQKDOWYS7AOTY83PKC3 LHEU36');

insert into CATEGORIE (ID_CATEGORIE, IDPARENT, LIBELLE_CATEGORIE) values (9, 11, 'FVG9I0NF74BNB3B616XPE94X AFODOR100LSESP PCGR196WUKYTTPE5GKLCDUV8N0GBBCYHUT74I798WO58F2LPLPL9EQKNY76XBNO91NHDARC5NLJDB86I00PTFL8A');

insert into CATEGORIE (ID_CATEGORIE, IDPARENT, LIBELLE_CATEGORIE) values (7, 3, '1ELAKLHR7BWQSOGQYTT9N3VJX905INJCMUAS6 8KRTY4MKWBAAHLKDP 1JBXN H7V3QHDH5FOGV3A0B9MBWP9P 7KE9KYKACL82 DQMBF0MVGFL5GL3N0NAOAU74KCIE');

insert into CATEGORIE (ID_CATEGORIE, IDPARENT, LIBELLE_CATEGORIE) values (1, 2, '0M9OD7F84L0AP7XRU9X11PH2H5EAK4Y7Y54JOBIG8RNYPLP CV37N6Q505RE6LPRQ147ME7DXJV 6RPT3D 57DGY7Y1HME559WM0JP2HS8S9TSXIO2SG HCI 6S833XO');

insert into CATEGORIE (ID_CATEGORIE, IDPARENT, LIBELLE_CATEGORIE) values (0, 4, 'XUPVRBXJ0NC8EOPEBRJGGKF6QS9YW30RM98FQBYC8 84OAJ1NLY2 MXBG5MMBQK1U2VXVMJXQSYPIGD2X4NW1KGKK3OWP947KI3CN3EG73QFPUABXCV737TO6T42EVF8');

insert into CATEGORIE (ID_CATEGORIE, IDPARENT, LIBELLE_CATEGORIE) values (6, 1, 'C927KHH9 AMG64QTXLTWO84HQWC3TLL57FUS5H2TT7FJUQENQPBJC9S4ECLJDEY6QG70YMNR40S4L495PU2DMUHRRMVPI63O2AODKF4VQD3AGNMRRMJ95D5RXIXIRP 8');

insert into CATEGORIE (ID_CATEGORIE, IDPARENT, LIBELLE_CATEGORIE) values (3, 6, 'U7M3M8I33AHTEJ 391YRK72OL9BJMNQH9W62RC8J37X2IW7X7HB1JLQ6 HE NMUB0I9TOY H7 45SSD60THYSNX3S9ASF43PCJKH26NBHTMQD7VXQ7Y1 HSFC1WGJKHT');

insert into CATEGORIE (ID_CATEGORIE, IDPARENT, LIBELLE_CATEGORIE) values (10, 7, '1WJYQ1HNEEP8EYEEXB5FY0OCDMW7O9BYEYFNEE 52SEN0TW0L67XG4748CQWIE8M9FBSV4YR2FNOEGLBE912CKB9TTP1Q51E HY41XGII60NTH0 HCDWF28CH5RS2IX4');

/*=================================================================*/
/* Génération des données de test pour la table "Caracteristique". */
/*=================================================================*/
insert into CARACTERISTIQUE (ID_CARACTERISTIQUE, LIBELLE_CARACTERISTIQUE) values (6, 'SBMSJ98EOQDB C933NORY7V9OYE1EJMOCS30T9ATU01O1KB2F38WWSH1OPMS1PO1BYGQ3NUKFAQXJ7U6JWST5EU VS S8NAYWMIR6BLPR GB1UHX2ATEBLLEKLLTR4GR');

insert into CARACTERISTIQUE (ID_CARACTERISTIQUE, LIBELLE_CARACTERISTIQUE) values (11, '8IC3EG5U4DI6NFIHPI0PI9693CWU1CVIJ9DUNPSAURH3 C5R6LFXDTT7TAN0WU3U2C6BB5L0B76Q6C869ICF0 GJ3GRJSLF32ARWB9GMYSQ XNJYP7BP6WW6DVKXO0 9');

insert into CARACTERISTIQUE (ID_CARACTERISTIQUE, LIBELLE_CARACTERISTIQUE) values (2, 'VDB84U2D5FLTHTHUDF9H26PQ2ELP0VLYSUC2Q7T7F0GEKVCC2W9JGQ5GPWPNUEWH6WMBO1XQ8A93H66LP8RWN0E8R1 NQ5ETGL800DG54WAD1LTC6YGOFQBPTGTRP79J');

insert into CARACTERISTIQUE (ID_CARACTERISTIQUE, LIBELLE_CARACTERISTIQUE) values (4, '1VHDAQ5DNE2TKAT1FGC665L1FNX7FWGWEM0TN0KYFCFAXXMRF3PVSTO4628C05TV0MQVRI2401GOKHDA721DMRTIQ20P43V EKT7SXRP5SJ4FG0 SK6FPD1DRUS 0G H');

insert into CARACTERISTIQUE (ID_CARACTERISTIQUE, LIBELLE_CARACTERISTIQUE) values (5, '31RNGEL9FUCVXM9Y7L9 FH3KYLB0C789QKA9 E9YN8UC49OVM4O3VBMM1BQRGUJVVIF45W6LI 74I1I53130JHYOT1DE36LH68IM97MPS1 W6 USU1F5J18K0KW9LJV0');

insert into CARACTERISTIQUE (ID_CARACTERISTIQUE, LIBELLE_CARACTERISTIQUE) values (10, 'CX4762OFB7XLPKJH1VY0FFERIQ9RUIKW2P4H9M2JX7597O7KX26CCH5D55MJ89RD3MO8EFHJINY1DKA2P4WY H 7TGHDO6886L9G0G8IX41CDY0LPF5XI15OF5N6L7L ');

insert into CARACTERISTIQUE (ID_CARACTERISTIQUE, LIBELLE_CARACTERISTIQUE) values (3, '4HI531I8528NXWAI9ADEOAPXXL531M7QR1IN4Y944STMAWXROW4PRMHPB3CAG57B XHC4E6BVK738VGYDDDCH 4FLWT8YUI4OO RMXSHDK62347DPPBY8MY4S2HF29WB');

insert into CARACTERISTIQUE (ID_CARACTERISTIQUE, LIBELLE_CARACTERISTIQUE) values (9, 'QSXORJC3QWRNPD9Y6VGBU97J0OIMXATN6MCX4N 41HA4FQJB8MIEO U2DNDO7AJIXGQKU1GCE7CY7POODRJBO9KQYTSM0Y511HPRNWH2YWUQFA4X5XVCA2W8 WTM3FGW');

insert into CARACTERISTIQUE (ID_CARACTERISTIQUE, LIBELLE_CARACTERISTIQUE) values (7, 'KT9WQVEDX8W83R5O4M5VGO5XMJQ1OA3IKFNFT FWHS0CPWQ4WB8IPSET4C5CIGHX78E17MK X4V6BUN43DA03LIKRQW7X9SUK2BKONINIMHYF6I8E2S77L4HS35FQI L');

insert into CARACTERISTIQUE (ID_CARACTERISTIQUE, LIBELLE_CARACTERISTIQUE) values (0, 'VLIXLAUHIL617UNLGKF73QOJKOBYADS8BIBAT7UUB9G 87730XA7FDDDFO4XIDRE5AGXQFNOAT7HN137U6LJC969S7KMSJ7GLESAAF4LU8LE7K13Q5 RLJV617WF396C');

insert into CARACTERISTIQUE (ID_CARACTERISTIQUE, LIBELLE_CARACTERISTIQUE) values (8, '9S071JI9EM18R41KS5XPHG01421VV1QCR9VXKE3M94 1V9YW2K 2IBY9BLV3FM7ENKA9RN81HX0H2 WR TJPGJMQH5QQ IOSU8RS6VH926WMMM7EVYT8LFFINULB58TL');

insert into CARACTERISTIQUE (ID_CARACTERISTIQUE, LIBELLE_CARACTERISTIQUE) values (1, '9Q57Y13O2 PJDU0R8VAGTOJBYPLK1O5LUHLENK4DLBPJPS5FIFQCGDXIFN6D97Y7MPHFF8G1R1I2J0BN7B6YH0A69J4Q JAHLMHF 9O1QY0QAFXDW8YMCI6YM2FUYSY6');

/*==============================================================*/
/* Génération des données de test pour la table "Adresse".      */
/*==============================================================*/
insert into ADRESSE (ID_ADRESSE, NUMERO, VOIE, CODE_POSTAL, VILLE) values (8, 'H2KUS0EURTBUKU6T', 'OBUMC8A3V4BB63TKSLIAM5O3PI8I58WVXKGCK71L884FCVJHANYABH380YEB0X4CI6QJLGG7OV76P83X7DGDB64GPMX31SNNONG55A2R1N095PAPDNEG483UN2E6FIMF', 'OIO3OFII4EYO7BXU', '50YLBVP433XQRVTXTWYM8JVWCRAUC881T3IVE4NTMJC4 579WJG75E0W4VCAAEI4');

insert into ADRESSE (ID_ADRESSE, NUMERO, VOIE, CODE_POSTAL, VILLE) values (11, '5HNP0GCUGQA078V2', 'QER5DC4N91BO45QALDJMO 67TPR4X601 PXQ1OO AG7HNVQUN9V5G7BX5W7JSAMFRRO8DRKK470X7KI5GYOEH294OX7ARR 7HOU46HDQRHBEVBYOV1H0B6HIDYHB6WEO', 'G9IFFBQTTR4QY7IA', 'PGKPSV79T4QGT6IBCM30D8H8XPR7FAWV4EG966IJN85T88470WVBES7CQMP90D7B');

insert into ADRESSE (ID_ADRESSE, NUMERO, VOIE, CODE_POSTAL, VILLE) values (5, 'W25V6UDD DJDTN36', 'JIP1S5IM8F1H6OTIU06M2HAIC04SVE RD4PS0F6XN1DVAJKEC6V6CFQ5N3F08EM1GDNCAEA029QFU9GTBW OARN5F40D6F0RA0ISILLYOXX7 ILSUA5CKQOVUTQI4EJU', 'NFDUU4FILTP0YW P', 'E4VVSIBF47WGT17RP02J9AXBKVMARLY0XPO0HQ9C87NSJONEDJ86J95VEMB928GB');

insert into ADRESSE (ID_ADRESSE, NUMERO, VOIE, CODE_POSTAL, VILLE) values (4, 'D7HIOSNOVK7UEP7T', 'FNOE4XNFMSWCFHS2XHEGFY8D2XR72OHVEURM3PPS4I18EOO2OHYLLEH9B2JCH U0V2L XNU0DLVBO2NS66CDBJFXUOT0EIF6ENFAPV SOJ9AL1WXLEDLG7TCX8LFERRV', 'WB1JNGPD5VX8V3BM', '474BJ5QC E9C1O79WX819P4FBXTAP0V3FINLTGX5ISWVEYC2AK6X42Y0ETFO310 ');

insert into ADRESSE (ID_ADRESSE, NUMERO, VOIE, CODE_POSTAL, VILLE) values (9, 'QFPSNJHWXRFGM31M', 'PVMEYYPGAPEYWADW4V59AL66U04 LQ8AGW CTSGYKDO810TOY61HQEUO 907KT ACTIDVRGXUPT9TTSYBVPK6OVVP53THRXC6LHSCLONJSSCQNK0IF2XJT5BENHN2RRL', 'XDHYVBJR6T9LLPCB', '684DQY2V2BO1U45FM5Y6MU8LJ7RONHQJ9T05 0YOB8HRNVISRCLS1EMUM1GPH7PG');

insert into ADRESSE (ID_ADRESSE, NUMERO, VOIE, CODE_POSTAL, VILLE) values (3, 'IE55K6R478WICXB8', 'Q5H5WHW31NXWQV8VS4D5ARDBIQNQIEXWS9E5RYNTS5QH9CO6J931EPYTHA88KNRP8NBKP0A4B31WC7K73Y0FFE4CU09GI 84YWPF00XW37  J4AWVB7GEVV64MXV657Y', 'MY0I4IGWBSNMBUPQ', 'P6WX3RXWB6MAKW4W69NV4VJUK8NSRXVTD4NECPK3H1O511VD73K4VIEISN 35PJ5');

insert into ADRESSE (ID_ADRESSE, NUMERO, VOIE, CODE_POSTAL, VILLE) values (0, 'WILMEYY347R18V2V', 'TJ8UISFPO4YUY13W9A0AXM08VNT5WDAMS W4JGISNCNO5EYFRR1C4K20NLQ2KAU7UL R OL0MA0UA2OGTH84M ER4URJKW1G0J0BAFXX7B9V27SI05QCML6BXNBPUOUT', 'BCDCJBULFGRQKL5L', '2BFDFV6KBLH55GEI807IT GGS GY0WPJOEMVONV7CL56ES49L2K10EPV4YCU4B8R');

insert into ADRESSE (ID_ADRESSE, NUMERO, VOIE, CODE_POSTAL, VILLE) values (10, '3LTD1QYRCSUIC2QT', 'A1SKD4JQ2OYFNINUUE1TUI98Q92UVG AR2HGPK79YHWET DCWOWKI9COAQWBNGYNINF2B0J0KT5QS3VKUFBREQXHC33QPB18PKCMQ1V5NM4LEPSP9XMPTA94M95T35C2', '9TAOGEHE6YLDT55B', '4WX WSJK2M2AV1A9S91 18XOC45ET6PAB6D1FHVW37XO7MUR7F7P0EOF1YQE 3I6');

insert into ADRESSE (ID_ADRESSE, NUMERO, VOIE, CODE_POSTAL, VILLE) values (7, 'Y6F30HR8WP9HNK1R', 'HN5H1QDJ1SEBY2MLVFEVLOCR 2UGGEQU1J29UJYLJ3XBBUMSC1JV4017978OVXSXKTNN99BG 6Y8V4SGGS7IAVWXBBPO0 YAD OGY6YYANYULCYDYNSPI7C 2 UT2BGL', 'GP6PY87ON7226XL9', 'AN6H7CC21TOQICMOEE RL5BCTU5T14U70HXYLC5MIQJYHG5LUTKRY8 AB2TQWPLQ');

insert into ADRESSE (ID_ADRESSE, NUMERO, VOIE, CODE_POSTAL, VILLE) values (2, 'HI332IGAS9KPT8EH', 'QE7R5Y5IE0O3VGP2OF2KRDH7FLLMR 86XEMPJNY77O72PQEOEV CJ5B0DJ6RCG2YC6KMEQ6SQWV NU6 0NVHVPIGW100LOHKCSY0I2FPYX99QX0FFC8HAMMA1AVDTXTB', '0OOVHYJU0TQOYM8U', 'ITF7JYBR6832AMRP4BFNTRKRATDE2MJVWRR4KYOBSG3UQULYSCBCF8RYD7S9I65A');

insert into ADRESSE (ID_ADRESSE, NUMERO, VOIE, CODE_POSTAL, VILLE) values (1, 'I8E203DRLQJC8FR ', 'CC H7 41YUAGIHL5KDY3XVVYVDT0VY64SO4VC5EGTQ694FEWD656CWDFG7565UGL5O55AN9DLHBL63Q2U 8TQG HWQHCI5BYX14D 0FTGXHGW7NR00V5RRAGFQO4FS64', '0PDXMMAC3FBEAFLO', '77DUMKSS0HND0KJUHD92JK2PD99VS REM1WLBF0DN74P OAMUNJ4H5OI1UC Y5F7');

insert into ADRESSE (ID_ADRESSE, NUMERO, VOIE, CODE_POSTAL, VILLE) values (6, 'CIH3CGQSAFSYT2BJ', '1A1B3KRL97JR8SEF5M5HDQLQ4X1CHSWBVPBE0Q0COUN4CS9GVE7JC UODQLOUHGUBMV5E8TMWRUJ9JJ8A4DG9U RPOQ5XOA5JWERTQILPWI6RVW 14XJEN8JVO1GUFH9', '0AA3ID6V3ODYS6BK', 'A0BQNKHVHK68XEA3JFTX2NOH7URGL20FDTTT9F5QCAPCPGSTAUW6P9VGOXMCTO5D');

/*==============================================================*/
/* Génération des données de test pour la table "Promotion".    */
/*==============================================================*/
insert into PROMOTION (ID_PROMOTION, POURCENTAGE, IS_ACTIVE) values (3, 5, 2);

insert into PROMOTION (ID_PROMOTION, POURCENTAGE, IS_ACTIVE) values (11, 9, 10);

insert into PROMOTION (ID_PROMOTION, POURCENTAGE, IS_ACTIVE) values (1, 4, 11);

insert into PROMOTION (ID_PROMOTION, POURCENTAGE, IS_ACTIVE) values (6, 7, 6);

insert into PROMOTION (ID_PROMOTION, POURCENTAGE, IS_ACTIVE) values (5, 2, 4);

insert into PROMOTION (ID_PROMOTION, POURCENTAGE, IS_ACTIVE) values (8, 11, 8);

insert into PROMOTION (ID_PROMOTION, POURCENTAGE, IS_ACTIVE) values (9, 10, 0);

insert into PROMOTION (ID_PROMOTION, POURCENTAGE, IS_ACTIVE) values (0, 8, 3);

insert into PROMOTION (ID_PROMOTION, POURCENTAGE, IS_ACTIVE) values (4, 6, 1);

insert into PROMOTION (ID_PROMOTION, POURCENTAGE, IS_ACTIVE) values (7, 0, 5);

insert into PROMOTION (ID_PROMOTION, POURCENTAGE, IS_ACTIVE) values (2, 3, 9);

insert into PROMOTION (ID_PROMOTION, POURCENTAGE, IS_ACTIVE) values (10, 1, 7);

/*==============================================================*/
/* Génération des données de test pour la table "Role".         */
/*==============================================================*/
insert into ROLE (ID_ROLE, NOM) values (9, 'H749  883JQ9LCUW127S3YRUS 9447IU2U5N9I0D6JLVI72SD7DXT6H5JFIKIWVM');

insert into ROLE (ID_ROLE, NOM) values (2, 'O9637C0LWT0LLAVD6JE2HFCEJ YWU0AB691A11RJQAL0BC59RBTY40QI9GA9UI1F');

insert into ROLE (ID_ROLE, NOM) values (11, 'DJW2JKKE4P4VNLLRGPEJ8JX26OI0UT614P5FYCL5MTR27LKUPQ7WV5XBT9TMNQHX');

insert into ROLE (ID_ROLE, NOM) values (10, 'EAIH53OBR7VN0FB4XDK6NBH5RTTPKHMK3OYKH2J53G4UPGUTJJ3UNW75KSA1IOX0');

insert into ROLE (ID_ROLE, NOM) values (5, '88R3STMJ8XI1EIXV3 RDK9EHWKCMUDL0R6HPID5 U09QTV3V2EOGJ271EFDJKYK ');

insert into ROLE (ID_ROLE, NOM) values (8, 'QNX6M45PLWWL54P10ECYBFJBQL003BK09P7FJXFJ5S8I3BWAJGIV4W3IN58IHN3S');

insert into ROLE (ID_ROLE, NOM) values (1, 'DAPIC K 9QCFYWK49 7DPDCGU49L7OGO9A3OIWX8PNLIIRDRSAQRF6IN5ELYDDRP');

insert into ROLE (ID_ROLE, NOM) values (4, '2FCB5QM38FM334R2TLPI22O8CU0JJ9SLYDP0UXM1QVELKP1J21 817M A4LBU78N');

insert into ROLE (ID_ROLE, NOM) values (0, '6RMFQBM60M2NCI7DANPQ84 ETWOJ GIW 0YFI63B 962B21D7CCY1R2LVQXJ3QRY');

insert into ROLE (ID_ROLE, NOM) values (3, 'OKR1C4BXJBHQY960N0MYHI3AD18UX316JOEGYAB1O50R8DYHGCH1140 A6S3Q22I');

insert into ROLE (ID_ROLE, NOM) values (6, 'YLI L3 HB35DO3KIH19KOSHPMF249IEK9E143GVMJDH0BKVLNNH51327EXUXVSCM');

insert into ROLE (ID_ROLE, NOM) values (7, 'AL U5MX478XSU OWHVYE9KULAKY T3UF5FHGOLU88S6BU85PTRP4WWI7UPSJGCQ5');

/*==============================================================*/
/* Génération des données de test pour la table "appartenir".   */
/*==============================================================*/
insert into APPARTENIR (ID_ARTICLE, ID_CATEGORIE) values (6, 4);

insert into APPARTENIR (ID_ARTICLE, ID_CATEGORIE) values (8, 5);

insert into APPARTENIR (ID_ARTICLE, ID_CATEGORIE) values (9, 11);

insert into APPARTENIR (ID_ARTICLE, ID_CATEGORIE) values (3, 8);

insert into APPARTENIR (ID_ARTICLE, ID_CATEGORIE) values (0, 2);

insert into APPARTENIR (ID_ARTICLE, ID_CATEGORIE) values (2, 9);

insert into APPARTENIR (ID_ARTICLE, ID_CATEGORIE) values (11, 7);

insert into APPARTENIR (ID_ARTICLE, ID_CATEGORIE) values (4, 1);

insert into APPARTENIR (ID_ARTICLE, ID_CATEGORIE) values (1, 0);

insert into APPARTENIR (ID_ARTICLE, ID_CATEGORIE) values (10, 6);

insert into APPARTENIR (ID_ARTICLE, ID_CATEGORIE) values (7, 3);

insert into APPARTENIR (ID_ARTICLE, ID_CATEGORIE) values (5, 10);

/*==============================================================*/
/* Génération des données de test pour la table "regrouper".    */
/*==============================================================*/
insert into REGROUPER (ID_CARACTERISTIQUE, ID_ARTICLE) values (6, 6);

insert into REGROUPER (ID_CARACTERISTIQUE, ID_ARTICLE) values (11, 8);

insert into REGROUPER (ID_CARACTERISTIQUE, ID_ARTICLE) values (2, 9);

insert into REGROUPER (ID_CARACTERISTIQUE, ID_ARTICLE) values (4, 3);

insert into REGROUPER (ID_CARACTERISTIQUE, ID_ARTICLE) values (5, 0);

insert into REGROUPER (ID_CARACTERISTIQUE, ID_ARTICLE) values (10, 2);

insert into REGROUPER (ID_CARACTERISTIQUE, ID_ARTICLE) values (3, 11);

insert into REGROUPER (ID_CARACTERISTIQUE, ID_ARTICLE) values (9, 4);

insert into REGROUPER (ID_CARACTERISTIQUE, ID_ARTICLE) values (7, 1);

insert into REGROUPER (ID_CARACTERISTIQUE, ID_ARTICLE) values (0, 10);

insert into REGROUPER (ID_CARACTERISTIQUE, ID_ARTICLE) values (8, 7);

insert into REGROUPER (ID_CARACTERISTIQUE, ID_ARTICLE) values (1, 5);

/*==============================================================*/
/* Génération des données de test pour la table "dépendre".     */
/*==============================================================*/
insert into DEPENDRE (ID_CARACTERISTIQUE, ID_CATEGORIE) values (6, 4);

insert into DEPENDRE (ID_CARACTERISTIQUE, ID_CATEGORIE) values (11, 5);

insert into DEPENDRE (ID_CARACTERISTIQUE, ID_CATEGORIE) values (2, 11);

insert into DEPENDRE (ID_CARACTERISTIQUE, ID_CATEGORIE) values (4, 8);

insert into DEPENDRE (ID_CARACTERISTIQUE, ID_CATEGORIE) values (5, 2);

insert into DEPENDRE (ID_CARACTERISTIQUE, ID_CATEGORIE) values (10, 9);

insert into DEPENDRE (ID_CARACTERISTIQUE, ID_CATEGORIE) values (3, 7);

insert into DEPENDRE (ID_CARACTERISTIQUE, ID_CATEGORIE) values (9, 1);

insert into DEPENDRE (ID_CARACTERISTIQUE, ID_CATEGORIE) values (7, 0);

insert into DEPENDRE (ID_CARACTERISTIQUE, ID_CATEGORIE) values (0, 6);

insert into DEPENDRE (ID_CARACTERISTIQUE, ID_CATEGORIE) values (8, 3);

insert into DEPENDRE (ID_CARACTERISTIQUE, ID_CATEGORIE) values (1, 10);

/*==============================================================*/
/* Génération des données de test pour la table "appliquer".    */
/*==============================================================*/
insert into APPLIQUER (ID_ARTICLE, ID_PROMOTION) values (6, 3);

insert into APPLIQUER (ID_ARTICLE, ID_PROMOTION) values (8, 11);

insert into APPLIQUER (ID_ARTICLE, ID_PROMOTION) values (9, 1);

insert into APPLIQUER (ID_ARTICLE, ID_PROMOTION) values (3, 6);

insert into APPLIQUER (ID_ARTICLE, ID_PROMOTION) values (0, 5);

insert into APPLIQUER (ID_ARTICLE, ID_PROMOTION) values (2, 8);

insert into APPLIQUER (ID_ARTICLE, ID_PROMOTION) values (11, 9);

insert into APPLIQUER (ID_ARTICLE, ID_PROMOTION) values (4, 0);

insert into APPLIQUER (ID_ARTICLE, ID_PROMOTION) values (1, 4);

insert into APPLIQUER (ID_ARTICLE, ID_PROMOTION) values (10, 7);

insert into APPLIQUER (ID_ARTICLE, ID_PROMOTION) values (7, 2);

insert into APPLIQUER (ID_ARTICLE, ID_PROMOTION) values (5, 10);

/*==============================================================*/
/* Génération des données de test pour la table "Panier".       */
/*==============================================================*/
insert into PANIER (ID_PANIER, ID_CLIENT, REF_INTERNAUTE, IS_ACTIVE_PANIER) values (1, 2, '6KD6QE FOPYDBQV QWCYC67FNOLVSTQO3QS15B E4GOPN7HKM0A8NXXKQ2RP34M4', 9);

insert into PANIER (ID_PANIER, ID_CLIENT, REF_INTERNAUTE, IS_ACTIVE_PANIER) values (3, 7, 'B3F0312NMDQKR4FE9NKS1KK1W9I KBM4G0D00MBX8ONL3GY 94F65ENENW0DE3UJ', 2);

insert into PANIER (ID_PANIER, ID_CLIENT, REF_INTERNAUTE, IS_ACTIVE_PANIER) values (5, 3, '5S 5THRLYJAJKM1JAOF36 IUJNQRBK6V4L P I1RU QBOHHW2HBBXFBB5YG5K9BC', 4);

insert into PANIER (ID_PANIER, ID_CLIENT, REF_INTERNAUTE, IS_ACTIVE_PANIER) values (8, 4, '2L92IWR31YE0F6WLBL8XL5XC495OW3RQRQ2UYC40NBXVCFMRSXI 0 133U6NMERK', 5);

insert into PANIER (ID_PANIER, ID_CLIENT, REF_INTERNAUTE, IS_ACTIVE_PANIER) values (2, 9, 'XYWQCVAJTVAAJ7T8AFSVH94HQX4KLYB E2KNBY1CS8PSKYEHNS00WKE QOT15UAS', 8);

insert into PANIER (ID_PANIER, ID_CLIENT, REF_INTERNAUTE, IS_ACTIVE_PANIER) values (0, 0, '1S3LZH1RP1O4KK2MQQE0M1XRU2HU8N8FPSWTYPQTWP1399BHEUGOM4HOV3IX8CK1', 0);

insert into PANIER (ID_PANIER, ID_CLIENT, REF_INTERNAUTE, IS_ACTIVE_PANIER) values (11, 1, 'KHSQQB4M33DT G3DE5C3NVWEPIU6MTNG2G7HXHDXNBBJU917XHJWBN Y45DJHV30', 11);

insert into PANIER (ID_PANIER, ID_CLIENT, REF_INTERNAUTE, IS_ACTIVE_PANIER) values (6, 6, 'UOJ48TLPNK0NY3F XY5VFA73S169S 1W4PKRNIKUQ7KWC51FQ2 O94RIWY16D075', 1);

insert into PANIER (ID_PANIER, ID_CLIENT, REF_INTERNAUTE, IS_ACTIVE_PANIER) values (4, 8, '7X8MS3VTKIG5LXLSM693NWLKKM38I76CDOV2PJUWUNFGTDH4VJC5XTGA1OOJ468U', 6);

insert into PANIER (ID_PANIER, ID_CLIENT, REF_INTERNAUTE, IS_ACTIVE_PANIER) values (10, 5, '050O18OU9PH1MUW WC W1FWBKNHEL0GLGIK3XY87LNX863VP2P4NCP7 D EAU5R7', 7);

insert into PANIER (ID_PANIER, ID_CLIENT, REF_INTERNAUTE, IS_ACTIVE_PANIER) values (7, 11, '4SL83V84NDCL6947SK3UU2GAS0OQDGSYGXK2QK6F7PKSVX83IVF10AJV5 TJ460R', 10);

insert into PANIER (ID_PANIER, ID_CLIENT, REF_INTERNAUTE, IS_ACTIVE_PANIER) values (9, 10, 'WS6RM29J5AQM03INQEY0VL40T2LLN1L7Y3CM0QLMBSB3W33RYVSMYJLN6A2Y03KJ', 3);

/*==============================================================*/
/* Génération des données de test pour la table "contient".     */
/*==============================================================*/
insert into CONTIENT (ID_PANIER, ID_ARTICLE, QUANTITE_ARTICLE) values (1, 6, 7);

insert into CONTIENT (ID_PANIER, ID_ARTICLE, QUANTITE_ARTICLE) values (3, 8, 5);

insert into CONTIENT (ID_PANIER, ID_ARTICLE, QUANTITE_ARTICLE) values (5, 9, 8);

insert into CONTIENT (ID_PANIER, ID_ARTICLE, QUANTITE_ARTICLE) values (8, 3, 9);

insert into CONTIENT (ID_PANIER, ID_ARTICLE, QUANTITE_ARTICLE) values (2, 0, 2);

insert into CONTIENT (ID_PANIER, ID_ARTICLE, QUANTITE_ARTICLE) values (0, 2, 1);

insert into CONTIENT (ID_PANIER, ID_ARTICLE, QUANTITE_ARTICLE) values (11, 11, 4);

insert into CONTIENT (ID_PANIER, ID_ARTICLE, QUANTITE_ARTICLE) values (6, 4, 11);

insert into CONTIENT (ID_PANIER, ID_ARTICLE, QUANTITE_ARTICLE) values (4, 1, 10);

insert into CONTIENT (ID_PANIER, ID_ARTICLE, QUANTITE_ARTICLE) values (10, 10, 6);

insert into CONTIENT (ID_PANIER, ID_ARTICLE, QUANTITE_ARTICLE) values (7, 7, 0);

insert into CONTIENT (ID_PANIER, ID_ARTICLE, QUANTITE_ARTICLE) values (9, 5, 3);

/*==============================================================*/
/* Génération des données de test pour la table "Utilisateur".  */
/*==============================================================*/
insert into UTILISATEUR (ID_UTILISATEUR, ID_CLIENT, ID_ROLE, LOGIN, MDP) values (2, 2, 4, 'HD7HFL 1XF A4Q KSH 693SN3HEW690TIO A9O3WHXD0CTAVNM8N S7AF8MK7U K', 'I7 7S8018VJSNDHLNBAP10A9POW31JJV349KT1UWACLT2E495BTSA09U7VSIF55L');

insert into UTILISATEUR (ID_UTILISATEUR, ID_CLIENT, ID_ROLE, LOGIN, MDP) values (8, 2, 0, 'FCO9X6ALDP2J0PI7VCX60542FRM7CV3GJMUUCJJG YQ4PYDR2141S06B91 D7V49', 'DWYIHXV9O3WUEXQX5E6XXCNSOY8OPXQYCWBLBEOLEHP8UKKWV5 G20RKX D82IPV');

insert into UTILISATEUR (ID_UTILISATEUR, ID_CLIENT, ID_ROLE, LOGIN, MDP) values (0, 7, 9, 'R4W5J22X58SN2 S CIJ5S69KKB0BE66XHV1WG GLBMIMP31BE1S3KCMJJBVUL4OK', 'HUC1YX5FX64 NVAP4IMGSX2U7C8IRDSETWUP VGJBC0R1CO 5UAN8VFGBWIJ3Y S');

insert into UTILISATEUR (ID_UTILISATEUR, ID_CLIENT, ID_ROLE, LOGIN, MDP) values (1, 7, 4, 'MA5J5GJ9FGX9AKMIG964N2N2U4GHFU8FO702PIFUYLTEJJCC76T2MW45SBGGOHTX', 'XMD52H2T5I1VBBXJTWYCLMWCKUSXDLLFXYAKYXOAIMKBU3HCHUDL2RVMVVC0WG7U');

insert into UTILISATEUR (ID_UTILISATEUR, ID_CLIENT, ID_ROLE, LOGIN, MDP) values (11, 3, 3, 'MX4964GFX8RK61AUX9NI473Y3RDJ22ON11RGR5D7U13XX3U5GDBNRBVS3UE9DGAB', 'EBQRABC520VOXS1H0811XU0MM BQ3QMRJGM8WMDTXFWB KKAU391EA8QQPJOBF0 ');

insert into UTILISATEUR (ID_UTILISATEUR, ID_CLIENT, ID_ROLE, LOGIN, MDP) values (7, 3, 0, '9LFAO202VF3NYS7YP7YVEIAEJQLF SS0VNMTG33V6RTYLY7LAWILNMINYHT UFPL', '0KO6JQAQU2F4FDC5YS6JTFQLOTP61IRJ28CD0F N0G0PQ5XNS4L7IJ3XGN84PULM');

insert into UTILISATEUR (ID_UTILISATEUR, ID_CLIENT, ID_ROLE, LOGIN, MDP) values (9, 4, 11, 'AQ9A5R RNBFUXQ5PHXML290576XNV0SNGD218VQU9NMC30TAE2D OMJ2X1KU5BYR', 'EGV96FLC7L CBN6KE97CUS0OKVC3T4HJCMC1XCITPUGWRL7SBUGV67KV3J2CW3NR');

insert into UTILISATEUR (ID_UTILISATEUR, ID_CLIENT, ID_ROLE, LOGIN, MDP) values (4, 4, 10, 'RHFWA ODEM 59H6JSGMFIU0QEO4KX2BO8FLGVPFR1LQNMULTVLXCNVPOB2SHDUCC', 'XM1PLC2MT019NHML2RBC8F04M9NSEIFTX6ROUDT7FLG252LLO3U49PFK16UV Y67');

insert into UTILISATEUR (ID_UTILISATEUR, ID_CLIENT, ID_ROLE, LOGIN, MDP) values (5, 9, 8, 'BYLYKHVMR80SEMMKFGQS8N4K OJYQ6RT2778 N7NIPN9VA4HQE8HDY467C5YBGKB', '5IKPQU4OSN2H8GYTMG 4J68Y85O 0EXM9YXTJ7RVMGCAVA5 VBJ7WQX5O4G9EE9H');

insert into UTILISATEUR (ID_UTILISATEUR, ID_CLIENT, ID_ROLE, LOGIN, MDP) values (3, 9, 6, '2Q0TUHTSXKADB79DM7CQAJRJAA54E028EICXR5H23PE42MG5H0VL40EP46USD2T4', 'G6 NKVUT3MLXW003UL1T396BAFCH1E3AF9QJ35PPX8UIC2L6KJX4 I OLWC1XRNO');

insert into UTILISATEUR (ID_UTILISATEUR, ID_CLIENT, ID_ROLE, LOGIN, MDP) values (6, 0, 10, 'OWCDJQ8NNI44IRE 6EAP6WQ031BWKRON2PYOW8CYQQHO P444CXEPOOW6BG2D4RP', 'FPYEH7 UDSXR4Q6IIWBWE3NNLO312QEH9E6W46MQ94G4A8FHQQ4MAMQSUD68GG2P');

insert into UTILISATEUR (ID_UTILISATEUR, ID_CLIENT, ID_ROLE, LOGIN, MDP) values (10, 0, 10, '93U LJDH2I9PYFV1A8WO0NGXRXXJA4IAHNI3HF7WVE UUU796W16E2KVW25APKLJ', '8OQAF2S VKTNVN8NUK3DJK2UGXT 71QF68PJTT0G2R63Y2RQXBQX59SN1R3DCGO0');

/*==============================================================*/
/* Génération des données de test pour la table "Client".       */
/*==============================================================*/
insert into CLIENT (ID_CLIENT, ID_PANIER, ID_UTILISATEUR, EMAIL, NOM, PRENOM, CIVILITE, STATUT_CLIENT) values (2, 1, 2, '4K4P5 RFJJHHFQOL4713Y4QT2S2R9S0 Q53RF30IJ 1Q XCY6GYL7658RGF7DXUI7HNF6 0SUBX0AF8XTX711FBE1KK19YETVW7I3XBP888F543CN4L3NJGWKKEPQOKB', 'J9PMX7GO4BT1RVSX5HL8R1QU0BVRICBB2JYSFXQRTWIBW9XPRUQ7EKY6UWARU0YG', 'QFSUYCQO9D0RUAUT77HLPJOKUU7GK9ORU0A0AFJ7EAWTHMWF6SCEWFOXME3MJPX0', 'RYU7A4AG', 7);

insert into CLIENT (ID_CLIENT, ID_PANIER, ID_UTILISATEUR, EMAIL, NOM, PRENOM, CIVILITE, STATUT_CLIENT) values (7, 3, 8, 'L01KV1VW3YPUEP2ASVS4834EFAMEOQKOQX6Q9CS4BY OWTFYVI842K2SB0QVXPWN84EV0SHCD8G2L UN4O2PECF2FD0JG5B6KGAG 6QO558REP8Y7GB8LRHFHGHK7EWC', 'K2HQOSLTHDF UXBR6GKJJR67KEDWHFPP3QMTBITFTGAJNTFYCOJW7T DBYVP6R39', 'DQ7146NBLLKMPRQYTAG9BN09F89POUI4QH7HBER2VO5YG6AVVTTH7H2PYFQTY2H6', '9SS2LXB6', 3);

insert into CLIENT (ID_CLIENT, ID_PANIER, ID_UTILISATEUR, EMAIL, NOM, PRENOM, CIVILITE, STATUT_CLIENT) values (3, 5, 0, 'P99LXBHB7HA799SHGDQN YY6QQ N4R D57G4RT2PJDCH6Y 2KBULY3PS 3589H5P FRHEA FQFWC7XJOXL BW6YYJSDDNOCUREYRP546TM85E9KHBY9R947G9ISTCCPK', 'I6H3LIG5I3I7 QSNBINQTXW7Y1TWM3VHHGUAMUHDTWF 0BJN1C4LYNJ4I0HV 2DN', 'YKLFPUVQOAM7O8PUKU71Y5HMHGCPBP6GJPJO469Q2MPID5HOQA5KYR6IT6ORTW6B', 'PNE6JSJE', 1);

insert into CLIENT (ID_CLIENT, ID_PANIER, ID_UTILISATEUR, EMAIL, NOM, PRENOM, CIVILITE, STATUT_CLIENT) values (4, 8, 1, 'XRD8PDBN8N8XA4DUI HHWAS5X7OAOW7LDCV9TR16L9K0S3TFA4P E2WQ6UVX7X25MUI1VOGYXQBWOFFS0CSTBEOD6LVWLJIUWWNUDN1VW5E4OBT87FG RC7 D9F2KXAJ', '96DTGJ5KGWAJY84T1W P6GSPHKYKJ86AMAFO7H EOH183Y99AB Y5OVOVU4OI141', 'J  QH ILK8VKL4EEMGYBLAC 8V63GUFCIWMNPOF3A5FSE7G342R9BPHVL90ECI29', '94IH 67 ', 6);

insert into CLIENT (ID_CLIENT, ID_PANIER, ID_UTILISATEUR, EMAIL, NOM, PRENOM, CIVILITE, STATUT_CLIENT) values (9, 2, 11, 'XJFJY8KXR2ITHV 4UO89TVXOS34 T4K7 9PN7T28BE4VT431FQD MRGN PDQ42M UV6FSPT6UHHRHYPQ3N07BVRC 4A7BO68VMCPC3F661LLB7L2DWXL4T29FSST5O4D', 'V48M0HTPBJG1OW07F6QUJM5YAELJ8WEPTFQY2AQFP91M1EL0HFLL0EGLT5T3 1E9', 'KE 7RP51UPF7UE 3M7F MTC3BF32LVLWESBTMA3IDRQK2JMU GNP D SAU74AQQA', 'K JOBBM0', 9);

insert into CLIENT (ID_CLIENT, ID_PANIER, ID_UTILISATEUR, EMAIL, NOM, PRENOM, CIVILITE, STATUT_CLIENT) values (0, 0, 7, 'W8E M6RVO7B73LU3FBTI87X3FKKQKSN1BREGCX019K92RQR0W83XXH3RNO5RDKB 2N5XAALMD2QA5706 AXIH3O9BUSAJJU6MU9W857QY2YM9FI3ELAL8A1R42IG 1AO', 'UENQKI2OPB49HOM94GO0A4QR3G 05OUSTMKMROJSQRSXEVXMH0WM5SAU922J3VQM', '3SPKBMXOLIY79H7WOPUCY P8YHUANUHNGKY6WUNWNJJ5JVW2NC8G485TAMBWVU6A', 'O4XAKJCX', 8);

insert into CLIENT (ID_CLIENT, ID_PANIER, ID_UTILISATEUR, EMAIL, NOM, PRENOM, CIVILITE, STATUT_CLIENT) values (1, 11, 9, 'WL1I07VMICVH0RFFEN 3HBSKDU60QG QHMPJJ4UO2150EH9 RCJPO8U7S2ECRXKRD05FNHQH5SCWIPSSS09M53FAR0KK4MYA7A3BBRCRVJPKCJ XCC8UFT1M3DUDVJ92', '61QXW816P0Y970NY9B KC9QD25VNAMC5V19NBITF2 8HB179OYENRCW P9YX4T7 ', 'MNP1FWGOCWM36B69F2VA1J74U OY6AEQF0D82RYOX 7DECQI11JOCA0XMPU4UO0L', 'SS59G6M8', 0);

insert into CLIENT (ID_CLIENT, ID_PANIER, ID_UTILISATEUR, EMAIL, NOM, PRENOM, CIVILITE, STATUT_CLIENT) values (6, 6, 4, '1D2YHBTDVPB10Y7QSGEYW7E778755L XILAS4FJC9302MT2M2WE651L2 3CX3NVXUOUU9A8VQVG DYF7KKOFNWYKVWUFVGY8PQLV 0TCHP0TE0H9AVHA0D11WYYYNMI7', 'EG1FCRCBUX3K7TAQIWDD5QXJXDLM4A6VRHPJB6FQKIR2C2VO K0TH2802VYOSPDO', '6Y3FX6WO8O1YHCL30UR6QQ136BFQ4C5OM9VY7VDPJ5NIRO2EIFY V20OOSUQDK9 ', 'O KRO2YS', 4);

insert into CLIENT (ID_CLIENT, ID_PANIER, ID_UTILISATEUR, EMAIL, NOM, PRENOM, CIVILITE, STATUT_CLIENT) values (8, 4, 5, 'CC49BKK7BLV8XMMOPHSYTXS4IYSKOR4AIGU3FV14FY2M8BMJWLFAPVCKS26W99O6JEY0FQ YOMAWKGG3ERYUBI679SS9MKBN8YFFIVKMDU3R8DGPAXPSC004331M4VHP', 'IOOYNR3Q8T78BI7KYR2RMUJKWJWMNQ6HQ369RIPKHB9YNPU1RO7OIITGSK3PAW9I', '75GW3ITUS3DBJIOX358WIC VOFBRYI1LS4CVTLTDBKAC71BEYTIFDJ71E U48AHT', 'MYNP0IUO', 2);

insert into CLIENT (ID_CLIENT, ID_PANIER, ID_UTILISATEUR, EMAIL, NOM, PRENOM, CIVILITE, STATUT_CLIENT) values (5, 10, 3, 'XAYBWX3AF8SILC4W8IUYJGUIVB5N4FUFK 4CSF976WH21FDEC8AVNT0RS73L0AF4J07VHS0UL912XQA2CBQPG 2DIXNF7GH6TQAV9EJR465TP5CVGCM7RQV0A2CQ5SL8', '058Q4BWLFYFTY3LW9 SN5CC6MK1TAKM4JNKB7YKCQ 4 T3J2VOYEIMNBUIYGC5HT', 'S7U7PLCR2 97593NRLHR9K9QIO5RNVV25R3W TLLJ8 6T4EPR2MO 81L90U9N6RX', '01A4X5IO', 10);

insert into CLIENT (ID_CLIENT, ID_PANIER, ID_UTILISATEUR, EMAIL, NOM, PRENOM, CIVILITE, STATUT_CLIENT) values (11, 7, 6, 'V 9YHGCRRY77UK61EA9WFTKIVKJSB5L QXSGI57P27HTVQRUHLPVCTKUKTBG98KEX79BQI7O12XWABERJ1PXE9L75LLDGMXGKSX3KKOWA1DCMVLGUTYHKKLU141PJWDF', 'XURJJ2WII5FCW 3OJ7PDNGKOCUTV3TCBFC6OOBDYJJ9FWXX RERKMW75NDHV8S1G', 'ELWL1I3MPLW7PI RO97OD7NFE 7VP0Y5IWYL7VMQ2Q7U95S3SJATD4JA7 DIC2LN', 'P53Q081B', 11);

insert into CLIENT (ID_CLIENT, ID_PANIER, ID_UTILISATEUR, EMAIL, NOM, PRENOM, CIVILITE, STATUT_CLIENT) values (10, 9, 10, '85R4H48RYYDQIV7PCMRNS1V82Y3C3FTM32JAY0TRN598LQAHEEC53YYYO50VRLKNSRU6IXKMLC6QGP8U NNFHEOUT2TF7M24KX 0QEY6GM0RU0P2K5DH2H5RXJBW4O7W', 'R8WL76PN2OCEK3YDHILRJXYTQAIYI2M77WUUQ1YSTI34KFEG96IBJEHX699BOMIQ', '1BOTWW81PQWC1P26YQNYTHE9IS8S4Y3G3SAVKN9Q72SLMREOH2XHPQ6POLGVK84S', 'O10NSJBV', 5);

/*==============================================================*/
/* Génération des données de test pour la table "possèder".     */
/*==============================================================*/
insert into POSSEDER (ID_CLIENT, ID_ADRESSE, IS_POSTAL, IS_DELIVERY) values (2, 8, 3, 10);

insert into POSSEDER (ID_CLIENT, ID_ADRESSE, IS_POSTAL, IS_DELIVERY) values (7, 11, 6, 6);

insert into POSSEDER (ID_CLIENT, ID_ADRESSE, IS_POSTAL, IS_DELIVERY) values (3, 5, 2, 8);

insert into POSSEDER (ID_CLIENT, ID_ADRESSE, IS_POSTAL, IS_DELIVERY) values (4, 4, 10, 9);

insert into POSSEDER (ID_CLIENT, ID_ADRESSE, IS_POSTAL, IS_DELIVERY) values (9, 9, 7, 4);

insert into POSSEDER (ID_CLIENT, ID_ADRESSE, IS_POSTAL, IS_DELIVERY) values (0, 3, 5, 7);

insert into POSSEDER (ID_CLIENT, ID_ADRESSE, IS_POSTAL, IS_DELIVERY) values (1, 0, 11, 5);

insert into POSSEDER (ID_CLIENT, ID_ADRESSE, IS_POSTAL, IS_DELIVERY) values (6, 10, 8, 1);

insert into POSSEDER (ID_CLIENT, ID_ADRESSE, IS_POSTAL, IS_DELIVERY) values (8, 7, 1, 0);

insert into POSSEDER (ID_CLIENT, ID_ADRESSE, IS_POSTAL, IS_DELIVERY) values (5, 2, 4, 11);

insert into POSSEDER (ID_CLIENT, ID_ADRESSE, IS_POSTAL, IS_DELIVERY) values (11, 1, 9, 2);

insert into POSSEDER (ID_CLIENT, ID_ADRESSE, IS_POSTAL, IS_DELIVERY) values (10, 6, 0, 3);

/*==============================================================*/
/* Génération des données de test pour la table "Commande".     */
/*==============================================================*/
insert into COMMANDE (ID_COMMANDE, ID_CLIENT, NUMEROCOMMANDE, MONTANT_TOTAL, DATE_PAIEMENT, IS_CANCELLED) values (7, 0, 'AGX8NPBBFEBS C0QQW81UCVHLOMNB L4EO92XDRT37S79GCI4CXVY8KL87URLWS4', 4, '1458-12-30 7:35:21', 5);

insert into COMMANDE (ID_COMMANDE, ID_CLIENT, NUMEROCOMMANDE, MONTANT_TOTAL, DATE_PAIEMENT, IS_CANCELLED) values (10, 9, 'LXJ1YIJX YGO06K1 9AAJ2AVJ MLGU 7GV0LJ GH063D1DLUVAQCNV9YYXADG9Y9', 5, '1807-3-14 9:15:53', 2);

insert into COMMANDE (ID_COMMANDE, ID_CLIENT, NUMEROCOMMANDE, MONTANT_TOTAL, DATE_PAIEMENT, IS_CANCELLED) values (5, 3, 'H29D1X5V49OJP646EXW8X2F3YXHIQ1ATB 26B1Y6BKFOX7JX4NSDIIN80S4IWIB2', 2, '460-3-13 1:54:55', 4);

insert into COMMANDE (ID_COMMANDE, ID_CLIENT, NUMEROCOMMANDE, MONTANT_TOTAL, DATE_PAIEMENT, IS_CANCELLED) values (0, 6, 'I56HS3FRI3W6KV917KE1FGNFLH2I453YIIP236146 ISBFKR7OE 4VXYARB 3NQ5', 3, '1706-9-8 8:27:32', 9);

insert into COMMANDE (ID_COMMANDE, ID_CLIENT, NUMEROCOMMANDE, MONTANT_TOTAL, DATE_PAIEMENT, IS_CANCELLED) values (4, 8, 'FWMUCPSA1JSML 9794 7OI YCS0XWTVH9N6IS3E9FWFYN 75B8JYN3Y7L7HRLT81', 11, '893-4-24 5:14:44', 11);

insert into COMMANDE (ID_COMMANDE, ID_CLIENT, NUMEROCOMMANDE, MONTANT_TOTAL, DATE_PAIEMENT, IS_CANCELLED) values (11, 11, '02TV7AEMP7ACAC0YE6NM1OS6XL91O99KOAAWXK5OAGMESA1PL47SHS6 BE7H94AF', 9, '576-1-11 3:12:22', 1);

insert into COMMANDE (ID_COMMANDE, ID_CLIENT, NUMEROCOMMANDE, MONTANT_TOTAL, DATE_PAIEMENT, IS_CANCELLED) values (9, 11, 'BDNSSOQCNLWX2KI4W1E41CLDO0F  RDP1B8Q5Q187FVVG8CMHWOIDPDR0PCL 1C3', 0, '1220-8-11 6:32:2', 6);

insert into COMMANDE (ID_COMMANDE, ID_CLIENT, NUMEROCOMMANDE, MONTANT_TOTAL, DATE_PAIEMENT, IS_CANCELLED) values (6, 0, 'Y0L9Y9PLIQMCWUA7GJS0OKI8DONGX4U 77OYL68A33EMT9VL0OSRM2WIR0AX0MAD', 1, '799-3-2 4:4:18', 0);

insert into COMMANDE (ID_COMMANDE, ID_CLIENT, NUMEROCOMMANDE, MONTANT_TOTAL, DATE_PAIEMENT, IS_CANCELLED) values (3, 6, '0MKK3UTXI3W47TE3B X4GR50APJJ1LUYKVS W HQD5YFL8YRM TLYLMQ2OWX8FI1', 6, '344-3-9 1:7:8', 3);

insert into COMMANDE (ID_COMMANDE, ID_CLIENT, NUMEROCOMMANDE, MONTANT_TOTAL, DATE_PAIEMENT, IS_CANCELLED) values (8, 6, '4G0C3S1JAORA MC775BTEXJF8R7XE 0N RAT7R0VXWSL KATBVLLNIVFYMJHWHXE', 7, '1047-5-29 5:49:18', 10);

insert into COMMANDE (ID_COMMANDE, ID_CLIENT, NUMEROCOMMANDE, MONTANT_TOTAL, DATE_PAIEMENT, IS_CANCELLED) values (1, 1, 'E5UTCXSY00QDN 6HBF2W1IBRHXAQMKIMRTBW5LIM73LUO77XKYFUGIG2063YWBX9', 10, '196-12-17 0:36:24', 8);

insert into COMMANDE (ID_COMMANDE, ID_CLIENT, NUMEROCOMMANDE, MONTANT_TOTAL, DATE_PAIEMENT, IS_CANCELLED) values (2, 6, 'EXIPQM2CB3QD6 DCFKOPCIKOUUVLQ5 XSHK5T46B4XOGVIGRC83WMUQM99W8JXEW', 8, '1-1-1 0:0:0', 7);

/*==============================================================*/
/* Génération des données de test pour la table "Message".      */
/*==============================================================*/
insert into MESSAGE (ID_MESSAGE, ID_SENDER, ID_RECIEVER, INTITULE, CORPS_MESSAGE, DATE_MESSAGE, STATUT_MESSAGE) values (1, 2, 11, '6SJENM3DLS6NXEA3REG7UJQK6E73W9BRHBN0FPQ WX02Y7PYYCVB2DUP4YVQ1LYS', 'YVWI708HW48CY 57ES4QM4P4F9NRL69JK5OIYTUXH03W1435KBH05EE1NCO9BWXVULL0816ELR1Y979GSGT0R6L5VESY5CLTEG9JKDEJE49BAH 6YL23FL683R02QQR3IC DJD08M5LJS7 NMN C8Q77S94FQ88JWAXEOKQGHESTGG68PT3HAJ26 5PIYW43SRX5MCMERRB 28SISRMUQUHC524J3PS 0MPU02 CSMDHDFC8XJPHPFC4F J9 HVGV4QBJWDREO2I8WL9PM63F Y1DEV7F09 AY93X PBX35UFDNN9VO022RT65TIA087L59CVD5QBF9 VGUL8KL8X5LBFHVWH09VQ7LV5Y30 LR GPTFTE6FAOJKE1AWVK2Y50U7LNA7U0SN4KGPRHDVGVXQRX5JG0SIUWDG14QLGFCETE 1A9XJS E4TL8L7POSBIBEB3OKT03BJFVA6NF3O4W9BW7I4TF7NYMJB3QPHBK5CUUFR 6RIBNRL6FB9HVADS0Y0LOPJE1B9Q0KV 9JQF2FJ34ROR8RNWYEB PHMMKTE1M1VQLYTCY8HQ67IIXI2LRA9J61VR1EVNA9PRTAARD9CMDPVMRJUNHQUGTKX11FUDXUS1EFODMTMN7YXTP2N6XF3SJE23 WIWOK3WK JNCA86 AWQ2DRPRS4LM30X2J1T0A31C4G4E9QVTP0YF0W8CU2QM90 9MQML5WOHP33YI5WIWJXPLE1VB02APV1C6TSIC CLB4VHV0RR6Q0 X2YBJ69SG ETUNK 9I 046KPFHF IYIQ 94FJSYFK6N0XK8MG2 VX1CME69DIKKNWW4Q 1PXDUW0DWW8LT549F4K38YWHXAQXEXI77X5BXKPT3L0KGMEA6T32EQDDHN8JOXV6MYDYVJRIKABD709T1730U5ASOKP99WPJL332P2LDSTV5TBWAW0NQD51  T0V52MLIF1JXTG19XN9KYEUMU7794PUX699W13AQ2CHMWBPHBW59PK958HKBV6Y16UI', '1-1-1', 1);

insert into MESSAGE (ID_MESSAGE, ID_SENDER, ID_RECIEVER, INTITULE, CORPS_MESSAGE, DATE_MESSAGE, STATUT_MESSAGE) values (11, 0, 5, 'PNIWVBCDU3 ECTAVN28P4UM5D32R3IGFU3I7T5WUX1111L7H23BBD6Q67CL 4C3W', 'LSB8Q A2BS092J6G9R1 EKG5WK4KWEFSTSAOX0IP7D1AJ290GT53C6DEWT1I4A0IQTRKTYYWV T0LAAQ7U2B0BTXQM4DC4S605CGXISDJAE8TINPHAS4E4KHCEEB76AHUDBLT9GYWFRJYV 8R00IMNR07YO6GLC9 KUU2QPN7WK2OJ8P1897QUSLCJKISF1IP5TSAALL8N9NQHMOTLTLWJBGAQDG NQDS0XL39G5A05TXMOX77RQ9JB 3M9TT315JEM58WTQ7P8O2S6ARHY90I QDM624LXAV 5XC9L0CWC2 P7UNB0JD UFAKSDSSMG5TI58GXRL41EJ03RH DKMIPWGQMHO9JFBFKLLCAWFCRUN7HEH5701GN64RYUOIJ2SNVSAUCKSWM49S9ADYI5W41GYRSLSYMJKTTT5N4Y5MKPB3O2DU2 MOH1A6 G V516LJJ GWIJMCMTD5LAQD4IAXEUV5U9HP0N4 CQS9TJIFOTSGTFYSU1WK8 5NUNW8YLWUEC40K8A48CFOVM7E2NIVAKOQ596VM3UMEQV9M7BHCH822AL4FRWNJXLA6773VT9LUWAH1NFDQE49TAOK5XTW41E2XKTORWWUQVKB07TEQ8V4S3C84NX 9B M5KSKE3W6VOSQV44YE46UON CXJPHEQN74DR57LT8LG  44BAECMUFGCVR5OB5T5XX8AYM6JEY90LGHUB24RU3LIOI46M6LMN5FTUB5IVOAQEM0JTEQYVYK49Q5HVFMK067P03CFM3OTGN1NB1GK8BH30KWQSY2XFXY9VW3HD8NY6NGT59PSGS T2V31EXH242YN4WC9NSGM7WM2E2SSE282C5ID0Q3R2VNYQBGPS1C9HTIWX25L7YW0JKWM6VK51AG51MF8U M961K5EI64AH895W3LR14RLXS6JDPNP9NTVAR3ABD9CUYTDNY W1JN116S2CC417Q4AINFS49RCBC1CXCE1W44II3RSEW99PC7HPA6W4A9JF8STI7DUQN WX3N1N', '834-5-22', 4);

insert into MESSAGE (ID_MESSAGE, ID_SENDER, ID_RECIEVER, INTITULE, CORPS_MESSAGE, DATE_MESSAGE, STATUT_MESSAGE) values (8, 1, 8, 'FCQP5WOR4 W31QYL09NR6F1BEK3R2AJMIH6VQ49P2H2BEG98SYKD NS691X70HO4', 'E3KEV3U59WF73CHSY9ETFACTIGWJS0K9I1 KRLY7OGXY8I 6E2I 1IRNK3X6P99LBXA3IJRF65QLB45KY9BQ0ANU8X8FKQE8KY0LNLEGYO X1HD1L8QGEPU4HDUG PJTDSI9PCD6P5LJ1S9VQVI88UHGR8J4PAE6JGW0BBFKP48K23UGFD6ROOWW4QXXEJ5CBF2D1WLSQHEVUH9E6G0GS1TO1ID0WF3FIJQKKE561LCX6S3F241ASO58NK09YUXRF2CFI1R7I62VUW3DOU70UA52IER2EIJSXN4HN 8GHEFJPIBC4I2W6GBWSSBM3566FE4WP7QRWR0DN95H2E3 2OGL426PXCAMUR5JENQ1596HJP76Q6GXRAN5QTMQSKO4MORTL7WE793NC9EYTY41LN9SB6PTO8ERQDDW3LA2LIQ90AXFJ7W9WWXS5K8PKMSQQL4LSG5GA7RHJ18GQUA847KO1WUTG GHMFXDJD16VWQ YP50O6M8LKD29FX9DFAK0EIAAUTWFMW6CCN78Y07SWTRQVMPFXGO0FD5 6LIKQB5RX2DS8CQ60PQSAXJOHGO9SSCNPS1G2VKCB0Y7LA2AO23C9KTBV0NXAT 9L2PRT5T9CDI XA4MI73WM28IV5PQ0ARWYEUOKMXOOAU1MKFR2R5CPP4E557VIT3NR2X0DEKTX8UWD58BSLV99LIA7NO5RT1LYKN NI1XMWLMDTEW2W OEK1DJGPU3H9WBQSE8PEA4BCP65G654D5O920HQ6T9R4RKNDMCH87SSFAPHLU602R 5IHDY DHENDCPGHN7W0UUG0E NNAKB6QE15BRAG9XJ 7IEF6XA3FD2  K4AF2HKM0XFG7DGMN2TJ1KDFJ3UKG4YNW5MH41MUQ4PRIMCYN98PIMR7QJP7KO30HKE9KOJ 57G4AOM0TPJYE9LUWJ56DU51LUHHJ93YKH5DB891SR3GIFEYAPOAUYG583SQHQM64TB6Q8UN0CBAW69OWAS59JR5928J38VFOSG7XP', '1528-7-16', 7);

insert into MESSAGE (ID_MESSAGE, ID_SENDER, ID_RECIEVER, INTITULE, CORPS_MESSAGE, DATE_MESSAGE, STATUT_MESSAGE) values (9, 5, 5, 'N2JSJ9HERJS35S6I9T506RGLNFA00XN5YYB9GQHPWI7HDQ0PR0CCALSH W4K7JYK', 'FSO1MDWQPGI62E46H999PBC49WXN7YMWNYS5GM5HW7PW3FANF3MP7EISM7C84UP4MW5LBSJXH8SOHPTY1OI7Q04VDB44U8HY2W9XPKARM8YEWG569GW4CB04IOAH2CG24LJE8LTV1C2K2WVKJ8HJ3CBIH2O6ICEAK00VFBW8 1TDM50JWBT632D2ARVPU9FLNKOXX5K 8AOLD6QOVB5DFBX1GC68V3W6764QDF4H2EXT2YKPIAK7BVUU3USLDOHBI3W6FD65C4K3J8AIEPXCXEF0SQM87T3HGY7RT3LNFKFBLT05OGU3HH58OVDA65XAEU2N9LJR7C4V591R TSI8MUEFGIK7AHJC9BOKVFF5E0W350SKFX7G6JI87CH7QJ4N2IBIQ Q6196BXUN2G7IIGMQS5X54V45DK1PXX7WS3S4UYQ3SBGDPORFES1CY0MU H2NO5DE1PCUNG5VIY6GFXT2U CGOCMNJVHLOW2RGHF2SLV0IOO 3919G17KD103NA1NUP4P4EA69HXMO73Y6KWV1LTD42 WEM8L4WN4OV1872N0CMBW3N5S1T4A D0XF8BTIS219NIXQ9LMGI 4DBU6B6UC4ST7XTDF0J2NK CO TO1GRKHK5A9DKJ8Q2EWKI84P9LASGXH5F229QAK8P5I4CHA V4EMVIBO XGN4F HQ6KF65K G9H47RI3QI5UVL21JKTHEVJ67RNY8YDEQTWE98LD4HTITO1WTC714 6I9TJFG9J7UANJ3KU3E57HIRLHHCKPHBHU9NMXUG71XDTMM58KTY943JSY6Y1A65SHDTE3QN9O23LA77E5MM5A5J9LFTW99M2TS5M2WR5U9RCPKQM9U33FO4BOPUKH5KW8IS4KJH3BDXKKWHT9HPLI1B GBBPHQPK6H6WR9BTX8HY3Q0NOG 5 11VAIO 6AE13L 5G1IVIIKB23NBXJQKVVWAKHRD6GXUIJ66V93C UKORBIRKH4RQ5D6N9KWHDA9X11FWRX 8Q7407HK4VIP', '198-5-1', 8);

insert into MESSAGE (ID_MESSAGE, ID_SENDER, ID_RECIEVER, INTITULE, CORPS_MESSAGE, DATE_MESSAGE, STATUT_MESSAGE) values (6, 5, 5, '2IROJSMNL83687E982RKSVV 5W6XO7BE6GX4SMNGIX4JUX7T4WVL78 DLCYRNMRS', 'FC1I ETI7WTYAKF4FBTTS390WC1NR MV2 7U6DEKI53P9M4AHO5P4I09N93LQL552RP4LPW207NE1K889LNP6DH442E5FVVG2U4WR2HOWROUAN41PH980THEA40KL09J9WSE72MAW 0MP3F0A6PDOX40MAPNV767F UJJ72V8BDU  5K1XJTALT03R2Y1IOGTI6TDUUKOR9EWDG8FE YXR8O95GKUV4F7DHHCDAQJLWR74WSKN6ST4AE8J1D156GXT7D4X TOKB2Q28324X14D9PKCOTI4R VIL0FPSGFUB4AXK6 QW023MBEF513H3MEIOJ0PVFPYJDSD791PHRWS72E0XTOTN5GB9TMUOOYVCY3WTOERWVXS30SS8L5M7JHTYA20WA4YWN60AYS 5PFHLAAS6HI9UTHB356XJIOY4V  TRFUX7T E85JJ8P3U9XHV5U9WRP3QPI4WW5AU0EGED5V 9RAVAXG6RXKJMPW9VTKAD8K6ENWTBM3UMQYTF0PR2DBASSE SWF0AKG2AY84VEWD2O5UEB63V4VA5KYXIWNEYG2D9UA3 WDGXPSF2H7HK6JWQ7E0RX41TUVRMSTQR10UBYQAGOIY8KIVQDXTV5MTH7VP8BFFI8R3ULOGRL7CLCU4HA5RVQUVPGDEN1ORLHWGXUA8BHVA2KKYIO30GVFPE44W3H0MNA61JX58M3G7ODKUGU6LYVV0N7AYGDU6DOPQC2OABR993WOM4K87CYJTOBE59ADWP914OMAK7A4ERBMDI6HFAGTDVJGVOYSIM33OHV7H915DLU0IQLMJ2QV9RHT7K37 EU8KF6NRLWYRCQDM35NOO4WC1B84FGKOCN7TSXODHBISA85P T1OP1VQLPX9EUS51866HKALD76LFNO 12O7FYSWEWH5A2N93TQ75JE0U2S2EB8W UTQRAHGMNV1LYU4D4T70ATFMYITHLX9RQ4GBJPFM8JXFF07UISC D7YMD ANWV5EROEB942UF8PJCN6NRHGNB81X', '1710-6-13', 11);

insert into MESSAGE (ID_MESSAGE, ID_SENDER, ID_RECIEVER, INTITULE, CORPS_MESSAGE, DATE_MESSAGE, STATUT_MESSAGE) values (5, 7, 2, '0YPB8CGGW6OMEMK3CUV 58R2AKSFBGM4QIOO XD5H  25XY1GOU 6B3MQAQYV9FW', 'E6PIM0V5H BN0BXYN8YDP7047299PEAPOJ1B982E2XSWDRSPP412FY OR56N45PCBW3 AAOM5U59YUR11X5BK7OYUQHD8TJD0GF47WUKWDKKFT94L37J40VPE75LOMAHYVDWMN112OWEHXW5TG T6IPVWE087QSHW6091103T9VWT9OKP9YUTKJIBJNQH72E3UBQ5GTT02YW6SSYT5F0742U99FAB JDBOXJJ8QLWEEVDHQ078GBHW8BRLHPHYUOY0AHXLEUB08164BNHWXHUK9GE QGUVXUTGP5 NN7O294GFLWQ3GUHPPYD9VO7GYFC45NHGNHU23M23X N1HDPTBOAOF6H8F8EGHT6WUL913MWLY7FF6RR97NDXMCKR57HD86VVXNW9GXXEK3RDIA DP1C2JCGD6EJ6STE4XW7L3 4U CWDAYQCG6HJ0V3FS25ICKMA4R94QTF8ORMA0CD9EKJ8NDI3NNAJSVGX2RMIV7WODAAG1RA6QUVHTXQJNNLQUTSILOBPSILA54OMG4  XRAWP8VQ S5107MFTB03LUM0BI8U41WJRC8NAP0N2 LSKEXY6SUI3V2RGXTPRRIJ9OK7AB93O73OKJPAC8I4W 4AHYV3R6ENR0SH8UUTTODVUC1IA 7KH6YBIDDEEV4EWRTTEKXHTPOV05 M9LNV 4SF12TBO1A9JK7VWJRN7SQPI2OISP6GD7V5Q591DKILU3 ULELQXLVNHR91P3J4FDGWOT932YFNAAQ83GP52WXIXLWV1S35O9V 3GVH4FSMK6I0UPG43P8FKLTO8VQ6F8HMKNSJNT9KR 0H2S6WP4O0WF9YWNS8S6MY 132LLMH31CFPY9IVEQ7AEG50J9SMRP1FIJ8MYO97V90L75 W0AFTIRMR6LQL76TC2AN9O8OX5XS8296BIVGBFGMN9RA5IH3EV5AQ94HDQ6QYU3YYNIHGDYAHRB5J65OM9DJ3S880L87WG5YYBP4ODLPAOAEPIO87PR962IGIUY1XF VPL', '635-1-10', 9);

insert into MESSAGE (ID_MESSAGE, ID_SENDER, ID_RECIEVER, INTITULE, CORPS_MESSAGE, DATE_MESSAGE, STATUT_MESSAGE) values (7, 11, 9, '62885AV7ITY8AA4PHIIGYV6S0MNYMH3QM1LOV9SEUIE4460C YHW44EGO56STJQF', 'KE6 VSFAAIGENBQTOMKIULVTOEQ066WPQQ H7HIYEFDDND E0AN97 C AVS3CBG 9WUT3JG6BETMAU3F59M0NTHW7GB72LNYX6BJ1NGO66V28 G 1YE6795EELBJ3B0CU7RVMEYBQUG760OC58PUWDDCB3MY2LBYT0AQEAP16WA7T RWGC3PV3MUY6SXQHNS21SM0QS2CBTWWYW8JXT58AJ5VG6NUYE F4YS31GOIEBS7TM2F2 64P1M6 YY8U7V6L92BFBCIXS0KEPAQ7EIS1FTE619P 0V82X E19PP 3ESF7YK7RHEU5HQX4Q30 OYM P2VFJ05SDRJH8MDG38M1FTFP6BIO0AQ913V9SUD92E86J1DN LR6OUE10A SSOBCIAXHJ61O8M06AJADGSKXFKW7CYUF53NL7HQ22IWYCE7Q8FNDI58W07D0XADXB1F5XJYCRV4VGQ295FB6R2V0VKP36BSVOMR 6C7T6SBVANSJ1WM4GYIIP06S5287SD6R0UVD1DGA97DM0NAAK81UACICKMO1EFK 80E498X5GHVTD2ELOFBSKYROU43WCE9 7S1GUIKBIM4PL3JP0 1EORHI0NBINH R27 3YWIFUSX784L2IHW V8JEQE3VIDW6JCC 0MGUH4 G24XVPHF5KBANDK1B8BJUYA2CFEDU2VWW1MA6TK1TCJFAXEQED2T5F44RXIOB A6A6NTRRD54YX2835M0JY5BM0A0BS815M8LRR270K J93S3533AJR9AX4A7JJAKA7D4411TRURSD3HA3LENCVCTBOQQQMG7NEUGU51TWWHWFKK2J RU36XFHW776GS27IRFL7W1VJ75TOPETN7T031EQ23KC Q K0668XS8UIS42651T0RVKL2U3GR2SN7N1B14SIBUNN1PU7EJ5JBJC5RN5GF6AGFIIV7XFPF6QSN0 LG83OOO3RCG8EBPQX3RL6ELGUK88T8GGLP8J KEP0FOAOFO73AFISBECOJUXMBQF1WF3YL38', '962-3-15', 3);

insert into MESSAGE (ID_MESSAGE, ID_SENDER, ID_RECIEVER, INTITULE, CORPS_MESSAGE, DATE_MESSAGE, STATUT_MESSAGE) values (10, 2, 8, 'V4PDCJ7RS9UCYVYB1X3JC9JOTRSFTNS BIBBQRID7QK75MI69TI6EDMO2TMHY  I', 'Y0JXQRGXLIA58IUQKKN97AU5A9IX7AFV8J1D06O9IMW34HRFE8 AHI257EXYC2E1XTYL0G8QHXMJ2L9DLL1SI8Y 89XPY978S2T68BB2P6KCQ4PO22S59KAFABIDS4E5YX1A8BD2WFO1SASLBJXGVJ7FVDHTGTSL6GNWMY6RB8LS 7FIB6YEE532 MFJRDFLR3MH0ORBPJUF1UU1LP7DY8MJ5PPOFRP9GPL90RE0DMMGP5KW85PERKQ9HOH2AV9YMJ24BFQC6901VWE T D5YSOTJYM74F144A8KNTMYHLTYAVDAH2S SJ UHEW7T58CB 6QQY7L65MNWPU2WPDWI8E9 9RU8MBG55OHDRX7PXTAKVGN7KCJFB1277IKBB4B2NBAB4IX08JL8V4K6PP8T29FWA5I0NN32RHAFR YLWR0V10F1O5X1OPOB0KDAX8 O8BAJBKQH26MHNN4KCA9HA9B97BL5BJEW4RPMEUT8BB52URL31EIKV6Y17T9O0FVD IOIFOXYOF1QPE GGMLQDWFIO92X 265O3Y8S6X7HMBJ7VK0QS4FM7O2PLE06X4WLQ RSRV7KPOM8RTPEMC7D5TLTJB2ESRTFJT3M3YK4CI3K BXDK5K723KXMI8GM9KBC6AB5IKSWT7WPUP T42QJYYC5BRXR FTRHFY60XJLA5VCBI0EGCDG 9R7QUFRE4U5ROEQ6WVE94XMSDL40 I0WJCNFRDI6YSRP3GLRAJ2QHJLIUAJDPDOMCN4QS564SFIPXVWSHU5BH0HU120O5545SK1MA156YV6QD8YCAEWBHJWCLBOS1YERIGMPK76HDR9HM4HQ59HQVAPPNRG76PTQO2UA2R7AF13A0XDE WR60B SWM12BCXN LIB6NJ232Q4S1VX85CVDI6LJHW7AOM6ML4DCTQDVP3LCOG2XAQTFR0ADCB2XC03E00Q21L Q3S2 0XQJ05IMUE6MMCS30IGL9CBU1ARAV9F42B 6EJ9JDNS53R5R6UC03 N8F5R', '470-6-5', 6);

insert into MESSAGE (ID_MESSAGE, ID_SENDER, ID_RECIEVER, INTITULE, CORPS_MESSAGE, DATE_MESSAGE, STATUT_MESSAGE) values (0, 2, 2, 'TSX7BGCII0PP2JILVFLC1FWSL2P8NPA9UXVDC1ONNI4F2P4GHW46 C K3PTOBQ0O', 'K0PB7V01FXRYQYAPA 7KTA 41QL SRX96 6 O9LBDIB4R13RVX159M66IQM74FJJBLDD010AOELY918VDXGN3F06V5CVWR77L2X0RWFOIDODW816PGEGCVBU2DR4R1IV9146HEABMHJVCT7VBCLN2055K7NUFE7F0K4RP1D77ATNCWNG8SJYEQX5EVMJLVET52SA3AQJ3O0HLGMF IJPG C2211C2GG9GFTYADMLJ1DXWGLKMIOXDGBBOO04M 0 9WPNYLOUE1X33NEQQASDDU3FTAIB380IF5NUS0QX1WHS T3YHPIBOR64NP82BXNGC9PQJP MD4MGFL0GH2ASJNE8S5M56LFKYOO50LVWTNS9EHSL 0AG7WSUGC01MR4SOC4JYH2SCW2YRYCVMNHL2UQ2EAETLTS7IIG377MLFMGXIDVYQGO6FNW8UHM722R2 XTKOCSP4YNANYVN1EDUNG5VLTBO1QMS5M5G8H4PYJ5T6W2XVPXV69PLYKV9LWBWK64TS4HA1B8U79H 25E7G027TEGPSM04CG9FBL CYP GR0H10TPEYH0NJH1DPT5C4TUQT71XWI9D02NLN8JR5GJ228CBICIJ40YRB5B6IWNY46U7CDA4LK0PSMV7DX2Y 4DBTHTH1JL7819O4J83VC1 QYYEH74W PRQG9RC7FASKACWGICWL8HIDYOX2QBVVRI2BBPEA N3EFSYEEGDCNK RPVFE HHYLS0KJFG32I20UN2IS43TSOCHT68SBRM1YLYDL2JYVCDOV5MVNO7OVLKN62AI1L6I2NVX5YPQ2IARQX54BAJOYAXV6P9 AOA9GHGHPRAUP2TMKRDFMUNK04RBI3FJ519P4E1BPFO88XJOEV4GP2N4YMLOE0QNNWITHHLQH5JBJPRD7LFF6FC5LN36D RQNUL19MR2BHK5UWD5TNF3178JLD3MEDS9 PAEPGUNC5P6WOZI01HRNEF4L6K8V9PRDLHHFFRXN8 JP3S E 17WVPV4TNWLJ4SDX9', '1828-11-16', 0);

insert into MESSAGE (ID_MESSAGE, ID_SENDER, ID_RECIEVER, INTITULE, CORPS_MESSAGE, DATE_MESSAGE, STATUT_MESSAGE) values (3, 7, 8, 'BB9S5WOE13HNN0RSDUII4VQMT9GCD NCQRX308VGP17A8C2P881SAR9UIP0KB921', 'CEQ6A52ORTWR5M1RTX8HNJ7OXQX7XLCSL3EA7SA3 3NEK30EFDTVI8O37WUVQDUHDA625ASTVTPXV80XHAUMEFQH53JNW4NTD7M3ODSILR77QCFGW484D97NQQ0R22AJRJ2JBMQ1U 2RTKX85NQGIR7HEL30XBJFAAOCNKCEV0YRU2FO85UBWV537YCX8 JI9XB2BJPRHSC2KT6DOAV3OIOPMF4OR MWE9NVXX2EYMI5RQO0K4UT DRPS1L297FY4M7M6X3U4AG58MQIH4O617MN97OKLEW47N5USNLNDW1VT8DXK4 H1IR86U2BLA9 3EKOG4SOL0STE7 EFF5RAU0C84946F DPD900B1T7L51W27CBPFO0JEYLSIE8AU6HFS97145709B79W8X3RIKXCA0UW9QCVIEWJMV20 1024B5BRH1W9A6GNQR8GNTGM0HOUX10ORS9I8 WPTFFJKGNJKH4E Y6VC94E7INUXXE8YWE37NNLSP4KS8 6TWXUYQKEO S5MFPOK1W1ICNEFXDKAQYH6MW9 VJLATJIHMAW5AOU4NCJXW6HG20Q73K 2YBF0ABYMEYLUMCXW4E9TCKF6QXX14N1DPXYWLTNQWD5SRSWCN8GNYVOWN5STH6LLB8W T  0RYL5F5KDM4PX8ONN51NRSG  9VOCY4E90VK67WSIR07BNWWVYNI4M2RBJ7B3XOMO22F3MSOS7RUFKP6N5U24FVHVIFIEJJE4RC673RFRJW5W8KEJBAM2L11HWINEIQRXB8GSY5GJPSAGU6MNED4BDYCIV7QCHPTXF0J7DH9Q3L5SHK0LPB86YEKV10EGY1TK2TFTJOLJH76O31XK0482EAWYDA00DQ8RRIP1HSAK1BJWM6X9HJ1EQYUP92JA4YNXDQNA5AB4DF39TTNWP5ANUW NH9NNE9T44Y71CVWWGS8NE4X7L888J01S8HLGDDOUPEYTWGC7PG5W ISJLXRQJCWN47C34D957143FD4UY8KY3OCNF5HNFDO', '1206-4-5', 2);

insert into MESSAGE (ID_MESSAGE, ID_SENDER, ID_RECIEVER, INTITULE, CORPS_MESSAGE, DATE_MESSAGE, STATUT_MESSAGE) values (2, 2, 11, '3FIKC81R51JYDG2KFIR4BL07FGK6NBEMYYH5J 9DH6HVI00TPHHC6WPTG90SYP15', 'C6MH MMSM4OLHI3U6DP Q4LVYCJKLRPIHTQBLPPMEDVYJMHC2LBF8FJVAWLX4YCU5UARE7LC370EX5MJXO7NG72X34I4XCI53HWCYSEMXC5S9EWKO0A4EN TAEBAN6R4HFVDS1NAKX9O7KYNSHCU6SFGELTB MUM1NBNHH2CBF 6JPS8BAVJVKRXEVLQOOVL2N6SNHO WUU6 VKVQ45LMTNGTW0NHD89B93 XESHMF25A UA3091KD2GRP7W7IKU6QJ11E0BD O9BTDD2F1KXU9HTP4YNXRWGRRJMO84GLH9U586PA5HWTP84SG P92YKFSLH7KPTV4OTKSXPS0URT8JB6OQ83YVF6G3CYHYVQYK2NOW8OS9S7WGNJ2N5Y8IIXAG1QO0KK4QLTRO11H1AA25SYPVF7W0RXQUEB64E4LLBFBVCCV6N9EY1WD416CKQXV29D8NFL298QQCXIGA77RB67PS 25MH0OKJGF76J1FEXT25TLND7FXI83 B 8QKPVG61KIRYTJV1M6S1E6M4TKWLQF4 QL2WXH3GUFR9GLQ2FXA8PIEUQ7QGJHIY62OY42B1L C8TC3WUTI 8U817XXAA7LS86KKIBUYKD63I54BRFW6E4NDK0X0HAK5 5EVYYQBOYIFY000CIG7GV8FFWPXE1LRP9GG2B23782ACMYL1 MREBJLO5RR6IY502H88JY7NU33NB7KKXH01D9AII6NMDVRP6RJN8KGVLGNM22CYLLJWJ QBVH5EWNY E579T2LXHF8RKT9FB1AE G5V9S6Y3N2AQ BUAM86NXGF2TIMOFNMKEK7XQ2GL67A86IWAJVCCBEQJF9DDYDJSJ L7HLXNNI 85RR71 A0JIIM1JT8ANSSOBMLQX49HXO5UFHYGW992NFK4ABAN2WEMB4TQLK 3EWKQB 84VRTW2XB4DNOSN438Q9O7MM31PH7VMUAD2LNJG9GJIPR0SGYE5G5GDEHRKJ0SYK3MJRR1WE7WET 29SS13EDBLSQTKI0', '1304-7-22', 5);

insert into MESSAGE (ID_MESSAGE, ID_SENDER, ID_RECIEVER, INTITULE, CORPS_MESSAGE, DATE_MESSAGE, STATUT_MESSAGE) values (4, 0, 4, '30XPYF2BJK1478HKGVD6NHDKUAXBRQKAD6KKR6OGYBBDBW3QB41141XJTE RS5F8', 'KCCAA8OD0W4GRMG0DBO12 3O4IG3TA0FS652U2WWKC1SPMILSKJSG4RIRPVEC41MNASERSDVCIGEET1PO2IS8S0HN7970FU5SWSUL4AYJ4H6FGEH16KFF4MCRFNQJEWNEOINUM20UB3LJRB4ATFS34Q0J5TSL92 8N2O5TI1IKXVFUP2G6MLCRQL LDXW F5K9DI23N6BTHTTOSW3XE6BX9COFO99LA96D3BARRSLF0XI72C85VL5DALNOVMFYDOF8PYH2GA43JDB9CAG9VJ1R1YJRVI9SJU5JGYC4LCB0VX2IORX71C8O13GJD1LT2DQCCHMYCQ2OM2MNF A6T0 L3V2AV0BME1348D2I5DS25VX679QXD6JXACKMOTDPBRPSN3ILQDGKM6WKY5 IO59XXMPNRMOFVOKL SS02 KX0DH6VB9FJYHUP3QT1584FY6AF9QEGM4B IO8EJEKG5KSJ8F02T10K2LXUY9BGUPC3EJWBUNAS1YQLN3J9P567JD20YA8VDEYLE39NCX9LK2ND7N2RIMOI3MLE2SIW3TLKKHBQCJLSBDBNSEOLNLFYK1U9PQGW030UMSW69FV1IEIHJBXF479A1QJPX59KCXH2W5UTQ1 S3OU6QTOTOLXIMFUIG4 UFJJNGSUVICAAMRWBSW92L 2XQD9DPOM1SN9RXWGQHTIIA93UA2E8XK94TCSMPY5M1J2DPR86RIU90TSWYC86BOX JLQG64AG11R9QMK6K0T592AYOAAK3JGNP0WVGBULQGLYOSS19CDG9PPQJ2IU8J3J9WELKSDF8N7RUL5CF7XETH68Q985C 3DC6V56QGMV2OS7GPWPQ9UH4NRL18JR9G59A9ULGH31LFWCQKV0LIHDF1XN4OQDU83D5 RU8U2CPDRJVOOA0AUB74JLQ3AT4BUBASSJFR2KEPTPDU RRM5RBLR9LHKCMG5TNWKYDFTL869HOVSQ4VGUN30L17NUTF6SVXJ3HUFH6T52CDBNVUKD350SV2GWATBA', '389-10-15', 10);

/*==============================================================*/
/* Génération des données de test pour la table "comprend".     */
/*==============================================================*/
insert into ASSOCIATION_18 (ID_COMMANDE, ID_ARTICLE, QUANTITE_ARTICLE, PRIX_ARTICLE, STATUT) values (7, 6, 8, 8, 'IPAGT3FTGGLT4MQT');

insert into ASSOCIATION_18 (ID_COMMANDE, ID_ARTICLE, QUANTITE_ARTICLE, PRIX_ARTICLE, STATUT) values (10, 8, 3, 3, 'SIBEXV4LOHQC5TTP');

insert into ASSOCIATION_18 (ID_COMMANDE, ID_ARTICLE, QUANTITE_ARTICLE, PRIX_ARTICLE, STATUT) values (5, 9, 4, 11, 'Y3398SUK8ORJKFKC');

insert into ASSOCIATION_18 (ID_COMMANDE, ID_ARTICLE, QUANTITE_ARTICLE, PRIX_ARTICLE, STATUT) values (0, 3, 10, 9, 'EWDQUMQL4GCCOK99');

insert into ASSOCIATION_18 (ID_COMMANDE, ID_ARTICLE, QUANTITE_ARTICLE, PRIX_ARTICLE, STATUT) values (4, 0, 5, 6, 'A6C481DF QYC2QUU');

insert into ASSOCIATION_18 (ID_COMMANDE, ID_ARTICLE, QUANTITE_ARTICLE, PRIX_ARTICLE, STATUT) values (11, 2, 2, 4, '36DCYOBRJWEV3 PM');

insert into ASSOCIATION_18 (ID_COMMANDE, ID_ARTICLE, QUANTITE_ARTICLE, PRIX_ARTICLE, STATUT) values (9, 11, 1, 10, '88G34CTBDXN2J333');

insert into ASSOCIATION_18 (ID_COMMANDE, ID_ARTICLE, QUANTITE_ARTICLE, PRIX_ARTICLE, STATUT) values (6, 4, 7, 2, 'SV2030D1EP83BLU6');

insert into ASSOCIATION_18 (ID_COMMANDE, ID_ARTICLE, QUANTITE_ARTICLE, PRIX_ARTICLE, STATUT) values (3, 1, 6, 0, 'Y LS53A7MW45X021');

insert into ASSOCIATION_18 (ID_COMMANDE, ID_ARTICLE, QUANTITE_ARTICLE, PRIX_ARTICLE, STATUT) values (8, 10, 11, 7, 'PMLFW3K6Q04VBM0I');

insert into ASSOCIATION_18 (ID_COMMANDE, ID_ARTICLE, QUANTITE_ARTICLE, PRIX_ARTICLE, STATUT) values (1, 7, 0, 5, 'W69ETDNII8R4WL6L');

insert into ASSOCIATION_18 (ID_COMMANDE, ID_ARTICLE, QUANTITE_ARTICLE, PRIX_ARTICLE, STATUT) values (2, 5, 9, 1, 'U 44JED0CDXGN23T');

/*==============================================================*/
/* Génération des données de test pour la table "Commentaire".  */
/*==============================================================*/
insert into COMMENTAIRE (ID_COMMENTAIRE, ID_ARTICLE, ID_CLIENT, NOTE, DATE_COMMENTAIRE, IS_APPROVED) values (0, 11, 0, 6, '1257-3-6 7:15:36', 2);

insert into COMMENTAIRE (ID_COMMENTAIRE, ID_ARTICLE, ID_CLIENT, NOTE, DATE_COMMENTAIRE, IS_APPROVED) values (1, 1, 7, 11, '157-12-13 0:52:15', 0);

insert into COMMENTAIRE (ID_COMMENTAIRE, ID_ARTICLE, ID_CLIENT, NOTE, DATE_COMMENTAIRE, IS_APPROVED) values (5, 4, 6, 9, '1933-5-27 9:5:36', 5);

insert into COMMENTAIRE (ID_COMMENTAIRE, ID_ARTICLE, ID_CLIENT, NOTE, DATE_COMMENTAIRE, IS_APPROVED) values (6, 7, 2, 2, '1498-4-27 8:6:45', 1);

insert into COMMENTAIRE (ID_COMMENTAIRE, ID_ARTICLE, ID_CLIENT, NOTE, DATE_COMMENTAIRE, IS_APPROVED) values (11, 10, 11, 5, '468-4-23 2:8:44', 3);

insert into COMMENTAIRE (ID_COMMENTAIRE, ID_ARTICLE, ID_CLIENT, NOTE, DATE_COMMENTAIRE, IS_APPROVED) values (9, 2, 7, 7, '350-1-27 1:22:22', 7);

insert into COMMENTAIRE (ID_COMMENTAIRE, ID_ARTICLE, ID_CLIENT, NOTE, DATE_COMMENTAIRE, IS_APPROVED) values (4, 11, 3, 1, '614-11-5 3:9:44', 10);

insert into COMMENTAIRE (ID_COMMENTAIRE, ID_ARTICLE, ID_CLIENT, NOTE, DATE_COMMENTAIRE, IS_APPROVED) values (3, 6, 7, 8, '1055-12-19 6:3:32', 6);

insert into COMMENTAIRE (ID_COMMENTAIRE, ID_ARTICLE, ID_CLIENT, NOTE, DATE_COMMENTAIRE, IS_APPROVED) values (8, 7, 2, 3, '752-4-16 3:52:32', 11);

insert into COMMENTAIRE (ID_COMMENTAIRE, ID_ARTICLE, ID_CLIENT, NOTE, DATE_COMMENTAIRE, IS_APPROVED) values (7, 9, 3, 0, '924-8-27 5:9:35', 9);

insert into COMMENTAIRE (ID_COMMENTAIRE, ID_ARTICLE, ID_CLIENT, NOTE, DATE_COMMENTAIRE, IS_APPROVED) values (2, 9, 11, 10, '1745-7-20 8:38:22', 8);

insert into COMMENTAIRE (ID_COMMENTAIRE, ID_ARTICLE, ID_CLIENT, NOTE, DATE_COMMENTAIRE, IS_APPROVED) values (10, 2, 5, 4, '1-1-1 0:0:0', 4);

/*===================================================================*/
/* Génération des données de test pour la table "Liste de Souhaits". */
/*===================================================================*/
insert into ASSOCIATION_17 (ID_ARTICLE, ID_CLIENT) values (6, 2);

insert into ASSOCIATION_17 (ID_ARTICLE, ID_CLIENT) values (8, 7);

insert into ASSOCIATION_17 (ID_ARTICLE, ID_CLIENT) values (9, 3);

insert into ASSOCIATION_17 (ID_ARTICLE, ID_CLIENT) values (3, 4);

insert into ASSOCIATION_17 (ID_ARTICLE, ID_CLIENT) values (0, 9);

insert into ASSOCIATION_17 (ID_ARTICLE, ID_CLIENT) values (2, 0);

insert into ASSOCIATION_17 (ID_ARTICLE, ID_CLIENT) values (11, 1);

insert into ASSOCIATION_17 (ID_ARTICLE, ID_CLIENT) values (4, 6);

insert into ASSOCIATION_17 (ID_ARTICLE, ID_CLIENT) values (1, 8);

insert into ASSOCIATION_17 (ID_ARTICLE, ID_CLIENT) values (10, 5);

insert into ASSOCIATION_17 (ID_ARTICLE, ID_CLIENT) values (7, 11);

insert into ASSOCIATION_17 (ID_ARTICLE, ID_CLIENT) values (5, 10);

