
use bamdb;

insert into ARTICLE (ID_ARTICLE, REFARTICLE, PRIX, QUANTITE) values (8, 'FL7AXQEN655 SHDAU3XYRS94 P8BM W3VMDN95JXNQF97VMVWRPX GUMBE6F 355', 1, 1);

insert into ARTICLE (ID_ARTICLE, REFARTICLE, PRIX, QUANTITE) values (12, 'A3AH4A 3YFIMT4MS16GA58NU20PXS1FCHQ3JJ3XV65WUMNKXUQ92A111MNPEHNIL', 11, 12);

insert into ARTICLE (ID_ARTICLE, REFARTICLE, PRIX, QUANTITE) values (6, 'VLS6NKU309VCKQSAH8Y LSLPXUU4MOH1D83FKIGSLGG7PJ02MW6E5A7FEIJ PQNX', 14, 11);

insert into ARTICLE (ID_ARTICLE, REFARTICLE, PRIX, QUANTITE) values (10, 'EII IOS6MVI5167LHBBD681 001JADMOYRD7MP5JD2OKPMLFTJLJW7I992D1029W', 19, 6);

insert into ARTICLE (ID_ARTICLE, REFARTICLE, PRIX, QUANTITE) values (19, 'KQP2665FK BITUQ6VYX8JPEC5VBAG6SB8IGAFILGI0NOHKFNHF4HE5OGBYGWBXMT', 2, 17);

insert into ARTICLE (ID_ARTICLE, REFARTICLE, PRIX, QUANTITE) values (18, 'JN66N3PG2ULFWLSV 6PWRWM0SA4 AJIGL4CN78UCKPYRAH5W7V T 4UH79HF22GF', 10, 0);

insert into ARTICLE (ID_ARTICLE, REFARTICLE, PRIX, QUANTITE) values (2, '186EE1SAW57DVT73LI15G 5NRMFQGHR31QMONNGKI5PKW0UT1MRKKJPB3KN06P0 ', 6, 5);

insert into ARTICLE (ID_ARTICLE, REFARTICLE, PRIX, QUANTITE) values (14, '9THGE26KB3HCQECQ10TAQPXIGON43J2R 1AB15HXUTGCN96JL NAFCGELYOI2N1A', 15, 4);

insert into ARTICLE (ID_ARTICLE, REFARTICLE, PRIX, QUANTITE) values (9, 'XCDJ4P7C3G9T1P3666G467BASTSAXNDHD6V 3HGRMNBSAU7PWQ91G ROU1T9L3SK', 18, 16);

insert into ARTICLE (ID_ARTICLE, REFARTICLE, PRIX, QUANTITE) values (4, '68N9J2N7HFVTUMUBB3VXV7B64VBU2D8SOSDL0 GWB5V64XLGJ5SC0DTLHXQ49T M', 16, 7);

insert into ARTICLE (ID_ARTICLE, REFARTICLE, PRIX, QUANTITE) values (16, 'QEJU5OU89P5RNIFK98FIHVCVC76W7OLOT2CKKH2PYA87Y4GFL1V9YYA4M6NIX2VP', 17, 14);

insert into ARTICLE (ID_ARTICLE, REFARTICLE, PRIX, QUANTITE) values (1, 'T7UYXML NJGPKA7TBO162VBLUOU1H2YN9NTUXAAY2JX52JERNNNDLPDQYXA70M8L', 9, 3);

insert into ARTICLE (ID_ARTICLE, REFARTICLE, PRIX, QUANTITE) values (13, '3LURCH7KGOL3293FDX4P9GO2HL9EMKCQXPAUV6P LT3Q8TK4RSROT1QCJRVNGO9J', 5, 9);

insert into ARTICLE (ID_ARTICLE, REFARTICLE, PRIX, QUANTITE) values (0, 'S AXDAGJV9XX8DFBO0KF49CHOUXLQN7HBVSHMJDO4OB6S2JNHQDR WLG2R3NN1QB', 0, 18);

insert into ARTICLE (ID_ARTICLE, REFARTICLE, PRIX, QUANTITE) values (17, 'L8HMIMO0Q3AOLY2V3IR4AISIBQRQHCKVBCV6W4VBM0O8GYG XA4NXPK NI5KJXV6', 4, 15);

insert into ARTICLE (ID_ARTICLE, REFARTICLE, PRIX, QUANTITE) values (3, '7N7G60NTNJ1OO3KR1C0T0WB4D74YWRJD8SQKPHI611ONUU 0OURI8114265B4OEF', 8, 13);

insert into ARTICLE (ID_ARTICLE, REFARTICLE, PRIX, QUANTITE) values (5, 'VT80Q9DWCS45CKEEEHS56DBIN5V7Q 5OPC1X AM3EP2FTL48JMC8MRM078DQYGPG', 3, 2);

insert into ARTICLE (ID_ARTICLE, REFARTICLE, PRIX, QUANTITE) values (11, 'RFB49GV2J0 A 4R0WYIWE2QJBVGIXRCBPI 4EI2BLE49IA7CVN2XA R44YSXVHJ ', 12, 10);

insert into ARTICLE (ID_ARTICLE, REFARTICLE, PRIX, QUANTITE) values (15, 'MER084EG XHK54K1B9LT850X9QT 334C6E3MOXE9M2VYOKB QRHO344DXWPAU05D', 7, 19);

insert into ARTICLE (ID_ARTICLE, REFARTICLE, PRIX, QUANTITE) values (7, 'L5ACNDTMYQWYXG5B1HX9TC1WUKF7FI 9LQDB2VPOY6YPNJ2AQ7T D5X7A7RO8S9C', 13, 8);

insert into FICHE (ID_FICHE, ID_ARTICLE, DESCRIPTION, REFFICHE, IMAGE, IS_PUBLISHED) values (10, 5, 'YEH8QR0I 38ITI2DOCWX2OEI7WHW1FXRIA4JL02GRHGLL1QI2V6QGGI52BOT 5QDW8REB5UV6XL4 KXN 2RP W7ED0AD9BT7ES 707L9WIWU6P0QYNP0AHCSKRFJ4HSRRW8YR3U9AMA2FYRTYSQLYJ42RNY T4IN9WOEPKFQ34JR2Q65L1IXOCY5G8I0MK4PQK9W2EFMO86LCDJ4XDB851M2TGINW52VJ3RF0871VLJUM3F8M5BC3R40FN6HY 1AL0PNTJFB49PI91O7T6FR8GRDHLHS8718ACCYPS1UDOK6O8FW7LCME13NOF8K4SC4MFU90B880QR4BM3B00JQEA J8PXD2MHJ14092DJ83PQAN1DM FAL1WKTWGXHJJB9KKJ784PR48P94A85E8NA9HAJ  CS37Y5QEU2XNUW6FP8B0XD29ENXLTTB41V9ASAOL5FIV8TSRH5RR0XCP620L6Y82QYLAIWYMFLIOJX54NK21BL37DNHVLDLDVXPM3BQAHGEWNSUUIOU8WBQS44CMNQV3OB9NQ2NTVMN6S13L6BRL687VEXL05SYM6BWM VYUWAW3DJLIM2HCSK AX4D17GDR5RBNNJDFQCN65BK4H2QLPQ1A7EQP6T2Q779TS25 8DKU7IUB959C4CXKJ5SVT3N7PRI2TL4E4J9DTFPH7UVIK3P40DQA P66S9U9CGKXTPG0KJYAC8BWUV GGSRM 672D727A3E8METVCI0YH6H9 QVGIQ3GA8XS5P2KW5YDIS3 B2Q 8377DU1CM7Y9PQYJNJPXND7VAO2AW7KB 5FALLOUYUOGBPJ135XRAQKLLKJNT HDU22XMHH1I JCHADAKOOIX92TRMCR3N WTA3IM6PF0KX2UUPSWTXFU869YLBCYM21LWIA2H6W286TAUDFO1ORO2 14YEX0HBFONBEPE5RX9QJ2XNGBD0MCA1MXTH 2XS0CXLXL2IRRK17NWEM0JY1 NH XXJWAV37PSGV2QM ERJMSQ0 NYNW3Y', '7KEIQNE10FMWG6RIOWTRWOOQ1479SF4P', 'VK06KB4FS4RVAIP73B76DX3J0SNLYQEMBLTEJNJ9VNAL6CBU8016HDD7ALXA7TJYBMOW6G1HSMN7JN1LL4UDOV5Q8V3AOL6X6VEPQB09DQ4YOOGYV2RLLGE9I0C8RA1LTVGFFT3T20UV HFP6KPC24H69QOFUY2AON5GJC8NRXNIV61M9VDTTSW 77USCLLEOJLQC9MCXB85RORR9I9RP8LEJ0EWO34JCDOW6USMKG1R4T9A JMOJ5M714N2D9IG', 2);

insert into FICHE (ID_FICHE, ID_ARTICLE, DESCRIPTION, REFFICHE, IMAGE, IS_PUBLISHED) values (7, 18, 'XECPKX1BFSJY 3OWDYK3RIJIF21M84EAJM99KA2FG0JRCEC58NNH9J8I2RO9VDWT2SJAM29LDG29QG885DXGK9G6WEU7RBYVPGR6R9XBX5B3CVR2NWE8A341FOMH4J3Y9JC05RK8FIAMG6OQQCTP2FEWQRWP8G7P FGGXE06MDQUBS G0ATEJIQLC6B9DHGYQV3V8WC4V 5E9 YMIOPIFIU8EUA2VV9MU0 ABVY52 WKM16SWXNUGIRYI40S4SBV8GNDFVGLLF1CR1IMCRKXDIT5VSHOGCMYC7EGSAUVDRHB321 IF4XYEIC4YHQCIFA2LBIPIALUVVR228WNGTM0YR7J8JI67CIYFA6KRBH20ML4URJGUXIFWPKVK09H86B X QO8OHIU0GR7L7A1GO1TQEED XRA1NPPS5GYHN9H IIS0DVT9YS9JVXED3K BJ8QX1CW16WDDQX6IPMEYQMM69VUUXGVP64HFOSYYHIGQLMUY EFW3H9U11BUB2C5 JP1X9W72S0DD76F4LW8UED3TWSMU RXG6PBFBEWNWQGWCFB959 CE4SBDQ6PXDI983MEH3J1KRWPPV9OKCTOKJ0JYXCOKBQAEW1OCFV9 LDY0J8QSF9IYL5INLOCNNPH0KIWIVXH 6CH0GG1E4LAR5WHYCKUYCQ0T P6NO10VT3TGJEAFIX03 6U094Y88I66E2FF3RAFAN27MWFH13C6P95EQA7C4YGXGV4K8  2PS12F1FPLQN7YM47ORP4O9FGA4HR5VVPM57XK3JQG8XG72L6919GHXXPANATRUVP03NPMR3RBUU7UOLF8DAA2RV4F01JXM338S7A XLI8IOS5UARKUVKRRBPYLWRD8SC168O1SQ8Q0EJC50DT9T9XAIYLKLBSXCHMYVU2UBPOVNUJJ93U8IDR WXEUN4PAD1KOUU6TB9GFQ3Q8O7W60YDP 7Y454L4K4UKIQGRVPPRIRVP1MO824SMJV4YU9VLSDVQ LX0AGKSNARQBOBE2WX9D', '0DA05WIFE3NDBF3B7J3DDOLKP5LA5WV0', 'NC0AG7IE718WGEIIPAIO85GF0VR6XTW1612SIFURW4WSB1SW8MPKPST694LSVEMB I02SH4X88RD7CM3XRUQVFMS5 T4SHFKO4WDR9 9B7E5QSTWM9BBPG7OK4W3BJ84FRGMWIBATE6DKQH9R8A1812GVH371WBIVL9DRXCPWI7VBG0991PBGE1X3JEONS5E9ANVU4IEANE6N727MLA7II8 N2LBVCKNAWQ0SLJB8BHIC2KGT2KFFD2QLABPENN9', 12);

insert into FICHE (ID_FICHE, ID_ARTICLE, DESCRIPTION, REFFICHE, IMAGE, IS_PUBLISHED) values (9, 19, 'L9J5IR33WG0XKE4 EL6C75BMABD0INAJJ306WIANFR0QRQ1L OCJ1OT8XJPL2OS7FQ5MI56U4F5EFKVV57KSDWUKKCO7SO0QHRLVEQ05QHNMPJ3PGVSAR9A6OFDTW6LLG3R0O4A7KCGQW5E7VWVWW3BUDYN4OODGN3UPH6UVFTBPASUK SC7EPDF5F6EEIH4XJRC1KS3M7S84TP7XILCY8605SCNFYDKLKAWIYF0135KTFIN9GQ6BSSR0EDH27RVLTX24VIV2KJOPS5L7EO78CH2V198QCMCB6167QW5M2T77WQWEI4LHSTEGTRSUD8EQ4N70VUG7GNEQQPK3EK4VXOI BGSU55NBEOSWLUIT0G7R4QR1199AF767JMH8J7T47R880N7XEG6SUSTHU95KYSDFTFRH7JTM5BGD6DNMQPLDJ579MDLM 5AG Q76SIP 9K4S3C1IGXB1TCKRL7YGYA7N671WSTOQYIGXN5ROHPXD46OSE5EY6GKV1C57NE321WD9KQCR4EL0USHS0CN7W6 LKC2SQJINQCGCK9H 258M9I4OXS36AB8P68 99QMOQ5YO9711GUCUL1TYX6S CY8ONTRDDS8W0GQW4CY6S63GXC0MA1HP1I3L8OWU4SBK24DLJNG5 LC5AL96ONJG8M XK6JFH33HQV1EWHTADEKRJBBP43 FP9DROHJXBDT 95M1CFJFQLW1KB0T47HT3NRP HD5EJYWC7L51C7X505U2MGMINFT0BVWDV4YET5N235J ENO88T3ONSRKURPY1J027M9XO66VK4X50R4WNYMX EF1Y6Q9XU8QOAYGWXWN9 5DXP7JEDEAJSDX0YA9BW9GD80EJJTQJV0E4NGWFHE2JMUSP2N5U1FO57E1X8FSILEWW2W6IDMKFPLIN682FSGBKN4LPETX6K8ESI1X2S2X 1XD4JF AROM1L87QMJO6YDEON05F4S88QQ592PUWSYBRRTV7LPX2HT9NGE9OFXFI4DWWDIG0SPHNKYJL6', 'W9UUUITOYVC1HG9TXM5IMA2Q9QFQ6LA3', '8UFB5QIMHFUN30RME5SCCT6EFUVX0NSCV1F0MVPNDDT3P 5FFW3 GMJD9RGUI8K9LO5YU7PVPUE1 SJQHSA1XGD6NIXWP5 F7FWNKWFXV F7R6YLON0U0X7KRW29G37H4FOAIX KSDH5WRT8QTPFXGTD87BPONR7949OF9UQUYXWC2O RYJF HAMB2YO8ADI2DAA5RQJ02Y9 LIBJ4I4IB IOL095F5IKI39H5L8TIHOTMH AUEIT4JBL7D8CEDG', 15);

insert into FICHE (ID_FICHE, ID_ARTICLE, DESCRIPTION, REFFICHE, IMAGE, IS_PUBLISHED) values (6, 2, ' 03KK94VE1MFKGDMR7RPDLPVSMH1T1NFIOCAMMS4MOWGV1RUAY9YTVABOMRUJ3CI 2ME0EMKDUXK0XTK JNPEUCKDUSCDD1RPOKAVLUPBIWF8O NBNX5QYT7C0MKHFAODIK A506Q3SCRUY8BGW7GKUXM7656QYWAWT6FUXTHHBCWSSHKJ4C8YVNU01FRM78BL99FEPKVV23XWQU6UXSQANE1BODIEGOTSO7JGOLRWBU6BETPQIDOM6FWIALT8EBN1KQYJJ5JN7K29L4E0RKU S2JDTF272F9B94 27P6JKVYPHLVVCK080UP 3RNBQGL1UDXFWT3H22BNH9DUS6 6QFL N82GW 5 543T49BP62LW9AO CUMI2NYBS2RGGRYCVOVFNXCX2FA7S 0N0QTVHH4CN79 HOIQF NCJW96SFWACT9POKGQN3VV473OESX61NUH5EM 4X1OGGPBXSIJJRK3VAV2VBT1OXXQ3SL7LI9VYO843JXNFY4MDC5LUNB85RDW9MR6LD88YEA5FIQ8WAWFUWMKL93W PPNVLCM8DJ2SSSUT5YHQIWXB6W8NWCQJ IKEI2LF1XK51700INF1KKYK QQRCURXIB7JE4NVJ2T0MJXJAX08IXQ8UU62MTF2TSWDFCQ0QQUJ2A8NVW3YMIVLXYGWV3LN4J07V 433PJA4L0GARG79EEV1WHXE I398RL9XM7RSR0O PS8OS6 6SYOI03OCVORM8G6JB4KT7TSL6B0WMEH WJXMQKBKQESFHXFOSGYNI0L3PEOOHOMHX5M47U3LK35EGGXS L0889IP0AT9Q1GWK07XYQYV9DDD0QSUANJGSH025YT OX4XW7Q0D9YD5JK5USADGM BKUSIM5L8IWYUDK0BRRDMVTIMNVSBN6DSSUNSBESCDXGGVOFWBVLOK3PO0KVBHVIXN7K7L1OR9791PY1S6G63R278CQ9EWYQR70OL476V375GJKM2CQU0CAT92GU7CI5FFKAD0QX8PP34GGHTR5G', 'Y98LAEN1B8ERFVTP6CLMKV2J32CTE135', '78VFA3R89H88TH2QS0P8B0VKVTL UCPP3MI6I4R2WIPN1A1KDXSJE17VUP3KPG0US8QO1RGIUL8BI4EMWCQDJ202BK2R0PHLEX1OTD EO6TBCYJ7PCFB6 13QHFXU2KSK1QLV7QRJ0CBNP QPHJMTHC2YYY2DB1IGCTH6HDT5BEQL4NUCNI80898GX4XQ9WVSX63U9WWPPGJDWP9M8LNCRE16P9T5HGASDFTXLKIY7NG6OLX0 S4DJN2P GRTLA6', 7);

insert into FICHE (ID_FICHE, ID_ARTICLE, DESCRIPTION, REFFICHE, IMAGE, IS_PUBLISHED) values (3, 3, '2N0XQF6NWKEF 7GTFUB49TQ8X DP6AF1FE9NONJU4T7YNCKX6IEPK3MSC2V CMLRRRXO5TJT4PCRKH2BMD87O2 7BY6NHG YD8LE8WF0N81HYAFW95SV76Q2DEFPVA56 TOW1TR5XT9I29BT31WKST03JJHUQN 0VTDVPFA0TBQS6RS8QJ3T1897EWYDEULAX1MMGE4KMY0YM64J8ORTPL8F2FA957GYHM68FDOX8EEDQPUB8S0DI0Y 6GP4DU86F4KCWVLF1O0YUGV7WNS16EP7UR69FX 66L395CRH 8PCEHB4WHSWIP2NTHGMRDWFOCU0G4GNHY5RURK1HTHUBQWYB74TU4LHG7Q66H5QL4S7L4C4EO4AG5C 3WH23YV4HDC3NJMMSDU76BLPWHRDTKSPFXNB2LV7CG5QAEXE6TB140L9S17VAJ 963J4BOYT3GCNI0G9AX K SWEHJ37TGWYNLTPEPU6CSX4S8RK9MEDC4B SLSIENT8Q0XYW4HM9AP4LWTWR7YNVDXV5AGH0C8PVC4EI83PH775GMRXYCQ95U49H02KPP0500F9UB8384SHX22HK6OQXQKB9LBTJS8ILTMCNHON85J LPIKU8G9V68JIBQXMIBUN1A6MUJCSOD82X4DJEKNQ4BFRTMA3RYDQ8TYJA5BNL0E0266Y28ECIBR151X291IWGBF7R6W65VD2BAHYXHOG51EYSUJTRUSR6P4F KK807NYUCVW559XTJENLOGHRVYG8R52NHW692DFNH6OAULN27YSUYNDSWTMVVA0CGP E8F8O5BQ9XUIIMFJ9UTR81FHQE06K9W19B87S1E0HKRFJQBLVD9YDNYQXBEJPWKE6O 5P6N0PPREJP9A7AYBECQOWI722SYIUGFY3UHS21XER25B54H7H283IKVRVHHHDL1HJMHU730HDIW11752K03A3WFN8VOV8TYPGADA35EOF4NALMWBMN53BNLU57ASEMVJA0 R3A53W7QGWABFHRBY9SSGLV5', 'SRIIXHMUJ4H4T5JPTASS7TXE3RTGIO8J', '8MYPICVB69 S9X1XI VIRW610XKF2198F0XFSBN45N7JW30GRVFD64FUO17446J96ACDX90W9NUDEGVWSKUU9E4KU9UTCAJ7UOXK4TASBW7J4A4T9G7TSRBC3 N53JY7CP8NLG51RGE1FPNWCBFRH8AMMXNFR1SJ3DJXNOJ4HRAHQQK0OC9V6PMV59KJQRCM02XGLSPM0PK5FBB5I35WM 5RUJ 5HM51MLBSQ23AAINX1BKHLLCBQQ14IR7HHF0K', 9);

insert into FICHE (ID_FICHE, ID_ARTICLE, DESCRIPTION, REFFICHE, IMAGE, IS_PUBLISHED) values (17, 0, 'V699 97EE2B UPCLFHUNXUDPQG21LDNAAAS73LJTV5W83LFSOBRSBCUMVS 0F9JXQU3EVD JE0F 0AN34PAB7LRGELV36VVDHGQ9FLS2QN4UTEFHAFDF5Y0TSMR92R83A06TW6H35HW6SEHY8MU1TVSE3XK7CFGSFWJRDXVFFDKY5QURHTAMUKJ5V4W7B6P9RVTH2J21XIMV9PSA411FY8Y2937ABCEGL3R 6OF0ILE7FJV3UL98UW3EU7O1P39HV4WWYVMPKN V2DYUQBTK9M9HS8ARUHBM0 IMNIKH149KI97FJCGK080TUBUD6IRCY1Q3L I0EVWI94 UFAN3WK7470VJ547662EY3JX M7BMRU 965MKSBY7MBOG82HWQA5HJBLC9RRIH58 3BG3J2Q1EMF2X3OF4BGOADL4CN8F0PXHXM I3D8SDN XTS8SG4I3SP9LGCH8U4NF39R8CNEQUN19GPS6B6B1I673PR4IMT8LEU7BC6JCR71 G8B1W9MFXKC6S5GGX8PXBFHK0968HB7KFR1TTM1TKJVIV9NXFLIIRGJCF056 EK93HJ8BXUF Q9YM7LGU5BN6P3POGK2RAXV3LJ43586QM8IBH 8T00QLHOETKT0S5WX737HGT1MHLUBR2A264VCJEKT 7J8MNSM6 UG6QYXU0EQ77QHNGE72KUXD4Q4BURPS54CL6HYH2H7IPEL1SD6REDG50M9I5RQVB MLTU84VYC1P378WUCSSRPJGPBBEHRB6LXIP2XJH0YPQES2D7WS0GQTWS5EVEMYCI BCYVFT2YXRPGGR15XRM68RXSY7SQR9GRFN3KNQUHO45 CIANY39B5CIFPIQ7MDICUVV30 CRGNOTN0524J54VU6DW70TL  Y4PFAD7U68G1 FG3660T9TDT4D89YN9I19APLOYWCN5QAP2V1GRKYCXOBFSVOTD 3U4E5SQCYQQ02IVJPTKI7YG7QVN0Q7BLW 30NOXCV3KYFXVEIMIKJ4S6D5VNIW1S9', 'KMEJ8JNMBSUB7OKTBJYRJC4 MS352UXT', 'Y3AAFMI1UWRG1IAC78WABKOYE9DFAU42I9CV4K0YQXWXXIR66TOLD1TEEVDLDJSLE1N66UY7K3UAAYIOTK7MRJERSRV7C0RE7U7F3CX7GB71Q9DL14YIIEPHHJC3UPYU4KTKCTWH0U9FVVFV8H0 LVA6X70VGYNFRD15G0 QHF7AB02MC3DG23YM06VNV CUDX6G0GPSI5W6TXX3TSR  3UQ98RCS TYO9DBJOSOEJ281O0QPTPAGTBLNN8GYY7P', 0);

insert into FICHE (ID_FICHE, ID_ARTICLE, DESCRIPTION, REFFICHE, IMAGE, IS_PUBLISHED) values (0, 5, 'CKUKDR96XHE14X1WS5C8ANNB5 J01CB93AX VGS0WO0B7UDGQDC71NXTBV5YT 61XB3L84WQ7R67ECJ FKS0YENCNUUOENPX2A SIQVVMR2GV 0CEGOULAOFMNN71UHGB3 NU771D3PDXAHMO7SLLP7UAEG7 1CAX3AVECQ3AMSXSN 3SDPSNXOG9NWYKMH6R2VSBVI QIVTTGS3VWTMF4TCKCEG2UA366GFSFXUJHAABVG6I67XNDMOWS6CUXH720KG4IOY3K4CO1V2XYT62MGUES7WBW2RTIJ7JLNRE78KB05KQHCLHSTDRG91WSB6G3GNC02UU9B9MQOQ7A9XPPMW8EWF0HS1DK5FV0GYG0RB317P2DUNL0 AJKG95SA4O3BUIQK1Q4UC8POSM65X0DBH0C0HUFYBVADUNAI4RPKLKEBINHYIV9COGJHNM 6O06I1OKKF47OXMOQHIIVT44157AJ 21NER6RO3IECXKQX10PI4VCYRAOC59NDSYBV84WPDWWFU25SETBITLGPRYSWQE2DF4FM47GO1D9B0E DEC LL58F5B7KV5R5MRIBL3SUMKYW6P68OTC1WBC71E092AJJ31CSET03QYP6LGEIYBD9QECQH5N2B313LY12UU1Y0YK9 N511VATN0HENFS856KXUJY9O0IM1WVJPKOCMDKFO8V8N0B4NJ9WOMRQ8KY J 5EKX0JKN00FIDXQKJBEO3HV BVE8LJ6BCJYYYFPGPL0QKT3NWJKDQRCBXDJ1FGQ KPR44IWD0D46XW S9LTYPKY60YLGAK V9UEFVV3 IOXIMUPCOJB08CM2DK0EQCPU52V8D95Q625UNXKMIISOE69F1AS66XQN9MNAL53X551NQ5XTDWJD0TXIDEFGR4XYTVQS7LWVYSDUH45275B0POKJ09YCED7BFGPARBLQA HQ54NC8WGUVUANSG0DUSH7W1OTIS9J9S62V3VLW TKN13UXONFJ5P EI7QI YA5LVWJLAN BRB1M52WT', 'X2H9R8X4T O8AP93JI YKKI0PL53RRQM', 'YUJBO39IVJ5CRAH3HUGPM62GQ0O34WUAYICN2 FNAHFXRPWX8W3CMV0OLD842NE02J86EMXJF3X7TP02LHITNMFTT6T0N0SB4KIED3KTPIGXS1XMMGBIX0SMJA4WON8THP4HQFK9 ALKKBYQ12WEQHYWFXNJ367A5FY98KBTQER914QR 1J4CGXOPSOES1HPIMJ8PDJKV63R4U786G4127351W9KPN44KJAIYK9SXFJITVJTXSH38Y4NRR6TUCHR', 16);

insert into FICHE (ID_FICHE, ID_ARTICLE, DESCRIPTION, REFFICHE, IMAGE, IS_PUBLISHED) values (16, 19, 'KVSUVXAXHVNNTVJRGTTXE8K18KSNJ5EWVEMY09AG7EJ502DYDP5 R0WEN8CSHTI2B7X861CGJ KHOLRWKYRAXHOT0N3F6RHO4RB2G9QE8LYC315IL9O2I5QWUI1KTIX9115HXVY MON3HVAVGTP84C9D5Y3UPIOFEFN7ROT0F1FO4K68O5CAFCO4IIWL35Y0 ORK5DFG1 SRAF3YF91E4BS715VSCP4Y7X8LAL6FB23NENMLAHVGXCJUC671SCWDXRLYEUP7OFEBQELTFMSWMF9CMEWOU6AKL65 RMY90GLCRQ5IIVGXYEIAKXQMW5KX4K0NP846S2D0WJQNTRDCR46AEC8GF7A31P0MJWQO0H4AMP G1DTLV9D8VMQGW4ASCST5MUKQ8F3PE X6G1SU7GI295DJTMNWKFV7C3NCHXAIS1SDXL5TN6CYFQ09QBTHSMDF6MDRCJINCG4MS8H05WS7PICU9QGSOUB0JACDX39MNOQQWM6GOW58Y3T7XBI5AUIYXVGOWXYNB4QNNRFX8G OMJPTGD93DWGRU3WEFQPL02IH135UVO3BN6YXG56B3NKQWJ4D9ME0FOQHGG29NNL1IWFDNU3N63WPMPXLL4Q1A3B3Y2PVNAW 7VPNRG32XQD9M B7866JACHU2MD31GMBBR3WKYJR3EOKLOLKH30YA9SHU55WXYSHUKS U7212DAH61C45M9I0R WW4U0KEK0FRPDF0MBNAEK36HHMWPYCH55BF3R5FIM87J671F8984X254GTG R64MESCD6WHE5V3S7 VXLUP6GWUP 5BG0D720IJUU6 BMK5PVR YASK8LD4 5KR9JW5DI63H586M81EDAGTIF54LHBRX7LMEQPCPK1I10GCYAJCK72MY9F2GWLETK81JPS1LYWP327J8AVUY2KNX6NJPC3L7S2M756DSQ2 YMWSNUD6WW10ARE 4WST M4CNIXFBYD2PK 0PTV2LHJP7OSE4CKF7W2L0T57GY719IX164RL 46P7T', '3P3V26W4RTVDQHBU01NFFJ7GQ U5CKGU', 'UYBWUURVXBTK3G8CYY4WATWNL84K8A42EWKVAQKDEFFO R1RL9DQKSNSWNEUUN0LTXRI8PJ1FQN9KUY8PFBJKTUVJM9EUE905YELL6TQOMKCXPD1NKWXPP8UVBMNAIE83ARIDDSG9X0N67TMC8Q4K7WUT78KBT3ATOWDLI5GVTLJG58L7BB0MY44T8MV30FB09NWBOV2PYR1 8QP87T7GHK3UN2XUSOOXKMILV6RIBPUY1TVWLAWO92DG8OQSPFV', 18);

insert into FICHE (ID_FICHE, ID_ARTICLE, DESCRIPTION, REFFICHE, IMAGE, IS_PUBLISHED) values (5, 9, 'G122HRCO272RXKV6GH9P9M3VY9TX3SY7LOY5JY15RCGRGAF8LA62HERBVYLJHRI1WFMCR3ANDMMSX39VKT855VTXJ1MCI86MLVQ188BPN3QJIKU VTF5XK59G6 BESJHHWO948OXV6RCH7WOJFKYDSX1MKJ5GUH9SWLQIX66UOG73GF767836TL6NPY4XS3SFNISL0VEVVDRPMPVT5QR2TVPMJM96XV PA4GM57QWDSBMXBA4K9TPVTV6ER5JEHYIEYFSURG88UT8I449BPPW0OYI3D4EAX1B D DJI0VXEWWF88VISME12K9P737MIN0EE4OLP09B3T4L2N8SYC1UUBPVTND9QB5GYI18S5DOEIBVCI23HEN241KIJ2F1GVOCNFTMJEROIK00 5NWEU5BCR51I9TNS57OYSFT2TGDG8POB1TYKHE57LA8KS5Q58SG29ATPL1A D GTTWIKREYOUCAFVYS7C04 2UG14OAPKFUC9R5RS221 5SJEV8XU2GG5LJ X PY0N6 CTYC9GQUK6Q4XJGI8KQ221RRP48ULBR361B9MK3WFBK7MLNJ8SL62RPTBU AT4SE U29XH6BH42MCQ ROE1V1CVWQEH URDS8AITVAYIRIGWLQIBIPJ2IDN15INDJ0JIFU88U5A4J3EFJC7JYHYFPIEKUITRDL52CMCMW7X48XXD CW293JFGFA1B9Q5ID29V79ROMJQBMGLFJEUXD CAVHC62IDQ6050PWDKNQHK9TV UD3JPB5EI N7WR0IVL2 SJSIKY5TKBNG3FBX12PK6QEC5DFYCEO6NTA7MNT3PL7A808YS3KANLAQTRTVKTV10USY51UJEPLJ7JXR P3QQABJBN4MH8U9453QHEWJY5N0 CQK4LGOCHS9R90C3W3PRKP40SVJ3R 3LMAS9UMJDS9EN51RE CA7H G59Y67V V3HGY 08HPLJO3CH9IKN6DK0MDPNA25T2JXFTD U8BBS0P6EWILCNLYO93 QS5OG10XO8', 'SLDBOVCOCR4X92NGODGV68LCS6PUHD4G', 'BJ86L0M7LCD9M3569OIYWNUNM49X77KJHKNOFW18PVI9ATSUV02WTWBU SJVCN7H8DUB99GT84OJ7I09UJAX3790K8VIKBTO 4L5CPB10S6EREC RMCWGMMC3SHH8F29KFDTVS78GU3RBNPOT24AO5Q6N7D2P0YHG9IN5X4TITC89967O2C8IO73 MB7F2SRJ 3MGHAEMJJ5166LL6HLT0UPANUJUI3QDF0E4P5PRA6D4AF09ESTEUTWC7A9F6Q3', 17);

insert into FICHE (ID_FICHE, ID_ARTICLE, DESCRIPTION, REFFICHE, IMAGE, IS_PUBLISHED) values (1, 14, '23O879EFNHMEHY06S6OLUS8TA MUPBX7A3UKEK13LGT4MGJBD5FI5THN0 U6RT7XP26XXCQCQQC32S3WC75LMK3O7 FDD2URKL9QWLOQTBF 2K4S74W2TIYHGPGGSND5MMJ0E9FV5M14V9C2 1FRD 7UR9R381PS6I5HL3RKIIXHRCQY8JB9YADLP71K2JYH203HOUTU87LR12NU1JXQ8L3UDHNWJHK6NB32T5YS7CF81PLB1FD0 YHRFGVO219 TYOUAITPU0GU4DG0F MLXDRP0UM71917 X67BEC00MK8P3DSTFBNUQJ7UTQGT6494MN294RB81GN9VQOIA YJUNY5YP WO4QPU04EYKDHKK16H8V6MV0XD9QO8W2RKTDRSVN51J3AV2 0QVN6R XT SKP0FMWJD3T2NLVGQJO00QAAWH9L7H55XL2257U86XYOMK06IWAH55JPU1T934VBO44NS186W3T1QU01HM772TDGI3PG1YYSAKQAR0MSH IYRBDVJ62G3XFX0MB59OETBLC0BONE73QPALLCW93YDDBFROMSMQ9JKXW8H708K3OWNV910R TTNQ4EK28X5K05IUS2GEIEV2LX3XGMNYJ4XF4UNOPNPF6HF8VMXI7QE773Q80S2S3Q24GCKYV2P0W8WK4JT5B TUMR2S0SDTRXKL0F0 SB8FXBBXLYV4PRFB3GVBP80VAPJOMUVCX6XXY09XOSM751QJADQH6 LAUXS60P664C6OKTEPAQ79B AUAJS2G7Y0 6T TB54P6YY8IMWMBD8T4X6KTVTJC FNTO0KC4ECXW1C7XQDRL 47K 0QHJ73SJ6175POMP4KCA78HXL4YHNA9AXOP18HNTEQSFMJAAIU9 08NQRA7POPBJ UD89SXBFNITID XGA9KU4WYRSSOF32UB3Y VJ8JWB4CLYNY88MES5VWV3QG1B4RF7J8JL9LRY11XCF8LSAYPQDFSBT2IL6E8MVWM3W4FPA1GTN2MUUPGOCXLGCOSC2', 'FV I 8IWVV8AUYRSFKEK8JF3YPLN2W78', 'YRW9JQIOHQFJ0CVQ16A05RJLGQSCOPRRSL762MFDUYBU8 TAO9UY0BP0E 7B6SNT0X4Q6D9 FGM8BSQBKW23WXADK48FGW0F77M6AUNXC3W7W9HKJQAJSWL6TTBI6HV0I9JGWTGP88I0LQ601QP0PH51L O6XVF1MAE5J V0BILH0J6R DAXNTRPT4DKEB78PYKHRXEP9326WU42UHQCQYK4  7JAY0FJ94C56RSBHK9XR0BNBK 0TXC3TPLCUYM', 19);

insert into FICHE (ID_FICHE, ID_ARTICLE, DESCRIPTION, REFFICHE, IMAGE, IS_PUBLISHED) values (4, 0, 'E1OE1EG59PCLG3 PGV2J5R0WBT7FDOCVXMD6M3B9ORJAFMQ8R8WAUA3B0C5PCYLRP3KYQROJL9PG5R9  3KMBJH00IJKS9F1Y V4EESHR71PT2YVN72T6 4KU0G0Y5D8G9QPTX5SF1GFQ2K QO8O3 5QI0SO32D0H9AF26M8GJSK364IV3MSOU0DM15WHEH4WRINCU9S40HSAQWW3FKANOGK91 OHE7K1Y5CVJGLB1YFMXGM2171QKII2BILF98GTDQ8WUVXFP7EGXMFWOHKOJGK6OOYP3K2M0LMN5F9FH6C7RK5CL3 9GU8C9APQUFUF8RHGTB4Q7IIBDPSLBI5B4L7QMVGYGFCQW5GN33CD5MU8LQJEV GO9SA5RSGVPECI5EUL5JRT0SXG7KP0NK38FVIV14M0AEPDLYMO0NH7UY JWJRAH2TW6K P8RIVVWJD90CCPTQ15YX165CKJ32LYT01KFC1XJ13KKB12OUHTBBIK89QH2YC1X2PLI15X9JPCEG8V3E65EDLFWF5C463OEQ6DB3U6CLUT3BITA2BVBXY2H SI76X13SC9TPQYBWSMY5CIPPL30IAOP64V1 V446Q3TQLDY97S3UDG4A9B6A9CGE5N6D2XUYB4WO3HCPERGX60I 3G85O309DIVNLAYCNXGQ19UC4FPMFK95EVHIAUUHWH7WO FSSLLO7L5JR1ARS9X7 BXKVERXB22SGOFSDI9 E85P59HW ADSAWF4CHTNP41N6YJ3IK5TIV1GO5A6QMRO46IMIQEUSXJG2AIJV QYF2DMA7IET8JU 4M6BP3VP5TXG3G4NHBT1CU3EBR31 FCT2WKOTT87WTBNNQ2L1YIB3KY1RDE7KEG3T97KGSMIOBM 5XNX7FT8MVHO9J28PRLVJG7YUHTGCTHUP1EGTE4T4C1EW6KYW2BOT AX6NTA9P4MC7XI78I3PV7R701DN6BMM3UHIBRW41IT0X2X 3P5GPOV3I7DC6IADWXRSTXN1P9UH R3B 2388D', 'IAG07JTO1AP8WR XQLKEISKDW0H587OI', 'A7639P9WFSWQNHHI55NPXHBXDS4AY36LED8EF0 587G9MNBREGCXW3DMKW9DKL8KFD 4W04VNRTN0E 13QE77P   W0H5O7U8UORCTIP0MTQOFIFCVFX5WNNQN2UJ0B28WCIIGBE9A0YHE94R4V2X55KIFY5N62 C T56V YSRUGBTVFL7XAVVLPHWXXEO7J00M75X8ELEFY469XJ6JW9DC8E218PWTT896S8C214YPXVSM8UKHUGT0IIH4TK572', 1);

insert into FICHE (ID_FICHE, ID_ARTICLE, DESCRIPTION, REFFICHE, IMAGE, IS_PUBLISHED) values (12, 11, 'XE97A8S4RGO6I32OBCSFYMCU5OTNAOII3FNR2NHLNG6U5V50ROTCMFLKGQ6EEV3AQKUD8FLEJD68PU7 V7IFITL92F2JM6WE4EHFVIE267X1CLMJ5PVV5AAHIFL066KB0TYX3VG7UDCKBN6ONBPJ75SYSWKJCCXPO6GL39IOCP8TXEUPXLK BOMLIDNEE 5D0AYS FOF0H3GG7WY2ITD72GFSRAKPFNABA7I  DKPA8SA9Y OFMKLEBO8GOPKT5KHRPGCI7FV8SQQQUI 4U17MJO 7S2E9NG NSYDD5FDQLX8LPCLS8YVNO S4EMMREGQEIYBYD5POCO8VXJS085DAL9VT3YO7Y28SS4IHFDVBGU6D789S31K8EBY95B2D53H 8QC52YEC62KUJRDIXSC2K6CTON904F1MAR80C0BTHKX 7LU H6LCQXVAMHVQ94 P6SJ0MR8868TBOE3GEMAHYXVUN1E18EXNW3S1IJ9ISMUDTW J17ESGL9369ID0L1A8MFVXX1XQYMIQ4W8MPWISJF1GMT2U9XUPW072LR723S0S3S 1IUSRJB3IC D83VYO61MDD4FQJ23N54N1PBNIJF369PF WJNAD5MLAE5FI4U9NWG5YE3FLQ7 WQA7O8FE XMSGBAMSR9V7N2MO7X5YT4AETX8LR2Q90X9986KWPAXIGILWXYO PUALR7QYFWP03SK4 JA0SPAGVBUARU791TV EWN73KMSWANOWILVU9 33A36W5AHYWRMKO5 64GR5GLQVP3YSLDNPROLMDOI3BFD55R1L31PL9V7E 6FG93FXDU67WGDNS5O3S9CRB 62J76DS  TN1YI8K8Y108DBYKB NYP4LAE0KXBVG3U6FWNULR9  FHEPVU2C5X73SFDAU9DCVJ1Q353GCGU9FTX0YM8VAHND726VIRX4 WGOIBBI9YM1VO69XRL7XX 6K9V7NVH2W0HC917UH99VLXUMGB6HTF5YPYVD49G9MY21OMVCKRLGIX02 DX6T', 'WHSG4B48 9QT5XP4GIF99S0 YLWXRSYJ', 'IFMPBSR9FLEFJXE7A9CSUCJ0LYR40N0OVNVEBUVM3Y176QES6JE UY4D0UE62I47YEO04X8V5YWOVBM5E6RCVL9EKR6QSQQETLI9OH0U810VNMEJA8BIF1O1OV16CAA25LNL1QKMI 9IOKCGRAQP03HE8NRJT IA23526WLCO09Y2WBG98HU5CXRP0UIEKG7B9VF522EWPF72BHBRFRHFCOK29KFAOF74ME21889X4Y UHB QMLTEKLDT52BPX Q', 6);

insert into FICHE (ID_FICHE, ID_ARTICLE, DESCRIPTION, REFFICHE, IMAGE, IS_PUBLISHED) values (11, 8, 'KE004ET 1MJVU4D71VOS0CURL6BI2O1XJJFKSP7DX8K1UF6EP3A1K5EMEAVQM52C1O030UIP3VP45OO2KXFVXKPHBN3060KFBCD VT FAK6SYGA3543JR1OXTY D T5N5HXAIK58TPXEJBRLHS1UOWFP DHFB0ONTIVP1UTXG6QX4N2R4IWEBHHQEE6JG 98546MNF3GK7413RIY680CDWI030INQ DEIIJ JWC 0FF0QWNS9DHIL9KSSJPEI7P9S8JIYU8S5WPTF6CWIN9FPKYELQQ46Q91FBGJ6NO9Y1U3LNQ6OA08JN7D7RDO5KA8C3E1HNW2WSJ2N98MXU9QVC8DW65QVMDE1E7M85FXYC7O2UJE1D8FKD48D FITNBAKEJLS90QMF1JD7LT970EHACYYJAXIE8SEQVXI2QL033V1YOCG7DFLNKNGNNLHHK ODC8VJWOOU4KOOCOXKX RVTO8G6NCFY20S1RBJ6EQKP6UVEJKW340AAF6MC2ONDEIRNEBVG9TK6X6WYWS90MC4LJO3CB3H2IVISSE7W 5KOOB2CWI1MVRJIRPB8MB7K4AQR4541EFN3YYJAQ84PYDJ72Q3TT0XN0HFQA34JJWD5WUGQVXQPJ930HRNNFXPE7Q1KUVNIHBMAEOTUV5IY1K3M9CM3MTJ7VVGX 5 7N0RSW8I7GXJJHF9 TJ1B6H9Q96XCKLD8FSINLDDJHWA9J1BCOYC8MQNUWJ304WWHG10Q8W4Y26MTKNS7JPDK1FDTDC2YSTM4KOTLBOFSBFSKJH7EAIER8H13GHB1F3HJN4WMYNSNNTIR4VWXXI24OR5I3HPRHKBHUBM0WPOIK2UCN388NGGOFA21D9KK42VYDRRNLUEIPFB31HDWRM199 42JCKL5FT8MIGA3296WPTJYHGURRPILWJ7 TTQ KPV72BF6DF757N0OFGBA7PTH1EC98VRRE0QTKBC8TYOKRKM4UBS5UQBNIRO2PK47W3WCMV4BJSWGRM9W4V A1X HFIMB', 'T L8SLM0GTJPR0C951 E20OJM6 YX8LR', '9560YANM3OSLNTIH9 SRRDVW R5UXP0G05C 232947Q1ST32V1VS40Y26OHA9EN67FWCJBN5FX9YKQC4OR956OJWGTHO ABV74L3LLQFTHPNAUT6AI1NPFPNHIDMHKRNWUWWFH EPY72D9EYW45SE9PMFK4E6BXTQJ63DEBG2SLV60695PAQ214D 3IYFI4RNMHOOP 8AUKA62M69WY9JLTKCO2WQ2W24VQ9PMGHFEI9U9DS1ODWMMY0BA5GJR2J', 3);

insert into FICHE (ID_FICHE, ID_ARTICLE, DESCRIPTION, REFFICHE, IMAGE, IS_PUBLISHED) values (2, 16, 'WB4S19UTCRL4LVH93EK9TV TORL1WJ 0XSSKVN6EG7D07YAL7S02GX3086M 4JQCK509EFXH5TW1IQH636TXMLYAOFDO967N XD9RJAK6LCURTJ 7901VBF8JAX4L1YE029M1XU9T0OR5Q51M9D9VHPLUW6 CJV9WYW2DDEFUVOT0UCLWNG5AB785RQKT231IB8WXL00NEUNMJE14HNWR1P8KT1VCV2P6C 6Y82519IJC WWW12B2P7RQFAIA6GDSMQJOU84GHRGJDNVE6MWYA 8TCGS02BBT3QCCTGDUKI0MOUTC11U7OM3IPDN HVY564KAJYHLCEH0VVRW7SXLP0324INLDPWBNQTU868S2US6TEUVP3M11807J93CINWCP7FB1YIVG2JLAGEIX22EARV7COWSNSTQY1C62CEYK4YUW8WMOH1J0ARYBPLFCKRLFD5T9O3MWQXG9C0K6XXGLS1QN0FT6MWJJ84PHL YBI00UJH81UW4CI4HY19MJXMP3F6BJYLN6SF50Y9 ADNIJ1NK70NGSQGQCGW630NU4O1I2 HTDGLOB5C U T 5K2WWPIUS6Y9B3DS89E53TSOP066OQJWS8BVT9XW28I69RLPKQE1R  MNY86WUDXQS6YK2NYC7IBW3J02N3Y 9IM1PPI6OHV MTX RXNYE91JEOGPI70UOFVM608JEOHEDJ4BTLO4E74WO7V93LRS5EK3LP FWFLQ SF9I5QY3  6RW4HHBDO8RV JGVOWU3NN77VTSKHMEIW870 0KHTFK3TQ6KJVRTSWKDNLCYMGD40H9IABP9VVEIYAV9O4LQMFSEHF9OA90RWOTJWA8GYLMFQKOP6OFSID 9MNPK63J BQC046TBJB68B6 4ID2XT0DHTFGIX7ERGEV08FAMJKP8U38CJSV6P C44P E555OV55HDSMO9QGWBH2NJDXMB6HR47E5ARHSLAMKNBXBFVDNNTBX8A AOSIGNEFPQ7BQYWAA0BJY4V3 PWXJOGEAPA9', '0RADCAWPRD28 KNGUB0OKSPRXUKX YGV', '6HI5SCI3 4PCMCFHPGLQ9PXQ5BVLDCR0D2BADW85034U201P41GIBEFUPJ4URFDKRMBAU9YU3SJLRTR3LMJQR4HNB4KFBILF LJFOBBKD4J6A7EG0V9GJ5AMUPN9M1DY5SQLCU7UHEHT8M2QSRRFOSHCQANUCCYOYFHFEJTELBGCAB40VR0284TMX9JD3NUAL633D L2F EA4H9KPPQF78FCWF5QM5VLT2QHUPBT7W0UG9DTBUF7R2PLO21ENV4M', 14);

insert into FICHE (ID_FICHE, ID_ARTICLE, DESCRIPTION, REFFICHE, IMAGE, IS_PUBLISHED) values (19, 5, 'X3KJ3RUNOTSVSCEWHXFSD6Q EFN7R8DSA6RSBJEOADLR8GGLBQYFDQOSYDD4W039A0VWF6TSR7QYT0MDFXOKJWBQ7SXGWPR145G9HODFUDE5PNC6D7NDH5KFNHE9 UXKKJXXNXKAU9KO7VD24QNRTTLLBIN5EWHJYJIM1S75IQ HK1P9928987U4SFBIG9LR2X4NUXF1817A3JM5V7R1EG1266T8H5O6AUJ28 J1VSIB5KPBMIDY1N7M34D1USEXIV9JII9GS10L39SEMP HXSN6P0 4W8T950MDWXIPYALPBO09L1ASURX8Q EI3I5M6MOKPKHETCWXAQTYQ3RPLCWGDN5QVH0L2ICQAPPADID6FAUMSTOO09QOEXL3P 6XTV88 HXA5F92934K2N3U03TW48UI4QSJ0CSX7 8G68JTBUV9DESYIEV8BCTINB8GPV8ID4  3D0B53ME1AFHEKV0DF4CV97XIXK6YURBYR84CA8PYXCHPY3P649VE0OALBJWFVHXHPKGJVS6JBPQFR3V4EHNUWU2LAQ7AXDJSW36D2OWPXHMK5NB6PRWX6AYPGHD5MU MFSTK4J4XLF776XXSTYEB RSQVW9KEO97VAJR4C97K08GRAU  LQQDDLV WG4PXJC436R2AW3HJ1GSE9BU20YAHGYM53IUU4BIF8CVWRNE2OC18KUDH2RMQQA452E12H RDUBD RGSHTB5 C53TD052VR23WGEG9O2PTHAKVMIETLP89ESR2JJPHRL1RG 58CX2MS91DUV9OG7P79RSX8E3C75RG6PMCDCRC1S0JAJ8151I6WM5E062FIMWHEEKNRM0S9DEYOLB71I1C2HYLUBMRQBS YV GYLQCDBE8AJ85FTV21S 9O34MCXLQQP551EO5DWI7UALIQ1YTJFVSJQ7EDK97LINBJNAWBAGVP4OJC8I8YP AHCPOGQHHIRBMIAW08K9CQSL7PA 44AJGLYV4ODRDES80MRKJ7PBY8E73B26FF9GPXH4N', 'R50MW6Q4NR1E40KW3X4MEEJJG7A57CQO', 'WJ97G10TR2QU1LRC8TET0HBNRQLJXRXHLGDETD ECQURNGVUIOP9388U8JYY9P J93JYLWT1TOCR3MI7QW888 NRQV15GH67R20CKREDJ13M7VRI1DK2MC43CLJ8ESR4HISTEYV4FDOTVSYX3C6RJSEPSYY1Y561DWP4WFPAVMGH XRT2J8 9PMN7MKY148XT3BRV1KYV6LDHR1OP Q13E31COF3M2 VVD1W4JHDXS1WCL0688EWF1H8HKC7OAQ3', 11);

insert into FICHE (ID_FICHE, ID_ARTICLE, DESCRIPTION, REFFICHE, IMAGE, IS_PUBLISHED) values (13, 13, 'ORC89XVG0U46EK536H8FNA4AR5I1PS79MOC74BW7DQ7AYXOE Y358L4XLV650M5479K 138KV18X1J1MM61SOITSVQSE3L8MP MY38719TDRVYPOLV1KKI3H5GES6A37UVY7EM9AVGM3OQEMX7WCIY4PG6W0I5KJY9PD34A5GTQXS74Q7R8P64CDCFXCEJSFTWVVCFBKC48XIS5CHGCR95HIX4WR6R7UVY6OD5SOG0EE4M21FPDFI5LCTN0X7 JWX04HGUAR5JE92WQH59A5N3X88R94U9RVG22LSYSAC626PN9JEBQ3GV3PTLG9IM47EG30QSISKS2EHS27DG72S9XETQ2 PY8H911DLMY3QMUUV7VOSO KH0L604HHU2WF0YK RLV1FDM4CNL9YE3PDOI1N6TRHO7Y9U5RLSDQO4EGGRJFPEC8FTC2LNXB5DM40PXCJ6RE3BYQS48UCXDLLU4M6RIEGQR4YYY 2LOEQXVIV8I9SKJXS234941VY4LD6G0LMV09B7H0DFGNED0W2RS7BOQBAWEDDDLRSO O0UX3X1F36SR F01M8WLV6BOSQE3P3M0IH03A894VJLH8 X BIJFF9J8G1JNC35WQ06PR 6HEH4QCSE B6WUHBL4FH936FQMJDA8DYSQ8LYRO BQXRJ763GRRXF6GQNJ8VOVKX1C5V7OARH5IBJMCD SUNAB0P489C2QIOQ6YYABUAHILHB1G Y34KIRD19JA5MK12L8R 3APS AWCQ5NS1X616KOG5O27W0JY9WQKX2VIEBBL1GQPURT RJSRO1JWUG799S7WFS R6MUGW83LUD U586QPCT9T0RX1TQQQHDVLMMLCIWFGTQNN2Y7 M4PKNNW 7YBAWY4UX1BW4U7YGBVX5Y154XCB3Y6BEPE0KEY0GIFFPDYLU5L5FM5SEQNMUFS75YC9T S6ER67MKNGXSDRL1HDCARG6FTQJUYORN08AJHW23GKVXCP70X91GA952BVUNLFAY5 UTPN EEW5G', 'YWS9N 78I81VGMG  UOFB1XXA4LLYOS4', '1H0BJKRX1MI6JP55G5T6LSPQD6XQ8140CI5G0OX7R9JW497KO3A51LY6ETLQBD25DY6FHDTX6QCJ5C8LQPXR7GPBC4IX DPA8QL0V0KYYD12PXJG06MMJ5R6M9NPDXI7K7NM7WMC61G9WVQNE01XJF4U5OP2MW90K1GBH6L9KW8FW PSD4LMSX5KEB8QV0XUXGSURYI2BLSMWYLLVVKAT7GRAIJ2CXT1WXBL49LA64AJ4EU F X28OW2DXN2A7K4', 4);

insert into FICHE (ID_FICHE, ID_ARTICLE, DESCRIPTION, REFFICHE, IMAGE, IS_PUBLISHED) values (14, 10, '4CHXJRWADSM GHPU8115N64ORY4IN7GEVCIUA1MYPA8LBEY08FH64HGF3Q02EBVXCV4JA65THBEX6ASWNXUL2EGHP9XHTTODQHXEJ6REGY9M6RNGWB4K4F E2AYQ6BG8T4BF8  AWLU1LB8R2P40XW9X8XYHO826W4IDHDMDN2V5PDL0PPFG32P SQK2NYO0S9GJG3QL NWMT80LW8E3D52LTN9GFQPOWPW0EQR2SX7QA602AO4QG7CYY068CRVB21CEHUB3I XGGAH31TKW36UFELCRT546Q8512VC30AXFRMKLTUFP204KTIJX8USQUOCYD52PTOVWL3NIUC518H3 FDAC2SEIW6UQRXYMVG7SGMF2VB0AEAUK05WASRSBXWAPMDUSQ94OUXWJ652NH2SAU6JNWH30FH3SBJRAG6MUANAEMN4UDAOARB30 KOOJXHMBD1ALPJ5BE6CH2SB0FHU3O7LKJ8IUMGH0SC7ARE6KMC4O G6CRFGQXCAATQWHGT8YKJK7MK3MQWNMFA6FJ3O40QLSREC4L2INCT2H05S50837V8PAXBB6EFRPKRJ PKHMSOJV03SUM1PY41U Y6AEU7LSGMBSUG4HBU L62AEP7UUF69LL2OSMNMPF3OTFMWUFCJGEI2K9 5EG EANPQUC5 AGHSUCR2BCHKP1QO56VBO9I86Y TP0SJ9FIW8UBFMDWJ8TQ7YBO8BALGI55HX4JPI32JTLJJGKE1EWCISDGXEGWGHSQFOI3OU5CB0NGKK 7V2T50K KML T6CEJKLEX675V PIWCPKP PJJU5PMO3LLADCMVVHCPGMDGD2FBO5NG9FNSIYKKMD53XYCI9SDCLYYV0MEOBI0J88G8L4K FSALBECU0UTUKGYF4U06H92ON6OAEG3QBSJEXSKCXHCLEBXKRU593 FE1SSQY3YTJM7R766NA0BP4OUTI6K216VFJ23WB44D 2FNJFPK 3WWUKTWGPRDC6LNQGNULIYN172MGFV2DV2INVCP', 'W8BDTDP56FDWDNU95ERX QX530NWK4EC', '7FFMP DJFXPGRS720NIXORO5OQIDXA P6AALMXOMVTTF5LO29DUBTO8YSHOCKK9LNCVW2SLKU142L3JB86BGBMAIS2NWK9STYOXJ89HH79 OEICFJE17WOV0BULQ8MAF0X06DT1MDIG7 0 1DUY1CS9UJMI3 PSP80D6RX5F99FAPLL1ENQ3GW2I5H5W8HI4KE4HPW1JCCK709JFUGV8 R5OD23TFW17IS5QI08OM2BVESJEH8MVU4L6 AN21P7R', 13);

insert into FICHE (ID_FICHE, ID_ARTICLE, DESCRIPTION, REFFICHE, IMAGE, IS_PUBLISHED) values (15, 3, '9SYJX9X3RPACW524LLS EVQ7EUJMOH67349PTNL B1OODUBF352K ENBIVVX34BMOWIK4FKLM27X89U9H74 PL7SNCCQ4F2B7LAIVK3HFS2RN05KAIXF6V97CX03YY0QH81M70PA O8IXMWFJ7BS2M1ANRRNW61JS4WJ9K6U3JF4AH52TWVK03YY4D9P7G9J 0WO7XN34M8B2X6V6IW PFR9UQW9815PD3Q19QH7XJXCL6IE9ELVVSHEH7VYB6D6VYX9NJCEVEN69D2A8ETQ92DQ7H71UVY6XKSPOQ46YL8GHJXGSNBOO72RORNH9656HAGBMP33L1DFNNJV4RJKX0D75LRV YIR0YQSTOQWSYG09IKQ1PRVU5GUE VHJ1WNIQBDMTTJ22SSSX0CRW0OB8QONA27E4ESL9N1F6E2HFA1SI47463SATWVSAAM3UF69IVEPRUOMKSMSWEWGPOMNAYP565Y9ON36X2OUERSLBU3FIQ9O53AE 5MMK63G41UHBYUEW2V20TPAR685IJJK419LFJKCGT0TY4GUXXO8CT91X4XU8YR5WGE17BJKXJ7FFWRR3U1RGQBD78K75108AHWFP9WUQ C0SELQXJXXUA2 PHM9ID1WBJWR605WV8DUHIKCS2JIGYBMF1MJ 67BSANL6UGICOGQEYU9 P6TL J2AGA2LJILHNH T MG XW0S6B6S2AN0EX54HJHTCO 2W JIB4KLY6JAFGR90JEV09PM8FWK80N5KUE3K2PUYVO0PFSHQOYOF LG13Y2KJW6DX8T6ARBESEEU4 DMORG19P4IYV0LX KH97DH8MI2V4DGY7SFLSH T04LGCIAG8M613THYAT17U7U39G5PIL73GRHBN2E3 I5J3L18PJN 3M8B011F YF61BMCJJGHNDBA2LRHWWGOWPI4D3OAP55SSYSIBATVL7UXA50SW0FSUYEK84X2T5ODRQ1YV J9BY98MV TTWP21BEFLHVLXC1X1MNYKRK58EA6GXN0PHRD', 'IN5LMUX62D4H78LEQECM5IRJ LICESJL', '2G38KFIRL3WVC0K7JD25VJV09KXKMO4OS EX97WTBIAFCJWEVPYV0KOB1NUVOD6 RD9G0AS4ESBG0Y1KUFYG6M ENR17SB1WL1O1AKR1YTIJXRTJ96F D12P0I0HK PTFTFMKUR2NX8TOBD7M J7L0GUHU 7NOE9XY2SESYXMTM7YW1QSA9JUQ L28YKQONVB1YQB SHLLK8FQID9W9088RU7GQGG29JB66EVX2OURS1TWPH124EUG7QXRWCMYA7', 5);

insert into FICHE (ID_FICHE, ID_ARTICLE, DESCRIPTION, REFFICHE, IMAGE, IS_PUBLISHED) values (18, 2, '43S5EFYW5K47SJ9 A6JVWC0UPSRERMBPA1MRQ6U87 JJ49QNI4VATDQKTDRN30FA7AQ1KUHVA8O 8H8O5 VYK22PQ 14YDDF5DRD2D6C5CR6BR7 RGG4QVWU1DMUJ6QMV83R9PEA2PRHOODOCQHMY4FRPNDF5YFKN8WYDN0KT7EWJLRYHCJ1X43BCC 811J C56AJX24S1818UN89AWHA0LK0ET8KQIXB4NS 5 2TVK83OL1BWSVSW QE742262GFRU3XVDPAQIFI7G1R 2N7QJ5NGU XG7U302KNH6H53X9VGD4CPF 9GUDGBTYKM6KBAE6HEN VTIYMEQB9NEPUSS01EJKGIK6KDQKPT9XG6NH7V9Q9U79RIGY6NC32X6FTGQ0PXSAEULF5NXQMOWSW7A64GDFWN58O6SIWRA3RWC YD S6YB26D0TRKI5I7UM7H4LPA5K5UP47MYI9V1IJFK5D8EHH7 U VRMJEX3OJ7BGVPQQ2G8YQ9OW0JBE0I863GFYWL6 C7UEI9D0LR EIM PX55X OCHFSMFFAK9WVILU2J2UV5 VHTSD88PE U2I1GJLI16D1VT1SIBOJTPXX5L5MDGC9KODETUX N28G4Q7BOSC9NOKD05JV3WWKIKFR7 SRJMGK22CXM0HB32OHO 4CKS29TKLRVKJ506DN7NE3316T4 18I5Y7LYN1T 4VNBCQKKOQOA5MXHVLGOAT3AGDN7GSYPME1XDDS5JLASCL7HF9FB1R3IIKWD5QV28A93N9HVIVI1NB4N5A06RVFHB82DBDB1FE3N3SL3JXGYJH08PTWKT71FLNN3HG822B1DKQ8U0XVGHYFW6VDRK561EWPJ02P4GE73T1LKOT7HVYYX37E55C3L6S1N8I QASGOH05BPBK3WYI2BCN3QOCUTY0FCFGYOG6047GNPXNASP0O6MC ADJ6LRQ GPPD42I18H7MNWV4K8LLE5FBQXIE8DXBLJE2K57P7X9VXCAO8WL62SJIX35XSSXKPCG', '77K9BTQQ3J67DEUBG03PO81MP0VVXMFB', '7ROAQ2RQ49PHUFUPNH41T8XGRRUEXA52RO3LJO7XQGM1C8HQ65AYAEYFSHOG8XFFB6X8X 0QI1KV23DG6LIUGLG5MECYAN4PRYENM41RT6BSWSLWTNF1KDYECBJ204EKG1K2E3FULEH8OWHAQLGKV8A OJQJA RSCX6A WNW8OHBB0O 43S1MLIYTO8V NY9UJWS7BE0PEGTSK4HPAES6P GFU234K33 41QV4OFHAB5 VYFQN1SVTBUUH30M1GK', 8);

insert into FICHE (ID_FICHE, ID_ARTICLE, DESCRIPTION, REFFICHE, IMAGE, IS_PUBLISHED) values (8, 8, 'OBYP09 PKC3L3O9EBR8V4MWMMTQTVLWWF3K1 NBPC4S6IN7OIDXCNEO6 6PAE18VY2T NFWMHVT14WW4N92JNU28 80OCNMQKRBX3L0XNKDV5 TPB6PNREXD3NR X1O Y4HVG24A5PF0UGOHH9MKLFGCEMRVGM89HIHKVN3JT2RFGOFNQ2ETT731GMQO6RHDXOACI30MYWVTB0FN6KDK3WJICN0DGRTBPSN8K 7OGV3ERN8 F5OO7KVXQ0VKMRY5NG3WBVE0P0J76RNCMK9NU7CPRHAK2WW78MWN06H1MS1TYCVMH0SMUQJB470B75XVDO7HX9OCO2AJIE9S82QF WBG2RLEHDKRKFT1GEIPW3Q9CQJ1LREI5FTYC4D2EFNMU2GMXOQ1RKKKX3OOUGS07YHT8OGAH0CCQ7I6Q8FDCKTQS7X6U RO2Y 4L6RK8P 0CU7AA XY7K9MIKU7VJV NVB8QVX592AR8FJ93UV5IHHTOQ8IVRK0 1QLJAFW5I72LRAYMK4HWMSHW0627OYI0OTSGHIEKE D3210DUWOJNBJUQ3 UQ0VSXDMFT6T5Y5DW 2NW9OJ4P0G62MI8QH6FUI W680MBHYSKIQTC74XCIGN5Q2DYV4YDL XQ9GOK3209BTPHHJQFCCY M7S0G2KDCT 4NC4MBVDX5380U3SBQMXGSOL0A3DNOX7EHHREUO6TFF23WB0RPGCF2DBEAULTTT6 QDCNKYBMGDXXHRPW3L1KIB521NGHB80Q33T2QA5D81JHSAS9HJXKFPO8YK74Y0EW1H07SINLK9OQ8SPU9EUXIW5NA744T6J5VYVKJI741K5IJCEYKYS3MF9CYVJS9X4JLMCL1EVB12SLO9EFDMPG0XAVRKSCWJGK38DJLE4TPJGK WOEDGL837Y38W9VOJA2X71MUX S G12 UUG39HLOAMCO4DESKYDILC OJ3OKXGJITXLSEENRA4B77KTQEC515DMAXJG PPCQPM7KWHBPIU5QQA090SHG87I40', 'X8PC9OEGRT7DA30YIUHWAPN2HVC3KLP4', '9FRVV RKNKSF 8PNY2AN30HLTGV1I9P0QI1P3G70PSFEQS36QVFO8AMCO3U7VDO1 WJCG WGRYGEDM62WSLRQMAW9259QDMC3IRHW WSFF KXP9OTVOJ3S77 GRL77YSPO0MHPO2U2TIKXYFEQA8TKFEQSF8GOFF14CS5DVFQ0MPF25W29YREK9P  OVNL2ER KQ01G89XS2OT WUSUOGCDLOBRV J624TBU3PP16TIDKSXB6306KCLMCJS7N3BX', 10);

insert into CATEGORIE (ID_CATEGORIE, IDPARENT) values (7, 14);

insert into CATEGORIE (ID_CATEGORIE, IDPARENT) values (8, 3);

insert into CATEGORIE (ID_CATEGORIE, IDPARENT) values (19, 15);

insert into CATEGORIE (ID_CATEGORIE, IDPARENT) values (11, 1);

insert into CATEGORIE (ID_CATEGORIE, IDPARENT) values (0, 13);

insert into CATEGORIE (ID_CATEGORIE, IDPARENT) values (10, 4);

insert into CATEGORIE (ID_CATEGORIE, IDPARENT) values (2, 16);

insert into CATEGORIE (ID_CATEGORIE, IDPARENT) values (4, 12);

insert into CATEGORIE (ID_CATEGORIE, IDPARENT) values (12, 5);

insert into CATEGORIE (ID_CATEGORIE, IDPARENT) values (17, 0);

insert into CATEGORIE (ID_CATEGORIE, IDPARENT) values (15, 19);

insert into CATEGORIE (ID_CATEGORIE, IDPARENT) values (16, 6);

insert into CATEGORIE (ID_CATEGORIE, IDPARENT) values (5, 11);

insert into CATEGORIE (ID_CATEGORIE, IDPARENT) values (13, 17);

insert into CATEGORIE (ID_CATEGORIE, IDPARENT) values (9, 18);

insert into CATEGORIE (ID_CATEGORIE, IDPARENT) values (14, 8);

insert into CATEGORIE (ID_CATEGORIE, IDPARENT) values (6, 10);

insert into CATEGORIE (ID_CATEGORIE, IDPARENT) values (18, 9);

insert into CATEGORIE (ID_CATEGORIE, IDPARENT) values (1, 7);

insert into CATEGORIE (ID_CATEGORIE, IDPARENT) values (3, 2);

insert into CARACTERISTIQUE (ID_CARACTERISTIQUE, VALEUR) values (3, 'D2PYPK1PJRGBD6N9SHB9QVOCHD5L6BMVCRRII4TGUR7DF4EDSFEABFEF8JR3Y1YB60T I0IKKVDXI8JAI29N24T9EKO 6GD0EEDB5A83S6 968BGP6Q3WFL S7VVC5B0');

insert into CARACTERISTIQUE (ID_CARACTERISTIQUE, VALEUR) values (11, '11NS1T42KAQ7KTUWD0EBTUSAVAR78G0MDMV77DESGR7NOXR6PK3DR THE DRILE4CF5E 6V6 RUH4GH1B XO1P2RBJBOB5LQ56KHCG6CTI7405V4N9B57PVD2U5PRWNN');

insert into CARACTERISTIQUE (ID_CARACTERISTIQUE, VALEUR) values (2, 'G Y6D8BP7MRKJR36OOIDTHUSN6564GU8IDWW5KJQT3NHXVL4W IIGJWJLBE2KER 3CUMSCD30DW8F 30CD4GS65EWDR3E7AIH8Y4FENLIA8RCIM2KEXRGQ475VVIV8KN');

insert into CARACTERISTIQUE (ID_CARACTERISTIQUE, VALEUR) values (6, 'IT7P8EF7Q16RXRGPP 8L6BH2GS6CCQ1CK7BFF122HC2IK 5GBJ8SM1A6GEU66WDQI1UX9SAF77  LBK0MUTVLVTVBJWCPTK3RA3K03 RS2SSGRT791NYUPNPPB3SFGXV');

insert into CARACTERISTIQUE (ID_CARACTERISTIQUE, VALEUR) values (8, 'AA49XCCOQT76KAC3HRAW7CNBVB02QR0LLWUQERYV0RL3DRUT1 X4JHYJLIXH4JL2NAV7RHIB6H95FXAP74NSQR D49 W4FV612NOEL41854J7FW7S 9NNNGYBE2X946Y');

insert into CARACTERISTIQUE (ID_CARACTERISTIQUE, VALEUR) values (19, 'U8FQS239T817AV904RD6ALBLH2US448MN75NCR3D0LIN9P6V43CEKXVQKVTCBUYLMUMCKH0WHJX4QCQQ60D4JVM0XU54GNNCFCDD W1IETFGE1CP7XEQ8LG5JDXC8QRK');

insert into CARACTERISTIQUE (ID_CARACTERISTIQUE, VALEUR) values (5, '9CS05LM3IIV7W0N2PP5AP3F4VAXUBA53VWY3M3IN04 J CK8OL5I1DXYXSP5IDWXIGS71SRAPM8AD2EQM8ORD9OX9JOEIWC8 VYK1 ODWBVXV3KCNOS2WILFYJXF4S5B');

insert into CARACTERISTIQUE (ID_CARACTERISTIQUE, VALEUR) values (16, 'MFYYBXTCFXXM98XXBFD5SUW L9FO6S8M9Q  KP4UMM76E7IJRA2B9T5BAJUBKLURCX3QIEONGYC15NODNL9KKW39RLP44SFJRG33XW PAWOCF41R505L0HUW559JSTRV');

insert into CARACTERISTIQUE (ID_CARACTERISTIQUE, VALEUR) values (14, ' 8KIN3P44RET62K80MQNVVQB88KNI5XU IW5HOV4FDEXBSEGGYSQKAFX8CF8A28P908SADR49VHRWL199UTHESU6YBHO4RCVWUHVYOXP5U22XN8LSO65UG5PPH431C3V');

insert into CARACTERISTIQUE (ID_CARACTERISTIQUE, VALEUR) values (0, 'GIEJG37K6AH6H 1MU4XOB6VBDHI55VOF1YFJP0QM0LS8MMQMTB0N9SR BHM9J9LFBGW9POXVQKTVHEY1MR2C90USGX6HCCJVFSUTGBGH2F8H75KHOFJNRHH07RPGQVKX');

insert into CARACTERISTIQUE (ID_CARACTERISTIQUE, VALEUR) values (18, '323X2 AV7QE40JRQYNO3ES93LAIKXHY KUA KPOGWLJF27YN 5GYQC3L48OT4QAIK1T13D5 FCLQNLVDR3P2EI38TQ1VM2H5G2VSRTI7LVC126J3U1  3LSY8A92PWMQ');

insert into CARACTERISTIQUE (ID_CARACTERISTIQUE, VALEUR) values (4, '0MELTQV3QFC0K976D NUGPVRHWRBNG66LX5FERLTQLUWJ1I7Y8TJ9 CW8UQBWYUN4JO1RFCMYH0QBP8VQMGJ8DJOMY7ARGME1F9O772YCIN3B8J0FA715R0OBBX9QYRV');

insert into CARACTERISTIQUE (ID_CARACTERISTIQUE, VALEUR) values (17, '8  D0DXFDKI80MUN7VKSVYMIMKFR6DUN80QRI8IS1WY3TPUXVCTA6PI18M23NHOH2P643WIYV78A97I7O3 O0J39GVX4M0E88NPE3H1YVKC0UU2XGXVPA13A34YGNLE0');

insert into CARACTERISTIQUE (ID_CARACTERISTIQUE, VALEUR) values (13, 'VWK70XF1PG36564RJ44TWKHGJKRBBPD0KURU93BKFR1DRNFGS744UII6OSUJ8T9LFB16CSL2QTIRBN4 NA0B42Q3VSEQ09AB6IYTSPF9SBM7FIKH1QQVSE0Y4 I1C90T');

insert into CARACTERISTIQUE (ID_CARACTERISTIQUE, VALEUR) values (1, '04V 4EB ACCATEG5EG2TWJEQV6XCX 8XM6WKYE08HGA47EPFSMGVJGBF5M93GH0PC3X4W4I55K0JBKKWPY8EV FCIXUJRPQ8WROTLU53M0P3XRI97HHG1WPU 4TELJ1V');

insert into CARACTERISTIQUE (ID_CARACTERISTIQUE, VALEUR) values (12, 'PGKKPTJHPIEVVUCGXN1P7WCH6N58SQV1JSVUX5I R8YPYI5HXDIHNIVY9DI56 FEUVLT2W9CPQY23F9JXVDSKA45VKEWPV6OI6KBTY7J XR153B 3WSBBJ418T3Y8VXU');

insert into CARACTERISTIQUE (ID_CARACTERISTIQUE, VALEUR) values (15, '1LDU171MI8IE207B5HRB5N9U19MEQFQ DFDJJDTWUD7KUG68B60TFQ5VKCU17TXC1DP654RRYKJOGRNJFT4EK RMLYC8N93A2IC7U1HQFC EX1F8RRECYC8QGDJ13U5E');

insert into CARACTERISTIQUE (ID_CARACTERISTIQUE, VALEUR) values (10, '3D RHJSLCQV7BEJE6QYM1S3 0AK8NMAE6W3K12U6B493PS9D1TNSA43CMSF6DJY5 D 2JU JHBYR938L9J6373AX8EUWGEWOOJPCY2 VKINM34CN9V GBB 090B30Y55');

insert into CARACTERISTIQUE (ID_CARACTERISTIQUE, VALEUR) values (9, 'YJ35CVQIQBOPEJQB24BF7DT0PY64AU X2XRTT8JXRRAMD VI4249HPNI1YG IM0HRM4FH1WUWAGRBYGAHT9RRNO7C43CWS3HD0DOH4M1YOW3GUHWPYAIPHB270NITODQ');

insert into CARACTERISTIQUE (ID_CARACTERISTIQUE, VALEUR) values (7, 'OUFW 7UH98594 AQWGJO0EC3NKMGJKA73A357WVBQKJLOLFAOO54EGRHE46TFMJ HXU3DRFTPP60GTQB7E2BMNVMKFBWV 3E9P00S7EE65X6VPCM6TYFGU70UNSMBKAT');

insert into ADRESSE (ID_ADRESSE, NUMERO, VOIE, CODE_POSTAL, VILLE) values (12, 'K6H4BGR4NKWBBSDI', 'TC3VTE5 3AFSEXHCQ09CO106L8SMBYMKDQU1UAXN31H6HKEX6WWQ8GQFA73LQIB7KV60IUUMQU9WA2XAKAVBH3 IBWA1JE9ED536V5RP 4R4HML33UKBXJ89DE8HGV1G', '2GNR00S1GU FWNNB', 'AIRXJ2MIR0XHHH23M2R52OIRFDF10JROD2MURT8I E8WJD4OVA YXPPHY4IE9LUM');

insert into ADRESSE (ID_ADRESSE, NUMERO, VOIE, CODE_POSTAL, VILLE) values (5, '81MR2XNLX68IJ2M ', 'AF9N0BQSCOSQQF76JM1M8B9OP8O26YOQ9 841870SPX7SITI419SXT1W3B1NGPCVUFA 1TTJWWIQFUUANYV0QCW9U0KQ21KJ3TI88SJSP8P3FAWRHNC4A4G8S1CGUQ4N', 'FMYAPDC08B8WNKCD', 'DM79IPGIR3ISSKF5P71IOD9L4P39TC45YF6EINU2U8J3O19X17 UL EPCYWV3P1A');

insert into ADRESSE (ID_ADRESSE, NUMERO, VOIE, CODE_POSTAL, VILLE) values (14, 'M1ODLOAK6TY9 1SR', 'MNQKRULCT6GTMMXGFRWPAAKGBK6MLK48JRLBVKHVDKG UJ5YXEMUIVEPA3MO74VIJHJITF182O5D0L10V0AFOSDW5M4QL 0TRFRSVTBG15VH0ACMQJHXNW85VHRLOKGN', 'PP5PJMORUH6 K52X', 'C112MG9TFDUGOO4MC3QL1TKIO6A7LK95AG0OOSTN9IT38CWYO2W2D1K K0JURNS4');

insert into ADRESSE (ID_ADRESSE, NUMERO, VOIE, CODE_POSTAL, VILLE) values (10, 'AD N1HVNF4B W66G', 'XQ7GD1NQ21MEU16TI7KG7 XPYHJOE9FPCWNHOBQDEVAUF5TVOQPT9NS ES51TACSQSNI4PGVTGE9UTX6A9UHOGCJSY3GWT1WFQJS590VM5FP36D9 9OKDXH37 NARWH4', '9BGBR8UL2LAFYRA0', '215EKB HO0JYVPOUKPX6 OH64KM 6MVNJOB 7IFHHNVK4EWC411JAPN9XBCJD32C');

insert into ADRESSE (ID_ADRESSE, NUMERO, VOIE, CODE_POSTAL, VILLE) values (2, 'FKMMG2HBHSG MQEY', 'AHD97WW5PKIW87CWSOPSBE9J8AXMGK0SO33JRGWOFVM7FWAXFU7LJ55W2NQ53O9CI5CUBN0LQJHQR1 C0G82 DSCDAP8V 2E7JK3E4L40HL3GEED9NMXR669CT9XX8NO', 'Q045KRVRXECKU9SN', ' J2VIS4Y0OJ5LX6OWI8GS1NO3593YH52B8T7GIDD5M NVQI62WASWEGX9EPTJ88O');

insert into ADRESSE (ID_ADRESSE, NUMERO, VOIE, CODE_POSTAL, VILLE) values (11, 'WU4GYF39F09Q5 V1', 'RM VKFAPB1BONMWCF00LYJJ4R8KUJ0D5O5MCG1WX2VOHM90Q9GS2NEFKU MEVT1TYAAFO9OJE6J6MSN72C52 JMGGW6IA2M 6KIMWF1ETGL3YJXKOF2Y6O9QW7RV13E ', 'TH90TRGN589OSAB0', 'XTQN2WPBCIFJL65EAGQ57I7PMQULRLQDRPROE3YKHRW0FGM1TUXS8 EVWAJYBRAC');

insert into ADRESSE (ID_ADRESSE, NUMERO, VOIE, CODE_POSTAL, VILLE) values (9, 'FTADC9F5MW4NRWY ', 'GYP5SNQKFN76WTASGW8QFGOJ1KORH4YDDUYT41R9W4M2VSG 9C83XEK5B015095U4074LLETDMU18KEEKPCC0YU0M1PN K3AEL4806ASKAL2E3EIADNHXGPPFGCJW 7N', 'RL6NL4JQX9K C76K', 'BRLBH572477 3QOWB1 KKAREBLI2XVU0J6SAE VV71XVA3G 3KU0UTBGNK9RCWM ');

insert into ADRESSE (ID_ADRESSE, NUMERO, VOIE, CODE_POSTAL, VILLE) values (18, 'YASEQEJDKNGDO0L9', 'E88 7L7UOQFQTA VX51425O0PKFQ5D75VXRT1JDSHVQA0 19I96LQ6JS114UAH1341SUCM5M95JOFVNKKAGTCNC5F H2T YXYE3U2E9IUATFNK8T784FCIGAHT9BBFJC', '2LBUW20XFK5TTEX4', '0ON CIL7AVEXTGBGX84DOXED7IYJCR5 RA6EFFDHGSTWFPVM6BCHQTMLT6PIQA6V');

insert into ADRESSE (ID_ADRESSE, NUMERO, VOIE, CODE_POSTAL, VILLE) values (13, 'XOFYCAIY1N7Y118Y', 'P8AA58OPLI6R8LF9 J5N6MGLCI16CBK395S9KHPODF4LTD8930CGCRALLB5TK05516QGAEU2M0VG08WB6V8DCN50H Q4LTOLXQ3CE3XM9OGJIGW5GS6ORUGMPKOM5XTO', '14MI7C6IJ7SRR8W ', 'EGB9VHE9B81A M3XPHPUSLSSVRBJD7TP23MVV788 0U8BW60UT9MIB4O9QC135EO');

insert into ADRESSE (ID_ADRESSE, NUMERO, VOIE, CODE_POSTAL, VILLE) values (6, 'U3XQ559KPHJYLYEX', 'GPKYXM39S9NO 63KOS985V0HHNPGXGHVLAP00YP37 2D5FIK2BFK45SRL4AIODYOW5RWQXGB1H1TU7KBG9CWCY5QDBM85MOVEDUMBB9BERPSSBV46TH4HIOVM TS70IC', 'HGCU38LCDGSQRAX4', 'EFK8P3M95DNIC3LMLSUPPX19F474TNJ4K6C1NJNDY1SKXP5QCA H589MA82LH56L');

insert into ADRESSE (ID_ADRESSE, NUMERO, VOIE, CODE_POSTAL, VILLE) values (8, ' FH3J22SS9BG87BW', 'QESVWSEPUA1TUMEF2P3P9 8TQ9N OAG3 48 PWC4IWP VPAVJ 5TEC DLPP9E2WCTSL017XG3U73Q847H5JBOLCGN9ERBWGGG32J517QSSTMDNLEE2SNVI25TAV8C71W', '9LLJXVI20SN4UFVA', 'CFWK0UPP709H34VF4L36P0R DVTV10IQXO0S57FN3SX2SO3WFFAJ8WTSP781JI C');

insert into ADRESSE (ID_ADRESSE, NUMERO, VOIE, CODE_POSTAL, VILLE) values (1, 'VMFYV491MHXCORJL', 'K4MWCPJ4BSKLPESI91B UW4QOL14GDVEGE230ELXWCAURQ2SJR83HESL5BOIMMFRVSVPI98ODBMQIV0MCCHGMKOBV184W5FX4MF08AP 10XD1 IL8AS58VKLWS1DD0X2', '1DWQG7L103QXBYE2', 'AX7W6TP7U5BJAEP18OG1BHNF5T3HX7V1A7ECDUV8 MQEGHJE2DHKB3E YDX5IJ62');

insert into ADRESSE (ID_ADRESSE, NUMERO, VOIE, CODE_POSTAL, VILLE) values (7, '3OS53ITVDDSB2CKX', '3MT NEINR3FFD1RFAJNY9OMCVW4A268H4VW68FCNXN0CN 8Y7EBAPA7KW8CM5J K4YDUG3B3F8G30NO73LV8KW2GO CPRW1 JROXW3Q8QPAFMS2EQA5JWK4DFPJK3XKG', 'QIYBF5KL4VOVARD2', 'NOBR9 CO0YW NYRL5ACE33NXXN1MXIC8H7KI1SL821IEPIN8UG1QEIK1X8YE1QQQ');

insert into ADRESSE (ID_ADRESSE, NUMERO, VOIE, CODE_POSTAL, VILLE) values (3, 'TSYBHNW2LXX1NEI0', 'DN1Y3W7HTFTOO2RTA0SJTBNTWI2VD9 W2CG5O0MG622UE B0KO5BE26FCRY TC2FO1QD8R4VVTYL22LLUPGKSLI1LAXWPOS8S9H6HG7LG538YNQE SMN7NQM DJ7DIFP', 'GDE8TDOJ 900HBLN', 'F3LK0RGSS21HIQN32EEE0AK8E33KQSYVP0LME90DFQSM04J39 YUPAENAJMWY2Y8');

insert into ADRESSE (ID_ADRESSE, NUMERO, VOIE, CODE_POSTAL, VILLE) values (17, 'DID64COMW0RBDCMC', 'G  Q17LQ11XRF 7DB6GLTU7ACM3953KDCKFWP5BG8UORTAPMQDF1VQNB43O0FK3YLTP569M49BALHM7FNDWBNPX68972KY2BVWJNAE49RLJ4W0 92LWFG5AG4 AP18YF', 'FTC0MA8WTIEUA8GI', '10JXKMK3O4R 43DDGI58C92H5DHVNYWENN6IU1TCSNU9VWH44N3CSTT7XSDIVPA9');

insert into ADRESSE (ID_ADRESSE, NUMERO, VOIE, CODE_POSTAL, VILLE) values (4, ' U0MOWR4HKK5EO30', '4V8LNPW  V BI2HB70WNFGHF03XHJMIBA5 QTR9OA7S8X6RDHMJI5JSDO7R3FN3EWSEEHYA6VO E8MAD7BSQ2AA0 1CJKFPNB4VW2A633LYXFGXVXNEF45V30NY821C8', '1AJBMWESOA0IPDVE', 'CS2YMLNLL9MV8TIRCKPMYK8B8CTLLHVSFRJKACAHD7HX9WCVOPR7P 5L402HWCO2');

insert into ADRESSE (ID_ADRESSE, NUMERO, VOIE, CODE_POSTAL, VILLE) values (19, 'CE5UV8WLXM6YX0FN', 'BUF50PF9SNWHOQUKRHUB9IOHEDN7 FDFB20QS0TLCXRI0EJBC5FUHN28A097GICP7CAXV C7NX9 LAQ6VF63SRRHCSHJN26MGKOMV7CD7LYNL4FA0EXT9YPMSCNAPS1 ', 'R8VCIAKESKR2TPIT', 'Q9P9B68S 6L4175481OU2EPV8889V91GNFFN6X7IT9YUOODEOUS  4A8QS4MM5JC');

insert into ADRESSE (ID_ADRESSE, NUMERO, VOIE, CODE_POSTAL, VILLE) values (0, '9GUE60OUNJMJOACP', '04ECA9HJX73T7K 10NCCY655DN 3V9COCQIDQLLADISJO5XWN3SR0DNPD5GBD0USJJSJUKVBJMXF8D5I84GRKD04KPTWJGIJ54SEBFRJ224U8KTPKGBPSVADBHMKMXPB', 'X1 2LKQ 51NH4VYD', '3RDYCD9PS 95A4TR5W4MHCLT9UEYCS2DH803E3QPC91O3AFCEBJLN5L 12G86USA');

insert into ADRESSE (ID_ADRESSE, NUMERO, VOIE, CODE_POSTAL, VILLE) values (16, '76PHIS0HM2PCMY6G', '9GV4SD 0 TSQY0BE1A4LVHWKI75J MWOHV6J0HKXY75QRXERI6D33RH IWJT0O1B07N6QQTN5 651C12F5DKP4 39 M03561HKX6Q BQ9BOW7AHPQJ9 0XMG7D2EO SX', 'LFWEH7A156CM6BEV', 'S6JMVN9VHDLU8UKHLMN7IJJ9THH6DY6 JB0SDIOUO30LYBSPKSUJ8EYAVGG45MWL');

insert into ADRESSE (ID_ADRESSE, NUMERO, VOIE, CODE_POSTAL, VILLE) values (15, '1PFUQ1T0 FPLFWN8', '6MJCV3VSIR5LQNCAX5UYCFVUEBDX70I3SAQ4XPPOOBYH38EK 7TS2RJ6AHO460DWN1JPUH6E0B8IRQSFIAMGK0OI  195MLSJNSSHW 2DKT7CSXYKEFKA5M11979OGQF', 'YEL9NXEB7BTJ8F7M', 'QS6FJ27B I5NJ7YNL6CAYLMV0V31T80AY7N21I96 6NAAU95HK2UTTP KY KN5RG');

insert into PROMOTION (ID_PROMOTION, POURCENTAGE) values (1, 5);

insert into PROMOTION (ID_PROMOTION, POURCENTAGE) values (2, 17);

insert into PROMOTION (ID_PROMOTION, POURCENTAGE) values (5, 9);

insert into PROMOTION (ID_PROMOTION, POURCENTAGE) values (0, 1);

insert into PROMOTION (ID_PROMOTION, POURCENTAGE) values (10, 0);

insert into PROMOTION (ID_PROMOTION, POURCENTAGE) values (9, 19);

insert into PROMOTION (ID_PROMOTION, POURCENTAGE) values (17, 12);

insert into PROMOTION (ID_PROMOTION, POURCENTAGE) values (4, 7);

insert into PROMOTION (ID_PROMOTION, POURCENTAGE) values (7, 6);

insert into PROMOTION (ID_PROMOTION, POURCENTAGE) values (15, 3);

insert into PROMOTION (ID_PROMOTION, POURCENTAGE) values (8, 10);

insert into PROMOTION (ID_PROMOTION, POURCENTAGE) values (3, 16);

insert into PROMOTION (ID_PROMOTION, POURCENTAGE) values (11, 14);

insert into PROMOTION (ID_PROMOTION, POURCENTAGE) values (13, 15);

insert into PROMOTION (ID_PROMOTION, POURCENTAGE) values (16, 8);

insert into PROMOTION (ID_PROMOTION, POURCENTAGE) values (18, 2);

insert into PROMOTION (ID_PROMOTION, POURCENTAGE) values (19, 4);

insert into PROMOTION (ID_PROMOTION, POURCENTAGE) values (12, 13);

insert into PROMOTION (ID_PROMOTION, POURCENTAGE) values (14, 18);

insert into PROMOTION (ID_PROMOTION, POURCENTAGE) values (6, 11);

insert into ROLE (ID_ROLE, NOM) values (6, 'PTYR01 2EELRQ07XCSMWAI2V2DN4LC7V98MD9J64JX4YBSAQDGLLDEG45BWYJ2BS');

insert into ROLE (ID_ROLE, NOM) values (15, 'AUU2V172NEV0I4K6U2XJE5A3VXF7O791Q4B1MCYHBG90D1AS6K 0X8CPSRSGDYO2');

insert into ROLE (ID_ROLE, NOM) values (16, 'JI1JXL5L3MY5IYFWVVDC4J7GIASHGXXXNCA0MG79LCYS3ORECQ13MC8MNXIAD57E');

insert into ROLE (ID_ROLE, NOM) values (9, '2UL45VD1GWGGSGVV6U4XMFI0UYCY22FUV5RLGAO4CL0VSX2JWS4PSUY6SJ Q JBD');

insert into ROLE (ID_ROLE, NOM) values (4, '3CXE IWCYKETT4IA33RGD4AA7SC25SFPUBIKSSN81TQB5I1OD63A76 6UQOH2G15');

insert into ROLE (ID_ROLE, NOM) values (8, '8 4CDP9YDDCJMXEXDAFJIE8CGAGQTM7TH2Q4UBWAO2XRIN1USPCP7G5XW9HQ RSB');

insert into ROLE (ID_ROLE, NOM) values (11, 'P9LHR2HQVODGOC6 CJPDLJIQYDUGQPF26683BSPGQWW8K2UHQTPCM6W7JAU6ORI ');

insert into ROLE (ID_ROLE, NOM) values (17, '48EU4R267A0V2BV7RGRKPCQHKH660MBSVV7QEMTD6DGBM UL7CL3SD5BXHP0GCQR');

insert into ROLE (ID_ROLE, NOM) values (5, 'PD YUH15MJBN8C4UX678E226MKOCAGKWYXESSRJ9H2W4E4UPSOUDIL83M1I AUDS');

insert into ROLE (ID_ROLE, NOM) values (14, '2NDSXCY4T7V37D MOC42QI5TY1 WQTGPDK3KOJNSN1267O7QHOU24U4SQO59H3WM');

insert into ROLE (ID_ROLE, NOM) values (0, 'EM1XT1T 1MP2IW1S8257B 60 VBBXSM3JL0SRXE34V8MRER7VRGJGO67VJ2K GAE');

insert into ROLE (ID_ROLE, NOM) values (19, 'C80BFP550LEV5VF1FYF977QRIHBK1 CGC7DR9BLVWL70CHU3YR1PS5AO4D734R R');

insert into ROLE (ID_ROLE, NOM) values (13, '41QJ800L G CMSOOJ6JEYI0MWT72PH9L86Y8ULHBHSAFPPAVA3HY QWY4B0KUCYS');

insert into ROLE (ID_ROLE, NOM) values (18, 'C08K54VPN01UXLWECBN8NNOO0BNT2WNV4R0GQ6U2TJBF47GKXL46CIVDX3D6H3O3');

insert into ROLE (ID_ROLE, NOM) values (7, '7N0YOOSE9LL5MROF6JBYVYTF7WT7PA77DQ88M YBDDK4BS5NDOVSP0MQ7VRMXB4S');

insert into ROLE (ID_ROLE, NOM) values (3, 'D 0OQUA4JY8MN94JSGQ5P55YB1E9TB4X AXTOFLR5DV2LLP3Q72ND81B0C34LVPH');

insert into ROLE (ID_ROLE, NOM) values (10, '0HSAQAESPH02LKSXH6G0OKSSPNLE004WA8SYNE2IN4IDOE0DHJL66RKXYPTDC3FA');

insert into ROLE (ID_ROLE, NOM) values (1, 'K5WVRA4C26SEATT8HI0XPOOYKSA5PF1BKM75FI88W4FT7PBH245UP03YT0FAZJ P');

insert into ROLE (ID_ROLE, NOM) values (2, '97QXNK8D3DV1DL6F7WJ 9TO30HIAIAKLC KF3SBE12R6Q3WT3DSNT3HBIDEUHGOH');

insert into ROLE (ID_ROLE, NOM) values (12, 'KYX1XXIM5C4JP6SX2YV9ABF7QP8SL81IRYG9T6J R57J77XQD0 F3D533EE6174H');

insert into LIENS_CATEGORIE_ARTICLE (ID_ARTICLE, ID_CATEGORIE) values (8, 7);

insert into LIENS_CATEGORIE_ARTICLE (ID_ARTICLE, ID_CATEGORIE) values (12, 8);

insert into LIENS_CATEGORIE_ARTICLE (ID_ARTICLE, ID_CATEGORIE) values (6, 19);

insert into LIENS_CATEGORIE_ARTICLE (ID_ARTICLE, ID_CATEGORIE) values (10, 11);

insert into LIENS_CATEGORIE_ARTICLE (ID_ARTICLE, ID_CATEGORIE) values (19, 0);

insert into LIENS_CATEGORIE_ARTICLE (ID_ARTICLE, ID_CATEGORIE) values (18, 10);

insert into LIENS_CATEGORIE_ARTICLE (ID_ARTICLE, ID_CATEGORIE) values (2, 2);

insert into LIENS_CATEGORIE_ARTICLE (ID_ARTICLE, ID_CATEGORIE) values (14, 4);

insert into LIENS_CATEGORIE_ARTICLE (ID_ARTICLE, ID_CATEGORIE) values (9, 12);

insert into LIENS_CATEGORIE_ARTICLE (ID_ARTICLE, ID_CATEGORIE) values (4, 17);

insert into LIENS_CATEGORIE_ARTICLE (ID_ARTICLE, ID_CATEGORIE) values (16, 15);

insert into LIENS_CATEGORIE_ARTICLE (ID_ARTICLE, ID_CATEGORIE) values (1, 16);

insert into LIENS_CATEGORIE_ARTICLE (ID_ARTICLE, ID_CATEGORIE) values (13, 5);

insert into LIENS_CATEGORIE_ARTICLE (ID_ARTICLE, ID_CATEGORIE) values (0, 13);

insert into LIENS_CATEGORIE_ARTICLE (ID_ARTICLE, ID_CATEGORIE) values (17, 9);

insert into LIENS_CATEGORIE_ARTICLE (ID_ARTICLE, ID_CATEGORIE) values (3, 14);

insert into LIENS_CATEGORIE_ARTICLE (ID_ARTICLE, ID_CATEGORIE) values (5, 6);

insert into LIENS_CATEGORIE_ARTICLE (ID_ARTICLE, ID_CATEGORIE) values (11, 18);

insert into LIENS_CATEGORIE_ARTICLE (ID_ARTICLE, ID_CATEGORIE) values (15, 1);

insert into LIENS_CATEGORIE_ARTICLE (ID_ARTICLE, ID_CATEGORIE) values (7, 3);

insert into LIENS_SPECS_ARTICLE (ID_CARACTERISTIQUE, ID_ARTICLE) values (3, 8);

insert into LIENS_SPECS_ARTICLE (ID_CARACTERISTIQUE, ID_ARTICLE) values (11, 12);

insert into LIENS_SPECS_ARTICLE (ID_CARACTERISTIQUE, ID_ARTICLE) values (2, 6);

insert into LIENS_SPECS_ARTICLE (ID_CARACTERISTIQUE, ID_ARTICLE) values (6, 10);

insert into LIENS_SPECS_ARTICLE (ID_CARACTERISTIQUE, ID_ARTICLE) values (8, 19);

insert into LIENS_SPECS_ARTICLE (ID_CARACTERISTIQUE, ID_ARTICLE) values (19, 18);

insert into LIENS_SPECS_ARTICLE (ID_CARACTERISTIQUE, ID_ARTICLE) values (5, 2);

insert into LIENS_SPECS_ARTICLE (ID_CARACTERISTIQUE, ID_ARTICLE) values (16, 14);

insert into LIENS_SPECS_ARTICLE (ID_CARACTERISTIQUE, ID_ARTICLE) values (14, 9);

insert into LIENS_SPECS_ARTICLE (ID_CARACTERISTIQUE, ID_ARTICLE) values (0, 4);

insert into LIENS_SPECS_ARTICLE (ID_CARACTERISTIQUE, ID_ARTICLE) values (18, 16);

insert into LIENS_SPECS_ARTICLE (ID_CARACTERISTIQUE, ID_ARTICLE) values (4, 1);

insert into LIENS_SPECS_ARTICLE (ID_CARACTERISTIQUE, ID_ARTICLE) values (17, 13);

insert into LIENS_SPECS_ARTICLE (ID_CARACTERISTIQUE, ID_ARTICLE) values (13, 0);

insert into LIENS_SPECS_ARTICLE (ID_CARACTERISTIQUE, ID_ARTICLE) values (1, 17);

insert into LIENS_SPECS_ARTICLE (ID_CARACTERISTIQUE, ID_ARTICLE) values (12, 3);

insert into LIENS_SPECS_ARTICLE (ID_CARACTERISTIQUE, ID_ARTICLE) values (15, 5);

insert into LIENS_SPECS_ARTICLE (ID_CARACTERISTIQUE, ID_ARTICLE) values (10, 11);

insert into LIENS_SPECS_ARTICLE (ID_CARACTERISTIQUE, ID_ARTICLE) values (9, 15);

insert into LIENS_SPECS_ARTICLE (ID_CARACTERISTIQUE, ID_ARTICLE) values (7, 7);

insert into LIENS_SPECS_CATEGORIE (ID_CARACTERISTIQUE, ID_CATEGORIE) values (3, 7);

insert into LIENS_SPECS_CATEGORIE (ID_CARACTERISTIQUE, ID_CATEGORIE) values (11, 8);

insert into LIENS_SPECS_CATEGORIE (ID_CARACTERISTIQUE, ID_CATEGORIE) values (2, 19);

insert into LIENS_SPECS_CATEGORIE (ID_CARACTERISTIQUE, ID_CATEGORIE) values (6, 11);

insert into LIENS_SPECS_CATEGORIE (ID_CARACTERISTIQUE, ID_CATEGORIE) values (8, 0);

insert into LIENS_SPECS_CATEGORIE (ID_CARACTERISTIQUE, ID_CATEGORIE) values (19, 10);

insert into LIENS_SPECS_CATEGORIE (ID_CARACTERISTIQUE, ID_CATEGORIE) values (5, 2);

insert into LIENS_SPECS_CATEGORIE (ID_CARACTERISTIQUE, ID_CATEGORIE) values (16, 4);

insert into LIENS_SPECS_CATEGORIE (ID_CARACTERISTIQUE, ID_CATEGORIE) values (14, 12);

insert into LIENS_SPECS_CATEGORIE (ID_CARACTERISTIQUE, ID_CATEGORIE) values (0, 17);

insert into LIENS_SPECS_CATEGORIE (ID_CARACTERISTIQUE, ID_CATEGORIE) values (18, 15);

insert into LIENS_SPECS_CATEGORIE (ID_CARACTERISTIQUE, ID_CATEGORIE) values (4, 16);

insert into LIENS_SPECS_CATEGORIE (ID_CARACTERISTIQUE, ID_CATEGORIE) values (17, 5);

insert into LIENS_SPECS_CATEGORIE (ID_CARACTERISTIQUE, ID_CATEGORIE) values (13, 13);

insert into LIENS_SPECS_CATEGORIE (ID_CARACTERISTIQUE, ID_CATEGORIE) values (1, 9);

insert into LIENS_SPECS_CATEGORIE (ID_CARACTERISTIQUE, ID_CATEGORIE) values (12, 14);

insert into LIENS_SPECS_CATEGORIE (ID_CARACTERISTIQUE, ID_CATEGORIE) values (15, 6);

insert into LIENS_SPECS_CATEGORIE (ID_CARACTERISTIQUE, ID_CATEGORIE) values (10, 18);

insert into LIENS_SPECS_CATEGORIE (ID_CARACTERISTIQUE, ID_CATEGORIE) values (9, 1);

insert into LIENS_SPECS_CATEGORIE (ID_CARACTERISTIQUE, ID_CATEGORIE) values (7, 3);

insert into LIENS_PROMOTIONS_ARTICLES (ID_ARTICLE, ID_PROMOTION) values (8, 1);

insert into LIENS_PROMOTIONS_ARTICLES (ID_ARTICLE, ID_PROMOTION) values (12, 2);

insert into LIENS_PROMOTIONS_ARTICLES (ID_ARTICLE, ID_PROMOTION) values (6, 5);

insert into LIENS_PROMOTIONS_ARTICLES (ID_ARTICLE, ID_PROMOTION) values (10, 0);

insert into LIENS_PROMOTIONS_ARTICLES (ID_ARTICLE, ID_PROMOTION) values (19, 10);

insert into LIENS_PROMOTIONS_ARTICLES (ID_ARTICLE, ID_PROMOTION) values (18, 9);

insert into LIENS_PROMOTIONS_ARTICLES (ID_ARTICLE, ID_PROMOTION) values (2, 17);

insert into LIENS_PROMOTIONS_ARTICLES (ID_ARTICLE, ID_PROMOTION) values (14, 4);

insert into LIENS_PROMOTIONS_ARTICLES (ID_ARTICLE, ID_PROMOTION) values (9, 7);

insert into LIENS_PROMOTIONS_ARTICLES (ID_ARTICLE, ID_PROMOTION) values (4, 15);

insert into LIENS_PROMOTIONS_ARTICLES (ID_ARTICLE, ID_PROMOTION) values (16, 8);

insert into LIENS_PROMOTIONS_ARTICLES (ID_ARTICLE, ID_PROMOTION) values (1, 3);

insert into LIENS_PROMOTIONS_ARTICLES (ID_ARTICLE, ID_PROMOTION) values (13, 11);

insert into LIENS_PROMOTIONS_ARTICLES (ID_ARTICLE, ID_PROMOTION) values (0, 13);

insert into LIENS_PROMOTIONS_ARTICLES (ID_ARTICLE, ID_PROMOTION) values (17, 16);

insert into LIENS_PROMOTIONS_ARTICLES (ID_ARTICLE, ID_PROMOTION) values (3, 18);

insert into LIENS_PROMOTIONS_ARTICLES (ID_ARTICLE, ID_PROMOTION) values (5, 19);

insert into LIENS_PROMOTIONS_ARTICLES (ID_ARTICLE, ID_PROMOTION) values (11, 12);

insert into LIENS_PROMOTIONS_ARTICLES (ID_ARTICLE, ID_PROMOTION) values (15, 14);

insert into LIENS_PROMOTIONS_ARTICLES (ID_ARTICLE, ID_PROMOTION) values (7, 6);

insert into PANIER (IDPANIER, ID_CLIENT, REFINTERNAUTE) values (4, 13, '6BLKABTHUMO26K5RFY22FP QEB68J209FXCEUH1 HF9SJAUOQRAEV4B3UO6D71EP');

insert into PANIER (IDPANIER, ID_CLIENT, REFINTERNAUTE) values (14, 11, 'APQYJHKRL2JSVU255T2A MHSMYO5Y6HT01WY84E5D8L1HGATYEO4T5V1EDDLUDNL');

insert into PANIER (IDPANIER, ID_CLIENT, REFINTERNAUTE) values (12, 16, ' 59FAJA50LVN9SV1KSOF 2KNX0BWJ04NH9KHLCQGRNYXLVXPB3YYP6I5WSQG5UVA');

insert into PANIER (IDPANIER, ID_CLIENT, REFINTERNAUTE) values (15, 8, ' GSDKH1DWVTBE69GLCNIMMFO6OAQG0OFUP7J6DCWPKOD5KMKUI44Y1R2JFRGM44O');

insert into PANIER (IDPANIER, ID_CLIENT, REFINTERNAUTE) values (0, 7, 'JXDLVRGOI 0VUAE JF3YHFRRTRCFE3HBJW38QW2 PAMR02T96UJCH5IVY9FM5CV8');

insert into PANIER (IDPANIER, ID_CLIENT, REFINTERNAUTE) values (13, 10, 'DDJE8CMSNKK1PXVN9FQQQ1T7SHQ8MN80LX14I5APTS6YHED2ES6SMAA6BT9I777V');

insert into PANIER (IDPANIER, ID_CLIENT, REFINTERNAUTE) values (7, 14, 'Q3CM5Q2YMS3WICV15CQA KAWGM8XRL9PFCDAAVRIKC7DE4QR5IH69U04A373PTN0');

insert into PANIER (IDPANIER, ID_CLIENT, REFINTERNAUTE) values (19, 4, 'BYCNMUXX77P3DD251KSLDLE7SE1R1BC027UCC9WF1X2W38ROIQCQTN691LTW6V6K');

insert into PANIER (IDPANIER, ID_CLIENT, REFINTERNAUTE) values (16, 17, 'D8M867TWO 1TT8KJ9332K8U05LWJ4QQ5Y3TBE2IXQUMYCBWL2N8551QS9A1YHJCY');

insert into PANIER (IDPANIER, ID_CLIENT, REFINTERNAUTE) values (6, 1, 'MRQRTQRNUR6NYR1APBAON3VMIG3I9A6S422UQHY P0AEIC0TYW1LNV483QDR4F64');

insert into PANIER (IDPANIER, ID_CLIENT, REFINTERNAUTE) values (1, 5, 'ATP11XDE0NSSD8MXO6LXA85Y8PCF4U03 PWY4713ISVMEWH4RQ8T7HCR7VUD0Q7G');

insert into PANIER (IDPANIER, ID_CLIENT, REFINTERNAUTE) values (2, 2, '394DVSQVYA U3E I34NPM9WB9NWLXT QJ159SI3861SJD09ULSQ17PTYR9X9L4GX');

insert into PANIER (IDPANIER, ID_CLIENT, REFINTERNAUTE) values (10, 18, 'EP1XRU3QGCI97C SN7FET4SXR6I4RCX L564XCMB 6V4RSU4QBJJF8EFW89L4KXM');

insert into PANIER (IDPANIER, ID_CLIENT, REFINTERNAUTE) values (17, 0, 'Y4TB8RAOFKO 4HXX8TUBG8FJHQ 5441L9INT0DKOGSKB369CYH4MEJP SCXBDG6C');

insert into PANIER (IDPANIER, ID_CLIENT, REFINTERNAUTE) values (5, 15, 'A2K55TQTQWDP31M6Q1FJG3X3YOLU0E32YHTV 7RA2YA 0KMWG557A4GUA6TJQ78H');

insert into PANIER (IDPANIER, ID_CLIENT, REFINTERNAUTE) values (8, 3, '4CUSH IX6XQ29RNL BV10BHW28MHPKW3P5GT32J6VLF2T V2A0KHFR1KM6ESNI3 ');

insert into PANIER (IDPANIER, ID_CLIENT, REFINTERNAUTE) values (18, 6, 'OAP2SP870SE86Y8QCLE9Q VU96RTUJPV02WR4NRTG3VYCXEN4BT5QVHBDDO22HA7');

insert into PANIER (IDPANIER, ID_CLIENT, REFINTERNAUTE) values (11, 19, 'OOPA2 0F23FTWEYLOBM6RQ8AERB6NPA1S9Y8A8P6SAYJWF4Y1OUFM97OR95WGUU4');

insert into PANIER (IDPANIER, ID_CLIENT, REFINTERNAUTE) values (9, 9, 'DUWBTADTL0I 0E0SBES8PMB3YQ 8T XTJDXDDH9RHKJ6C2FSMC20XA7RGVTBPOA5');

insert into PANIER (IDPANIER, ID_CLIENT, REFINTERNAUTE) values (3, 12, 'GMUG2KG2F5PCKO0B4BJDP8BMTB0CJTET9EMQMORJIT0TXU7F  E31SX7LO6SBPM7');

insert into LIENS_PANIER_ARTICLE (IDPANIER, ID_ARTICLE, QUANTITE) values (4, 8, 1);

insert into LIENS_PANIER_ARTICLE (IDPANIER, ID_ARTICLE, QUANTITE) values (14, 12, 0);

insert into LIENS_PANIER_ARTICLE (IDPANIER, ID_ARTICLE, QUANTITE) values (12, 6, 15);

insert into LIENS_PANIER_ARTICLE (IDPANIER, ID_ARTICLE, QUANTITE) values (15, 10, 6);

insert into LIENS_PANIER_ARTICLE (IDPANIER, ID_ARTICLE, QUANTITE) values (0, 19, 13);

insert into LIENS_PANIER_ARTICLE (IDPANIER, ID_ARTICLE, QUANTITE) values (13, 18, 5);

insert into LIENS_PANIER_ARTICLE (IDPANIER, ID_ARTICLE, QUANTITE) values (7, 2, 4);

insert into LIENS_PANIER_ARTICLE (IDPANIER, ID_ARTICLE, QUANTITE) values (19, 14, 7);

insert into LIENS_PANIER_ARTICLE (IDPANIER, ID_ARTICLE, QUANTITE) values (16, 9, 3);

insert into LIENS_PANIER_ARTICLE (IDPANIER, ID_ARTICLE, QUANTITE) values (6, 4, 9);

insert into LIENS_PANIER_ARTICLE (IDPANIER, ID_ARTICLE, QUANTITE) values (1, 16, 14);

insert into LIENS_PANIER_ARTICLE (IDPANIER, ID_ARTICLE, QUANTITE) values (2, 1, 8);

insert into LIENS_PANIER_ARTICLE (IDPANIER, ID_ARTICLE, QUANTITE) values (10, 13, 19);

insert into LIENS_PANIER_ARTICLE (IDPANIER, ID_ARTICLE, QUANTITE) values (17, 0, 11);

insert into LIENS_PANIER_ARTICLE (IDPANIER, ID_ARTICLE, QUANTITE) values (5, 17, 16);

insert into LIENS_PANIER_ARTICLE (IDPANIER, ID_ARTICLE, QUANTITE) values (8, 3, 10);

insert into LIENS_PANIER_ARTICLE (IDPANIER, ID_ARTICLE, QUANTITE) values (18, 5, 18);

insert into LIENS_PANIER_ARTICLE (IDPANIER, ID_ARTICLE, QUANTITE) values (11, 11, 17);

insert into LIENS_PANIER_ARTICLE (IDPANIER, ID_ARTICLE, QUANTITE) values (9, 15, 2);

insert into LIENS_PANIER_ARTICLE (IDPANIER, ID_ARTICLE, QUANTITE) values (3, 7, 12);

insert into UTILISATEUR (ID_UTILISATEUR, ID_CLIENT, ID_ROLE, LOGIN, MDP) values (11, 13, 17, 'R0 P7OJ463SFR99N8UAPYQX 3D C83UOONF7LOP46A1M4T2FER3NKVTMMHON23V0', '2SN1H5D K66LK7G30G10KNBR8SG15NKK2KVPU2H8SWYQHXGCM8DVTLFSH  D9JMV');

insert into UTILISATEUR (ID_UTILISATEUR, ID_CLIENT, ID_ROLE, LOGIN, MDP) values (10, 13, 10, 'CC3U33VN4127CP4STQ65YSMPIPJQMG7E1DFK02RPA 7BBKQ2T04TTVG2G6KUJJ1H', 'QHYNTT9Y3Y82W1HSQGVPN0CIFCNJ0303WETC82YN5GV67OD84VLL6SR79F 9I6HB');

insert into UTILISATEUR (ID_UTILISATEUR, ID_CLIENT, ID_ROLE, LOGIN, MDP) values (14, 11, 11, 'RGUKOH4972MT8EUWSVV06538AA9ENQ7SYIQQXE3BT89O7CPND3T YRJ59HIAQNAO', 'FWOEHWLJQE2W9FP5O3VQ371V8PSDG0HD6N0MIS DLS64J8VMBNDGJYE7MK4W0AAO');

insert into UTILISATEUR (ID_UTILISATEUR, ID_CLIENT, ID_ROLE, LOGIN, MDP) values (16, 11, 17, 'XAQE48IFP2HEM R7RTW5SDB8BLQNJYJYXI5YFH20 HKH5C655LID7PFQ10R3LD2M', '43LXSLQPKF Y0F1GY109A4SHSCC2X1 B6OHD8N7MF2HO4T42LJYVJ61P1744FSC3');

insert into UTILISATEUR (ID_UTILISATEUR, ID_CLIENT, ID_ROLE, LOGIN, MDP) values (0, 16, 17, '7OKUN432SF0M5T WRXDR9XMH34RBW1QDY9UQ3IUC7PNLD8UEXAJKHMJ147872H5G', 'BN19FMIY3CXOXKVJ7GO241MGR9BMCD0DK8UYENN5GVWIY9RLTY TB1W1EJ76 3E9');

insert into UTILISATEUR (ID_UTILISATEUR, ID_CLIENT, ID_ROLE, LOGIN, MDP) values (12, 16, 6, 'JN5FKF76G2LD6UDAXY93YPILUEWU5MSX83WWF  KQ254EBUW364 DLNYXTQFUVTD', ' KS0P8AAE39XCV3OH3UAYVYEC 8L7NNHMO35I9X6WD2ROTXSBUMRHNO34D5TD4QD');

insert into UTILISATEUR (ID_UTILISATEUR, ID_CLIENT, ID_ROLE, LOGIN, MDP) values (7, 8, 5, 'FRRAKTO79B12HOD6U1 UT1WM6F3B9W82HSTTFULFD76PCETQINXL07YSD3I13XT ', 'LH78E4U7 0S23V4OE3WOQWRD6H0YF1D02TTBKH4FM732BAAOXMLN6LN73Y6BS932');

insert into UTILISATEUR (ID_UTILISATEUR, ID_CLIENT, ID_ROLE, LOGIN, MDP) values (5, 8, 3, 'U59YYIT6A2SLGBUVLWF76Q98BOU8MI3QXPN9ML84D7CHSQWGJN5U1L4GUT9RKLFJ', '5F1JPHLNW0Y2INUT35TFS0I2GA89F67X3Y392QU6WGLKFY S291W1YG8S 1FWGTJ');

insert into UTILISATEUR (ID_UTILISATEUR, ID_CLIENT, ID_ROLE, LOGIN, MDP) values (13, 7, 5, '9AVIHAHK0QNBVA74TP3VX7LJV66L8LWBBM0L161FLPR5R4S3 NHPMCFAA89VGAFN', '3YM F3B4PFK9ENOX4H070K6JSETI88QMGWFD2 55HROX5LO8J6PJ7DBK3S GY2MG');

insert into UTILISATEUR (ID_UTILISATEUR, ID_CLIENT, ID_ROLE, LOGIN, MDP) values (15, 7, 14, 'OBHKEA1CJ4161NDAL4V1H8B41FJXJUORVVXN52JKAU2SUTK88L2NDIK54296EW3I', 'G6Q6T5DMF61J2 IBMQE9SD7FEBA87VW1E0XE2RNJQA090HIHPCPYBW 1F2R4M0T0');

insert into UTILISATEUR (ID_UTILISATEUR, ID_CLIENT, ID_ROLE, LOGIN, MDP) values (2, 10, 9, 'JQC7GBA0COSITWQ4JE7GP7E3HEY9GEYHB9YQ 8V999D25NYV5VMLERQE8LHWNT7T', 'NLQ6NDKMMM8BD5QQ64FA0SKUX0OFC8AMM14Q1 F5DLN72F4NF5Q5I6N0P2LQ3Q5U');

insert into UTILISATEUR (ID_UTILISATEUR, ID_CLIENT, ID_ROLE, LOGIN, MDP) values (4, 10, 3, 'VOA XILKJ8A9I45YQ60B YB3DNX3GXQEW45P16LSR2A37U1L2GA0E4NX2JOUWY2P', 'PBDJ5 A4AMHIL69IWC1H2NPDK1EN30W9CB26I525QV8YXPN81L0JF80DCL9133X5');

insert into UTILISATEUR (ID_UTILISATEUR, ID_CLIENT, ID_ROLE, LOGIN, MDP) values (6, 14, 17, '4NN LOSHL6ESYS3LTOQA7U18D5FGHKKXB83WCUTUNVYL39JFTRSVG7J1I739BRDV', '2W0E3ODL0KPGMMIFDLMKUCM5XCJVDCAECPB2H7NCKQX3O2TBF1635QBG9UYASJWL');

insert into UTILISATEUR (ID_UTILISATEUR, ID_CLIENT, ID_ROLE, LOGIN, MDP) values (1, 14, 10, '9Q6ROY6QLEI G EAVKBMQO02NEYU  G1TXS3EO4O5UYME3JYTSBL743N0AHWM3HI', 'QDEARQ40TC82PICTQI5QPNQR8HIMNVFYTGY8INRW79ASTUOGXIFADQ95ULGAWYDC');

insert into UTILISATEUR (ID_UTILISATEUR, ID_CLIENT, ID_ROLE, LOGIN, MDP) values (3, 4, 16, 'SI6GY4NT29G9U7JVI150HU7RUEIBWCY341UN8PK03LGV67Q6VWH6SHJ3G3220D48', '4V5I95YXWM47FG 7SQSA8W867T2B 1DI0 8X9CPO6GSCLTRT4WBG 2O8JKMPN6YG');

insert into UTILISATEUR (ID_UTILISATEUR, ID_CLIENT, ID_ROLE, LOGIN, MDP) values (18, 4, 7, 'O0IMODHQ2NNIFHBNTS7MU52X5NKCOA22GUAFBDS4R71G1U9OC3J1VCL8ABMH6JLA', '4O AY24WHRDA9JQ6AI2B7Y90B72MSHDXVUW4U13A4UFUHVB7PDS1PJ7 CFKY4XW5');

insert into UTILISATEUR (ID_UTILISATEUR, ID_CLIENT, ID_ROLE, LOGIN, MDP) values (8, 17, 1, 'EUGBMFLY3XW31E8DF0X7N LN865 A0BCK7OPOMUPYDU10SRH3R45JCGGE8DHB NA', 'RAU8XJ93GTOWQHSIVAGXQ9MAJVJO XP1BQYHS419WR7H2H3BDVAI3W9PS0OW69N6');

insert into UTILISATEUR (ID_UTILISATEUR, ID_CLIENT, ID_ROLE, LOGIN, MDP) values (17, 17, 9, 'Y1T51I8G9 NY0Y4EEE7YC58K9GQQ55RVNE3CT B0Y6GROBD6GVGYGJUL8M1R4LLG', '2SLYHTNGVNDV4C1JPPUD6PSN0AYY12FSK HUL13VTCSEY 6PHAYBU8K882OAG0GQ');

insert into UTILISATEUR (ID_UTILISATEUR, ID_CLIENT, ID_ROLE, LOGIN, MDP) values (19, 1, 17, 'S6X6OCBR17PG5OEIE4HKS0YRVHBM7UW2H82ORDBRJ91848SSBV6ERJ 0OPWMTS6F', 'HRJJBM6H8NDN9NV1C0PAGLQ6FICJU21LDF0JASEUN8A9638DX4IF05AXNTTF6M4I');

insert into UTILISATEUR (ID_UTILISATEUR, ID_CLIENT, ID_ROLE, LOGIN, MDP) values (9, 1, 4, 'WBJ0T64TIGGHSL  GVP9DF6V9SE5XSQV81NI1AE80R7NXS5U0OH 3GKK68PT2IOE', ' 8GJQ546MP03GF7AWU YYSXIY06VWJKD CMDDSHDQKB5C5GW0A2ABQ6OF1T02 XO');

insert into CLIENT (ID_CLIENT, IDPANIER, ID_UTILISATEUR, EMAIL, NOM, PRENOM, CIVILITE) values (13, 4, 11, '6XY1Y7H4P4FSH1 NPDOD8RXSQW K3YRN8HUIEE9S7A4JHS251J7LO4JTEP846QK9ADSUA0MC6O8UHKWVHGNL BMQPYED2UEU84DFSORFXNUPO1Q7VLSBL7R1EG7DPMG6', 'UQ8NAHCBLC8IBARTOAE83P6T3LQB6GMTBSE0M1VD4UT1SBWD8URX 2VHE6T2PUUN', 'K0 RTL9OW82WQWY5ST56PVVSQ82SH 2356GL3NG96LQ0TXB6ABJBT596B8TNBN C', '6LVDIPCE');

insert into CLIENT (ID_CLIENT, IDPANIER, ID_UTILISATEUR, EMAIL, NOM, PRENOM, CIVILITE) values (11, 14, 10, '16JQOJNDRKABT9NB8CPUH3BTC NDKVMOMWHH5334 K804QGWI1QF6PFVF6 SPQNE1JOG07KB1TK9FCRFQVGGQ32PINT7OS05AAUMK7F8BAIP0BYXYYSIPTWDISYBJ219', '99RDNUWYP97EU2974X8E88J2OI8PXD4 42 V2WRJ8AJGAH6KSBMFUGRUCTS3DQMB', 'L4GOMPCEW6RUCOGD 376VW1PUQ9XPCR2EKBJ6MQV0JUJ6W8AGSKVY7EXQQOT8K66', '36JP5TCM');

insert into CLIENT (ID_CLIENT, IDPANIER, ID_UTILISATEUR, EMAIL, NOM, PRENOM, CIVILITE) values (16, 12, 14, 'E625OTTS8WK5RE947CXA8RFNF1J0YXRUI7OBQ4JLBIHJ1NKEMXBNX9  7N B162KQ87KLPCW0VA0RMOTDJOM 2KEWTYFG0JS72MIPGMLWKCSE722KY2E4A1PKMEPG2LK', 'EW1T6LG7KJ96E QERQ2VCA1SQ4JC1 EYNG6QTRTRLK2O BU9LS TURKICDTNKN8S', '42IS4L94G2 FMSD5AW9LPGD4E2QQ 8S7D2W8C9A764EYKY9U1UAO7GP8DKC7OL D', 'WKOMOP0K');

insert into CLIENT (ID_CLIENT, IDPANIER, ID_UTILISATEUR, EMAIL, NOM, PRENOM, CIVILITE) values (8, 15, 16, '4F0W2PM9J68CWO1HFTSBJH0783MMSCFJOVVO69C3I5U8STO27OEV1MW0334VPA126XWV28MYGUD73QUH5 SPV0VS8HQ80Q45U03QA6 F0J85FX72K33NXFWWUYIO1WAF', 'ECY7ALFNAQXBEP7DU00HYAB9KI9E1KNC8Y61HQPXMF3HKQ8M4T57TQ3YX8Q3541U', 'R0KT9M0W7WNPFE7WE0UP6GYT5VOWFEVJX4VNS3BMKKLH6J6I0LICS3H4AL6NYRC8', '8S783TER');

insert into CLIENT (ID_CLIENT, IDPANIER, ID_UTILISATEUR, EMAIL, NOM, PRENOM, CIVILITE) values (7, 0, 0, ' FSNX2SNXD73TE5RRBQMI2QD55UDOGS6 FI6M97GVHAA GX93TGSJHVVEKEKBERD755 JK4ENSR10VHRYO7DGNNQTO4PV91N0LSXC58L077WNTMARWAV6 6WQT7ETUC9', 'TRY7U6TEKU5UUE7J3LMI39G7XBHH1YI5S OS9EOE74W4733BEIX4YJP75AYCF6 S', 'LNI DL0EC5B6950JLR2ETED0E8NIJ53NGOF82AJ LM8WQI9GUKKWHUK1273LXKLL', 'APDYCGFC');

insert into CLIENT (ID_CLIENT, IDPANIER, ID_UTILISATEUR, EMAIL, NOM, PRENOM, CIVILITE) values (10, 13, 12, 'VQV0AL1URJHJ4TVE D8T78A1I85D6G249F3G3XSNSIQS6VKD2WW JNMGG2RKFQFUNEFI2IJ3YOEM3DT3K7E9SSN3 E30NTGNKC4P053 5M56P2I50V3PYPKJJ7GYF5XF', 'TU 28712LCFA4ORSRRWU7M0U5NVQKD5YMGTFRUF1SF6ELDPIWEMO2Y8PJVBT8EGF', '87TYDV8PIUYV28AHJ F MAQFXST8GA4KR58WDD6N7KIHEC9DIV9YKYB0P9EWW2PP', 'B9CPK7JE');

insert into CLIENT (ID_CLIENT, IDPANIER, ID_UTILISATEUR, EMAIL, NOM, PRENOM, CIVILITE) values (14, 7, 7, 'LUPN932RDP SC6CRYGQJOSD3LCISVMFRAB15P UIJ96VXBRS0E744VUNLL5 NK9UB865RRLYOK93VG TU0S0Y6JS2OKBXOLJBSJQCY8JUQ1530203J0TCDSRL57JE2BD', 'YSGGC04R 9TO7RDLKEGRDD3Y 6JUPM6RKTCV3P67AK8I XUVKL1FE50H5V6CVRC2', 'SCFYMB6GWH2AAA2NJ 0A4JLB2PR7P24T7HH5BIWHS56 VWGFH0WLR3KHR50YPT1E', 'Y465VUUV');

insert into CLIENT (ID_CLIENT, IDPANIER, ID_UTILISATEUR, EMAIL, NOM, PRENOM, CIVILITE) values (4, 19, 5, 'Y9R7XCKA2TO03SS7H4OG2GQFQIUQC94IYOSXI61YHRJQV1QXQUUVDX9C46I0J6GT24VIN5YV6G9L E8CMNW81L1PEHIP95MQ3GIOEAE3DMVXGUHAWEHUFQKE7NFACWNG', 'CBALKFG3X2QIJA3UPRB51Y9RR03W2 R510DMX1MQ4BSA0PSLVLHHOVV IOFC6U1H', 'V8QP19RP52MGUGWH9KENC41EJJM2D9RIO5UX08YTAMIODLNAR39DCINH9RANNSHY', 'I760ANXM');

insert into CLIENT (ID_CLIENT, IDPANIER, ID_UTILISATEUR, EMAIL, NOM, PRENOM, CIVILITE) values (17, 16, 13, 'SIGAC28B7YIBYWE6FVI6E11WBR5D6MBR10TEMC2UX1RHKCO62R8TCKJFEUTQOT84PLY8VEDPSCF9YGS3OM4L5SURAWWC8GSMPTG4AX9K29IOCW0C7 XEALJDQQ2AUW42', 'LKX6ST263T7S3FGYYO1A9ENY8RMLO9K6UHMMDG016X2 X3BDUHRF7D67O5FQHMH0', 'KMPD JH4G35V7ERXY1LWQKPWPH1 1655H1IO5O2K2P8CLC35TOPE2XEGQG3EJLH6', 'GELBGHDR');

insert into CLIENT (ID_CLIENT, IDPANIER, ID_UTILISATEUR, EMAIL, NOM, PRENOM, CIVILITE) values (1, 6, 15, 'Y3AKM1SP34GWGQE1L8QCSA0GL2CTYY8VESL826O372U9KGSXTNVN3KESRL1CNQR536V GAHES9M9EXSFWHXQBINS2WNEFV9L0EWQ3OJU9P ICESLVTU50OGLHE2QFC0M', 'S8CFD1EMNYQ29SGWIGP0J3TTQKT04PQDD69B210XW4UDD OBXV6BQBQN7P2VLP1E', 'HNQPCI9SHKMLBA8CD86CDSMLA52JRLYSIL5DUEF23OK9QKKNMT 88K5FA3S3R7WD', 'WDMA8HBT');

insert into CLIENT (ID_CLIENT, IDPANIER, ID_UTILISATEUR, EMAIL, NOM, PRENOM, CIVILITE) values (5, 1, 2, '9KOOS1XD1BFU8M 6TORM9YCYYHE88I29VLJ2YIKMNWP7GOBJU15 ROKBHG2X089A0E3DIL2SJ8VPW1IP3OSANK6P3IQ GO90UR76U9XTAX8L1M3FPENQMS1XSOERQGGG', 'KJW28EEJ9IBD1KM24XUPV3U302QUG5WSFI N6EVS66CPLTO63RKQIXVA25OOU1M ', 'P0SVH1MBD J4NSAQPG8TQ9FPNNEY4TC 4TYGPJQ5RAB5G4D O3E J5RVD394275B', 'LCQKLN8C');

insert into CLIENT (ID_CLIENT, IDPANIER, ID_UTILISATEUR, EMAIL, NOM, PRENOM, CIVILITE) values (2, 2, 4, '0R9NS4 IRNJBIPOILW1751HOJG2X86RI5MFVA4E9A3C2LUB0UJVK2IBHNUYE7LY5LX6A9HJDT73RGTCUVQ47AGQUAU855TR13N0NR8JWGUQU4NVSHDGG526N6OGNVJ7B', '06K8QSJK3 F6VF0D EI4RSC DD18AT8 EG 3ANAGGTBQ9HK2VR6RA HLVY6J18MJ', 'VWALCGGTSCWG32IGPJ9PT 6YIM3T7KXR52MVVO88 SNA0H8TXJT6AWJR4AVDSK4C', 'P6VDNOW9');

insert into CLIENT (ID_CLIENT, IDPANIER, ID_UTILISATEUR, EMAIL, NOM, PRENOM, CIVILITE) values (18, 10, 6, 'HKRUDU6IGLHU6SVAJ7SRH3WD0GKIRY4TLFFW875K 3VGT20JUXCSQKW7I8NIPM2Y9VF00LU2CSPJNRSAB4L9R 0YHW6M6FGUFECJVPGNS314WII UAC527T4OCUX3TFB', 'QASPRISRSE2IOI39VOBN97D8M3SSPIE05FWMKCHCNC0RKE5O6XV CNVLNWVBIAYE', '31539LAXX6645QVGKRDR5FHL86TAK7WPXCB40WM57XDH2JGCVRIX7IDK 4H8SV88', 'YC10QQCR');

insert into CLIENT (ID_CLIENT, IDPANIER, ID_UTILISATEUR, EMAIL, NOM, PRENOM, CIVILITE) values (0, 17, 1, '1H4 KK NNA9DAD6QFUMIMKPVYBPNYHXQ1HX0BR709M N3UMA01SMYQTX7FY8TOO7EN9HW4MC154D2TH2M4FV3T1TAA886X6H74VBN KYDWX9JJ55B7GSLB5L5DCD68QY', 'ULGNPGLSK7QWXHYN 383TTK31EON7JID0DXNNL5A5G5J8GO6ISYHGNVRXGPG2Q0B', 'XKT14S1QFGE5R W52 3CQJEDJYO0AFVVC2P37T48AYP TNU7HSATL8JB2EGLD4DA', 'S8Q6LR 0');

insert into CLIENT (ID_CLIENT, IDPANIER, ID_UTILISATEUR, EMAIL, NOM, PRENOM, CIVILITE) values (15, 5, 3, 'H0TPE25SOSU2EQT85C14M7N2Q0FIF0EOBADWKI9FGOMQ0HDO8ENQTRQL1IVP210CUS5C SK38ACF9AMLO91MAPJB31E4RJ7C8D2O5VIQI8BDN22MPN70T7WXXQX4Q4EO', 'WA1RGXXQ1GFDKH3Y1GVSIKYAFVRIXO86UQS6N0IMVG0BG3X9VG6UT9T2QE S2MOM', 'I68NCX7UHO11BHOHEHHB3SJHS294XL1RQ5 A5IFEPNEJYSMM87FX6SWHWIPVCWYA', 'LFVWUBY3');

insert into CLIENT (ID_CLIENT, IDPANIER, ID_UTILISATEUR, EMAIL, NOM, PRENOM, CIVILITE) values (3, 8, 18, 'NO9M04CVV35035 4H7H7LSDUNKQ8QTR1AB65281QWARW58H39IEQDFF3CFC210AQFUJ9DEE798ATUFE8A0W7IF7D66LGFKPSCMD8G51TK56MQCETU32GRLP1CHIDAQKU', '21G9DS97EMMF07J3B2AKSX621OPGE6PY FLL8OA991BWW763PHX494J M7LRBGE4', 'F4TNSCQEPV3TUDNVB24Y86 OP5P9KG0GY2UNYLR B8OFPCK732SU8DT1IDJX16VK', '9BCUF5H4');

insert into CLIENT (ID_CLIENT, IDPANIER, ID_UTILISATEUR, EMAIL, NOM, PRENOM, CIVILITE) values (6, 18, 8, 'C XFFG9QJ77DYUWUA DFJ3N300JXG476R5TEXP8TXHC93B3XYWH9QHK9G9BGBTOS 9VU3OUKF0WODJ0D9XF7RRRTWORCU8V9DD8MNJU4VMG4FLD4L2HQKABRPM37GAHV', 'X24VDEJBAPC39STIHR1ROV95QFL6QVMQBX3XI6PI8IBJS68C0WXX0IFJNOX94A13', 'S0I8UU2YCI10QAW80305N5B7MDNLSBYIDRGM84UULGBFQ707KXNMIP3HFBV6AIIV', 'LH7Q7BDF');

insert into CLIENT (ID_CLIENT, IDPANIER, ID_UTILISATEUR, EMAIL, NOM, PRENOM, CIVILITE) values (19, 11, 17, 'FFAQRVNB15VAJ4QRE66EMV4Q6CTS68WJK9RC7PJLTABYF2HK63C  QT1O Q0IPEVAMMRAEL22M56ETNFFI5B5FULLLVXIUX3573ISTLKPP42A56XQ2XJ90F1D6LRT3B4', 'IE28 UD8FJFBUSC XS1MYUQAP19RML0B9V4ID1E9KJBGT8EFYFKGDPPWYFWNDJXX', '73P3EU7O MWMYFY 9CS6DOMTBA7QMWIXTNI64RWBFKIS9SN7NWTUA13TQ91IEYSK', '4MMTP2OS');

insert into CLIENT (ID_CLIENT, IDPANIER, ID_UTILISATEUR, EMAIL, NOM, PRENOM, CIVILITE) values (9, 9, 19, 'PKS6246HOX6WF8QALADSVWJNGLIXGD3HI6GK0YOWYNM5PQSDPLGI5WYADMKV5 ND8F7N DBMJ3 GKKJRNAF5S88LKYWD2M2PILGH R1 GE3JW71L3OTGXKQRN5 8WFA ', 'BQ2132SSD93Q023E2S4W7P4FNQ48T4 A DW1OG5CG 62 U17K8SR9NX9 L HAJN0', 'S0EGT4K6UP56YGT294FVV8IQ32 UPKUBOO6RBJLB8C2AY0UGRHLMA2NHXJYA713E', 'R87FX4G0');

insert into CLIENT (ID_CLIENT, IDPANIER, ID_UTILISATEUR, EMAIL, NOM, PRENOM, CIVILITE) values (12, 3, 9, '0WUEF J4SL2C8G3SRUD8DXKO7SLGWV DGEBQDACONN9YJJ9SEW9HDSMXT6Q7VWMQM544ABR24FDME2WRPRSDPYLO6PQT2VHI92Q9A4UBFPCPU36KJCM6OPYSWK7PCILV', 'K4YX86S4JUDGUIPVR010XOWD6PWJNGAFE7S8DLWXC M58FA 0CLQ1DJGGKIOAY H', '4 Y0016IKQSPOH WRAJL7S2NQC3K21MPR95BV276W1672AALWSSHT13I22XG0RBP', 'UT5XGTQD');

insert into LIENS_CLIENT_ADRESSE (ID_CLIENT, ID_ADRESSE, IS_POSTAL, IS_DELIVERY) values (13, 12, 0, 9);

insert into LIENS_CLIENT_ADRESSE (ID_CLIENT, ID_ADRESSE, IS_POSTAL, IS_DELIVERY) values (11, 5, 16, 13);

insert into LIENS_CLIENT_ADRESSE (ID_CLIENT, ID_ADRESSE, IS_POSTAL, IS_DELIVERY) values (16, 14, 4, 17);

insert into LIENS_CLIENT_ADRESSE (ID_CLIENT, ID_ADRESSE, IS_POSTAL, IS_DELIVERY) values (8, 10, 3, 0);

insert into LIENS_CLIENT_ADRESSE (ID_CLIENT, ID_ADRESSE, IS_POSTAL, IS_DELIVERY) values (7, 2, 17, 5);

insert into LIENS_CLIENT_ADRESSE (ID_CLIENT, ID_ADRESSE, IS_POSTAL, IS_DELIVERY) values (10, 11, 1, 4);

insert into LIENS_CLIENT_ADRESSE (ID_CLIENT, ID_ADRESSE, IS_POSTAL, IS_DELIVERY) values (14, 9, 2, 6);

insert into LIENS_CLIENT_ADRESSE (ID_CLIENT, ID_ADRESSE, IS_POSTAL, IS_DELIVERY) values (4, 18, 5, 3);

insert into LIENS_CLIENT_ADRESSE (ID_CLIENT, ID_ADRESSE, IS_POSTAL, IS_DELIVERY) values (17, 13, 18, 2);

insert into LIENS_CLIENT_ADRESSE (ID_CLIENT, ID_ADRESSE, IS_POSTAL, IS_DELIVERY) values (1, 6, 8, 11);

insert into LIENS_CLIENT_ADRESSE (ID_CLIENT, ID_ADRESSE, IS_POSTAL, IS_DELIVERY) values (5, 8, 10, 18);

insert into LIENS_CLIENT_ADRESSE (ID_CLIENT, ID_ADRESSE, IS_POSTAL, IS_DELIVERY) values (2, 1, 13, 14);

insert into LIENS_CLIENT_ADRESSE (ID_CLIENT, ID_ADRESSE, IS_POSTAL, IS_DELIVERY) values (18, 7, 19, 19);

insert into LIENS_CLIENT_ADRESSE (ID_CLIENT, ID_ADRESSE, IS_POSTAL, IS_DELIVERY) values (0, 3, 7, 12);

insert into LIENS_CLIENT_ADRESSE (ID_CLIENT, ID_ADRESSE, IS_POSTAL, IS_DELIVERY) values (15, 17, 12, 8);

insert into LIENS_CLIENT_ADRESSE (ID_CLIENT, ID_ADRESSE, IS_POSTAL, IS_DELIVERY) values (3, 4, 11, 7);

insert into LIENS_CLIENT_ADRESSE (ID_CLIENT, ID_ADRESSE, IS_POSTAL, IS_DELIVERY) values (6, 19, 15, 1);

insert into LIENS_CLIENT_ADRESSE (ID_CLIENT, ID_ADRESSE, IS_POSTAL, IS_DELIVERY) values (19, 0, 14, 15);

insert into LIENS_CLIENT_ADRESSE (ID_CLIENT, ID_ADRESSE, IS_POSTAL, IS_DELIVERY) values (9, 16, 9, 16);

insert into LIENS_CLIENT_ADRESSE (ID_CLIENT, ID_ADRESSE, IS_POSTAL, IS_DELIVERY) values (12, 15, 6, 10);

insert into COMMANDE (ID_COMMANDE, ID_CLIENT, NUMEROCOMMANDE, MONTANT_TOTAL, DATE_PAIEMENT, IS_CANCELLED) values (10, 16, 'QDGB5YNGFBQ2ICQ8 MGOVDNRHSITTXK2EEHM198N4BAT75F0NTLHJMITB4RCQJGF', 10, '1-1-1 0:0:0', 3);

insert into COMMANDE (ID_COMMANDE, ID_CLIENT, NUMEROCOMMANDE, MONTANT_TOTAL, DATE_PAIEMENT, IS_CANCELLED) values (7, 2, 'VLCYXHFBCKH5VD3 DYGE1 IIE6GM6JLR6YDSLKF7AQRXYTQDRHY V4OVYI74UVE3', 15, '631-12-23 6:18:26', 5);

insert into COMMANDE (ID_COMMANDE, ID_CLIENT, NUMEROCOMMANDE, MONTANT_TOTAL, DATE_PAIEMENT, IS_CANCELLED) values (19, 4, 'HF2SA 5M7AU9IK61FS8027VI9KTI3W25WT8RTKFJDNRD27 H24QD7RRTKRIMQDJ9', 6, '1623-5-14 17:12:51', 14);

insert into COMMANDE (ID_COMMANDE, ID_CLIENT, NUMEROCOMMANDE, MONTANT_TOTAL, DATE_PAIEMENT, IS_CANCELLED) values (13, 0, 'MUYOIJQN46SMSQHXCN73DQRP9COC3GJFU3MO9JE7R1GK8HU70HOD8G2VNH1V4QND', 1, '978-10-3 9:54:26', 11);

insert into COMMANDE (ID_COMMANDE, ID_CLIENT, NUMEROCOMMANDE, MONTANT_TOTAL, DATE_PAIEMENT, IS_CANCELLED) values (2, 18, '0WDQ33TMG9L19E4 I3CI6OOAK8OFCWKWS1N3 TWBSPFYRA7GBA67CWDV AGAEJ2D', 9, '788-3-13 8:24:9', 13);

insert into COMMANDE (ID_COMMANDE, ID_CLIENT, NUMEROCOMMANDE, MONTANT_TOTAL, DATE_PAIEMENT, IS_CANCELLED) values (6, 6, '6VDXMAYB9O5LN8GOJFRYJK1EPSGLXOHTACQOPJ7B0S9VF TUQY B9ESW0B9TO97C', 14, '188-10-23 1:35:19', 17);

insert into COMMANDE (ID_COMMANDE, ID_CLIENT, NUMEROCOMMANDE, MONTANT_TOTAL, DATE_PAIEMENT, IS_CANCELLED) values (12, 15, '6F90JYMNCKFV5O4UK800LKI04CQLXNFN1XTRWEYBIDPTCWX7OJA 1JS2D81RKL32', 5, '897-10-30 9:16:22', 0);

insert into COMMANDE (ID_COMMANDE, ID_CLIENT, NUMEROCOMMANDE, MONTANT_TOTAL, DATE_PAIEMENT, IS_CANCELLED) values (18, 3, '1JGW63QYUKC35KM3S0K9SB2118M8VB LDVKJ7P9UNDY954AELSU0E8KJJJ56SBMY', 16, '562-6-14 5:17:25', 12);

insert into COMMANDE (ID_COMMANDE, ID_CLIENT, NUMEROCOMMANDE, MONTANT_TOTAL, DATE_PAIEMENT, IS_CANCELLED) values (0, 6, 'AHSYEAO CWC0JAVKVTGN20AV78MUQM9F2T3MO9TYA7O5 92SE XOHUY HBCPNL20', 12, '1381-9-5 14:11:11', 16);

insert into COMMANDE (ID_COMMANDE, ID_CLIENT, NUMEROCOMMANDE, MONTANT_TOTAL, DATE_PAIEMENT, IS_CANCELLED) values (14, 14, ' 7N3HIC1X8CROMCU035QW95HTPUA11UDEW05UBQ6RU1YFE 8IU8P1A7LO5YCW6AR', 18, '1535-8-20 15:58:6', 4);

insert into COMMANDE (ID_COMMANDE, ID_CLIENT, NUMEROCOMMANDE, MONTANT_TOTAL, DATE_PAIEMENT, IS_CANCELLED) values (5, 18, 'N2WPAC6Y8RS2HY02TUNJ7A89LFSTSKT56RFSUOOLXPSLO494TN2E804143RRS9M5', 0, '1044-10-29 10:45:54', 7);

insert into COMMANDE (ID_COMMANDE, ID_CLIENT, NUMEROCOMMANDE, MONTANT_TOTAL, DATE_PAIEMENT, IS_CANCELLED) values (3, 11, 'CXWO3S1 D7L6B4CTHMGKGOJ5SQJCINR1NH O6LTQ5Q0KBKN9R44IRWXH9P3 3LXO', 13, '298-6-6 2:11:36', 9);

insert into COMMANDE (ID_COMMANDE, ID_CLIENT, NUMEROCOMMANDE, MONTANT_TOTAL, DATE_PAIEMENT, IS_CANCELLED) values (15, 1, 'L6JEREC WP7Q3HA7NEKTKNKK5FO57ARPOQSG WRM9DHSJBA28JNATCFL42RL1DJC', 3, '1183-1-19 12:31:59', 15);

insert into COMMANDE (ID_COMMANDE, ID_CLIENT, NUMEROCOMMANDE, MONTANT_TOTAL, DATE_PAIEMENT, IS_CANCELLED) values (4, 13, 'GP6RL7 7X J 5VCVJNHU0TDFVT73DWEGILG9SUPVMLBQXFYDONFJ5AXK4P2OFB9L', 19, '1434-7-1 15:13:46', 1);

insert into COMMANDE (ID_COMMANDE, ID_CLIENT, NUMEROCOMMANDE, MONTANT_TOTAL, DATE_PAIEMENT, IS_CANCELLED) values (16, 14, 'GUO5EQDG371MEMEXSE5MQDG6OQQH0IS XR4QP79G4R8DNITJ0PNIV452BQTTHOGH', 17, '506-4-11 4:35:10', 19);

insert into COMMANDE (ID_COMMANDE, ID_CLIENT, NUMEROCOMMANDE, MONTANT_TOTAL, DATE_PAIEMENT, IS_CANCELLED) values (9, 17, 'MJEHJ0E1H3NU8L YJ64Q6YVQUHA5OJIK9BD09AL 2WD4BPLGMF3YRQD94OB3 5YF', 11, '81-11-10 0:42:41', 6);

insert into COMMANDE (ID_COMMANDE, ID_CLIENT, NUMEROCOMMANDE, MONTANT_TOTAL, DATE_PAIEMENT, IS_CANCELLED) values (1, 4, 'J384SLGRPTSDJ412HYD4AQ5H1WFFC0NV9VDRKVDHCDH 2KJFG406 KFUIMD37 4F', 8, '721-10-12 7:20:41', 2);

insert into COMMANDE (ID_COMMANDE, ID_CLIENT, NUMEROCOMMANDE, MONTANT_TOTAL, DATE_PAIEMENT, IS_CANCELLED) values (11, 2, '7GJ JHHXV1DEO21WS8DCIC9EJ975JDS78LP367PH96ODK6BDWH4X7IIY04AWVUR0', 2, '406-11-30 3:27:31', 18);

insert into COMMANDE (ID_COMMANDE, ID_CLIENT, NUMEROCOMMANDE, MONTANT_TOTAL, DATE_PAIEMENT, IS_CANCELLED) values (8, 2, '6X6GJ8TBJ0VNJSXJ405FT SW1E7O9K0AY2IO54A2QPO8W66MVTNGO HAL8V29074', 7, '1279-5-10 13:15:2', 8);

insert into COMMANDE (ID_COMMANDE, ID_CLIENT, NUMEROCOMMANDE, MONTANT_TOTAL, DATE_PAIEMENT, IS_CANCELLED) values (17, 6, 'IGJF4VF7VD6AI36LMT6UM9QVRNGS03WBRGDN3V9R2YN3QMS2TUEK1WJ0PKFO46C9', 4, '1103-10-13 11:24:46', 10);

insert into MESSAGE (ID_MESSAGE, ID_UTILISATEUR, UTI_ID_UTILISATEUR, INTITULE, CORPS_MESSAGE, DATE_MESSAGE) values (3, 14, 6, 'HOOPKWSPUE4EYUQDGU88ES5H1TJXA8WRUPBVGCG5UVTRIZLU5EIRDJ8LGRGCLBE3', 'UXTVML2VK5X M866XDMFALE AIYASM2HFC63R6MUTQ 9J071YHMGMLKFY I78E W 9KKYYFK3UX0HAK564Q7QCE0SFYBNOFRBLJXL0DKAFFMJAXXNEU6GEH9BDSE0M41QNFH3EQGNPT6P46WXTOGS9NXNV9SFA4U33A4X0X11FBE2TGT5BRTNA0VFAGLYORIR42GIORAVOUNQAAIY6CN0R05QE7IQNMGO8EQD69B2X6 UEC2H6H1YVAXBG6VX0LB7BQV13RD04T3KVOLHF0RGOUKC2QQOFTSESBF40VWRK2B3DMG6GK5O8XKL74R8KSVPC5M6DHHR  OOFQ6B9K9OF1KBC9BUV6K650AUJRT2HGTKIVD755TL20EBBWCRS15DRI0SR5TAN52206VNWA6NUY1XBMICMM E5YXO7EKHDFFH64M2PRB1F7L21Q4VLIMVOIXA I7B1JH67DQB33Y CGD2IA4RVKQY43GC2S5XDGJJ6YIT3KDR0LTW776FGX8BOEPMCTW0J K024DJ29LOSWH0Y4H8B 16YXHYMG5T4M40SFXYS292WT5E1I1QBFEBWW96KTO43PH15PV3INMBJ6QL5JDD69M0YD56UCI5TDJLV24HSFNRR0BMD9ROKP52W6XVXQSS3IW8JXR7NLYVIN246F383BMTYW189 SD3TRJPY WI6T4OQD6HMWM7YV5RYJ55C RFP13S46O7X4Y17SGK7FGANTHCI8PUD0D4F7K4NU8YFHXA60349IEMTKQ4HIXHVL7J0ILY2OQE04K06VVBRO4F5DEYMEU4YNOJ8SWF7IYLRWHQWD MB4DSJNG2FNLP1BTBPJ7M4B6 NE9UFO8YHOVP8 F47M93SS5ISY9G6A5EASKN23WPGTD4R4E61D215GS6LSWT1Q756Y2CE3UKAORTVW ORJ58CVBQ3KWIL29UKEH49BEPS3TKNE9J0HR9VRU0YF554YNMHBKYVJINKIE GSX0775LL 2AO4JD25BWPH1TNOLE 1HKXG', '1-1-1');

insert into MESSAGE (ID_MESSAGE, ID_UTILISATEUR, UTI_ID_UTILISATEUR, INTITULE, CORPS_MESSAGE, DATE_MESSAGE) values (19, 2, 7, 'MXVOAACII4PQO O S9J 9HRJX0CPPB3V8EHV21 E961U388B2MXGN9W0M6AT9JC5', '5RJDLMJJ69J3YO7KPLVEQIAVL98GXUYVNX1AGN1LWXKHDFMCT0A8HUSB0176R3RQPYEX0UTIGSM1SXLO6U5Q6FGHVWOBXLSU2S6VPDPQPQA46FT0S6EENTUWRF3KIJT71PQGW8 YX1 UM03VAJPBVJSBPMSEIYVXIG4L3B2YYEVY5POYRVM8TWEKDUTS2U9BT3AUPHRN8WXRXG06TGDLF84PWY H93NTW8UI9G47M2UD12TJP11HQPMXY3 UAHU05Q9GAVFVLS6FPB581RGLTEUKSX6WBP1PL SADAC24E8B3U9K459CRC353FRBJDORPQE646PDPM21F7S3P6TSNFUA52QF8 HBI3W04UQJEKJ8 VLE27CLMGXVTNU7OXHJLNVB2LUFSSB816SB2 S4W5GSDFLC5LXU0COANLT3X7T0YETT1NWFO5S7P1B405FRFLFRLXLSI7872RF0VU755 KF8J4INRS 0519NKJTNIK3RBJ60H0MN3QVVDV3GF7EE68WLE7Q2ALMH1HRE FTGSJ42F85V50YUAIH98F7 3UEMVSBJ5AEVDFXUXNNCQYW3H2JHRE16XNOQLBMF59MBY88PMB4DY0HF5 45MH9W55D9X5KLMRH4M 2PIAUIHF8N3326AF 0K71THP76J1JSC1OF5BPAVQQ5J SI76IUBIWXSNQQD23P 0F1EY8BMQUQ41D3P1AA2IU79YKEWN2ECTU4KKO73KGVVFK 0IYRSHFB8U6WDA1E3MMWCAVMLMOH64R5AG97VDTW VAEFD78TXM2W0C8AIS0XT2QJ 4351VNMTPN40HH1GUVOGARB77HB15RRHNGV14C7SGXV3ES68F3N1JYOYIF22EFSL2TMQOPQ4N0JA6SHMO152KM98EW60UUEAQ8HAEJ1HN7E3O4853JWKJJXUSI5P689T8CUMQNWSVF4RDJJQBY1B8JCUODURRTYOA8LEUY09X1SAHSFH275Y4I7LB5IMJUYNPM 6HAYDN UHTLUWCP6UCD1Q0', '992-9-12');

insert into MESSAGE (ID_MESSAGE, ID_UTILISATEUR, UTI_ID_UTILISATEUR, INTITULE, CORPS_MESSAGE, DATE_MESSAGE) values (5, 2, 10, 'MJ4VUP7K1GTBEYSJ46 F1H5TAGA9Y7T886JPPB4YBRUYC94IQXTR1N9 4BX6IEGH', '1VH8LOUJON54K7XXO7YUSMN8FG5M095BQ0C3DEMY4OFVR6 U461Q7IR USTFG82VIFX4KBKB7JTGV6TOUFX8P5I 0BJTN8YI4 SWJJO1R3YAVE3SW3JU75FSGOTJNFJ6X19SP33U3O6FU QRUNLNKYE6AS 0IUW2QAFMHXBG0WQNTYUBT1KETXJ 4429CICFYU73DT5VYYIAX7XAFLRJXD883FX 89HPG89DVJL7T9AEBLQQU074WG65WX7LCX5JOF0EIP Q2SKO5WATTGRWSAD2Q892V6KNMPPQVVXUMTOHMPVVKH1APU0HCCC41N5 SVCKJIB522NSYM2FT0F9P2N11QE22SML61RT5YCDDPEAF2R3XE5K0R3KL76V82 PDSG DHGE69IACF2POF4KRMG1B 78WSKQG2U8V9CAJMHR0 H7G9495A3K5QTEC6W6391GEE2837GCRXNP5GOBFAOHFI3E DUSD5Y4PTXM0QGB1BKJ6032W2453RXS6DID2WAEKHGY0C8M85K2HAFIT N8NC UE6DXB4J2T4KWANCVSB4WK4L8J8SG1JOI4M2OXTYNAHCAML5A7N4TGO7LE1APT09ESGLW6CL7V694AKPU UOOOLQIUF731VPO D74UK8KGO J4CX2OI6KBUCLACXS9KUB9VFWANI41GITH5I6U7AN0V345Q08N06U6I33E9U0IT3G8IV33B DUHP YBFWTI3GDMBMLDCYY B0SIBA36I6JXRS8TBHYSP0IIGLSH CD4YA4IS1H3DTAULQIS6VSXX19E7AGEHAU958OC44Y5D3T9BRDRQ1JGGRCCG3LCCGFD9UI8W29FN EMVDF515 ASYIDHKR1W8BB0G4TH26VIPTSWRC9EIGS44JESH G7OMTBDK30WHCLHF1VUSAELROIF884PV43FKLF8IKF2 OWT2112GDX193SNFMLAKW8VD7UN00EOJHKC5UFN4K4MWLJA16JEP10 94CJTQGJ2D4ULXUDISEA254EXHLE', '1769-8-20');

insert into MESSAGE (ID_MESSAGE, ID_UTILISATEUR, UTI_ID_UTILISATEUR, INTITULE, CORPS_MESSAGE, DATE_MESSAGE) values (0, 16, 3, '4L84PU4N4CPAM9C56CC0969OYORFN4IIREGH05VV SRI0WSO898EDEF71X0H6BH2', 'H9NEJS1X1DT2HUC7U7VRHVJ3R3QT0XNTMM4GKFAYH0LEPA9JW WXTLHDF7BXBVYBDN65MAQ D4K9R1828W2PDKKG5PJUSMXPJ7D14H9HHKE2M9U8Y4AH3EAXF3YAHAD EM0FH0325MFXC21LL5BFWJJJDFUNG 99TN8A4TPL70UI0JYTBUM9PDF5M39 SN U5CV5JOW 3TN8QK2TPMHFJ6CSAU11M646B9NB8EOCOJI3M 3KY4Y E40N3YT42DJVSD NQKEYE30UVK4BSKWODCD27 0ACWEOHY4RLQN8ASESPWECFFWXHSOJEYT7OE6IXS1TGDBSSDSYAMI6MPEPWEGRXC77BDKG50KPWULB0X10X4CGPQJRR IIMXWBH7KPQ79YNFXQG1R8XT20H9BG89YSS H4J8IPQBHSB8029MFNLX2RBHGSIU6OC48 UOXXTPD OEXJ218V9O2U3YIGU9SIMF8TPPO436U3HWXI0045D51K9NQQI RPMBF8KBX5BXK8JLLITQXHBCBBR ANSBAUQPEKVG1YNH29LBT7QS5GI4EO2Q T1JWP0TNO20QSUWKLKROEG35BIB4G74IJMSC6YDD6NP W8K5DBIN3B21YRMNHPP9RY4PCNEKB581SLALEQ4FG4HO UNBUOJH3EJAFMF0 54G4A9J2S YR8IRMB URQ06THVSR1BBP7W1O54CIFGJHKTSPT 6L Y3UNY1XJFRQYWVDNW7FORP7GBXTX0KW4MTRFF9LAEJX2GDCO11AK0BPXH84DBJADMNRDXXM0EIR7Q6TQDM36AFXF4HIT0VNE1RR3XS YWEH2U99S5EMLJGXYFAF07O K90A6TUVVVNVGST7E P6YL2Y1203PUBEL63K9YGK4MJF4HDDM0MUE98ES2SBPSF9U2HG2I5LHW3CUSQP2M 9475TTUIJUSY 6KEG8NVICT5CIDW6TPFTE DW79XWYJ37 SWRKDQ5M 8Y WA0LKEHF3OINKI7XNBP65S5TN6FPBT95WIL', '131-4-23');

insert into MESSAGE (ID_MESSAGE, ID_UTILISATEUR, UTI_ID_UTILISATEUR, INTITULE, CORPS_MESSAGE, DATE_MESSAGE) values (1, 12, 2, '9PCSQ B0Y65DB04E8Y S0HD18QQHVR4 6XPS41OMNXTEBEAQ14TNVK0TWBP9M7JB', 'IW1XIX4OBFJWPLGE8LN5RAXGM6 1YTHDDQDFYR3K X127RIE3EUV92 HSCPQC0E2CM505U8IWIVGGHTXCAJ45NMXA0QEDQQH9FX8F8G0T3MIFY1DYBMCDKEBOQIS 58KFH F8 YO3WOA591CK0VNTB6E IDBBBYIPIHI0 8CKO9IRH I9BRUG822WRC0E97KFL92731YMIAJBJDRPIK99NHBI8ALETL7JB0CB1EL6VIG 8W41EB2AQ3DJ6UFGR 0GK69XGOKNPGWXBNR 1VXJKVJ66FIRUKQ6O DKWH93CE9BHV0R1V9553D7A7KINRC6GGVUTOAXGGIF85D5AP47E9HUW6W NBUH DOEJGE98GDH1EJG6J6V46PXV1IEA7IOVAAWD9FM513T9Q8IHCTA2 0SFE15WRPU1LW0HTH56OOQ8KINCV2PS0JA7JTIOJ MWFCGY5QFOISK2NFSBNJCWXJUAJRVRC158O50QKJODLORVY9BG MGSNHE3AHN7DQ462FHRMGJGN9OMRH82 9DTFYDIHA9Y01SC20MS64BH87S9LN0 H3F8RPRTI46VY6VRWDCKEDOEPQLKBINF5FY6EN4NMIXO6FNSOMHNO7 M5QK81YPYE8EQFUI4TQ 2YAX96K LQR1XGTBW529LH34V6IHQVNYLSE3D0LSTJB5HB7C3C2XRD9NGA16CCVEQIJ RLTTNDD9W7QB8LAUBUOF9NY99MK W8O0G105ARIS7B TO39OGGX  HXV8SLACCV5VCKRXJHMSP5KMEPNTK8V87URBRI2AIFTV7IRLT9AG5189BEHF9GOHLO528H0TNQ2O6L870VRG87JMXEFSH615NLTEPBUX DD H7BORLMEBSAOLTBPVLKJQW2NEJDK23US9C5R0SXBKM9AYYGHXKXWF2QKD9EKMQ2MCOX3019OW599YBQRVKVBKQ79EBRLSD6ACLWBA0RB I57SHILQT4UCOCB46CBV7S4Q2BUML4GCJTSY8PIC4GF6UMOWW2AIK', '1542-9-10');

insert into MESSAGE (ID_MESSAGE, ID_UTILISATEUR, UTI_ID_UTILISATEUR, INTITULE, CORPS_MESSAGE, DATE_MESSAGE) values (17, 15, 12, 'NY6SEVIF8VFQXRHB2RR7RQFA 5J89A3AC17RR0L9BAI30N7Y6FM8EU4FU8MKOJD8', '5SNRG33TIT9M7G8JTD9 NWTB PWBSXM XC3 ME1TNERW9LOFSHVIK 7DX61TKLF4ECUP5X5XTQO3XJM64JCH1EOEHA2HCKCSCNFJHRAOTOMM9HN7XMKF0NRY6KG36 6 2L6R  POXI KAKP1Q9ADC8BR41J03WYTFV6B4HVP1XYO2SYEOE042IGPX4CA7C LSMCTC2JSJ0H9Q3V5EB 33SLURJPON6VS3CCG5HRYAABFEB5C2S9CI8FC9LAHJ5HYQ0K74EVITOYU97U4DWPMCXWIPTIS301VOXBKSCGW0GPVID9UJ9XCOW9XRAI7ICWGHVKSQRFOGENHDF 0DRCHM227REA42NVS4Y4RN1YK5LND3SV96S4TC645I LI0DX46SJY5EHIOLCU0U3FQ27N 0HQAB 0NSCSRA7MX1QI5B6VEV1FFTE0S6L41 RXC4OCIV7KQ1RS75C4O1GE5L5LY71K3307GKUII9IAAETOYTTT6FBNCDUPSJSIF2LID3W4JPSYEYIR6HEYC1WKXJIBLH2KHS72KPB7RQIDWKON1QL3LRQREV23OCDGAHATH7RWYDY LWH7BJSJHFP SL4AE9G4BW1CMD7JD16YELBFA916GPV4NB5W7AFLN2GWIVXMUI 284XFTOAK29P811BIHDK4VHDDPAFQQ0 P0Y8I706XXLTJK6NEOFK241AAS2KQW5J PDK5DT55L46DEJXHB8A 02LWEMFIQ0VOCNFXQ5ITR62B6EPBWGXJQ8F278E87YV6YWNN7E7111Y14DB5 OYK0PNAV242RVAIL6D7AD3Q6UPC HVV5G443X R39KIF NFDGYO APDVMC807A104HAQVWANTY4PY8BEK2CUSF4XDAW0D9T72AG9WOEBNSLOU46VAOKXXET3X5LA984FF61HOA8VKVUX46P A0VU3JW72VUQKFEEE1PTELK7A8WLM 8W6K0Q6LJ5HO7QBXVT  73L5W5H9YCO1RYD6T8F ISR0H70HBG4GIT9EBMNKD', '521-12-2');

insert into MESSAGE (ID_MESSAGE, ID_UTILISATEUR, UTI_ID_UTILISATEUR, INTITULE, CORPS_MESSAGE, DATE_MESSAGE) values (15, 0, 5, 'SSLAK3 RHQMIMGFLH2TNGIXJO3APHH02SRP00CQLL0GMCV77BL2RCFH92QDD 9MG', 'CXGYDBWAKI191EPLLJQ95N7OVPGLK93NBHA5HB4NGGRVURSNW60UQB7 TQ95YO HIU98OJF75S0377LWNNIU1SQUOHJ3R4ROQWXX93RGGCED5WQPU23P NDTYLT50S669YLFQ0C0OFBRO 3N4WKJHBYMR1DQSQ96 RDQG8NPOQY WGVGK4C4I7L4Q68V6XBX9E6EYKFHUC7EXAJ T0QV2LQD0TAAA9YWYEMOQQQF2SW3V9T81BTU4N0J975CAJ2PKQ7HAEXUUYHPW6RFY5ESRHE0PX82CFT21P4C73K535AM8NMVS43423684 P4PJMWV2FJ49JXD5DU3802B4CT5DVWPUKVLE9B3YUWMA2WP0M1RETPTIAN65ATCBK99FOIA 0YDGKYNCPIHJ5I52XXA5IYBN8 3W7WJ29X3VS5B0 8NVGJNY0PP WGJHVBC2F0GLPLHOQPCFPUKLFU8R0MO65LCUM7G34J8BAIATPYWBUMNT3QBFA0H66SQ8AASYIBJHPTB7AFOU6JAJPMTDWUEC7N5HLUTNXEKMGBEMBTWL95 MT39ERSRWQYKVYSY04W3RQGCSYXBHER5V9WNOG4Y0IKI3LQQS16FANE2BLR9YQ8D16YJUHSDQNL26JUPOYQC00WGO GHR464PXB0V0FF2G8SOJ3D7E575EEHC2BF3AT1F76O719KULUSG50CV68VB8 2N5SWKN PLYXNOD8BVW0RTRSA2FXRKNFARPHC6H9QKG2MHKX6UNDVGHBS2IDUBL44WN5PCRUUL7ATBXKPB8SSI73K32SIEU3N21RGUAKOS0GY5L0GUFATHNBC72MU2V4 89DMYPX09 IAHHU3SA0PBASVFRECYYI98 7P9A4LWFNN6898H39QBC2WOLW267CMV7OUU9X8N16BGD4J5GIS8U89SE L4GA9S4BK3HUQ8RJ703XRW8E68O3SH8P3QCOEK8U2WP XDRCOWGVLSLQVUC5DDG978BJBPE4 HE5RLJENM8QUQ E90BHV0P ', '1872-1-20');

insert into MESSAGE (ID_MESSAGE, ID_UTILISATEUR, UTI_ID_UTILISATEUR, INTITULE, CORPS_MESSAGE, DATE_MESSAGE) values (11, 17, 8, 'H48TYHKNFW1QHOM7YWMUB6GX6Q 6OSVSFIG5ID77J1Q0TW1Q5T83Y45U8GFLB1BT', '4CIHALM5IJUS5GVLL211AK3IA4OVAUUDJ4YVLIB4D32  AU2HI9WR2XCHYERI845P3EMNO2DUNWIAGR1UO055VSAVN78LE03G5DES7UCQ3 R358WQN87CK8X TL JK872L8GG3UQAOOUEH57PXN69K3YXGUHFRVLD51Q1AJBG47FBHQPVGRUUBI9BX1PB 7LRXPT2LO1JIHXX2F8XKUL42UVA10FD2UL6HWY0RC1HC9DD2YTYYYK2 U0J0EYPVP9 P23FFUKRJ1GU9CNQSWFS7FY9GMDJ2WA7YFQW4S1BF5JI9W2HMCLBPVA7ETB28XNC0 4 B11OPNMMN8KYCO4SDPLO904IVGEEYK5BDTBWJECGV6SFD2PD1PQGUYS7GIQ FPBLJJRIE22ABVKSFIO7G0OVF5 F8F34BSTH0 FMA2QF7STCPP3I7 JSNXYJHP I2XHPU3HWJLY9SLP0S7LITALMKEQWC849E2U118CHWN363BH8MBIJRUBBLEVWS5B3IV08HXH2J 0K58KWM5UTCU9BNNO UUN70UT4 2LW 6CWTULKKJ7QUU6MYK2MB18CW8RL8SIQ9JDNY197N5WMEL1Q7CMAYOETJ3WGTI8UQ6YB8WHEHEWW35TQI0LKG2NFR92OAXV260PH9TC73JS WUT7BCUYDOLISAO621QRRPUPMI08VIUCNCD9KX 36D0X8MUXG3AS5O7LOXWMO5YF6J0JI26K98W54E9YPN5KA8ERSAH1Q QT4LG9VXB1XOB1XKE9YI12LBKX75HPNDE04 I3SFW8BBK4FV9Y8TYQWSKQ3AQDHEVNNH7BQ74SM50DVSM3JXXMF8WYGS8AO MA43POOSTJRC9B NSTPK78TYRBB0383TXLU5AHXEH6PG11QIVBHM6N25XNHMOK0CL918HK938L9974N8HRKCEGNPWSRKE43U6 U7VCRNWK4TUOLF DIAKTEDTJU0XBEBTH988N0PX0 H3ETKEFU7KELLFTAH 1EKCK9RJY MGTCVD', '193-10-5');

insert into MESSAGE (ID_MESSAGE, ID_UTILISATEUR, UTI_ID_UTILISATEUR, INTITULE, CORPS_MESSAGE, DATE_MESSAGE) values (16, 1, 13, 'N G0VTJK HMA5B459MAE0F5I4NQRQTQES0427GUDCNP BRTU504948BJ7GPHRT6K', 'G0SD6W7EDVO7JLQJS0790NHV80J7WNX6LA36Y0M8GAM9O6UNIHKON8FGXVFO99U4049U4E3EYCBB6C3LRKUFDMVR3R0VUF23IFTY24KDNWCT295RKDYW2DCAA9RMQCD1FH3S588UT83TE3XPHCM9M0QSMB08 1T3L26AVNKJC2R19UJ4OGA91U55NDRTNIOJD8 2O6CHMH9UPFHWQ0BBA7 EK7X3VMKUPJ5C2KLRK EBXQI3UROHE8XP212DT7EM X41LHNMLHM42GMTQTAIF3YFBGNPNWBL8Q6PTF4JP9ALC84GMQPSFPA23IUSLDRPWPAKBWX1E4FSYOMHAHDDJ1IANLMWW3G01 8HR87VP4YB77YL0DGYXUEXTKQ3UGFR84M SOEY8THID7BJM7XWPX1WXOP0QTXCK4SA4FAA25FDRX2AH4I75TUDTJVWWEK9NAV7FKU5UH0HRK  IPRJH4FMX7BRQB68MHS8I2DUPK86Q7 W3YY8X8Q265X7NMV58T8J4TGWDJUE4UFH788AUI C08DI293YOXPY3MY02 EPCDT9CCECK7P6FQ1LF2JUOSGWA70 JV8EXM 1HH5NEHNHYA819U56JSIIL41T3KFCC91P79X7SEVBO1W3377D2SQLVXRNJWX55XFALPWM5WRW5FTNGR93MYOK414R80D0X5S18634YWVMHDL8 Y443XRI9SFN2J8UAC3AAKANO560C5J4A6VFUP47CE6XGGR5UVKLE31RTCTRXHT4 QW3USR0E19BC6X5AYRMTCNQY39QWHARSTWDJYC1HPQR6JLPCQH79FAFOVAVKOP8EIRPYGFYOE0C0QA9OARD QUDL3XEN0HDLTROM B65YQBDFE13K18S6 SB3GLHRWO5PEYLK1P04W1BM2UEFW4 Y6JL3HXWP 9UXFHGOG8IMQ3HS84DNBHHTP526W29 K I9Y9C784U0P6YRK1XXHXNRJQHEUQG5783BBIYERC9QO4FSKDWUV9EAI6NPRXY4C6EN4L', '1483-5-18');

insert into MESSAGE (ID_MESSAGE, ID_UTILISATEUR, UTI_ID_UTILISATEUR, INTITULE, CORPS_MESSAGE, DATE_MESSAGE) values (2, 17, 3, 'XG1PRWM9SENA4XBH61OT3LTPDEX89O1KRLNVRLO4  X HC3UA5UYNE4Y2GS46YWP', 'EY9K29O 3JJJ9VAE6B7YCWDPOC3KGOC0GYP3JT2XO2HOWFRF0306FTOB4IEU5R4EDWUW3MIAGU9JVTNLDD1NP0X7CT 2J6XNWO7L1TXI7SHJ48JBC7AU44QWVVC0M2KNDN6HUEHA84JPPSD4H5ETLLW4TNT1GI2MNGSGXAPEELKSQK9QW3XE3SJSRIE84IPS2AY6RACS4AL6BFQ19C4 K03WVBY9SW4NKMCTU6GL9OBXJ8I1PP0M2F9NU85JKI6SKFFBPLB2AP9OLQLWY8H2N4YDWWC2O01Y21E9Y1LN7OPTPKA08I5PE5HMQARIA062J6AT516VHBRC3A7UCHELECB NWD8O0A700VWYV7J6RAX0D71JIFFUKBBGHW64GDL23R0 U4HVJXVR6FFOC6KUJKLICX1XMRMTE9C 5PTNK35N AY35E0OVFXM3Q4FR UUAJRMTYO68 F1YIPPINGJ3JM8TEC00WXCKHQPV4GKALYC631XF76PMV2AWUC3FNRYDUF 6UOKUQO NBAQ857IUNX7AQD2WNBYC2NBKY0CJW7DAP4KRD680BW07GEFBLS2FEVIPMAQAFT0W49G7JDA8PW8C9 NGFHL2W7G77I IGDE5NL 61R2LV1WR6DAXGWB2EG2MGSWYVH4PP66O4WY25HLYYGWC6NLMI0ACCFVUCCP1 8P4R4FJ5MHU6R26FJBCL13O4WRQCVSNF4NCRA0SS06Q6KETBIVBT7IXDT O2L TADQLN06H9CUA3OLI7O7W5 J5VXH3KO S3O4GSII71F9NTMAIS9S BD8GR6RQN HQLVL0APKIUALC2M7VYQMTT5RSGNTVV17PYYDP130RQ3N9BG3M0M90XN6 KJ64M XNH1ADRVFA04RSSNROEPPORWPT2AWI1NFGVHNBVYIA9WQMJC0VXTM86LI 8ENI0HJW0PB5NT0XD0XWDBNWN03LR3S1IMHXAO4M4DP03MM7H8A7W2KEYHT YDUGRT41CY28P7PB18411J6HHOOXGM', '455-6-21');

insert into MESSAGE (ID_MESSAGE, ID_UTILISATEUR, UTI_ID_UTILISATEUR, INTITULE, CORPS_MESSAGE, DATE_MESSAGE) values (14, 19, 3, 'H459IX2 41UGCJYUXA43LJWE8 GYE3OIR4J5B860WOGVMWXK4PYFSR69ERV3XGMN', 'X4 4XN0YQIFS98I6S023BCS0M3AYXX1W64SLDWN92EM9P0MDYCID1SOW3T9A8RY0TF5SJEA1C6Q5CVD1P1LU530MLT3SNNMQMYLCSBWREQEV71DJ377YKSCQPOC65SU3W1GIJLM4JC HBMHGOB1U7CJYIE9UU9M7IEU877 VLPPPSMYILCN905P6MDXWS ADU3N3BYQ  WGXP06KHK9LYG8E7D6 5WG0RQJDCLXKLG057LYNIRYY4IUUXNMH0S0RQ6XYUQWWWAW4F49XD0K3ICHU RPGMB3CQT3ECY7DVOF6N9ERAWPC8 EW5SLJ545Q8E0XHPTM DMB0I N3DSSDC5OO4A2WOXYB1HEVBTBBHE6UEW70R 437I DMI13EE8IB3D62QEEKE4F989XVAPLCLTLHT42NW W770259XEK032EGS5TEJ1CR97DHL5M Q42X5BMF2WTHR5X9VM7VBPQOMKCNFQGG6DN6BNHJ722RC00NTQ00CUYABOV6877I697NMVL4UMINV4LW2FMXLRCS XSR90SIQ39VXRS3NSOOVXKJ68TGQS7PDDDRHL271KU2O7RLHBJ6MVRFW4U82AMSCHBHGHSID D9 13 BIHA1IWO5O8RHOP40DOVF6NQ84LBN8C1A5BVPDKP  26NCE1KKYRA97E9EST2PWOPM8LU0A5LMPJTSL6D81NKBXB9MJ5DF470TSYB2J DQ0LWG2F009YJY6K58WHBD75U506N5LGU07VHWI 51AS0VAK15AS9MCDXJB92YQ3ONXSROIBM390JOF 7VJQB9IX8HI0F63OPD8DOCK5GDOD95PQ1DXW6BQ9S T07JQBYHJLRJ3KROHB2151572J7 T0WLVNKSMEJQP46VDTWB 3E2MG8F1QFDK4WDP0CRLIRH0ET2OJC3YQF30P6MACKPMUCXS308HM4L5O7T3LOEI3YY X1XP0X8LPYEXJP4WY8G40HUN4Q48PFH7F0 L4I5YGMGDV69HYU H5HXBKFP10YM7TG', '1112-4-14');

insert into MESSAGE (ID_MESSAGE, ID_UTILISATEUR, UTI_ID_UTILISATEUR, INTITULE, CORPS_MESSAGE, DATE_MESSAGE) values (12, 3, 8, 'V2JJJPMILCJYBQDAB5GQ2O7 J QNPA5YMXP1JFC00XR5FAVCMOKFCWL396KEUQ1E', '0LW S28A9TDWKPGXM3RPVXOU4B4CBF2UPSBOG9C7KB1 1YGID85AI7F9TU00H8CWCP5IHQGNMCR6MKAWQLH0PT22VSE06V4EN9X59LH59R3VCPMGSBPBDD7TTPR4DH5C0P V7UNBQVH68JBQ3WJCE9OARMEP67IU8TEKRFEYYD3RD2KHQ8GTRXLAAWDUNYG8OO2VD6I19CU1W7TKEOR7HLDWJDJ8WNMXAUO0LS1NLBI2WTTY9YHJJIO998I841WJH7OXXXB2E6LHKMLW 7GK QISL3QVHVGT8594Y5YQN8FP4AGPTYCOX93XB CT7PPP1DGVAWT7V81ORCYVJ5IYG YCPBDFJ2D8Y320IJ382AB3RA01G651QRYWKXIOQCIOISO2BB8PUYWAEGQ0DS8BYA4I72C84XDETIM9FFYO958715JSN4HSA7UBJC5D1YIXHK0DIYAC08IH1J7G8SG5 0TLXU21UMT PRT CVJ28YPFQONBGQGPC6XTB0XW YFF5AP6P1ADLHLXLL6RCEJGM1FK6QF6UVP81P5TFBDWDDQN16BEDIL07TTKH8 UX9DL40FBDCXJALGUK9Y ICBPEPVRS8UGQVFTONLUESE9OKVDOH6EDF2GNQM74S 9QC3EJEG6E4H6A0VUXJDQ T3VCWG42E74J9XY0HLPCS5LJ65GVW86 XE8 3YVRY2NR4QA0IFK73O0AN4450P2IKRH0120UQW1YANCXI4I AL YE2DE8108 P5 HY7IHV4T108OXMWQJQAHUYD9SSLDTLHG 3BGBVG1LH7SLNUHU8WCUN0FTPQM2KDY17CYQK7A11O7SP0D7GTKLORODWDA9ID62DGQNG6DEW8I34UHG2COPFTQFQP562OPEVX4ESX1KKLQNXA1C1VR81YEUV0J4R588BAYRLJ4DUMGU 36KLWENGOIF7QCRTBHOJ4MUPUEKREUMYK5P86QQC4WS JW59A6SR8 7PBTQO3I79Q78SJFS72HLO67SVY3ICJHSY19G93', '1286-1-30');

insert into MESSAGE (ID_MESSAGE, ID_UTILISATEUR, UTI_ID_UTILISATEUR, INTITULE, CORPS_MESSAGE, DATE_MESSAGE) values (4, 0, 16, 'BYDXRGI4HOHH0MCDLT0OJW5CLDOOCWC3RVN4MOONTCWO4R 0BHA6M00L7 2LAQCC', 'PA27MJB0OGCY6A2KMJAS1O254 NSM5FV3 CCQX6R7TRVX97T8QUXU1WCCKP0X6B3XRW3WL05BBALPUE6H1P4D85H6OUR4SFM1K92GNPNQVLJI8B1FKTVIUC57XKU96KEPNQKU5JVTQ1QFKUYOUVA7CC3IA6KFDPKRRFIIYXNFMRYIU4NCRD3E395O5Q2NE6EL08HXWNYXMSKV NY1OLR3EIDWC2 33LE5YTRLRSU88SLNV4YYALBAFSYU1TQXAV4SHM805MMSDBR07MSSR7I2918QVEAAM4CKYWGTNTPLDOD4OFTSM2QHXJP9V0EFRS W4MNKN7O4WYGAS4IPTK2NBS1RGLBL6N3W4NOWKY9G5 OP1KJUPW5Q8M10FX31ANX3JH3HMKD5MGCPRWP120DXF5OC2JD3E4VKBH2 0R1AAQGK9L M2OQEIP4M0QE3RMGYUUG6UJGJG2MQQBHJ8DYE YLAAM7EI0CEVFQR1710WF4I72G5MGA7BUK8D3CGOEGMMY2JJB9GRKXCQ4DHJ0R4VLMX4R4M77RUNWAC4RS3N3MP61TYUV GUPJDT4HGY4FRYJT1HNHOHAG1CNHLPPAMFX733D DN5TQYWTG8FBHP9CVX3C Q M ODO43IUY0ICIGS1JXTFC1XVSLQE7YUK LC62AB0RKSOGOUX8XQ4LPY9AU9WTRDD1 H42JD0CSRMH8FLILIU5BTD14M70090POP Q602C3J3X4QSC6N8EUQQOQ3TFV41FC6I9WD0GRH8SUOVTS 1BQPLTX5GA2ANTLDICTDEA B9J60YYHN6DRKR8VNXBKUSGX1 AGOELUXM4E8QW80QJ6VQLLN9SUQ XQ74SRRU5DLV45NKRVRXEM0PP3IKISMEVB6770W8PHRQLIBHO5U7033GB7W6TM Y0XLPC04O1 944X47VSG2 23IAPPJJ0140O9ALU812L52T9N2KC68FDNYHA7922U2MLEPU4UPL SQDTC0 BRK19BLSJT6D87NNMEWJQBVJOSJ', '640-2-2');

insert into MESSAGE (ID_MESSAGE, ID_UTILISATEUR, UTI_ID_UTILISATEUR, INTITULE, CORPS_MESSAGE, DATE_MESSAGE) values (18, 16, 19, 'ETE9LXJKF0Y5WP76H0NFKIKV8QNTU4OM2ABJ7Y5Y85DWG7TW845FENJEDX0Q5W8I', 'Y9FRG1A3 ECV3YD5UEOCUL YM3T8V32XAOULAV4Y0VQWCWVBJVN91956L AAILUMMLDHS0XID4DEKQPWWDA75B8WHIF2IGKEQVJ2EJK9V1VURMGB1YIN19PQUBSBUU08YUOLHGATTXL8YO13I61ONLHEREMHLS7B47W0IQL 2GQB7YM EXD3WPNRV3 JUBGWM43XY76Q P8IOENTDJR9TVNUA8R9QAEFB2WLAJ55I8USGSWMMRBAF94VQ1J0DIWIP0SV3FTJ2W3WQXDMTPTXR 25D4QR0M3XPA0CXFSAO296PEC37XWIW0P7 GK8TBGKVMJ9CXY0SFFMLTHLKD 4YAMPTJ Q20QI675G1DHEI3GVPMKQ6E9H3MKFP5RA06V 8JHHMYTECN0B96SCWRNWHQOD JEI 48E4NUHTWP0G IUNQKD1MYFC7ANID8PB2B9GVDDB95HFH557JMXJLNPWM3KOOCVD509F00LW0H4GWXHBLXBTM22FE0JFXNKKEFBO7FAD28I8DLTEYRXS3BJ7V867YR3CR0DG34BI7AAYHPPWHPE T8OLAB8125E54GLHND565RAF7MHB0KFE GVYU0MEX10H6OC3A6U9I3HXWF 58GYK7H OKDDELF8VN032SD8OR019D0TXSR0MHGP7FRQLM2XW3YHQDKRCDG9ST26967U38E8 AR34TLN4YB90P6H9NPKET1 QTQR7B4IH CYMJ9M6N8EARB5FUBMID6R 2KCKX5485N19HAOQH10H0 6V3441XHPP689EPSATE56RRJDHLGD39VNOE72I9RNKAJBHO8XS8LDDWOV34EU4SH9XS HWLL3BGLJ0CCJS11SVT81C321386DQ23NRLD8PMQ3UJSCF6RPJTFA0D0P1NY1B0IX697VJNM9AH17ETDN9PBUWT0OLIPXSBHUP20HND5I6WDNE3Q7CKOHV540WO2DGJH6JTI6VELFYUST7216Q 5NR OXKGFEI6CQAT7S4DEVIS4JJNOIVW2HIVCS', '2002-5-17');

insert into MESSAGE (ID_MESSAGE, ID_UTILISATEUR, UTI_ID_UTILISATEUR, INTITULE, CORPS_MESSAGE, DATE_MESSAGE) values (8, 5, 0, '99UWYEV4NOPO 2RCAYO 6HUHS3LDDO4RW16WGSAGPY9RNWFTU2SEY SN9BJDQ5UB', 'SH0O9L4J6ODPAQCOAMWC8OD9NONQ1912BWSG147RYI02CXI0ANKB4X6QN3RTAHXFD5JQ6Y7RUQ M97722K8911ABTB7VBUIPS6S5261 NAXS1U19LHTNXLCKRXEL2GJWTAV 4UY4OF6MQXX6IW2KO057KYPEOF04B6V4RUDXTU UGG1HXQHS9QT4TQ5B7QBOP O8G03EFM8U9EU2FBBQO0SBO3L3R700U7YHR35LFAONAK3 8DMIW0Q1U8N2IP Q6T7U5QWT9RVYRQSD119S1ULLJSQ9NVEKP4LU9HWIWC35TI8K3VU 6JNHGR1CEBPGWW5PMR37VQF6QG045SR6DYGCWKJO LMHT9NBWYMO64PRQ20MH770TXR2P2 9O26U TQ6QCXSG M55OCWYT5WO6PJ5GWOT2M JHOIU2RMR9KEAKHXXUBS6CMY5FMBQUKD2ON4Y75CQDS2HX4T9T9FIX8J2082SHTRR5KISSDCJ 7H6U8UFRA3 DERVNMKD3JYA25V6N05VBNLRA4FB0GRW1E8 8F3YJ50W2U WLXE WM N6A6HFO3L5POG13K0RB2A3WATD8YLQIWDBNTW5KEEW30QOVL F1GSLE TKES06D9GE894SKLRCMBYBREGAKO7D5SSN31314ND2IK8EWA1FNSNEIVYUFBVLR5P4B04HG9RU4XUDKSR1TTYTPK2LG7NXM6J9B615S0840R3IB DX XIVPOGYQ9YEVL9BN48 EFDAHJN3QFFUDUIAL4P5OMRFHUXF4LOFAPVJ YQP6EFCFCO6CDLFXJIU6XMMVLTB8OG2DV3GPR0YWI81MNRWEE7XGMFWA4NUVVUVQAYQ91R1UFYTVQYIDSDBNAH21GRNIFS DB4EJHBXKG5UD508CG21SWXX207RB6270AYRYXEUN2OU51PV2AXLR8Y4L9LM7LJDJNAFTVNXYVV 17V5NA1V6JT96 03XT2361II3IV7ONNSL3DOEP23GWRUK06FWMI1F8LHMOSK7CG89U51 U', '760-10-16');

insert into MESSAGE (ID_MESSAGE, ID_UTILISATEUR, UTI_ID_UTILISATEUR, INTITULE, CORPS_MESSAGE, DATE_MESSAGE) values (10, 4, 10, 'JEDQ9LAJUN28PABVQDXTW3UJ1YV4HR376G7A15256X0OFNC479AU4NV0 XBKWXWP', '7 TW27VCAAFGSM15X9 S8XA27O484NB86M8W2NF61PKEV92VI2K210X2GW6N9VLJ8HGT2FVVP659QBVNWOH91GDQ6247JY9L5I0BHM5U2LREDX2W45PU6T8MYQGN 34D8 9OQ9GSG9TWU9I6Q YWBLAIVYGCPA50CNAT88AHQSIH8AF6V5O7H6Q7J28DQLQSVL CHDDW9DRKN08S6Y66MSXS3VLF8UF5OC0HYGS5 FB577Q0T3IWROKG9M6VCV4Q8VT673UHBYPX3MV1HRJ4YWMI7WDR8B09IGMXTU5B9689HY08FFU6BGCHPQEQ5TIN0WH0D5L9BWY5NPQ2F4V6W9900J85BWC0RC49HDD1I7R9UDV6Q5RRW57XY5M 0XIJBC68URXJGM9XBALE89HCHT87UT2WK8CMRUY35IYT74X3GRCO9OSWUVQ J6X6A2DSR8NP2PJ3E1XELXT4PX838VDIHA9SLKGSGA3JFCWO95A53X 1 03AX928LL CVRPFI72R 9O5EKQ9EQ5U2CGG8D2SB Q4IKLP6J07JAP44WTDY7U4FN78GGTVNOY11VRU6B6AX43H53XP97XM360VYN6F3EVPXF74TXM73EB7RJ36SEH8MI9E614IR7HBPV61X76OWL2ES1AD4GX12P7DIL2C7MLTXT87SBF5B5ADMQ4IUUY814T2E6LAJHQQ6P5GCXSQAE9M3A3GI1I6PLVEDKMWF59A4Y2O 1D5TKKQMNFRSCTEPEYYYHCV29CCDTD1M47T S0G6A4MD0GMA4DYNH7140TEMIORQYYTT4OQ8Y0VW65M5UAA22 DVVGOK4 8CU5UFJ0MTWO15X1GK JJUOO32RNY0OH3 E39XUMEFRF9W7H7CEVULLNG11PRO3P1OPV4IVHG5KHEWV48TEP4 2F MFN9E5FY27A4D8VALRPV0QV ULBUR6XA52A71MQV9S0JPJ8NW7UU1F 2S2Q6N B4KJ83F4X0WQHGRAEEQ4C3XJW9MCQ FF GART0H7PP', '1173-3-16');

insert into MESSAGE (ID_MESSAGE, ID_UTILISATEUR, UTI_ID_UTILISATEUR, INTITULE, CORPS_MESSAGE, DATE_MESSAGE) values (7, 3, 5, 'DT84FR248ARG2EOE3ISWSBYYDEEDB0I69EUC5L J4PQK SPNS87 5QFK31GU17J5', '7QUGVTGJ97J2LLEIR9WQVCPDA49R5AXGVU4WAHR89HEVY LW74NJTHF40EHRDQT 5L2QFGXUXGT9 0QOGN385IG4JQ626TU1UU7LNVWT40DNQVI8LX79R CYEQWGKORN8YVQBPVU4EH39OS46HNPLCYAOEVBNEMX7M64YWBOSCBBKHQ2B8YCK1E2037OGYP64Y0BYA0BIXTPT7TXNHELO929JMQA48OUUI0KVM1T6NQA5OSQC 1J 9O3X73HT0CJW6NT8HNIAGKSPNOO4UOWH35XEHOBQ0X06B5LMHISRLMJPRR28N 3BSS8QFPE2TV57PJ4L2H75V0IDKNFEBB4J93N4G352XV31GKATJRJHCKF I7FY7WQCAW2GGNI0RX074UMY8SOBLYLS0JTP3N9WL9D1NW48NDBUPQ9N9AOSKKX6A5L15DPEULRQN4B2TQJJJC4ORAPHKM4GJOVTXJR3IIHXIG1UDVDGGLNSO25MD4G1V6XIFHQ82 YKQRW0EYOAK70RW7IU5UVC9U601BM5V7T45P5 TCHAIM0E9LHFGBXTLB9UIV255PTL1QS9HRX5A55JFCW39VXXPDU03SCM19TH21BA46C6ASI41VQ5 MR7A5W2DJFYNWXUBN1MGU87AEW KW4ECG06Y1F3DCWKX DAACTT1B6KKKQ5HDD8K2WG8QPOI51XQ4IXVO7HBE05ON3I2MYI9XALJ610KRSIV9VDC0F8P7OBPVS4L5GNE7Q98M PUROU0K5VGHCOG49125507RNLF0F4KL71XF HRH62AYGKTR1TK7A8XMHT527WNVKOVYK0MS09E6 LU4ELHKWWP20CS LAKK1W46 10IQ7NLPHLFYXHJC5FTHPY5R2A0SJKTF77YP7FG61X5FVM5O4US9 POI1NW4WFBR7FPE2GTH1O4O2BAL0M8YRHHA F5HUDXIQUOF8VGHDLDRKHLE1DO764AAUBYJSIPTJGYKI80LVBAV3EG3IIVWWWL8FXS0MBFJE71SFITYGCGD', '1678-11-1');

insert into MESSAGE (ID_MESSAGE, ID_UTILISATEUR, UTI_ID_UTILISATEUR, INTITULE, CORPS_MESSAGE, DATE_MESSAGE) values (13, 11, 17, 'EL5VWPWMGJ3LJ04 512REG04JWKXGNTC0626F22OGIVU44 OMWNKUWL1OGN9YDHM', 'GX EJS055UB HK8JV  8LTRBHY3 VEBOONH02J3AELWIAWL65P8D7CE7D1XYQ849AQGJNGI E 3DE M3HBIE239IKOTJBA8T22GMPN5PVXH1V0 QYWRT3NXSMF9HMQGCA TKM4956PIJQ3IL4 OO6H9RLCK6QNTYV6L8UTA250BM19FG3HRSCYDA4RTOP0LX4RQAUK0G7XVOWF74JQAJICOGCHSPOOGR 9WY42HD8 WPHHJOMFC0QTUFYR6LTG70VNH59014N2YFX4G90QQ 2IUI56DFB12FS7RERW85HHA6F B7073RLFX9OQKTC1H 7QQY981 8   9NN2BRTHFFNBUWQ46X5P6D7OEBKDXPYHMLBF9S3RPDSHEGLC462V9NQ2SG9855T0V5I4O1W1LXGQQPP4F2KSJKOD6TWM 9 JAMN4XNY9CS07O8EQHT72NH5D9GHP3FNP95EIV8S45F47N5R6NLSDR54MSDAVLDUS5VTM RQYAAP4KUO2BFIKJS88KHXM88BQEQ4U6LUQ3R0KX8SNX9QN7 01EJ8N7MM4FNWSYK13V1JBOJJVYX7SIQPH5ACSBH28RGY6BUWC B19CH5AW6UCREBPOAO S8S VTGWU2XGUMLG15M69QYQRUQHW3YFHLOXCCQ2L7B V I5A SFN41NU9I9S45ERTEAPMJU5Q17I7HO8W4KLTYUV9259PJCHGEYL1RMPEV2A4DMI72UR7R9AVJUD2NV3KYGMXOXXIE5ODCNCMO3SLV11JWR5CBSHH20IJTF NYN9MWLE8WTD6XFJ4U0MKNY73IGW1  MWNHMASHXLF971WTTTY8YQ1I7LW9KG8K4OE6CU1FQLP726 TFBGV7O5O2MLN9R BAUVX4KYT3K05PJP4FOFXL6YTT7PDRTTKFOINLP42VAD8YXUMDCR3AWNI3R7 WEPSFUMSHCFTEVLAN2HDF72PIFSG16RJJ7VLNE6JJJ1ULUARNMYL8IRQI75IAOVVKSRQ1U0QI7D4V8URV2WL', '860-2-6');

insert into MESSAGE (ID_MESSAGE, ID_UTILISATEUR, UTI_ID_UTILISATEUR, INTITULE, CORPS_MESSAGE, DATE_MESSAGE) values (6, 15, 13, 'RDAEJL1ARSU845I7472DREEXXJB30CYYVPBD13Q2MXIF0 937R7TI8XIAF0D2EXJ', '0 1WLOTP2YTFWO6512OU885P8CD28W9WFPWG245622N9H96XMCL0HCDV5 V3QH66R54D9QRBKG66BT3CCDW166B0MA1XC058T86BLNLJD00LDKJR89ID6BJP9WDC3PY3V9GIGUVJS2LIRNDRUJ55G9WN3Q5O1MLUSY1YA914N91QI3U2B4B2WBIRS8G1AQFTXGS6KQW7DPCLPSDHBBALKTS1G643YX0F78FHT GWUW75JLP4YV4TGXEOSSS96 AA29CQJO2IKR7269U3 XNFLQC11OUH6MC6HWTHBBBGFMLQRF5SL HU3AUMWVII4EO YUT0QE4906G5LN5OL1232FG2NRQNBU0SIA64G9NQCKOYWDQEAGIWN0Y738AW ECTQRFD46CQ BWHY01RHXUM0QG0MGPVHCYGO9YYGBXB0EIO4SJRIPS8D9BL15AX4YEA 4WQ4RGO34R8RWVIBAVF 289RB4 9AKXT555WH66EALE8G38BQEJ3M3FQF4NCGLBVIEELEOCL0U3YEFFFDHK095PFCW8SDUEDS690AUVYV YEOGN60Y328VUTCYN1W1D10P80USJ6VE9220MJUHHNQ2RE3GGMS6J6K1FGOXDLC7UEB7A3IIM4RTHAOFX2PHEM9 M9C0I139C0 GPX 86XBEA1LOYW7HLOB69D7 8TC9YFME1MONDIAHISQQ2RS1V8C FRN30UMNLAO0PBGJ4EFYO5DYI8U88PCJVFVXGJ0OQ8HK8QJH12F1IB9H4 MGQ0TV0F0ACUUCMW8K90JSC3X5V1H7FPCCONJNVS4AK70H205SNYILW1D3PIKTL34VGMTD7O6B8OONMB8CDRWSAJ6U7JFTHWY9NF8ED512LSI7FJHLMAK2O8OQOFFFLXR  6WQEFFG LJBAIP7PTSWYT3DL09O1 CVBFAA O2R0P6VO0R2187IMYIMKM4FMVF RA8NG3HGD9AMRX9F9XXXTF0NF7I8THONFH09T 7CVW51B6TR6UE F IV26FHQQLIQ', '309-6-17');

insert into MESSAGE (ID_MESSAGE, ID_UTILISATEUR, UTI_ID_UTILISATEUR, INTITULE, CORPS_MESSAGE, DATE_MESSAGE) values (9, 14, 0, '26EKS99WTX9M9E34TQP7FK QBT0NLBCPO9L2NO1QM65RE547JRYGXFMN1S875QHW', '5BBPLMILVECRMWUODI8WGU0LI7C6JNI509THA0BPV3O78YQWKL2DMR3AONQIW7SDCCH2DKEI5QSE08Q1WBNNEXCIPVFVSHV8WFV28FOHI6BSX0IIGRV6NWDU5JV 7OIN0TBTALDB9QOE2CXVSHI2B6014KD89UPTIAX8  XRA21 I96U0E 3C3EX7E O1YT0TWKWSF5TX9BXBQQASTNNQYWLLTK1MXEOR8X27O1K4VB8OKA88GITIX86X1RO7IEEU6FMSD 9CSHMPIXV4HEDQ4C2FNYLYEXY13C630JDIA6GN7WJNE NGJIPUOCI38G9SPMVP4MF65GPQ8UPL7MPT38TGLXPVHOE674NA0E7EH6270K198J9XKC626E8JLNLR4D0GYBLOT TDY9CG8NN1PYS0OCOGVM7MGQ5Y43M63B JBCLKDQXA5DQ5R1DWJ6SDICWGLSIIOD529JWH9BPXDCBWGMABQ62745RREOMUA5NDVSJLUOD8VQ067Y11HQVSGSVMCBGV4EDU6FXVIYUJXRCGXOUJQ97D4T3VBKPTPNYX2 OU3YT5V 4PU9PADG8N2FUCXM6G2AN5B9JGQEKFS49HNX5S4AAXRP8YVTV2JED NFDB2N1RSASTFNGJN2V1YG4KMXYGXVO PU9G4 ULTRXBO8I4J9KCVAU6LWP0FESP 7FJAD8ER82398U39P8N6LKP41KLMELSXH8NEK5MEKQSH0P47JQFUJ07GT6NI5NVVW6IO55TE NL3OXUM49LC2LOQ5A2JN4L1  ASHHIEWM7651YR30MHWC7 2TDHPVOMIHQQN1BU4OV8485PFEHKJ0V60UJLWEUMMN40JDU6NXD82B6GC1R6BYU5MM5HLUV1OM8FWMQPSR1G8TTYCNIEA78PVJ86X3JQ9QE94QNN4LNPNUWY73AQAGAI 5F5UKOGDGI7H5A4K2M257891F80Y163H4U80E5W6EXB13F59 U4BEQG5U1IR 705D6PYETO7BL2JCUPM9RTJI936O', '1424-10-28');

insert into LIGNE_COMMANDE (ID_COMMANDE, ID_ARTICLE, QUANTITE, PRIX, STATUT) values (10, 8, 6, 2, 'BIR0ENLAW0R93E42');

insert into LIGNE_COMMANDE (ID_COMMANDE, ID_ARTICLE, QUANTITE, PRIX, STATUT) values (7, 12, 7, 12, 'AWXB9C4O8O7QNJ F');

insert into LIGNE_COMMANDE (ID_COMMANDE, ID_ARTICLE, QUANTITE, PRIX, STATUT) values (19, 6, 9, 16, 'WIS63L696IYC4FMX');

insert into LIGNE_COMMANDE (ID_COMMANDE, ID_ARTICLE, QUANTITE, PRIX, STATUT) values (13, 10, 13, 0, '5CUF8Y4SPKEAP6RC');

insert into LIGNE_COMMANDE (ID_COMMANDE, ID_ARTICLE, QUANTITE, PRIX, STATUT) values (2, 19, 17, 15, '1QJ63WN5KT66EBOM');

insert into LIGNE_COMMANDE (ID_COMMANDE, ID_ARTICLE, QUANTITE, PRIX, STATUT) values (6, 18, 2, 10, 'XKS1RWDDUAP2Q2 1');

insert into LIGNE_COMMANDE (ID_COMMANDE, ID_ARTICLE, QUANTITE, PRIX, STATUT) values (12, 2, 18, 14, 'FBQ4IKHXG6VPA918');

insert into LIGNE_COMMANDE (ID_COMMANDE, ID_ARTICLE, QUANTITE, PRIX, STATUT) values (18, 14, 16, 1, 'T76ANS9Q 0OKDMRD');

insert into LIGNE_COMMANDE (ID_COMMANDE, ID_ARTICLE, QUANTITE, PRIX, STATUT) values (0, 9, 19, 6, 'SCE6YWU95RR1OT7D');

insert into LIGNE_COMMANDE (ID_COMMANDE, ID_ARTICLE, QUANTITE, PRIX, STATUT) values (14, 4, 0, 4, '1TNFDPTSIX5ISM2U');

insert into LIGNE_COMMANDE (ID_COMMANDE, ID_ARTICLE, QUANTITE, PRIX, STATUT) values (5, 16, 15, 3, 'WTUPMORF2OSH  HD');

insert into LIGNE_COMMANDE (ID_COMMANDE, ID_ARTICLE, QUANTITE, PRIX, STATUT) values (3, 1, 10, 17, 'WT5XT2Y7U09RN7KL');

insert into LIGNE_COMMANDE (ID_COMMANDE, ID_ARTICLE, QUANTITE, PRIX, STATUT) values (15, 13, 11, 8, 'ILM961 CLW9H5308');

insert into LIGNE_COMMANDE (ID_COMMANDE, ID_ARTICLE, QUANTITE, PRIX, STATUT) values (4, 0, 5, 5, 'OJVCHSC8EAFB70QF');

insert into LIGNE_COMMANDE (ID_COMMANDE, ID_ARTICLE, QUANTITE, PRIX, STATUT) values (16, 17, 3, 7, 'HJMGUL2M7CQKP0LL');

insert into LIGNE_COMMANDE (ID_COMMANDE, ID_ARTICLE, QUANTITE, PRIX, STATUT) values (9, 3, 12, 18, 'Q9CHB3ESNJCB60VT');

insert into LIGNE_COMMANDE (ID_COMMANDE, ID_ARTICLE, QUANTITE, PRIX, STATUT) values (1, 5, 1, 13, '9XCW49GJMR57 CN6');

insert into LIGNE_COMMANDE (ID_COMMANDE, ID_ARTICLE, QUANTITE, PRIX, STATUT) values (11, 11, 8, 19, 'MH7T4HNV5X6TNO5U');

insert into LIGNE_COMMANDE (ID_COMMANDE, ID_ARTICLE, QUANTITE, PRIX, STATUT) values (8, 15, 4, 9, 'NF0UFLBYHWG3HH6P');

insert into LIGNE_COMMANDE (ID_COMMANDE, ID_ARTICLE, QUANTITE, PRIX, STATUT) values (17, 7, 14, 11, '6K PISWC59S H8A3');

insert into COMMENTAIRE (ID_COMMENTAIRE, ID_ARTICLE, ID_CLIENT, NOTE, DATE) values (0, 17, 12, 18, '1403-4-16 10:43:56');

insert into COMMENTAIRE (ID_COMMENTAIRE, ID_ARTICLE, ID_CLIENT, NOTE, DATE) values (16, 0, 6, 5, '1598-4-15 13:36:16');

insert into COMMENTAIRE (ID_COMMENTAIRE, ID_ARTICLE, ID_CLIENT, NOTE, DATE) values (6, 17, 17, 19, '1-1-1 0:0:0');

insert into COMMENTAIRE (ID_COMMENTAIRE, ID_ARTICLE, ID_CLIENT, NOTE, DATE) values (8, 13, 5, 6, '1258-6-10 10:2:20');

insert into COMMENTAIRE (ID_COMMENTAIRE, ID_ARTICLE, ID_CLIENT, NOTE, DATE) values (12, 1, 4, 8, '68-3-11 0:50:11');

insert into COMMENTAIRE (ID_COMMENTAIRE, ID_ARTICLE, ID_CLIENT, NOTE, DATE) values (1, 5, 2, 4, '152-9-13 1:33:38');

insert into COMMENTAIRE (ID_COMMENTAIRE, ID_ARTICLE, ID_CLIENT, NOTE, DATE) values (4, 11, 19, 3, '636-11-9 4:4:1');

insert into COMMENTAIRE (ID_COMMENTAIRE, ID_ARTICLE, ID_CLIENT, NOTE, DATE) values (7, 11, 17, 13, '939-6-7 7:47:2');

insert into COMMENTAIRE (ID_COMMENTAIRE, ID_ARTICLE, ID_CLIENT, NOTE, DATE) values (13, 4, 6, 14, '756-8-16 4:52:38');

insert into COMMENTAIRE (ID_COMMENTAIRE, ID_ARTICLE, ID_CLIENT, NOTE, DATE) values (3, 18, 11, 2, '1831-12-12 15:31:33');

insert into COMMENTAIRE (ID_COMMENTAIRE, ID_ARTICLE, ID_CLIENT, NOTE, DATE) values (17, 14, 4, 1, '1690-5-6 14:15:55');

insert into COMMENTAIRE (ID_COMMENTAIRE, ID_ARTICLE, ID_CLIENT, NOTE, DATE) values (14, 14, 5, 9, '1085-2-13 8:58:42');

insert into COMMENTAIRE (ID_COMMENTAIRE, ID_ARTICLE, ID_CLIENT, NOTE, DATE) values (9, 19, 8, 10, '236-1-28 2:12:49');

insert into COMMENTAIRE (ID_COMMENTAIRE, ID_ARTICLE, ID_CLIENT, NOTE, DATE) values (2, 15, 5, 7, '1138-1-30 9:30:57');

insert into COMMENTAIRE (ID_COMMENTAIRE, ID_ARTICLE, ID_CLIENT, NOTE, DATE) values (15, 13, 18, 11, '1544-9-15 12:34:16');

insert into COMMENTAIRE (ID_COMMENTAIRE, ID_ARTICLE, ID_CLIENT, NOTE, DATE) values (10, 18, 7, 0, '499-1-31 3:25:54');

insert into COMMENTAIRE (ID_COMMENTAIRE, ID_ARTICLE, ID_CLIENT, NOTE, DATE) values (18, 5, 4, 12, '1461-3-19 11:24:28');

insert into COMMENTAIRE (ID_COMMENTAIRE, ID_ARTICLE, ID_CLIENT, NOTE, DATE) values (5, 16, 7, 15, '823-1-4 5:52:56');

insert into COMMENTAIRE (ID_COMMENTAIRE, ID_ARTICLE, ID_CLIENT, NOTE, DATE) values (19, 14, 11, 16, '368-3-5 2:58:41');

insert into COMMENTAIRE (ID_COMMENTAIRE, ID_ARTICLE, ID_CLIENT, NOTE, DATE) values (11, 13, 3, 17, '883-10-19 6:44:56');

insert into LISTE_DE_SOUHAITS (ID_ARTICLE, ID_CLIENT) values (8, 13);

insert into LISTE_DE_SOUHAITS (ID_ARTICLE, ID_CLIENT) values (12, 11);

insert into LISTE_DE_SOUHAITS (ID_ARTICLE, ID_CLIENT) values (6, 16);

insert into LISTE_DE_SOUHAITS (ID_ARTICLE, ID_CLIENT) values (10, 8);

insert into LISTE_DE_SOUHAITS (ID_ARTICLE, ID_CLIENT) values (19, 7);

insert into LISTE_DE_SOUHAITS (ID_ARTICLE, ID_CLIENT) values (18, 10);

insert into LISTE_DE_SOUHAITS (ID_ARTICLE, ID_CLIENT) values (2, 14);

insert into LISTE_DE_SOUHAITS (ID_ARTICLE, ID_CLIENT) values (14, 4);

insert into LISTE_DE_SOUHAITS (ID_ARTICLE, ID_CLIENT) values (9, 17);

insert into LISTE_DE_SOUHAITS (ID_ARTICLE, ID_CLIENT) values (4, 1);

insert into LISTE_DE_SOUHAITS (ID_ARTICLE, ID_CLIENT) values (16, 5);

insert into LISTE_DE_SOUHAITS (ID_ARTICLE, ID_CLIENT) values (1, 2);

insert into LISTE_DE_SOUHAITS (ID_ARTICLE, ID_CLIENT) values (13, 18);

insert into LISTE_DE_SOUHAITS (ID_ARTICLE, ID_CLIENT) values (0, 0);

insert into LISTE_DE_SOUHAITS (ID_ARTICLE, ID_CLIENT) values (17, 15);

insert into LISTE_DE_SOUHAITS (ID_ARTICLE, ID_CLIENT) values (3, 3);

insert into LISTE_DE_SOUHAITS (ID_ARTICLE, ID_CLIENT) values (5, 6);

insert into LISTE_DE_SOUHAITS (ID_ARTICLE, ID_CLIENT) values (11, 19);

insert into LISTE_DE_SOUHAITS (ID_ARTICLE, ID_CLIENT) values (15, 9);

insert into LISTE_DE_SOUHAITS (ID_ARTICLE, ID_CLIENT) values (7, 12);

