use bamdb;

delete from LIENS_PANIER_ARTICLE;

delete from LIGNE_COMMANDE;

delete from PANIER;

delete from LIENS_COMMANDE_ADRESSE;

delete from LIENS_CLIENT_ADRESSE;

delete from LISTE_DE_SOUHAITS;

delete from COMMENTAIRE;

delete from COMMANDE;

delete from CLIENT;

delete from LIENS_PROMOTIONS_ARTICLES;

delete from LIENS_SPECS_CATEGORIE;

delete from LIENS_SPECS_ARTICLE;

delete from LIENS_CATEGORIE_ARTICLE;

delete from LIENS_UTILISATEUR_ROLE;

delete from MESSAGE;

delete from ROLE;

delete from PROMOTION;

delete from ADRESSE;

delete from UTILISATEUR;

delete from CARACTERISTIQUE;

delete from CATEGORIE;

delete from FICHE;

delete from ARTICLE;

insert into ARTICLE (ID_ARTICLE, LIBELLE, REFARTICLE, PRIX, QUANTITESTOCK, VISIBLE) values (15, 'UURIXO0WJNVLIUVKRQ1KR7WG0SRPLN18OHIUE GHJXPYLWQAX6XNB5I1IV75BO17R0L6YYYEWUIX6F4FLWOAW6PK93P96J7Y 484WYU  MT96YS0UXCN78U3AM1Q UTR', 'MWW2HJEMK40Y0S52EIV4ORSWH5MX8TNNIUCHC081XJV32 CGATD2Q2UOUH7GMH0V', 19, 1, 4);

insert into ARTICLE (ID_ARTICLE, LIBELLE, REFARTICLE, PRIX, QUANTITESTOCK, VISIBLE) values (19, 'K89DHJK1IAQSG8NO55KW JI81COHKJDI7N7MSMS MO3DOCQJC7OARMD4C RAKUGK D7MUC8OVDBUJN79PHQ129CFH033K8VWB755M4VK7QJ5IRG0Y7CH8JEC2P3T3IIY', '2GRW3PLHOKQUKVED9K2KTEL0LEHK8NHXIBRWGT45HBFWRVESSSCN1LTT6XOWATR ', 11, 14, 18);

insert into ARTICLE (ID_ARTICLE, LIBELLE, REFARTICLE, PRIX, QUANTITESTOCK, VISIBLE) values (10, '6QG0 OTM0 J63M I5CUVLUPK75VCIOIOSCA0M1BA2 QXMEG1TN6MDRNED47Q543MW6H17HQNII7EDKPDUO 3MANMF9G 7FOTL6FYBJO9X2PLGWOSIRJOEJEJOYQ3THSV', 'HQJ00TPOIQHWWMM4O4ADGQFMFUL7YTPT2T0T8EBE8H3M21HG75MT28IDKQR6AOAO', 12, 13, 19);

insert into ARTICLE (ID_ARTICLE, LIBELLE, REFARTICLE, PRIX, QUANTITESTOCK, VISIBLE) values (9, 'D19QF2V5CWML0FJ5L STM2O1SEQ6YI5U6AQBX760440HYHKU58A04LGGVIVBMXNFC6AO1CMX2JKD7N7SQ6BRM7TQF26OLIARKR V06EMESPFJT2EAASKR61BDKBFN88K', 'NIQWLN41L22R9EJ804P6NRBN6 CL9UOD3HUYCVGWXOW3D7IL45JJ198ICP69PW58', 17, 9, 17);

insert into ARTICLE (ID_ARTICLE, LIBELLE, REFARTICLE, PRIX, QUANTITESTOCK, VISIBLE) values (6, ' VJWWNVAQADUN5XN6S9126K70BNQFGW355DWP1IO28BT53O12NXR21YU3E7VGQP210JYDV01ULULJDDM7PND1YXCQNM28YBTYLO7OY58W3XG8 AY2J0IAEF8FR8N48K6', 'P79NPNSU FRGA7A321U5V SKHUO ET734WHOUVP7V2FPNIXUOGY7REQXG31N2RFC', 10, 2, 7);

insert into ARTICLE (ID_ARTICLE, LIBELLE, REFARTICLE, PRIX, QUANTITESTOCK, VISIBLE) values (17, 'PX7UCDYKGB8QK8S3OG5V 3HN630WE0DHGO420JHV6K2RROFQDMY76196BXK770WMRF34712M3WDWX5VYYYV9WJ61K77YO7F2LGGADV4OO8SK3U IL52S06PV5OVKRWCP', 'FLORRO1X68DO6GNJ8UV 5DVAIY138AMY34OPEHOFUAOACNRCFC9QGX9UBO3AG3PC', 3, 3, 13);

insert into ARTICLE (ID_ARTICLE, LIBELLE, REFARTICLE, PRIX, QUANTITESTOCK, VISIBLE) values (1, 'DV5UT79JS7K593SLWPENBTKYKY6HEM93VJV5UL77OAM69NGXTU9OJKJ0TBD6D7X6A3WKKSW62NK4THAUTMUQ8WNC9WB6ER8K705G2UEJ CNINTS5NVVR G1SQLN03P9A', '11YBM1RN8E6GM1R0CYETYF1AXBA52BSIIQND5CJ33I96CTDQHHAJVJKXTQGNF72Y', 0, 4, 6);

insert into ARTICLE (ID_ARTICLE, LIBELLE, REFARTICLE, PRIX, QUANTITESTOCK, VISIBLE) values (16, 'PG9AB3XU 5QWA8K6K7TP59 PD2LAYP605GIH77U8VMEV7IFS6 SH3KYXTSYLGQETCRSKH1OD13U3SSAEHEG62XJX1 DJX0FELYO1UT5E4PX5DEBY EBR66JLHOYUL3X ', '7DKTNOESOB0GTGECQEJBA5CIVIXUPF QAV5HPLXBHC695OS5F2EK9I ED2TR2V3F', 15, 18, 2);

insert into ARTICLE (ID_ARTICLE, LIBELLE, REFARTICLE, PRIX, QUANTITESTOCK, VISIBLE) values (0, 'HDFGW 31AC6S32QXGPDCGEVGXOL6LRSB14WE4BIJ1RRP3OYB6TD X0LIMJS903YLR3OHXTKPADJMCIJOS1NVDNYA6NPWSGLOH0XDOSJTCG CS190DF93MBCUN55USJ0V', '7XIBRXTPJV5PGKPY9LVOO2AF0JTGHQ25X2EA6T M7  WOFF6DVH6DK8YWWC2XGUK', 13, 12, 10);

insert into ARTICLE (ID_ARTICLE, LIBELLE, REFARTICLE, PRIX, QUANTITESTOCK, VISIBLE) values (14, 'GAJPIUXO008O92Y CVWWA6CTHYMYT7P2C8 7LVDPEX4GFNONM WI TMCHR72IP8M9THN 0MS1Q2J 4NQG6957 11Y3Q2HJEGNVTRKONDXT8VF67EKNN4BSM5J6NW8G51', 'QK8DAOE7CHEWPVEQ9JIJ34WXIWFP7RESEG4L86B441QWCR90W1VBH LRS2QJ2OWK', 7, 19, 9);

insert into ARTICLE (ID_ARTICLE, LIBELLE, REFARTICLE, PRIX, QUANTITESTOCK, VISIBLE) values (2, 'EYHC7MJDECCD8OUC FCQMKKDA30H4IKDUIM9OTJB8AU RT9U97BCCY6 ONMSH2VXML1DLL28MCUP839OAK7CKWYRMIVWJPHSV86JKGON301LT9T6CTB4BLI1D TSDCYJ', '1LS0492L5112A9Q1LN432TPH0NNS5KQ56LLPY84CGP N4TQA4CGFBHTKYS5O1XD9', 16, 8, 15);

insert into ARTICLE (ID_ARTICLE, LIBELLE, REFARTICLE, PRIX, QUANTITESTOCK, VISIBLE) values (12, '325Q093OPKVOMC3561J4IIONMB7J15098MPVC57XT3C3KOC V6HU EE0HGEAGLINL7A TI0J8F8XLU1L0VDSGCS0F3H6GEHSWTY1N1Q867TBGRRFHK6GLN43FS2CSM4H', 'SVLSNL6PHYWUC5CSLXRYL6O2PBXH6OH78LIE050F1LS FAT3MYKD5B7JTV9GX TU', 9, 6, 16);

insert into ARTICLE (ID_ARTICLE, LIBELLE, REFARTICLE, PRIX, QUANTITESTOCK, VISIBLE) values (5, 'BBF5XPP67U7HUJAFMHEGXXT9QUK 4JQVCC4DMRG4FI0MEOJ48N9CX2G04B DYQTTY93TOQLD67M0LVLJEUNSX9RDO3YRS31JJA MVF PDN WU4N8PM4G7XMYYSSE R8W', '8QOQR0NUD4ACMIHB4T1C6NE37V5YL7EI005YII5V4VO97EX3HM2MP7HD9K8CB4B4', 2, 15, 14);

insert into ARTICLE (ID_ARTICLE, LIBELLE, REFARTICLE, PRIX, QUANTITESTOCK, VISIBLE) values (18, 'SE8 YXJG6EQKHQ4A5ET0XT4SWUINT5A9XAS3JNGHAR8FQ9ID29L66YFKVHPVG EIHJC657Y8QUETQKKL84XPYLXGLOOG08T3HE7K9JIM IV4IS4OUQ1F4D5496DSG7YX', '3 JDSDUWCXY5ASUKIA3XSATJPXS07OV2IY771H5TH6PDWS2FCIB19FY9PORC86HB', 8, 11, 5);

insert into ARTICLE (ID_ARTICLE, LIBELLE, REFARTICLE, PRIX, QUANTITESTOCK, VISIBLE) values (4, 'BDW9W9LD39QX6V7JUQXAV8HXPGWS9SNGEAPLY0S1LLV2 I B4TVEXY 8V36HFCR024VSHDE4CV3I8UPDESUKH9H5BTP3QKJSGQVQ0WX4YJ493MC YX47JDOYBYJPCBJD', 'M04RN3P4FA8C0UMWLSJTYJITUFRSB6PD70XESN7SFPFLGNOP8D72KPCX2H0W9HC7', 1, 17, 12);

insert into ARTICLE (ID_ARTICLE, LIBELLE, REFARTICLE, PRIX, QUANTITESTOCK, VISIBLE) values (11, '1VTD1E55FWDEMU1 IDMQ1RBJJRFC8SGVS1HMW1WU41X0TV3T60YNS6DA34Q5DG6XYH8IX67BUSG8JAYBHHDGKOY4HUI8L1QOCA719JB9URC7LY7YE9ROYLBFNDGTLJBV', 'HMYGP KC6MWL06J6QBHPPEGWSYG3R78F1A3CD5WVQ1WUBOP3TF3NVA JRQN GSH2', 5, 10, 3);

insert into ARTICLE (ID_ARTICLE, LIBELLE, REFARTICLE, PRIX, QUANTITESTOCK, VISIBLE) values (3, '1A4903IWOEL3O3MP7KPVIJX9V2V13B8QL3CA73B FVW5D332PEENQDB3W T5LX01 3X6Q1FRG5LL8PQ10KQOXB8YU0YFK892JIL5DRL1M NQMXR8PN9JERLF8QK6DETN', 'W6 HTGDXLSAYYOSTRAISHE786HT4UVARICVBWKDMODNHE0L75CT5WXLTOPU4DF1N', 4, 5, 8);

insert into ARTICLE (ID_ARTICLE, LIBELLE, REFARTICLE, PRIX, QUANTITESTOCK, VISIBLE) values (13, '1AOBWCU66WRUV2JQQ 3 BIGM1NNOBTN5M56WW591Q96A8NM5HP5QQJY6LWUCK8UGWNT6XV50D4VFTKPNPRVIN4J8MIEI7NP U3VDEFY0KDHNOYNXMTG5YVNIC8AM7AOQ', 'NIPDEDHN97611S2O1PRPCHRQ7L9MDP7EK914 2C51CQB5EB6UDQIXVGY77A938J7', 18, 0, 11);

insert into ARTICLE (ID_ARTICLE, LIBELLE, REFARTICLE, PRIX, QUANTITESTOCK, VISIBLE) values (8, 'TKDTN19J4N9GQ7G6TCPFGN089N44HQB4NXWT 7UKDF48V0B69N17TKG5E14IUUD8IVSRIOKNXXPIUCI7DQNDP2XJ4K8A ORK0R02BKJSX46UAIJ2YFATLUM9730 KOJ8', 'A0EI5WQ2VFVS1B6THIO4I4QTEJEDOFEIP8JC4RBMP1EB4VWS5QBMSYI914 MIQXU', 6, 16, 1);

insert into ARTICLE (ID_ARTICLE, LIBELLE, REFARTICLE, PRIX, QUANTITESTOCK, VISIBLE) values (7, '6V33C6YLTTHRS 138DDIXWSNUAP62JWTE5EDH567JL6UTLS7TW0E0GXKMN4IX68GJERCIES8CRGRSHRRQ7YI33MGKDVLHU1US7TJ52GW H63X01QF8MVCNN93H52 217', 'XPXGAV8R5K 5KFMU9H4VKCITH124N9EIKUI7RDIK9 VU 7UTLJTPEXT8L57CPEWL', 14, 7, 0);

insert into FICHE (ID_FICHE, ID_ARTICLE, NOM, REFFICHE, DESCRIPTION, IMAGE, IS_PUBLISHED) values (13, 8, 'XNB41OR5QIV7DOR YNW4 IIQ66REIT 0KHAR42R32XI1SW10MQW66KBNO0FI4KI ', 'F1XBMHVG2WU2FQ5FYQCQLW4SPTIFSDNE', 'BK50PH QO74HQO79ICKS9O25CC6F NSY6 LQ6TQQT70VURB W0LTMULMLHEL7VNHTXWHIPCFA66L84V1V R8HUX2WE3QFIDAWNJ76YP9XQ5FSJ0GREUX9JK8E3K6XV54H7MTKMY828187YYPC8AWB65BKCR8VMB71FVC10ATETNU6P4SS754W7J4AOCCFPBDGYPQQS531FF79B2AOS6N7DOYWFKUL9UX0483UT2NHRI6WOJA0ASJ9QQO3PD8AUOPE64GBARLNDMSIUEE6S0V3M N DC B5R4Q0SY5N4JVG7 D9ORY4KQJLVT53QKGA72HE9P4N4OV4CSMMK3LVTCFK0KHCHJBJA LU8W0C0PS7R9EVEKPISVFP5VBC3HGJGVCO1QG 2W6ATHPAPX985H5G7AE3TYB698IXQE05TY ULKFD4HQY8H3I9SXEIM9MF46HX84RX8J SODYH0XG15OWJYETP5LAV2W0YG6Y5JMPQYA3QU398Q8WEWUQM7FYN7MWSGG4I7FRHNR80VVQ2MY3F9K81IVNY6OD2J5026HNO DYLICWK70CB4EAIUXM54TF34AL5USPN7I9YMWPAUGRV9HK6 GGQQ8TSLW466Q0EMJBNRHRI 6R6UFJUQ81F9G3QGW7PN4GIMQNGUAI7322BN8IYY1I0HHK852MI95MCH709F17XPVLOXBHOJE9HNOE674JHLE0UO1I5JTTWA9NQIGARDW00LUG45OBOQXTKL7GBT361FTR2RVINFWQVN5EAL9NB831TPLH6CRSWQ RJJ7LFNSPJQ6PL3BIRBRGIHYH8S51PS5P18GNV1RHL9 MJC53JK5L8G0N6BX1AAN0OT2OCOYVT6Y5BY0 B9WU66BHVN8P7WMCRQWCXKF 5XX2TO2XY32A98EOA1KQLC7NO067DV58OK20I7D2GD2T18NAN8VLBCE4 5KJ OY9LL1AKBVPYUS5PTEN7JHJVP3AE84FU6N0C3W3TTFJRVHR4PUCFT4LD85YVUBQLJURFO', 'YROJ 4WSCW8Y56TKG2XI2I1X4OA3CJAXYT2NHVQCIXX6XRQMISMR0HNYGK3QDY1LVVY12IK691MLDKD8KJBUXRGQFMCG X6YXO85R9S60ABJSTDUG A8RTGJMAU4 AE9OTIEEQ1WKMNAH0FHGKEFDCU30U1J27HB2K2AUP1B3MX9KYIO9HAUI9VO1C1LV2HCH3SCSCP 8Q2U4NMHXR63UW34HLN7VMH8Q993T12  7OF4H0G 6 OXR3SK7BCJTTA', 10);

insert into FICHE (ID_FICHE, ID_ARTICLE, NOM, REFFICHE, DESCRIPTION, IMAGE, IS_PUBLISHED) values (10, 6, 'MW XN71GIXQGRO5FT9QNRQ4TDAMD9 1TDAHMQ14TL7LCQTQBIHRJTY33 3BHVKDD', 'MR9SJIG27JUSH77K26CR340TOVGMBFR0', '2AQJTHBBTURJ57 GYLNRA6D4 2M 5 LHDNFARR9JUGU3AFNAI3563A5QGUWS2IO53MP0SUDH3E659GCSRJ D5YJUDA38YEOWWH LFHLME99HU 6X20X9W216UDIM50THUAE 2S X3F7YU0D56IFUPTB DU4BTYE3EUP601TWV1TFWUEJBRK3SP82U8JO28XKFSA7GWHLT0JRK0RM0722BGPQKX15YY078J82J9ILF3HWBD7HA7BTE4XSAYL5DOHWI78VA9N0ORGTJ1MRJRDE 05O39Q6439 DSQPMERIVATHHG0LJR YYRT8IGRP0BIEA1PQDEU7PQNYD9LNJSHN37KYI1KALNGL6FW3AA4VDXQ89GP53BVO5K5SD7PHIPJIDBM01DWOCJEF79TUAHV8N8G8W0DW4DBPKQWP49PGNWQO28N HASK5YKB86H6VSK7XJEF2R5GK8F2N6 EKHMY1QRMWCJXYG5L FFI622IXHUTQ6RFRL0QNUC8WUQXL24XNRY8SLF0UF 5VM5YOX977WWSLSWTTOOVASM 11BTYKI9N5FBELDRUP5ER5KEOK8MNIP50F1D58RGHP1IEGVTMFWTKKUG0A8TWN64Q00MWHQ0PIKYH74SGG67MJLSMQEPMSLE2CU2Y61AK2RO 9057H5DXC8981J2R99EU98OJ1 M95J6JU3DMH5JV0XRGLN5P52ORW428FJFTTYI9YN1DRNK9DF6R4UT8DKSGLK92KA47E8ALELN1SASB05GMMHFJL AE3RWFHH5BKRMHPFU3FT2OC9KDC T998R3C347Y31W62479E8XR9UBIFJ7UYFCNTVTK3LKINAPFT0G5CGT6N0QG3E9X577QYBUAEI5IEG9TW0CBT6YCA2QYC7MPJNPCHQBBWN218431ABFGY6G7K KHU18L6Q12WWAQJ7O2OVM65QL0M5B 2CWB 3Y8A0U8DKPXJ1W7YE5ITL79BWG5J6RKTGIMAK40QIGI4G YXDVNPO 867PKU3N30DNXP ', ' QO4IGCXR02IG12QAB789NOHXK3X5XWEU0 09JXYDX4KVAB 4H4C7OTPKUR0YIE BBNFFKBQ3HG42CGC9TKO28LBX PL4E20SMX1717II28PNQBKR91W009TVQ0SOOTX4SMJTQGYPSEX37WV6HRR7W88MKCMLQPRJD8N9S0D4IHEUQC2EXJ0L542TT5BP901MQY4IK2KLYOR6O1ESWUE39LDKIEYR73VF0MTFOWUELUOCLDR2FVQK1LRAKTRHSJS', 5);

insert into FICHE (ID_FICHE, ID_ARTICLE, NOM, REFFICHE, DESCRIPTION, IMAGE, IS_PUBLISHED) values (15, 19, 'JTIYFQQA78WP4GQB3G2 BMIUND1AS2H07FF0MPRIOC1I706JE2B44BU UR2ARJHO', 'L468JFY4EYVNCGC99D8WWRTC1UNGXNEV', 'DBGLBFTCKK4GYHIE3Q XR907EHW1VQ9EEUONYW81R1NGE4 M1D7YAK95B6HPPRTHG35KYE4I07E3611STI 6T5Y63EGPJ6DF8CC9SPE69NT63XTWSB2JSWLYS32AO94 SMCOWW72QQ2KWTKEQQV K0TRX1BUAODDKSXTLARN6LX3AYNBSGIID0HCERTRIDMEHFHP1HG1P7UOSXO8K1P5FKJ2IMVFCJJESY4CDDVQS9X8VKD71QV RS5Q OEAQMW87JITM6PWC9 PY0KWLM13C LRXU UHFN8U429PCT6QGD49NCF2JXL3QB0WSVKC0XD5GTSHL8POX6H05VGN4WNRXXYSY 0YNY232GLOY68BI6TAJH8YR F3P7JYKVPU 7BY8CUYQXY5UP840OI0NV5MK096MRBHX8LG1HSUI0N7AUVD45I7SV2X7G7JYJF8LSYRDIPU62MR2ATVOP2EWYHDMSVO3OQCHR0DUSVAVXPM4EACRAJUJTNB4CEHFFV0B7S8W9LG I9X76IER2R60RYY8PDE3LMB3A PRK9IA 6AUBOLC95FFORFVJ05YPP75FRJD 8LQLVOB32CFDN2N9GR4PXXSVXL03RWJGYNLSAGRJ008YPYBRIYF8EC0X3AK ACSMVLF5XF19SU8TADW2CSGA6DWC2 XX1UGOG83ETTRLU 9SY0MTH276IFI9P9KWBSOL79OHH7EGIHD RWH7GGXD7COEYO52YYBWPBKE0L6G8CVMAK95TI4JNA 9PNNPBJ2TIWHF0F1VHFE3MWJ85POFPWSW HDA94D98HDVNISMQJVVH7ML2FN1R7B3RFTF8QGQHDGBK309HBGP 6O69YFFSNH73MUV5SDGYSAE T02CDMFVXLGEIOV721B14KJI2X9CXM0MOXVU851D 3L66BS2PG5PVCJAUNOETL2R6M9M92OAALHDYNQV7238QV33PYTUFKS75UFCTMOW5EKQS3HPNX5QG3LXOYKIM5G9U08N2HH1BJ 3HHV5HW0GQ8LE', 'E4NHT2 26MIVGE0IEAEVQJ4DVJP FJ00ET80BYYN24U3J8QIB3WP64EULX3T28E4OJ39KTKIHVN3IJH8S8G3HFRD5VNMS QDVLQ7 GQ2DGFO90CN5VV 3BQOLEMNX44H2 8R1VLCY9BOINK78XKDC1 0G719NA OQKBW0GDV0G3YXRLX55M8I2B5MWIV2FQSQYGO3SGNKX9F2WYFI0RLQ5QEFSBW8P24EKN3FSEA7EU0EWDQBTFJ4ACMJXCQ0NQI', 11);

insert into FICHE (ID_FICHE, ID_ARTICLE, NOM, REFFICHE, DESCRIPTION, IMAGE, IS_PUBLISHED) values (18, 1, 'WVAX7R8MSJ4S468OMXV22XO JOB1DBLSHORVVWAEMPVK1W8YDFT0TLRR3EB28 BC', '2 857NGONAJ4YUS111YPJD8R AJU 0WB', '8LC75AITYD697IS3XSL9QVYCKM0K4USP8KBTQ8M8J FW7TBYJSS68NXX7H6D5N2FWC86YFIG3LUD0V023VROGE632Q455TEUW8K89N5XHVVHHE D 87PW16K9A77HN0MA9FX3YMN14N0DDHDYTL9WSLL9YCWAS71K9K9RP55EI0VC3X37C BP49  97LQ5GWLUC9GH5FQ0DYX4V3AA5XHR60QJ1PS GHOFWWA763IAU5MA0G7YG3BSGJ7VSOEPXPH5XCA1X9NU7GSPASDE  6IDXJ610D4WW4 TMEGBJI VUPTO9KIENYID3A326HAG03OKXG7B5SQXCLBDK U4BEO4IC3RPBIUGBPXE6A5SNY20H4RV9V5397A32DN7HEI83F88804NL9QXFIAXEQ583HVE6 08DV1V6WGP6 QKM1X6B O2VGG0F9WEVPOFE15CN A0H1OR2IDY EO0GR3NPKMPO26HTERB2B2IHCP4OLFE4UB6E6OI7OEDLIQ2ROWTECPHGCT N23PCOPDC1HV56S2Y34WCWRIY8WBMP38JF267J30EFJ6PVHXJRWQJCQJI1WD0GUAB1M15DY2X7FSWXCNJ77D8LBM7GN2OUI5DWTLIFVYV3E5OQDFKXUM8I7 N2SWGGM9J 76I6LOHHFQV0Q2L6AC977ER7IA730NZU56DE1REL10AQRS00OEV5A4Y SSMWHUA LY36A9QFIJJ5XFO7QPN0N  A5XA86YIL3 OTJS TRV7SUCREY7YSKD3TTART9L1O N  5F09AMSHDFV EW5RH4U PHHL3VQ 4ITJPU55CCNCD134TQGF0O82B4RT8HR342UQU73MRR3P04UQNT1NX O2VWUYCNUD7UNYG8YJ3IAAI7XLW5WJ5I0R8IWWA2XV9GR1I79MICD0A8L6BV1HR9GSUOYN10KKTIKX6UXCU0C4YRJSA3A40SMGX7 NQBI24MD0RGAYK8337TSIT FG96KYATVHP94W JFTRX3HUWHPY2T7LR3O3 ', 'DJP80MYVSEONAVQIXMM3LVG7499VA QDRUX7TRX3O66D192V6A2G3FI0OG9TRR5M37E6MXE2LSD5UQLJ9F6QDW4J6WA42B9O95S986JJO301R8LOSGW54F1PWWVCSAIIL0GP8RNQGPI5T1M2RKYV F61NE82CIFOSTFQ8B9EV0WLWOBXNQO6FOMKJ99Y47S60GCLOO1UB7WIUYI59P1CV5LU5 HMDSHLRKILX0QXJ9T3D 50T0POO4G GY2T90J2', 18);

insert into FICHE (ID_FICHE, ID_ARTICLE, NOM, REFFICHE, DESCRIPTION, IMAGE, IS_PUBLISHED) values (12, 16, '5UQCD163T2ED1NANOMXKFDSPGG38XHUASCOB JPOPH2DESQEOGPL4L2C77X1T1VX', 'A1N64T5CFL3L9YW39S0RIS X6K7QVTPA', 'P5DEC4EQ AYWU9SKGRHS637KIHYLXB7EWTCR5QF5896HNIMC CXSVJ603RXSD6F1EE TTVLDBLH1RY7MKNAU3P7LB95LTCT5V6QIU9TW4XDD2CMEMUDT9IT08YWDL5JED6OQNY7PYLYC9O55WUKQQ4PJCL7FU9W3EALIJAYBIS1R276WKD KR1MXKQN5QKF0S2VUQXIRWD3K J988XCCJ1MI6OJY9APGVXLSBPENM47PIH58UT2553S4XJRBCXLBC1IEBUC1LJ5216QHU361ILF6X7YNT71Y8DYSPS8M5UCPT0 5 ME5J30JODCIE8394N 3A92K14VL2P4XI 4M0I3N5FUEQ93QVEBHSB1KD8FTU7I00MBON GINO1WEYGBTX96V9IUORGG6QN5IQPI1Y1LY23MT6PIPAUE4NX6Y5YLYV6MGALCO5WX7EW6D3NEMDQDYCYUIJOF0EX8O0 I0L93Y908A74I4T8GRJFQ5XX32FUBEGJ9BKI761LHS67Y42BXTM94 1QSPB2Q8YI UN6U9TIOW23E09N5BBM NESTHQWWAKX0QO 7XJ7IN65YJGHJAMSP3BEDVLRQ07CS0RRXFVWTX2XDUERIST57PWJT559P8I3QMCJAACDEHK1UIM3GOFB190VFMU4T9X1AG4H0K6342VB5HHQXSA160AOMFJAKQPS 72WEMG6TADTK62MFTK76I6XSL8T1RSMBKF989YEGNSMXCBAGDLV4TV7B5AXST0DV4R8VQA8YJ21K7UYM 39MAESPYB  TWM9CUL7MVQACIJDC5JJ20QTTJKFR8I71UL1LU9M0VNGAOQRSFKT0LUDLS6 998P7Y5X72D297EHHCDPWR750C8I8KSY3SY5F4SKB8709M2H NENJWB873RYUXCXPNQS72PP2A4G9MBIQ VMWGFSOWE TTCHJTOEI8Q2GEQYVHKPN015MROKE6CD1W0AVM4AMWCFE5RI7BT8FOBBRYWE7IVHRN71YNJBA3QMP93SO RAS88P', ' LX18RDYOWPI33ED0  J07SLSCV7VV752P7ATL0VCO80J HOUOS918AU 0DL6OS2PXORRI 2IVQW5KWUS1S9TBRE5PRR41UI4 7U0TOIKL5G927BQO8 8W9IYVTHFR1PUHH0I0POAP505 53X11W7NYXCR1NU06EUPOQ20TLVU1XY3OP0CTHGK5XQGI4 6AVISRIDUWTYHQMPHU75MSANWBBXR1TB1H MMAW1 0DISVIFGU6RMVUD63F5A1OBH31', 9);

insert into FICHE (ID_FICHE, ID_ARTICLE, NOM, REFFICHE, DESCRIPTION, IMAGE, IS_PUBLISHED) values (9, 15, '7BMVRL6MT3BSR0E8132MG6JORKU 8BTOP5P1U45IPNBJO419SUGOI4DLVMSG4RJB', 'TRBVOWEBHMHMYQ809YMO6219MWD6SJF5', 'P0K3WVG5NAFEWSJTPMNH4URV62R496HHDLSI4GORSVV5R7XPD3KU98YG00SXEBXAY7DJIRD9N6C1FANF8UMOO31OT1I1IQLC54R2IJF24UBWSTRWP3KUTAJAQ38R SOC1D23KVY8I6 IKQKOJRTD113J7YXFY3HJ1T0KX377HD2RFCFQWKI8KSJ7557FJLHS211HUTJ26D1KY8XNC BGLCVLW1D7SHCCEG7YGWKE3U2UL7SIXCP36Q6K5OC5L9V2Q78 PKYB6BTJPEWW PN9A9TI1 PSSO0D6AHQLALFO1SNL7A1CVX2UI6A3MQK4RV67F1BYRIXE417GC4J8JVNMEVD70A27VQWR4KVH1WJGC98DSSN71I7A3OQRF UMM J4PFOVF2GEDWUCQQ4CMJYG JVHU0ISV9K18MVNHIH5LY59RO70984NVGSK28N4S82NKSSB3XW3669YNDP3ON1APP3IO6 TVULGDAP6E2J 3VE5IUYTEFYNSOUA1253T59F12XKUXR 32QHP7VTRT90PWPB9PX0MBOXTSTM4LGNOGJFXPS5VUAHA1SC9M0KMP1NOPSF8E1 7C2H2TOAL2G3O0TJRX8NEV0TDR70GPHEQQMYC5 1LS7TAS J7HE1RHUYGKL9B6AN58J4AFQQBX0HTJ2AWPDGWCA1ADD OHFX2674NJE1Y3CU8LC7VR H8GNHY43VNKGVYHY1JL2 JHRLSFM4XE7OFXQ1CB9JNHHH0RAT8TC4V0TA1O88O3XFH4VX59IJAG368ALBEJACG92DS425IW53OG0PTSEAMTGSE0FDXBMWPE6A5PJXLKWWJKIELGK3T47J3F9M1UGJPARAIKLYWI5YW6BFIFP9E1L1LUOP4 KCDIJKIYN53T1CV9XMBKHV8EBD34820P5VF68839SOR5M UUD5NEO1C8NYFTK6P6 1B5JAI2H85X1SI75PT30O4NEOC4BAHPE59WAN94SVC5HHSQC90FBO8 WS8W5N S8YDMA64AC17I3QWYL', 'EWHHL1CY SQ1 N3QRXLS28A60ENOAUJYE18VI1BN796O5 2JGW6P65UXKAJTHNF5NA1O16E4DQU0LNISJNG8XBUM8V740QKJKP5KI CM5KXJW3955304JEKSUXMPY6UNX1DA0AWULWBVM3AXSW 15DFCMXKM9DDF0W8IM4534LLL5MSTEK7QPE0VA6E0R1DHEMV2BX64LCXDR227AC6 510GTR41827T5E5OXABA9N5WPYKV791MB1CMRIGXCQH3', 15);

insert into FICHE (ID_FICHE, ID_ARTICLE, NOM, REFFICHE, DESCRIPTION, IMAGE, IS_PUBLISHED) values (4, 10, ' 1LXA9BH8MSKG9H2BRVU9RTHM9C B5XA5WOM HL6SA5VEUSUEP3AJOC7K5R1JI4H', 'NCRV86Q73X9OTBH RNN5VNIPQ8I7V2UV', 'B5WDSKO YENSE21UME2BJ6L9NDD45FM OXM2QCD28UJYJW84P QBDRA7X8PT73J6MTFA23T24DFF0VBI4GP69JOCL17G90RFS4PXBJ GILR0OREY80STMDAEPP4DNJFE9VL TRW6PVPJAJP VLD7THTMT1GXKBWEIWUEX2VSDC1WHHOK5WJC2D0TRKUH49O6ETU7U49CMX7XU5UBOG28LQX9WMJFCKD390OFOSND ECMTEXAGJC FONUWAH94QS QO35G9Q0D67VSCU4U7FOKHHWXGAEAIV7XQFH4 EX4L7Q2ELXOB EWQWDIT6EMYRQD RKHPN8XPE6S9DF5HFB6DHOJT2QPDQYYVQKAGNPYBK92VJTU4QM5I SENJ14E5V0RRP8ISJQ213XHLUUGMKCLB7SDRVBXN08OS6SIJH8DXS8N6SIEFBCDK WQMVN4YERJJ9I9KWTEVGU53FQQ48JU NABPPEEYL5X98OYMJ73ABF3D5P0CK8BWBXI42PJPPBB GM0QTL84JOV2R3IEPNBWM5FROOKEDMWB9I40MJC3E14IPYC9 YPOPR 399PERUOK2FAOC1PJ41R5WQEJT6N29XUANEM7J3DN8CS7 HFE2Y2JSACIN8J2IAK5NV3J YL69767YNDBI2HGEXL3X02W7RC63CB7UFMEMR9DDR6MVISS99EW587UMT9FWHP6DVM9TS7NPDB9ID3MDFQ4WL7DK84RXRXMF1F9ETD11K SUMP6EVDONNN5F7IJ5M0UD6RPXGGT1P5JD48UDJX52WAY0EUWID691V1F13EBSNNDKNM40OPPPPAQSUAK2A0IV4J C2G20L XXW2QH1V8AC KOXSYTHCCTB9JJM6RV7ID0H HHPA8G12R5I25U 8QD90 AWB84JCNFU5E98OWXVHP6UNT8S4OI8DSD  H00E9RGLNLII3GUGYBLSD4QMHSUO4ISJNDGCGPMMJSV19UWGANSLTPKRIA34UI8M0I7O1VIUJO2AJUUBJRXXV3 QCL', 'Q3H8951GUPUU37Y7A5LHXI1KX2PUPJUEXH2JYRY0DK4 YY 34KBELSBWLUX2RA7F1 NINJTVB0U29NL0MXBCVIHUI2PWX1KDPWO2TCLILOHWT XU6DC76K22OPEMI53Y0A95U5DVIW6BE 66JUUXX5RWNI MOA4GF 5Q1CDIPUP7MXSYV2XKBSC1B01AKC4MTKRVMI0GCGJE3CASTKA4J6UV0KU 6KRSGG5JOKTAXESWA4GPBLCNODD7D9E6GDUU', 14);

insert into FICHE (ID_FICHE, ID_ARTICLE, NOM, REFFICHE, DESCRIPTION, IMAGE, IS_PUBLISHED) values (19, 8, 'OH0ARJYQ0PIIQJ599AF57TK7LRX6E7ECHCA2EGNV4QLHHBWIJWXKX97H3AFYIU7U', '8U7V04U8VVOCC8GQTTNTQ4OPE9MU7HUW', 'HKD6273AVLJ0A3AM93SDE2RQUEULK1MUSSVFYFH3K56U LJJ 0F8836AUFQFSH9QB743HUYVQ5P6IQ9U6GKDT14KM88V169EQ5K367G1A7NRR8JI8L0PNR4B7SL8MFTM2NAFFK1MIN4GF3M1WC662ITS6UUWRX8MSI21I9 34MY47MWFDE4UBQ1RDYK8IJ 8TDBYOWOJ63LNNC 97CMPL7SI4F1NXIQRFL360DOJ8S4 84KMFD1SXX6Y5D8LXBA0AE4UJVP675A2A2I3EMG8C9HELOPICPMGIQS17VM4EIKW6MWVXWK5OS6SX0QXWRSXMB4WU3FIKW I0FVL9UQOQEVK4T6E9R3WHOTK7JD3T5BWXGSIYV  88BOICNGXCYDF38AXKQ2QVX7W 6D150CQRENULCQDDXU7OD9JQ088IUJVJNE O4YSP8IAC4T 2SCYAWRJWVUN7T0MW2GK7C3R21SC6JF0UFG5J53A75RTY5UV6DT1994156M2GR7LFVARW1J24RCUHW79SOF359BSH7MQBMWVVCF6J9I1BTHBBPCBBBMP 836YUY6NN9RF633G3D9SNM8SXJHQODEMTU7OWAL6 27PX PFGKSTNNYYI339E40R9 V3FUJDF4 K8AJ0XHHYF4AO4CEE7VSSK00VKE0IGBS4YSMIUN61P0GN1NKX04G 8EC N7FM7I9S2RB21LJ6DW0A8ENWWY1AJOKP54LJFMVBP1DJ4T7SJT0SA1LO2Y2JEF9JPFQTKL3O6 1NBWQJDFV6H0BUW8FAB7WD31GXQD73XGVTHHHD9UE7QSLCXGFVJOU8ADR N H5LWVA56VKQRTGMX3CUSRFXHDJDC5XRG1NW8H2KO2MFCS8DYEBHXJV09Q MGEI2VXPTXI JNAB9DCOVH20V5AUXS FFNS8CC4QE15MKUIS53XPO3FG57XWJS56EIYEWYGEW22BU1RDBBEY FU MFS8D14P83 2UWPMO3985 WQ C0YN7J6SMMVICRSU B3TDJNBQ', '2T2VAPJ5C87MJD4ER848OQ7EMY8C7KA4RMVYCC1MY67J5HBYYBD1FTTE7DL 678L LLXO9CXGCVPB5935HG5QISM3WGN LYNO8YY2HMR0IY64CA0W4DTA V2MTAV7CVA6WA8497C5DT1JBWG8GT8OO16J4DAACJ16LM0F8MGT9IDJLRPMG3MECA10LJIKSPXU9KJE9HEDEQCV OKVU8AXYW7KTD7C3AINHH4GHM LQV4BKLC67VJJS9R65 2R0AX', 16);

insert into FICHE (ID_FICHE, ID_ARTICLE, NOM, REFFICHE, DESCRIPTION, IMAGE, IS_PUBLISHED) values (17, 10, 'VQV5JIXUMYRWPGJC7S8TBI8ISRG 9A2IMSQSQBDEHT3VAGR1QVQ4U9OCT XV2PQE', 'D1HK6KK4WKM6477J04REWHX9TIG8P6JB', '7A0JNRP1GW63LW96LOSKSJ8AT55KJ1I4Q6IKRP1TSTRV3AU 78NKS9NPSLUR6I4W4EGXR2RLHJ79XTFGFV88CLEEWOL9V759 7AK6KUTGN03 75LNTAIWH038COCWGT FO4FEBCH IA7 E9VM 9CS351AD2DHWE9WNPHQMI3R9VGLR5BI28SAXM0 ADQPGEXBPFQD3RPWV6QDSDHXMXTKPGCMFWUKCHAX8D9GMMWW1C SCOFUVQJNIQVXWK521F7FFA3 FUSO8347JYUNYR KMS  L 3YB72X9IEXX90LRW7YT6T5NNB6N1JD6D7 6WRXF493WXQCOS65TL1KMTP9H21 2N1U0TRBHSV8C0O3SJ5YJJQH99AJAPE5ID40DC1GPVF KT2CRI7B8HNYSOALIS6OJS2 72217C5W5WN3 QE6E41D5C XUGCNXPI4MRY7TXBGYWRNMYYBW9QL3CN CWIO9Q4N498G6W805L7TNH HSU1U68K2AIRPV KSFO0SQ96U5YCPTDQAF1URPD4E8UP3XCLLJ5WJOMK5O32 NAF9I3KFRPM30KJMABY1R33E09RZPBTJGJBVYH498UJ8SKWIQ1F1O AMI56CI0JTB3RF RY5T28QYU1AOBUE4JPPPU94OTPK3M163Q2DWA9H8JO0EL1SAK3NXOH6 GD1HFJA290KP316K052Y2WTJ1RUAHE5LT1SUFOTYESVAQ5J8P885GB1L4J1OVJPWYSVG8TR4F1QD343SAAQM79UG4QGT1FCK4AOA5HY6OV1KRKD0J58PFPKDG9O3XQIJMM041571PW47W2P0EAPMUMGVRJQS 2J31G6JJA7V6COEECE6 LM9V3NUTI WH4NQ11QTTII5 WS3S0N6JKSEL56BJNB98K0AG3R4TDON2T1X8UKYH7HJOX R YVFR5OS9VPC1I2CMUAFJK5QE1C JIYSE0CQ6MLNN6F6QJ0MYCXT9XC003FR73VD7TRDDSNIWD72P5Q0J3N4HSWL707RBUDQX1', 'LPC2UB0LN0WXGRPY9SAPGHVB8PATXK R 4RQRGQ33RI T68R4QH6TTG2HFQ7S1N7MQ1J9Y3XWB1KUSMQ8X1CNYVN50I1A0V MC4UD1I1HQF0WSIAG 7NXA4CSXE36CA9KFL6 9KXMVDL8OMG2E JIJDVFFV856RUGDQYWH0LJF4Q 9VQQCWI4OYIFK2DVX81MAFQTSRLSTNS8JB6JV74FYC2M6RETBVLV180DLV0F8J6XX6E PSX1X5X9UD8EA X', 13);

insert into FICHE (ID_FICHE, ID_ARTICLE, NOM, REFFICHE, DESCRIPTION, IMAGE, IS_PUBLISHED) values (11, 5, 'SAJ9FPKU1H9J24BFWXDQ JRJSIBA5L41 YMT VC 2WM3PK8S IU00NX6LPVYPM9J', '9I3PSMW6KVMUI8U382TOCYTYO9CH8T5K', 'I9SGMAH9NAI2CF0HM61YMK0XJMA01E9SI3KI6609VTB V 4FDLEB38NGQQ2UD63P CGUWP9ADIWQ96UCWPNRV8GSFBAMQ4F1KBYC9M6T0XT2DN97IPL8EIXORDCOGLFHD04 P0UT2H5UYHNH1JMP09RD6M4BQ9GAUBQPI6HTA9QWNWD7MWU50XSMMM9 N0Y9VT7LWQJUQ8 60H0YUB0MIAXREO3192MQQWKM LIHX40KI1ASP1H6MEDM7XHYGW7J4QLWSX6VSEM2JR4CL6CWAJEM592639O25BNJ87CMOC6LE0HRBJAXEBFMTA38V858ACSO653X91T87HLQ2SOERM322IFNG4XHHCNGCTKHQA7145SGGBKH2N5YB5O0EKDT1MN3DH4ILRS158KOJBLFXSIR881W4E3PO9QUUQ8STTLE4ALOPR4GTT8J1IEX0UU7I4MX7GLMRNB8X5P9SD3V6PLT9K8TCBHW4UKOUSYT67AQ9VUR2Q8YBRWQURT69K2VEVMD 4BS89K3QU5245S2HJRW78XTVLURPDCFU8SCICTLVPWJ2PPLRWVG2X2F4Q4QTD26I2N  QCG5FI4BANW8Y13OHETXIFIVMQ3 XBN1J50W7MBRJVFU5A1KFRT3UGAFOXK4CESHMULCJ 2NWAOF6T2S0L8BT1TIVW4R5NFHMRKO7HWNMH4R XFP9006W5FFAK9MGX5P0UAXA6WWOPAHV3X40T08QXX0VIJAPB 3 N823ANTVUQ6BYYAVF6WDOMG9YIBJ1L3IIU0A89CRH2B7BCS7XJH0VHBWRS4WF2JEBLHQHDROSWAK3JN830892UN3H01224N7N17NS6RSNVEUEGCUCPAW3PTSBVBKKY29QOSIYDIYLOTPIJPSOOP2VIOT3036T9UNG5P008HXS2N1UUXLV E5FAFQB8F TDECD1D93IL42QW3YVQI9SAS1KPY79ADO1M O03HII8TWHIELP4OV93 3FKKIVJ QLR18P2CR231H4AQMWMVFKHX5H', 'EBFE2LJFVO3EX0TIXH8IDD6XWY0W 50WSLVICQ41WY7X2PT5PHQHVFEHLOFCSFKY223YJ86HTLG907TH1W5IRGWJS 0NYXF NS9EWMDY6X2 CYP9 L09B4YJBLUVISIHBK9KKRK733YNKQGP49HGKEYJE0M3GEWIBYL7LNPI 0NW3J8LCDEVKGG1QIQGLFTJABF1YP NPBDD8PC8 7996V93C764QTOO8TKVILO JJXQ7T9HSS8FAD6BQXOAIT1J', 12);

insert into FICHE (ID_FICHE, ID_ARTICLE, NOM, REFFICHE, DESCRIPTION, IMAGE, IS_PUBLISHED) values (7, 5, '27YTP8O7QT7PV5L1MVEA53NWOODJSVEKG76MRGOEMSPN2JQJV61WKTOVSECUFLT9', 'LN60RL06SJVXUOQSTUCE113S0MDRLD3T', 'EJQXXQGXHRKVHPHKBLLIX53M1S9Y25VU3J096UFEV6T8BPEWH4NH407IOUCOCG66W33SVSGXE3UJIRIHJYUYDYBR87C NW1PHFHEGDG0X23NYMVBU9WV3VX3SVK8BVO4WN92DNILSJQBCARU6 97P PRTK0RJ DPLJ5RXWW8OLJHC1L4OV XFRHJ9W9YF6M9IPMHBT XP7  KEWP EU3FY7RF5M7 N32VLOAN8CAC16SE9EN1V8RSL28 F  5VK0EC29YDOEJNUUAQ0M8B70H0AC3M0QRM0H7W7H5NVXMAG4I7RQFMFYDSD19EW JXJDR0344UX2B01N7ETPRDBR9UXPG7K945D4 8FCK 2GRNDIH8IPW1WMUBNCYAK52V0Q7TKB5CLEHUSQD DHURSQQNIGKM57T  P5UIBEJ0MG EHR72C IEDFLK1F153QN13X7XLTEYF08VVGNE273NRC42P323H2D2G3J5ER39NYLK37GB0Q 8ATJDJI4711T4VKA44H2VOESHCL0 17IG71E052ABHO1E0PLH26 WCXDBW5XOINT8 5KPOJIWM B90AIJNXVN4KLD D5TFKP8X87BU3H46V99MFR8AQ0KXOLNWJX 6SWPJ6NTVDNS 3O0 QX5FHX6A18S0XQ TMTJAVOEIBCEXDQEX6CJK H97U52OPCOTOOEM18E0CJ1UCVDQ33B6YRP7QRGAXU6A3HG3EJA793IOHR37B22U06LDPCJ9JKNSC0MAG6OGBL8C8EVO0  4NF4C5TL1G4IFBUHRQYDM3GAUX142S90NCGO8X0K6FG9VCB74M B3MTG5S9ISM5M0EHQQ9G 45OMA2KO3DLMUCM4B URR O1W3211SI3G8CFENIFA7JKC4MDFIXTIMM31J0EWJATS55PFMTMG7OIK5CWJDWQ TLB4SDSK POOB5K6VY3CEA31412UDFSS5XUXTJETYEUU2MCYR7CQOU V3SWFCGDXOSI9I5I1QV8VL7IK LIEW54MJH5JW8 2', 'MCHJ169B4UVP5RMNWX28L2AUQAK6JXK79NBV7QD3JBD02O8PV79JPARAMRT1AY4EH7UTLPR7AR9FX0 0N0X97N V4H454YRAV9J8QWE48Q0RJH LMJUBI3GBAHRUEBNLJWG3 CBUONQUO2IWJOFOYUUUMIQH9N4MXXEDNESUBL9J02Y K6QBUAYA13MEVXM3XYQ3 O879K1Q22VEBIKBB9RXUKR27AUDUEKB215I196DCV07R09PGSGLQ10V78JB', 3);

insert into FICHE (ID_FICHE, ID_ARTICLE, NOM, REFFICHE, DESCRIPTION, IMAGE, IS_PUBLISHED) values (16, 0, 'VYKL8LM O4E7RO1A6AC9AVTR3JYNGD4BH8164VXXBUANAR5OFTLU8P4S7J0RQ2WY', 'BKLA155GT 95B3AEIKHEQJOEAE7AF2WL', 'V3TXL4L1YCBJ1QPFRXE8QAHFAP2EO9DAIJUTTO98QVAKFEOEKSG2VLCXNXQ83CDAXMESPBBJJ9 QOMFWELTUTP CAAQCLK18PLXRRTNF92UTO3 XMG8G1J DBTF1G9IW JJPE7DU5O0O5VN  D6WV9Y989QPV35I69 LXUQC 9C5Q6S1O0O5LEQTX5COY EV7EOFKB4YSQ750L0PAWH9CNABPTHDR3YACBO9EK395TSMH 01SC0973SN9D395YKM97P5GQDEX0SHGGONLDBA51I5SPSS B892058OATYGKNQAF1QHU4E23WRQGSH0804AH1NW G5IKHF3K9XODQTQ4JW231VU08NS53JWUHO6UYL0TQGSE8OUB7J4U2I1A9TXAN4958R00IA1IY2T3A713U7OQ301XQ4F PLKI66 H6O23J18G7OS6HWUJ  84CME3XAAS07EGNVWEC5U7 CILC66TB4UA0WDAMGS3HP3UA2AKBSVVAIIMV5OY7437R0A SEBXL06F3GUXLRYSEJ2UKGO2JO1UTNJC1I3XH19QRA34GI72BSA24902TJNJJYTFO664D7A2MUH4CY0KLN6HE7SO6ITUFLBYMTKSPGOIMEC5UKAXJLQHEJNCFFDN6UMHIU6H497XFAYOQCAN32RQB1LD13 1MGNCKSS0BN3 CWFIWRNWTJ29FX0S5FAHQOUNP54I67W4AMUOFXIOYLAA92ODJBRNNDXBIGSDTYOJVV7JIFCTFQ CGSVSMQVKOV507BCAEJU8E4BQJC0URLNAQY5EHMXGA225NA66C38 RU151DV45SO640LDW05V2DO0E1MC4B0CJK0 QNKSHYBFNULM9WPOSQGMN8YAFCWNYVUOFW9PATTONY1YNEMXDN5R8KBS4 V0WA014EGMR08VHD4TRLU1X30 OSQY7GFDXGY10V3 ODL9RKJIYL9POMNP5N74SKEE80 0EOG0KMTC6MB5ALMU B51GYK 7O2JPNAJQLCTKLPWN5YJFQMOFS', 'CEL2XPBUJ5EF7L81APXK759PVD1BOKPAJY7IH4LV3J7UXPK2PH71H N4Q91WDAG7XRGQL1YRGHLNPT7Y8XJ9268BA4X5XQ0JFD1X0GN7QSBXMYHWGGVFNUS9U8AOXJU8C2ABCPYFH4TRPBXNF9YRUH6F7KC0RKHTEX737DE8NU28UH6IJC2H4TJVGXXUT QBQTGJ AMWL6SIT828NF8WYT157WLSDAFBVEDY3MG921DREOJ8012BMS3CETIKK5NX', 17);

insert into FICHE (ID_FICHE, ID_ARTICLE, NOM, REFFICHE, DESCRIPTION, IMAGE, IS_PUBLISHED) values (8, 15, 'UL9SAV7OBW1BWBSPU9R2A QP3QY0WU2 XCFYLE6AWXXKR3WY5TDG6Q T74XBM3JM', 'B481AEB0QFNYVFP4NSR6 S0U7WB1RG5V', 'WX1IMGXM21T30JN1V5H4006AACQBSRQ4R2361PJSHXQ173YWKMS3D00NMY6INVP10XCUDAU3T0BARPKLGNKEAJHHMMGOK3EO9SAF6XR0YW1MK2L3TCMY7I3GD9U3VS UNQ WSPEJ5X1VD69VINCRJ4HTEOB4RKSPLJ87JY 55A2XSB0 MBVSHUJELEI4BEB4 VEENAXY1WNOE1D STW38F7G8QOJKF6E43KI8LRGCGU1P74X0HUPUXLW2TSRF76EODHLB18TXGG 1X2HMBQQAN118IECRFAGROHST47O77UHPMBQH7BAH7YU7ISP96MJVQN7KKO7TQ4KWY FRSXJ6H PY8UGLSF2X3O0BEU2YW1APXGQ4FMN2MULTW44AU5081VFPW2K6AYQ3R9EID1VS2G1JKVAT9CXJNAOBOTFDCX 0  QFJJFUKX290XMI7SSXRJ1LLQXX8N99FIINP3LM4G8JSUSO3B8 2 SWSNYMXHNK5S2FFCOG1FMC8SFGP1BMYL8IPITL5FFJLX9F M0LUEV2JMBX13O6N RM2GGGG7TPC7JPHW04E25HLT73EXIF4GRATQ85422JD3SOTQ14U94R3KUUB HJ5XMJ9T5292HCV6H8MFJIM11HJN2YQYU2A0T8Y8O0QSFDD8MNDX05DIMN5JR5PPC V U7PSU76K8TN3QK9SWT416O DQ0P69N0Q65OC672BCPQWU4B9R532ICWWY3FJFVLUDP8YR2LO400ULRA94QU9YXGLDTU37UAJ1D2V76QW2M3B1ERAN16FE 2IWG8AG5KOQL4FOE9XNBVTVC3MVG7G8KVFLA4QLTOU4PN6TWSAESI2A9D2J9AHF4VQHHD6L8L6VY6RVDL8VLJWYBK69N4SFHQIM01KX85JOGI1IUUOMAOB40B5RQNR8V0G4WK L0XHABP12SF5B9XGL85RTJ3 EY X3YLO4893FG6VA0 UKSNPND8J7XX6YTP QY2 MWC9XRJUJS1M25EG54ONQR 8JW2A6M9IN', 'R3WNTSUO87S776RA7IW2CA94FTJWJNMRR2P BJV0P7R2REYVCYOJA77L0T6K70N LD2CNUVQFCJMHAMVV713HMSHEJLAHV9BGPX5UY9STP65P0CSN 87V01 5GJX726 VOVVTFLMM5A1Q5UKXO6CA04V9SJC0Q6PVL5 B5NA2D5MPE1REIH IMBE5MPDKBATSKP 46CCSQRANV0F5IDO736ELSTYCHM4FH3FSXOTQINHKX 5NHQXX 98UUA2S7I ', 0);

insert into FICHE (ID_FICHE, ID_ARTICLE, NOM, REFFICHE, DESCRIPTION, IMAGE, IS_PUBLISHED) values (1, 1, '5NH5PLRANBVTW6HFEHOJM6CXAIPKDJIR9C XAV0RLBIHBWTQ32LV4VHDMJQPL59P', '3BPP1VS924J2LABFWY3T37J9107IBVWC', 'H1FL0PFNTS HE2DFOAU7SA782O7PGNYCT4QBVY814B5LNT8FJMMJK89QL QK 15F50YXXP2M8DV6R2YJP33MPFR775I0LI5051JEORUU1KP0MJORHU0DMS8CX6UDLG3WV7LNI6MOSAQY 9MJPUTSNJCGBSQ06GBBTCUNR9OO7OSUHG7YIRLU33WB9LRBFGC1T4RGMOFWFNBKPR JI52L39W71V7NENRF7VD27AEVWXE33XPCN9O1P2G EP1I0JFAOTELJBAQL0TC1672D6FCXTV0F1UC1W819V84J504T6 BTUKRFQ1LM5L8OIUOAQCLJSXT2LK7AH 2MMX72LWXLV723K 0DF0DD35TUM5P5SKLJJOJV40KJ8IG0FSYTJND429BJL3TYO30LRAJWI2P1MEY54H24YU4GT9KP1VDNKMFNVGGJSDLNSXKOGY0LWCMJ7TURU5MLNU JOX4NMYIQQCU5YPEJS0GXV9F56REJV4U09QUGMGRNR2WJ0Y 3CXRI7KM2GM2N H9N0 JL25OLEKD8RJGDL94NGBTRDVJJIKF J K420OPJLD 3XLCVFQ4LVD9XT84RQNHU4VIHN31AYNYQA5WOWA2E4QLFU2UUY7H31WM CFJ2QDS6G TXD 3EOCNDJKHMVF7TGOP0141K0BGMVWURNM3YTO8MPP7QRPUSBPGSANBS6RC6NSJKRHJ5F81A63NMLEG2N1XCCL0YOJAMMLG3TD5W3LPS1RUHYY  O9NE3GPM5YHL58095O4V1ARSIC5B5UB6TIHK4UWMEWKGEOJE683J4 M8YYGX1J9KKFR7LEY1DTKD1X80IH13X9MDWBXU9KGBM66EFR685LWBK1AYXDDLLT1R0K9F0HJWUIT33MQW PF0Y3PADDWT0CY55IGR6U 28M8YTOQ C7DX 4GGWHVDNKHNBD0SCA7TXBCGDP7PRKEE CF4S9WLP9JNMYQ6NHJJ8WHVBG1K VKI1UC7DS0N 71REKWE025RN7D8RR2CVQC2RVWY7N', 'Y1JVV2WDDN6NB4B1TX5E53EQI88L8TD90OXYSLE5I 6AOFKRX8TOAIJCM2EMWSUDKNRAVQNSD0AWD0DGPJLFLNS0LB65X0OB1XAJE DHL4P1YBNWAQ0BA5D5AQN9DKTH9DBFH5E09EBBX4CA5I82G RTXTI26TBYGJEO6DPNRRPCQGNE8C4G4CHJ7U5N8GF97SM2HYG5 W1QNLVKVH477RAC5VK79GJFM9WC7KYU6966W6GLTYF6H01U7THXY173', 19);

insert into FICHE (ID_FICHE, ID_ARTICLE, NOM, REFFICHE, DESCRIPTION, IMAGE, IS_PUBLISHED) values (6, 14, 'G45VTV4C5X41VW9 44O17M40SL3PM68CBGVLQKI44WMXC2DTS 4N9JABTTIKO714', ' 3T2J6CF0Y710CVOYPR6IVJK79G76QFE', 'Y7TEB9UV9HA62D6BG  I8HKWEA68AF92B9Y5C2NT904S4O6G8QDK39YXLN9VP82WN8SGN4E6AGLRGF78Q6QJWG7PLP6I2JBAMDS8R60H7B6UUDELDHUB31UXGG6HNR6YAQ2F2AJNB11W3G 2WK4U16JVOM82OI0556B1VR98BQXTU0DNI6N7YD3A6R0P7P9O3A01D9K9BCBGNK4WRT7C1CHI87RSCJMVCG6IQN1BULCS  YWNR4CC4VEM2EQXIUKNVKIX4CJS QP8ERAL2IBU3IAE7K2TDX53HK6W5DJHRW8N6J8DL1DFSW45BH9R7XI606LHF6HO YEG1JD6 4NW4LBRT1UEA65T04 F1W3HIL9QY2XNMQCX8CUL TF8910BSRIE8VMG 9VG5MNSPKP5L48DR1KS 5LED2EXNNTJQXDL5VS17YX1Y HA0JWDO7Y7NQYH3TY41CWWTN78VWA1946V9W39R3O9A2FFR7WWRVM36W7L815FTYD3VAUMYWUJO0612S 3QISUNQNRNOTH80RC0IVKAT3B19KHPP49FXKNWHXT6ROBA GDJ4X137LFD1XVP6QE6FAYTK06OX4Y7R5D78TYVK2 FCQ6ANRV2174NKCRUFLCBA2YHOB3KKOKRQFB2QPGYDPDV9WS47JCDSY2LXB69385PHG3T6KEIR4VBI7XPUHQBK45M3PTD213DID7PUWA63VO0FCBMLX5F4C1DXCINOU7ODP93US440CSA8WENBG671 VHX7O163O9A0SOCUBDR11SAY3CLNAI5XB959NS3L3K5X9FQ6QPBE9E47P1M5UFDKFYCIPIYSHWI3YKIJJO6 3CFSWW9K6CUTLHW0W LN87J54ME1GMNC511GTT2MGXS7NKWTDBWM5C2TYD8HFNK1XA F H60S4OPVQ200WYQHUNTHY 3 PIPT3EICDGI640UW9RQOF0IV3FWNPTPYEN 6RMY6QDVJGLOT7056UG1A98WCA0ML9UJ6W4M9L3WOX8T1GHG6DTW', '2WMD65OM13NEM22V7LT6Q5T6A980WP4EGDY01W8VLGL4UEGBK Q4KKS0NMTRK860 7P5EBEID3W5IMLBWICUIVBH 4VEDRC3DOAOR63 8N 8FGJUICDC1 WDERQBKLUEMSSKHIF9HG07EWLF8E9KH28WC9CTEE 69E0SWONWTPS 18417E3I4M3UR5BAY38754CD794XBARFY0PA0VM62FIJXS 49V9UKCVCJ7FXJY0HK327N38OGILTLA8S78VX', 4);

insert into FICHE (ID_FICHE, ID_ARTICLE, NOM, REFFICHE, DESCRIPTION, IMAGE, IS_PUBLISHED) values (5, 16, 'WLPQD8MTRSJQFKSFSSTEI 0556GCW1GYKISX0C8MP 6YQXDJ9G8X8NL0NEX4CRFC', 'G3WH5HTCAW01TMB82JFML2EVL1ASIQS4', '98IMCM2PLIN2 DHWQSEGDL1EHNKV8IU8KPEXAWLD 67DLCJO4VRE7T62E68NT3DQH7POTMCIA2B5Y97DFAAMQ7  H953D6EKO0UTELALDSI8XSLY 5S3EO0WTVLH444G84XAFTHLIOXH8 YWKEMRJGV2XRK7CLVOLDQ37O62GWBPK4OACSXMG G9NHOM4G51MFN7 RS09D5UGQBMXSFPA0OTDD75FYKTNNRPTYV1HUJTEON09PI23MPJRH389KXWC7SNRH480S9KQ3I2SL8TU3UTXRXCD27NT235RRF96IP3RDXX9AB1G1HKGUY KHI0KYQBMJSAP0 EP63BXG4XPDB8873OF43EHEED3UE1Q6TKLIDEDGOMA70SL1W0JNESWPFHV0MPTMKNGMAXMINES0JPBCKKCX QJYUWFLX2WQAS80F74LCGQIY1J  073L7J0BVAGYGCPQ4OJO0OGT3JPICTGOYDN5UEH4PSQJNWH7TJ9YOJLOMHVJQ46V51BNQ4U9O8WM1QUQ3GJF3DE7DVMNTT8C992CG09E8RMCJFA 6X2CN7WEPRRHQOKM219K9TRROHXYJY49DFR6AH0V29GX7WVVD9GTRQ2BGD1W PGMX9UIF3DVU84YG3NW QHU9ASO1DKSDH5M7PS34AFCJMES7746Q5IEGH63W8BBQHULKXFTVREVM3BPROCSI3YIOOFHJPEFMA IFYSSPKBPNE47XA5K74IBQODEIE853YSY6S8698XP51CW194WTN53 NQ2ETHPRV96B9CEMMTGQJTL 8OXA 6BB8XESF4HSU43A72 F2B519M968 DLE3L3E8VCID T50BNALLW8KOOH5YJOYMT RPCJMQPCSW2E72Y3D3P9HJDE1 KFCR0T9KHIXTK342AMU8R45I4ORWT5AQ8POI9U08KJPMPSIHPAUCOSYYWEUMRQ3S2678PXO 37CCUDAA69VMDF4SDQ06 0YV5V1YJT665L QTR3T SEWJ78FDGAQBVNV3B0DV8SDC', '799TWOA0D6C3AL3GI4 185M2VIOROW0T6SYU83KT4958DXS6ETKG9 2694JJD RH P LD99JK7IY0RD1IRD0DWILQKRNXRFAII0725LUTW6BB269GFEY81Q9L4WOWUFA3IEXY3V FYIC93PLA CGHVNQMQ58R5CYGS6YKOMPCSK7SEMBEDJRK3B0X8DWUUVCP6 LFQGDXJ21ORP7ND 7YQ O465CFC 0FD52UG7QW7C0OA M9JA0X20S5XMBOFN2', 8);

insert into FICHE (ID_FICHE, ID_ARTICLE, NOM, REFFICHE, DESCRIPTION, IMAGE, IS_PUBLISHED) values (14, 18, '501WRP38 JD7RU5DPOL GGGXI OYYT09VQWEOG9 1FO3VDAQ2WPA9M5DF81 LUFA', 'ISW8765D3Q0BNJSYUTEGKDOSMHJYEW64', '4JBEPWH0JOQUA5J8OH3K AT CRT0P ASNP8HVWYMLP81P1WW 7OM16XI8PA6QLS6E 8XUK SEB9XDBGRBTNEI0KUN2GNPPUP3NSP5OIXW3B95QAT1HQTWM7PQSMRWMP3QR P5AM0DEIWSANJX5EUJ9IDXNQUK1MLT4KX6RJLHDNQY8 Y5KPHOECL66FASU509D EFOPQD 6L65SMA6FQIROORQ0IL9VNAV960YNYIY7GYVUMBBWP2ELIEEDYVSNDMU5B R3EVQIANJ LN08GCOGF8153H4DKC61W8KWPQLH1KJAO354484NDRDJF5D74 OX3M332VN8RUKWJVBWUHOUQYSHHJVEIGUK3VDV5DPGHML7EJYNTUHQJ4JKT56DQ1X91OQK8TDLBVUO058 9WY990NX3G7P8H307JQN152MCJW M55AE5VIXSXIVU544X4JUY8SWPYBPDIY2CFIJ07P40WTUJFJWVQ399ETM91 M5TJOYMB S97WNY1OQS0Q9AOQRNNK01NAH6UBO112QLLX1705I8Q8H0XOMQFNGG XW87DJSL5Y2JD0K8YU31J9X4GXKFANNBTTY1T QLNJSWVPSVXMWHDSR7HOH3EYON8LJY2VIC0D7POQAPUNJP K2S8R00I5EKKHGO4HMRPC03J3C9LN5K3M74500WNGIF5NJ4JI8F675EQ61L1652 C94S3KOBGE5C5TDC1EL0MW33S4J2T9BJG4CNN3EM6BCNXNM4IU4R5TTX69HOXFL17I0C7995179HWO90V6L 9OD5WTKSVXFE6T1G60O2VWVBTRUODQ7CDLP42 HFVBD2DCWNXN42VXOPE308SNUGR WU1NPM3F6X62VJONBAQN 676OG6T00LH8QPM8GKDUHGSQWLT3JG5MBQQSK2XWR014TACT08IDRE30EP8F1HC5RFTICEHBF0V4MF4TFYJ2AMDVU AGLPYT5LQ62HPRSHHY7729VIE957Q50AMJJCDF5E18M3MFN9OK630UJKBJX', 'IRMR48U7HIEBEDKEV5SLQOY0DMNHO345CK20GTGN70Y8CMP IBFBIEIHK6QMEMQFNRQ7V5CI3 A000VBPXTJADIWWA0JRM1KL4MRFKXPIJEXPRNS9M9Q000H0FA0IXOUR7A5 KTS8JXCNCSGGUNCJ05YVV2WFOH 4C TD QPIM6M2K7T ULVND9NVOG41BH91MNA9 L1W926 G YXLBVYATCUM7JXIRJAYU4BXFUFM8EDEAERVQV1CFD CT3G9N5', 6);

insert into FICHE (ID_FICHE, ID_ARTICLE, NOM, REFFICHE, DESCRIPTION, IMAGE, IS_PUBLISHED) values (3, 0, 'D L5QWVMR9B8FT2WNE3MIPFHG83D1S3HOWW TP8IEJ5DMSYP86VU1G5S1TICYWKF', 'HCIOT HE YT21PM8DLM2KN1H2HPIUIYL', 'K4BQF53R4WIG1NCCC31V3JXNYKWMPUMQJ8GU13RL2K8UHP94SN4ALD9A16GFEQBAEJF9QXB0O4F1QNYFFQRUAVYA224622ORTCMV GOGU8KVK6H7KHQGNVGC4579 9VWTP5N8PXWU7T7SB4X TG30NHQP8QYCV8XWESLQ1CUD8YU0C9MVH1RNMT7OUAP9V9NX3XOQ1ADK7FPTTHWUY7GPKG4EC5VSGKD85NYBMD2XVCQPKIRTKCA9IJAKR8XS3  GQOIJ 80DQGV0Q8W8CIBBTD4A16C5KFUPUDGAJTV71840PNFW5FNP1DH3U7LJX1WI6SXG23S6VOHX7Y00LHG926TYL89OH2JRAM3RK9HE1L0T5IW53NYN2H45JTW1TYSRG85UDN7G7BTPTTTEVMBHHAWHO524WA59QLB91SPAQX IRJ24VQSA2M52U4G9TSND1EVGGAA7T4O0QGE6T OGSPGHJAOQ2CUN Y3UR S1F81YWL7TA0AAYXWO6SGQE W008CNDUJWBACXK1BOL4Y24U51VIIAR DTBVY30YHE YRIF25TTA1V55BCJXKFJMGTV5B8OL HRLM4E5MNU4YS7O3RW6G08HV5G0T3M71KQ463QV73CV4QMHQWE4YVQ7UFN2YIEE4FS8SOV0WEQG1K6OXQB6YO6M3MQK7DVW8AI7T1NF889I61SM1POHB1 QY2VE2B5LYQF0N8468OW92TQSTKCUXIVO7KW630LKBSO7P9LKJ8GKAGKSNKVNRHTQ8CK4UXY0 UA3HYQV7SH0EH3GDCO0RA2EWY92XK4A2R0KF4FPXNCS28EPEWXPY568NF8L 7CY9QG93FVPVI5SW0WMPNL3E8 1E5JVP36OQGXB0HIQQITIM08JQHCA4LKQNYXRRFFA8WJPRS3SS515WCCSHMQY95DED21SW75S2J7XYQO1SC9JI0G IP1HWR095462WFQB 9L7ANKT1FS49X3VUTBW88HQ15IHIXT6BB7EDRDJE6M4WW1A3DHWF7 CN', '31SV0HGSIQYR3 KCDADHFDXNW8AT0UL01AD6UN2Y C4QY5AD35GBFF8KNFGNST8H5 3N2NS121BVM26PLLU1EXG2OVONY AIS37Y00A8E5RPP6310J2BIIVLSC1WIFPMSHJTQIEA1SDUP9 MVOAVU5V68C8IHLKTEOKYD94HEVPV0C272GDGF11CO4NKN44L81H4UMMKD2WGYQM5 5RU6Q456RB9UYR2BQ44096X7UV8R158ASNUXY 776WRPD T', 7);

insert into FICHE (ID_FICHE, ID_ARTICLE, NOM, REFFICHE, DESCRIPTION, IMAGE, IS_PUBLISHED) values (2, 18, '8GAPNURHLIN5K4MIW4VQKXDG2ML2WPJAVCX6 G5YF70CC0S99QI6QIA5S2EUE VQ', '4R 84X2VYUTKE4603SQVM0DN3RX8O6N8', 'L FLHBVYC90X6WW7PLABOCCEB4TQ92T39A30TH AFR6QYDMEKA3DVE5EVNOEWH 1HW9MGRA72KSJ 7ODP2NY1S4ARA3QHCVPU3DCYXR657B45453I4Q0MGRT10E C OTGXH6N2F7Y4UC64B3QDSIYLQ68KKKN3QMS7F1WIKT6E82QGKCKKVGCOU67I7UJIIWPLJ VUK0X0V6EQGFL6RUWF25B5M70IM0IFY1P00EQOXLLRPFRHSSPYKX8LP40JXRVXCAF5K3HU5BRO7YIL2BRILV3R22BECJW14T Q5PJUXA4W 6NBALXQNXFAYIQ3 B3HAT5HRGLPDJW38RCATR0IBH7MB1UY4GDSLEQHK1T96568BX8XN0OYBJP0N67M6028CSCYYNQ5S6YKPFBEIJKKMMPF7JBYQGUXK7KKD3AR6Q5M2I1QPL529PCPURH4JTWQXXT4HNUA4 J8808M8HVFID7F3I LHPQAP9IS456OX2WG585MQI1YPR8W5G04L6B1XIW07 FPN9SPY2E2I0W7EFSAUCMO3WX4706HW07VWQSLXW11IBJ2BLOHPXSLC1ELT7E7FNGH2SB3IOJEEW1NAW28U GFV9V7PGLF9VKN3PQFBVSTE5BDBLK 3BD1BUVIH9MQ 6D8MV912G0RFJ9WLF5 XT9KJHFTD2BXCJ1VYL3SPYWE4LL8FO8BGBPGJJV9CEE67J502A9O9EJSOT NA5LRHR9DFR0QXTGTO9SVJEQ2 GEP1Q0NU6IYE2CBIK1WCV1KXAAFMDFK85FOP062UOJ9B88K8SJ7I6JDCSJH9O24J7V2W8T090QV098N8VJWXEBHGEQK1UDVMRG1I18V66JQU6FE9RF1S5NFYDJ15GXBAIAG24NAVKSJW1XX9X1D 6M NE 0I287JRX0O757R9PTW LMADLHY7B9KSIEOAPKL98891QVFQ W83D4LNPRX PMUB VURNOPALB9ECRK2NTVK GKUECOBNPSANVU7A6COPAU3RP3U6FJK4SRI', 'NGY9QX446OWR8DTL6BHG05I9LRJLOW1 PPS9ACD N1IARJHYGS0EI914LYDB4UQGDW72BJ 2SBNGOOLR5YEI4EVH1WWBOT99CAONA9TUI3U1VJ9XL1FQ8EG30JGWM8T4OYBXLK0A2Q6V13Q MXK09II70NYE4OPAUPWVLRTX6DGUVMEXDDUCG6UKXR38C4HLR5SJFILSX 6TXPUCEV1RX6EI373SAQQBNP2X9PXGU8EQN6SARPJBSJDV73WIV19C', 2);

insert into FICHE (ID_FICHE, ID_ARTICLE, NOM, REFFICHE, DESCRIPTION, IMAGE, IS_PUBLISHED) values (0, 1, 'V0KAB24TFE3PUVGD8HY32S90XDJYTSLWVRNY7GNKFPB2XFPR7GXF1QRSKHBOGJUL', 'KT8A38BQEJY44Y4QV009OUOIBS1XRRX9', '65P1XFUM7O7ARX6UR0SYQQ18GDLCCNVTTV5Y61NNOB4Q22 O92LWV7LUQ2045VRGM0R120 CMKDD51NK6TBRRS4WPQF8XHGK7U0403R4U2HYVKCIWFSITC43GB7Y V4WOF 8FD3 P4LC O906UE4E3APIL9NHO3PIKGAN67GUXGE4LU27S9LRJEHQ48PLSUTJVTCV3IKFFK0VWN8JS2X2DHRG6FJAG1I3R4E82KXXA 3OGDL52A7DOMEEXQKH4HNUE5LP82L92JMXEXSHQWIOS5QO7SA1L3MWR9 93W9R LKW2CYCMNYV9HPSPT6PV1DRJGQPC33648 T8SSVDXPQ09QPVQS2BIABAG T2TRMB8WPSMHQEP X67SRX2POI0DXBM 8IFJN6XEM1CSXVOX489EOW3I1D259OYWH9D664ELGHL WR7URVHKMKMUH2FNI83218DYMCCN0Y8VHU9 A43V6I8C900F5NDPBJ6QPS4P0J6SWMGN09IF923PK TM6BS7ILRVM6P02LLLSG586V9SAE1OH 3UWHXVU598W3TSQSRP7E91WT171EK0YA693444F6Y9KTRBG141MCGJ96OANSUHXIMKW AD7X9XYFIVKM81WYX34E7BQ1OW5H2 VN1330ROXSPTA WRAOO8F7T BDJ5DCCA1FLPW77KNLOHTW OIQ9FVISMRWJ26JGRQFXSCNI3P8CB7GKUK3W74ML1WEGK2RJ8RKKU0QPE5XBOE0WV1LJ4S2XKXIQMHYV1AIQGG511DPV3A5BVQROSCMJ2HKG7QGY2YPC84UU67AW0OSDH1 JS4GDYLSEA3RCRQDWUB2NIVA0Y85RWLC0TGWJ7O3XXOPV01KMW9D6710FIJNBUJRMJJNA8L746JEECP2B56H81PL17422IEXIOGN23KNP6M81RXHJB1KS8CXDPCF4Q2CJ 73F9AQ20SV1SC5F4UY2LTPOMK1TSX768QI3URI6VSARI 7TFHAAHDEQN INIOML7UOYFHUSXCPSI', '8JH53IJ2VNWKG53ESYD50K02EA4VWQ20LLD9VD98AI3AL1TTBFABHVRY6H0D4X7AALUGF155VU2X9K58KTN0 D90I4GK7XYK53IWHKDIPIKIKMEU3GGE8686PF10NCRVKESQP7AJD5Y5HJ3E LDPSRMYIEXBY17P7KN9NLC1T4AYYSW6M6R66THE3V23G8028FROSJ99EM92Q7L UYM3TE211DX1FC2L6PFCH9S2UM8NMV76XHKR1SQ089PS13FC', 1);

insert into CATEGORIE (ID_CATEGORIE, IDPARENT, LIBELLE_CATEGORIE, ACTIVE) values (10, 2, '6O9F9Y24NWHT430D6BIMQ793EHMG 3C45UCSFOHIP7F  X3MN4KBXQK7AEJCV9 TVY55 2875KQW8JTSVS9GQEAFO453HEE8O6IBQ2NCP0CX3IT78L 55LLIQCHSQYHO', 3);

insert into CATEGORIE (ID_CATEGORIE, IDPARENT, LIBELLE_CATEGORIE, ACTIVE) values (11, 7, 'UXEMUER60 DX84D6Y591JED3K4Q4Y5YHKWW0VM8XK25APJH459R8NS205QA7YW13W4CWT1EVT92YYKQFU2EGPGU DQOQV1PVWU372Q7A5QRDUVEI005X9UJV10J 83KB', 1);

insert into CATEGORIE (ID_CATEGORIE, IDPARENT, LIBELLE_CATEGORIE, ACTIVE) values (13, 8, 'ELSGEKCJR0XJNYFUIR5DC8MIUOPN2FUV896M072 TVJ01YEX2AS3CN6SD662Q3H24X4AJ3C0EEMS4YJADVIX2Y0L6742001FO0OJYES1HVEHCORI 1X5QQKWORSY3VQK', 4);

insert into CATEGORIE (ID_CATEGORIE, IDPARENT, LIBELLE_CATEGORIE, ACTIVE) values (19, 12, 'E54XP6OJX 98MQL5DLVPYDXN62NNL5G2QCQOL5W HLQO9F9UXO9 R1UVYQCKH0QJ1U4EVW1XWXI YXM9YN8WLNPL3ILM7JRQI4XB5SBWQEFVT471M50YA LWOKDCKIE9', 8);

insert into CATEGORIE (ID_CATEGORIE, IDPARENT, LIBELLE_CATEGORIE, ACTIVE) values (5, 18, 'C1 6IVNHITILEP7Y15143J7UNAQPRI5WKMA9D4KAL6WWL5FP8VUYOLXMWBW8HW5E4A0BL7AYCSW4RPD33U8I18SB5MA1PT9LXOFPFJN7Y9 3LE7YGT0EQAG72FGPV7X8', 17);

insert into CATEGORIE (ID_CATEGORIE, IDPARENT, LIBELLE_CATEGORIE, ACTIVE) values (7, 14, 'QO1ALF6OJHT6A2O22V9PJFBF982CWQA87KFF3V165K49CABCIC64T2BB8W0OYX5GYRD3GO1GQ WSRG7OCW4U7D53BFBUR1XUG3UPKFPA3F7PWQ311GKJSC34U84LC4QB', 13);

insert into CATEGORIE (ID_CATEGORIE, IDPARENT, LIBELLE_CATEGORIE, ACTIVE) values (16, 6, '3KW9PI5I1WBJI1FBX58J2R5Q1XS770BV7KSAK2506PMBS3BL9JWJ 5XAYFTF7B4I0OXTA16P3EOJAFGT7BKXSTO8NXTMNF5BKTUGB4CG8T8C0A94UJCI8VE01YKM7I7B', 12);

insert into CATEGORIE (ID_CATEGORIE, IDPARENT, LIBELLE_CATEGORIE, ACTIVE) values (8, 1, 'Y599NUF9025BDSTK5IKNG8M2Y83T KLN352XJFT4OLGN4QS80VMAXJMW3UG4H9FFSJ9LR L1F1D JRKC7H6VM8A353X N6CUTC1 GCH2CE7J6B52EIYBVK76NKXCQKP3', 18);

insert into CATEGORIE (ID_CATEGORIE, IDPARENT, LIBELLE_CATEGORIE, ACTIVE) values (17, 17, 'TVQB53XAGXH23J8L9EV6FJLR172SIKJECPUESNWTO4UUPF569U1GFYAGP41A2 H0VQ0GQ85TRU4NTQW3TWMQFCVYVTSG HV9Q32EQR0GH59VP 3O8U23F4HYP0BD6HNF', 19);

insert into CATEGORIE (ID_CATEGORIE, IDPARENT, LIBELLE_CATEGORIE, ACTIVE) values (0, 16, '76YJ  IWFEFC H28S7V5RE 5CPUO08IXIQSR1GBG6AVGQDS6JWQ382UAQ7RJ8NO3PRUJWGRC4R16DHUVL0JM VA7R3JN K4DSILRX3TWM JXTHISVYAWO82O88W9UHF7', 14);

insert into CATEGORIE (ID_CATEGORIE, IDPARENT, LIBELLE_CATEGORIE, ACTIVE) values (18, 0, 'NJKYX84GXH4QAUQC7G4P8HNKUQM3SRW33OJ53IYC71O4HR33DHEB3M6Q82QG7HEIU2EU1EBYHQB4H8TJ19KK3GF4VVC5VLI1I286S2RSSV7BS2S7SC9SDNUN87SKYQG8', 15);

insert into CATEGORIE (ID_CATEGORIE, IDPARENT, LIBELLE_CATEGORIE, ACTIVE) values (4, 4, '8KFNTB MRCPNFFBPQPAIMD5P8N5RM64 L9YH1A2RG51B1AGAST1JTY5X5B7D2G5H W89UJNM8XSF 1 GOPLFF8X5YN8YWPWS7JHOBVHA5OD6X2YE2KR4UG3Y7ANIE9P3', 16);

insert into CATEGORIE (ID_CATEGORIE, IDPARENT, LIBELLE_CATEGORIE, ACTIVE) values (6, 3, 'VE  1WXT9M7BVL1BLTF5SMSWB41IB6KNK59WX22BFB048KKHQ7OIFHXOOB50RC6OPMYSDIJXGJLFURI5XQPSAO1WJAVLADTIP WF47RV4EXIYOJNHOY2EIBA2U9DUQHG', 0);

insert into CATEGORIE (ID_CATEGORIE, IDPARENT, LIBELLE_CATEGORIE, ACTIVE) values (3, 9, 'TM16CWQB A3A7OXBMMY 25LKCXHXQLTU79H L54JMUF4NUOIGFCP3ICGDVYHRX24 XI8W78RG0C Q1EN362WO9RR186P2K7O4UKVL72BU0GBCXB5EC1SEWMB4WSU70UY', 7);

insert into CATEGORIE (ID_CATEGORIE, IDPARENT, LIBELLE_CATEGORIE, ACTIVE) values (12, 5, 'IM8DI0AI0BH4PYEIALI48PF C NM6L8F018TT95R4QDWJB86HXQ7LO9LBXRCCG9N98IO5DLE8A6QX21ROJ9UBOY2JF9VHHH4XM33HLAWCE37BYQQE1NCLBWDFGEHTB6G', 10);

insert into CATEGORIE (ID_CATEGORIE, IDPARENT, LIBELLE_CATEGORIE, ACTIVE) values (1, 19, 'JU7MAWGPAMJENKUQ57QN1X7HBAO4WG77HW7GC20BWV0077LDB5H4PQLEHGQ7S43240M8WOK8TD87O2UB69XP0NJ50T9MUB1PPQ56L1B0NJ0P7047Y6EVSF0SYG8XWUWR', 2);

insert into CATEGORIE (ID_CATEGORIE, IDPARENT, LIBELLE_CATEGORIE, ACTIVE) values (15, 11, 'DSL0GA58W6DPAQMTPVAMAKSFARP26B515C 0YCNI 9H1VQ4VHK6H6D88VEYLB2082QHYXU J75N097645QRJHWDAHCCLC987XMC7MA1XREBE89XFL8YDP WVQTEOPTCQ', 6);

insert into CATEGORIE (ID_CATEGORIE, IDPARENT, LIBELLE_CATEGORIE, ACTIVE) values (14, 13, 'JW2LRWAETX5NWO4LH2T4PB45ACV 9FGPKT9JDPXQEUWLT19IGMHFRA2EJPM48KC LUPX KSNELKOYQG23HDHJ2DVY0MDAJHH4RC9E C PX5WNYH7TNY 5OEYSK3DJEX6', 11);

insert into CATEGORIE (ID_CATEGORIE, IDPARENT, LIBELLE_CATEGORIE, ACTIVE) values (2, 10, 'JM8H0EPK2T QPKRWY8X82V1XA1BGEYH16RN4FXQ84JG7ADD4TR2 86Y7ICUDSTJ37S 8TJTWGO4U U2XIYEJXXG7HP9HYD5DSLREOW4II2OSR88D5V1SU7ED5LELNT2X', 5);

insert into CATEGORIE (ID_CATEGORIE, IDPARENT, LIBELLE_CATEGORIE, ACTIVE) values (9, 15, 'XERQWIC0OT2L1NXJPU915XG5BR63W3NWJLSUUPYE8D9HLXUK1FJ9DRU1Q9RX9YYFH0WY8G0NDCG2OPEKYKHUE4GM1FDILXOOHLAQ7O9V6S1LUDJR4DTTLAUFSVHVA94T', 9);

insert into CARACTERISTIQUE (ID_CARACTERISTIQUE, ATTRIBUT, VALEUR) values (3, 'JACD26TS87U8VQBOFHJVVJ9FVKDGQOX0EMDDPAHAHB8P2YVFPPFTC66MMFY507UXGUO00K749DHNP4VUT O9J0PN2REBEVAF6KHXF 8RE X7NTWI84231EXGJT6VF454', '938XNIF1BJ4KI4B4OXJ FAP JG1E0F 633D9FWH099TOUKA8YTK1OAPL759SBJ9MNFECM4GOPVJVU64VK6MOD66CL9H9Y GHERLQO6NGJ L9GICL0VGS6B97117OJ7GE');

insert into CARACTERISTIQUE (ID_CARACTERISTIQUE, ATTRIBUT, VALEUR) values (6, '2T58QBIPP2527D62C7JQWIK295X846YNES6L75LFUSTC3WI6EM83KB2IFLEBX4XOF099GSPIFNRSFCHHN1DNUIHT08IMMOVWCB9WICSJ D MQE8Q5FEE0MI50HC5FHB1', 'S09LFV UKIKIYX60N 1S3WN7R20G2HSX6HYM2R0DGN3R1IISRVGKKUSCW5OKXTOTSNC 95YLSW2RT7UML7 NFWQPIE4GY XQRCAG27R23XGQUPC76Y00YL6EJ6G6DL3E');

insert into CARACTERISTIQUE (ID_CARACTERISTIQUE, ATTRIBUT, VALEUR) values (2, '5R5UURB5U0ONWHLOY WWOYJLA05F0WFWUQ3VCPJXEU46BW32X7J7YKMCLRBKD0089UEA7NALTIT0OOUQXW9XABDKL D4YTKV72H 4S3U8UDI5LNIN534IT7HV519M 7P', '5NR9WSWFRUGH0GVBKB56R7JJU7V7T0AKYWX9MLMC3XCAOQWQOU38WSSB7FSOBDD20S2PI3SGCRM KKL8A9RRV7NVA1R5BKSQ38OI7JVGL8WYTRQO6O5VJ3GHNLHRNCPD');

insert into CARACTERISTIQUE (ID_CARACTERISTIQUE, ATTRIBUT, VALEUR) values (5, 'CL1C785FP0JMAA AR98JYJ3DX46NM PK8XS9VP744GBR05 YSX0AANOH5XSGM4JFFTO82UUPDWSVQADF60 5L4A6TY3GOGS8ABS811407C6H6OLP9PRCDPWR5SDUAR7X', 'VED2TY35WHY3 XRXYGI95W8CTVS7L6VWYUW9T4887YQT1GUW5652FSKT5XROSCQ8TA8K2NTKBEC4CGQI8TL2FRU6Y6IVBWFBVUE WXYY1S0HNXURJIJHOJ RF7E2NNO5');

insert into CARACTERISTIQUE (ID_CARACTERISTIQUE, ATTRIBUT, VALEUR) values (0, '4SERIDVX91WKK0QRCJ7NI 3N8F4GAP7J4UVVLUJC3LJPGTKMJ7AEC969410L NV4GCR5S5856ST0TEFDXS4FKM3 P3T42SWQ3ITP0RPDWTK23RF3IL14A FCUCHFN2PI', 'FRP0 2FA0D6W5K9MBSQ32PMYPYW1M7WQOQJQF1QFRSDYEUR4RD87WL17RMO5L064RMFNRJYBSSCRF4OBWB5OW96WJPI7767COM3YW1UWHK VLD4BRXRW6MMKVYDMLPEK');

insert into CARACTERISTIQUE (ID_CARACTERISTIQUE, ATTRIBUT, VALEUR) values (17, '0SW6KYEXJ1V11T8W57GD20FT8W5F78AK0W Q8TDWA5XLV58YMJ MU40YI03JOSE3VWB346CB751Y87FFOQDUXKPCACOSD1B9637ISNR8C8PV44JJU8KJ2CRJYRKM 23C', 'C6F95VT72IAHQJR96SIR9CLOIGCB7BSXN1GP91 7TAGA05 8 U0O4V2S1GQP0I1JB8C1CE2 QWTG2PTHU71O1FJG2MXR9MJNY2EHYLFMWJXRXCX7DBH7S1990UI1RPAH');

insert into CARACTERISTIQUE (ID_CARACTERISTIQUE, ATTRIBUT, VALEUR) values (11, 'J15P5NLSKYMLYXUJPRMQG906VGF5OREJFLS LCL5Q5L LCDQMCR0LW1YCU6V PI75YY7VO4GIVKA8WREX9DFHL JJPUYUEFM1ILP5G5XJJPGKXBVV20NHIPOI0O0K S7', '636T20575SEG01NM2XFBIH3V8A9KKNX9E8BB0TWWCG2C5KY2C14LSCJW0E1V93RC0LLTK02W7MVTKGJSJXX3L U3IWV3RFT09L OVANEBN OX0N6V6DH9IT5TT0VFWPN');

insert into CARACTERISTIQUE (ID_CARACTERISTIQUE, ATTRIBUT, VALEUR) values (14, '8 TD05ETDRAVLJ JJMCUDIP38216 IV9UDXNF35EFHPFTKET039NCC5KNHE66OM9VXCHSDEY2YMM3PT38UQB HUYI2G8R2MO68MDWUTTIOQFNE6W1KYLA583I014O16X', 'D LSJ8BN88OC9BALGM6WLUXTWFSD0HOMEQQLI3DVE9DR1A2FDF60RPDWOCQ9NXQDD3T170UF6YND5J84IYF2CKY6XFITYTFB4OFLEUCMRVB7TKP5SY1TDP5KCSYQVG1Y');

insert into CARACTERISTIQUE (ID_CARACTERISTIQUE, ATTRIBUT, VALEUR) values (10, 'L3KBX6NCYD E8U1O6A9RNFFUBP54CN4KTN1UISV F5EKV2O0C83NV494EUW1IU34HA32MX33WD9I1T E3X4K7V5V6GM8EAA64OYLQJL69LWCPPHGV73E80630QRLKELC', 'I9BAA76TCQ8QRJ4 WDCI841VKU2CRYHT8 DNHLAF0LH20HN6JGV0POG22BYGG8BFW9OS05AUOVBR3799AR6N2YS1B7YG3YRC1QFB9XFL831XW8GVM349VD6TLQI6CKP8');

insert into CARACTERISTIQUE (ID_CARACTERISTIQUE, ATTRIBUT, VALEUR) values (16, '4T KNF9PBSVR32FT460L0Q2R4AWJ2GK9VWQMK5O7P3UXY0M537X1X 9XMXU09GCLKHU0613810OIEGN30 58WHTNMRIH07T1DC6GG8EDTADSX3NEXE263RF105 YHAIB', '2E C3ON3I988QXHLWKMA71BD6H814BONCHVJPYJV4HLVAF63FKSOGYNQ78V1W8WC3IS5R4AJQ9YJOM22ERVWIT80O5DLH27YH9KWA9TMSCBGG7B7W2AXK6S9LMTR3G29');

insert into CARACTERISTIQUE (ID_CARACTERISTIQUE, ATTRIBUT, VALEUR) values (18, 'CLR7XL48HX2KHEHSWQ8D73I7OSG0D2J7GLO3EUHGA943EML2THFXAK1BDNDOOOQIK 9E5GBPHVY8ES70IFHFT0QLSY9KU1L1GO00UM5Q7N9CMQ1IOMHYN3X8I6TTQW8M', 'KV71QBNRPRUFHOSA QMBA9NMT9F2CRP ANVDYX LTTTQ59 2I9L3R7W922LKA2WYJAT88MQSC4R960 CBF3XFU6D29WVDD4Y1PKG7KC2EJ9BPPO05B5V6TU7DD03ECJW');

insert into CARACTERISTIQUE (ID_CARACTERISTIQUE, ATTRIBUT, VALEUR) values (19, 'SWHCKF48GRRCN1ME0GL828MH 6X4KPG766IASM407LENF30L I6EQLGNM LM1QOO27 ADULU9WB8B1103RR7R7R1Q  37100W40DNFOKFOQL2U2NOC VNRI0ITGRJF84', 'J3OHYU05075U9 GVN9 M9JXYG6SYOGXMLY 6 8KU3LA9U7GVBXXCD71YPRALV0O2O2E16CIXJEUITJGYL7ISMSHIGGNS 1Y77H 2SIX83M14XXW2WAD6H1A WY8RJEI ');

insert into CARACTERISTIQUE (ID_CARACTERISTIQUE, ATTRIBUT, VALEUR) values (7, 'Y6U1BK61A71QV78HYRP7AVBX2DGFXKQ4H2VBG5J7G2U7BN9J5RVI TF8FWNFMTKYJNMSLWUXE1U4EFJWAEMNHPUCHUULCCHR73VLMCW7HBW3HM4ME 8YUG3P3  C74UN', 'HJ0PJXOMDKA3C2T6ENCAVJ0P45HBFNPEQUW3KJ50YR6 OH0DC1FH3LY5582RW8OK1B5QC IBC1DWWGUOQJQKUA3QWPSYNA3HH3IRSUHGVKSFE2D7LFKW9IYX7CMBSTCB');

insert into CARACTERISTIQUE (ID_CARACTERISTIQUE, ATTRIBUT, VALEUR) values (9, 'DWGDXQ40 939E3QVA37EOOHWYC7JOVPQWRD964KD3LKBCGQRTN3CUVVDRAQOO4R6JQV JD CW9OGX44HNSOUQ9TR0F PJ6D6W38RK2Q EIYF6ALAD VB1ULN7ML5Y4H0', 'XOVU9BHHUQGR 4B2SBDFW T8T5MPTJI59S74GJMEF8KJVA1E43QLM3L6DI3LNX876GQBJAM8R0G NYJE9WGCU2UDEYH LCVNDYSO07U3SCNUDBJAT7E5AYRCCGBCDUGQ');

insert into CARACTERISTIQUE (ID_CARACTERISTIQUE, ATTRIBUT, VALEUR) values (1, 'J307OAG5W3ARAQ9 Q03S6SPQPUYIPIYM2A7ME5TREPEIFLCR1 H2VSJCURMCDE691FFEMOQ3AN5AF7IDLP4882MRO43UMVOAAE6E12SUOS7GDDJP471D59C7TI44CLJK', 'DXUXVPD2GQREGCBBBQO42J8TL5DQ4ANPN7LFFYVCJ0NGPSXQ6HIRSETDEHIPEBRVLXSXHXQ2S99BE7YWOQ96EVNQX6TE3DQJFJFU6DYFTUQX5WQ422I0A2LMA9GFLN83');

insert into CARACTERISTIQUE (ID_CARACTERISTIQUE, ATTRIBUT, VALEUR) values (15, 'GH01PD3RLACXUQWLAWF6VTNYOPJUR2L 64Q73EJL LH5SLP LDOS4W8APQD7JKAHW3AD4QJ6NER1L6PRHK9XXIEJ60SYQ5O 0HRI2Q9CFRD40EDXCNUWUD30B65BTMKH', 'CRM24S7P6GCL0Y8RICXE7 6SF2UXM5KVHKN09IT590JBG9190OD2C8I194GNELMDR8YM MR3HPXJCGG0IIU6ACE5KAYSFL1Y4A3D3 OT0388Y0EIVHJJ1KD02Q74OG26');

insert into CARACTERISTIQUE (ID_CARACTERISTIQUE, ATTRIBUT, VALEUR) values (8, 'VLD6LKJXVVRF7 RGF49FQ3Y374W4PMC0N1KDV5RUMDHHRFMEVQIVXX99V1QONI2KGQUPD720429FO0CSRIP150YV8GDTCIH9CVY9087ER2 TDT Q3R5CH9LG44UXWJY6', 'DMUBS9WQ2WDYX4F9UMQE0XHIDV6XLAMI7B2 OVB6O7EQDTTR45YK0AKI D11W 9I8SVGR1KNTDK6SVGL9NTF970 B91RT77R0OFCHRXKD 8D2UVCPW3TC4XWPSO1YGCU');

insert into CARACTERISTIQUE (ID_CARACTERISTIQUE, ATTRIBUT, VALEUR) values (4, '9VRP4IM STOTMP8DP59NHAHH928YTCJH IA6F3DSE I5M9ITFHOG3KHJBMTB GXBASPG3U7VPIV  XSAXY5NNB64TE0 R6GWU0DONBHCPP83RVQ T0KTVLRW8ADIUJ4G', 'Y 4SNTBF3 X0H3AMV0R5B539EIKA9X8FDXGGHR9RQJC9RQL32CWDM9V4J8FE7N15J16JNX23T5CT0PAGFMT 27CJ528VLFLQL51T5FK1WIWXQNKE4QUXXG7L7E1RMUGX');

insert into CARACTERISTIQUE (ID_CARACTERISTIQUE, ATTRIBUT, VALEUR) values (13, '5SSO1 99A18PC3Q5ME1XX44GWHOWCHM9PYKQL 9SADQOLBQ2Q3SKDISG3ESQTL8LWOJP4AU5EROBQ3F2HE6U74XM SS38B RYDOWRO HAL7IFR2G3VSDQ3FNNOUNVUG5', 'KHYE6NWGJV0IIWHDIXRV E0NN2A13TTV PP6QA5U26PJRQS2HNJ02IMGN6WXGWP4JXBW1XVDRI S6C5MMFMUAKMPDQKY0R22HLPY7B1887 6E0UF4UJ1 NU6WPEQ3OJ0');

insert into CARACTERISTIQUE (ID_CARACTERISTIQUE, ATTRIBUT, VALEUR) values (12, '2R383MD3FJKNODMNOD9BSBQB3BCJK6Y5CU143HC6BI9O0TQ0B0HCJH1E6CSHF3F6RV J6BV49QT08RN X8HOK45PQLVO05GN8EIX3 L7IP2PMOB1DQE4VGI2F6EWBMB3', '0D08U0DO   3GUVU5Q P PSL6FUGGLGF7BH5WA5YGREGUPUAP8TJFFLQ5HDS9AQO2OMNS9ED1PWQEA05RQ1SWA3GKOOY2AY7H X9BSQAXE5XE0BX6 U6GKRK57KQV EJ');

insert into UTILISATEUR (ID_UTILISATEUR, LOGIN, MDP, ACTIF) values (4, '3WEU8F9CJBD7J813QF43D2NYDWGCP1MFWNQJ7OHEOKD27CLBIQKD2O5D3C 8EI7W', 'PSQ23HHPOFQHYKPBMEQ0UC NDRJC4W QXXW71XP6COODS83GG4WXU6B 3T9J5KKO', 4);

insert into UTILISATEUR (ID_UTILISATEUR, LOGIN, MDP, ACTIF) values (17, 'Q8V5NM6X2  VJKWL2OY7Y0G5YFAOOPJMH79GHWDV4O L1WGOJ8KXCGS217ILXMPK', '43BTR9N9VFCX7E5WAXR9J9 3T249VJ0EPC 8KQXE390K5IVXP92TREP811QW7D C', 12);

insert into UTILISATEUR (ID_UTILISATEUR, LOGIN, MDP, ACTIF) values (3, 'G 1CFLCQKMS60H SD7EVFMHCUGD0FNX8CP0N4WJJLKILRS8PI32GBF R7VBWEENO', 'EJISRS9LAMKTH9F8PFBE5RC3T2C0WX6JGD7UG8LE5SN3XL65NGMYDRT0GAV2QAIJ', 7);

insert into UTILISATEUR (ID_UTILISATEUR, LOGIN, MDP, ACTIF) values (8, '8AM94GHUT VXFL8R78U113YOGSDCYQEHNG 4Y2WQ64963X3S9QO2H48W8EAE5UWR', 'H80TQ5YUQQF 7SKFF5RDW4ATSKVL9W1FGCJ3KVKJJ7V0UD8H656K6S3U LK71D S', 0);

insert into UTILISATEUR (ID_UTILISATEUR, LOGIN, MDP, ACTIF) values (10, 'TOIIMLEG9KWIMHGXK92ELIEU US8T FL 2WARYBMH7N91W0AD5PAV3WCUIME2IR2', 'UQ25U0UKGTISB6Y5JS JJ1N NTUIIPOSF5HHAGALSXIX1APULAVA8GLNSH93 5P3', 16);

insert into UTILISATEUR (ID_UTILISATEUR, LOGIN, MDP, ACTIF) values (6, 'AX4TXH4YVEUJFPI6LTT3BG6F8PJ8MJHQNUNWXWVFQA7B7WGBB9Q39WFU8HOMW3RK', 'F5ELNFLT9MS394LIPKAUCTNSSM PP7PXJ201IELXYTV 7AUMQDAA 8SVI0VYUOI ', 2);

insert into UTILISATEUR (ID_UTILISATEUR, LOGIN, MDP, ACTIF) values (11, 'B7MDJ8TJWT7JPLIX19FOW3XUANQL5IR405U3EQFBIQW68BIUOBH7B 67AV64NEXE', 'R19FC3B6F7W9 SX5Y6LQ243X58FNFO5KK MDKJXCLAQQKTCO BJ9G5RGCNUIFJRG', 11);

insert into UTILISATEUR (ID_UTILISATEUR, LOGIN, MDP, ACTIF) values (16, 'TMSY3 7A5I2BWSFBIS83KQU9IH2AGOT0AAIW2SVKTG1 T3E9ARLSJUPVNP46NI41', 'SJDHI2PQRAU4WVW7WV72X97K3FVCQXN0P7BGD955O9DASREE6N9B5P VWH2 3S91', 8);

insert into UTILISATEUR (ID_UTILISATEUR, LOGIN, MDP, ACTIF) values (7, 'CQTWPCCRWMX9XIP 454R33QETHPU3CQ5954WA N17VEA5NSGIK4IXI0RHJVGPYNI', ' 7 0A0V0I 51YJYBOB1APYSGLHHA6A8YPKKVAFO7S3MA2LQNN9J62VH1E  4LYBP', 18);

insert into UTILISATEUR (ID_UTILISATEUR, LOGIN, MDP, ACTIF) values (13, 'SMHY FY1XTV88EA2FIHKQEUEMDB66C2T30M3XNL0PUB8XXXT66QI0FNBHCD85SCB', 'B4UTB G5HYXVMI3LTQEBNG3S 7YEUJIPQFBN7FDTXQSS37JV9O  Q4SEG6I4B4T ', 9);

insert into UTILISATEUR (ID_UTILISATEUR, LOGIN, MDP, ACTIF) values (2, 'OX F3V4PJ7FJSOM7JM4X8G 1TI2T7XYRJRK2EN5DUTJEBCH8MLIHQMLJRP17SMJG', '9V57POMOXCO TXQPGU7KIIW78TF7A0J1KL4CH3NSNJNG13IWBTPE3IXY7N3Q0T1W', 10);

insert into UTILISATEUR (ID_UTILISATEUR, LOGIN, MDP, ACTIF) values (14, ' P24NSHTHFN3  PI1OFSUFDFULMO9YX9SPVTJD5DOMEW1VO3Q82LNLDT LSMXF2H', 'RKOX36 OOTG7YGUR6WSYJCGYP4KOKHX5DGXY0TEG GIBM4V5Q6CLPHD3DDM604UX', 1);

insert into UTILISATEUR (ID_UTILISATEUR, LOGIN, MDP, ACTIF) values (18, '4I BRS8X2P37RJYM2D8KA4SCKX7BXQ31LO2WRP1VPQPCAV89T2IHRB05CL36DU9D', 'BSNBL3PP ITW0CVF2J0VGQKPCDLA99QVWT915G MGU510QAHSO09J25R2VJ65LK4', 17);

insert into UTILISATEUR (ID_UTILISATEUR, LOGIN, MDP, ACTIF) values (12, '4IGT20 52MTRM0CP6YY5WQJXFBFN910E515CXYO7 0QUPCB5QKGDIA1XGOT6HVYM', 'WMS5UKFVM3UWF7RSR18AKVGPIE50F6JEE01OSECN4MWOXW1ACT9I4QUG 7S QA0Y', 19);

insert into UTILISATEUR (ID_UTILISATEUR, LOGIN, MDP, ACTIF) values (15, 'F7QVO2V1RDC2FLBCH5F C2CXC I7U6S26MKQF2H62V9YJPOLUP0VYIF5HEF913GA', 'YNDPY7AQXO0L490IB2BKMJWL6EFCNIFJJWTDAIUCH7JVI1RHSK91FHD38VRBKRIG', 13);

insert into UTILISATEUR (ID_UTILISATEUR, LOGIN, MDP, ACTIF) values (5, '0RKB92KNYKQ1OXUQL4 XXBHHOR4WP  CXRB24DB3X7NUFUH1YYT5LGR84RTPCKLU', 'HY2SL4WBMYGTI7IQCVNNT 6KP838X40IJSJ5K5E0KGDPH1OEXCM1YSC4IWEE 1W4', 15);

insert into UTILISATEUR (ID_UTILISATEUR, LOGIN, MDP, ACTIF) values (19, 'CP4FWM6LWEJ 99DGKLJHC8QBDVEAFROX3BWWDQMS5FN2L8GCG8XWF505HBF88TQA', 'IPV6XUNU34QHQ546PH52I7PUNNG6W7055BPFD7TBCS0Y7SRT55IIUHJG9BVS0KRU', 3);

insert into UTILISATEUR (ID_UTILISATEUR, LOGIN, MDP, ACTIF) values (9, 'E58 8VCWEHTRO7UN1TEHX2DNU42A2AG4WKB93I8MRFKRPSSV510AX3PB93531YO6', 'ABJVGVKT6QGQCRM5G5OX47Y3WVAG9WCI1L3L9R8K6E3 T9G50R7WX0FTXM0B9K3E', 14);

insert into UTILISATEUR (ID_UTILISATEUR, LOGIN, MDP, ACTIF) values (0, 'NP2BEF96Q 3QT Q02GHEDK45 S9E7WEO2E0QMMKC9L8H Y7JFC5 48VOLKHYJHSH', '0QTNT5BBD L 7O5BJ A0NTI33O1OM4HA35P50KIC6FAX1SUP7LUWOQX GW2QRG6H', 6);

insert into UTILISATEUR (ID_UTILISATEUR, LOGIN, MDP, ACTIF) values (1, '1ED51EIGOJFR49 L9R35X B06MNLWD3VU5 AVDJCQUWE2OXQ3K 4I30Q5T932HUQ', 'N0GANTKFGH54RKPUK5D8B9L2LWET1P0SHBH6H0JXEPVUNA5UK11OO4JEG408S9WK', 5);

insert into ADRESSE (ID_ADRESSE, NUMERO, VOIE, CODE_POSTAL, VILLE) values (18, 'AQ93A8F1QBPJ7V4C', 'DHVG3FV97GMXDUNWHL AEYFWEHN61J4VOU XEJNE0 T 2XSPA8VQ4S7HFOV8RJKJNU74I9Q1NPAP16CF5IG4O8YSA7ILHO42FFY Y5RRQ3T5GE9DER2U2HC5AGOBAWD1', 'IEWGPTTB2NACDMDJ', 'BIR0Y7KV6QRN5RBDE4V8398UB486FDPGO1E J2GEHFDWVMEIYPRF3LOWEM49F5UY');

insert into ADRESSE (ID_ADRESSE, NUMERO, VOIE, CODE_POSTAL, VILLE) values (6, 'MB05W7YFDKX875IP', 'HBCE72DN9FRDDLOCP2MD804E3M3I9C KRY5CN4ICKT7GS3WR7BP6YLA TM579IV9KORSKP5YI2TJJIEHF7KQ1AXQ 8VM631CMHAS5IJ6AU RHQQ0B44M2FA6GXXVQ4OH', 'BYBKM2IPIDYMCFCE', 'J8I54CWAPMQY4H RC1GUMWKUBWOM5IEWY9X19PWQD11H 9F5TNOKNJXPCIDYLHCK');

insert into ADRESSE (ID_ADRESSE, NUMERO, VOIE, CODE_POSTAL, VILLE) values (12, 'QBWETC9T5GR0KXCV', '4AGDGJY9HIQA9VOA7CXDLKU8K2Q7KY3YJMMMJ0 V5AQDHF5SUV6L4N6G2O7S93UHU VO9F7DP4B8O38LDISXYUYU2M3Y9HIDFGWNGOHH TI69W58DT91DK5 3LNXX7XG', 'QX VRRVBYQFS7BLC', 'C 7AB7NKD539G8D70USP061 3UE1QHWQK3LKN6E116F1FVI 0OTGITATL0JOG5AQ');

insert into ADRESSE (ID_ADRESSE, NUMERO, VOIE, CODE_POSTAL, VILLE) values (4, 'MQRJ0920B5K4T35Y', '031RTRRM7UWIJ49SR4SLKLR 4 W3JR33SKC5157L0KTJQB5X L7CLW0HG GSAS27AGG4KF1TH28O DHSR501FT8MVMKE9B66K2OWWJR927RACE52AIDG0W04IN8CELT ', 'NSGXL5OR6AXEKTXP', 'W2WIF7O1566NSYR3A1HYSM7Q9 9OJD1F05NUS53VTY5Y7K4OOI3IF6IX FRWNER7');

insert into ADRESSE (ID_ADRESSE, NUMERO, VOIE, CODE_POSTAL, VILLE) values (8, 'MKI7TEBT25TEGTVX', 'YG2UCQXBMOOUQS4 533E30Y7 L11O8L49H686IA1FWVS09K9D7MQEBXM7T81U 9KOUDFJLSX42YMYSU7CV4DI6WOMEPSN1OWT JVH4H1U86V7NEMUXC6 D16YA2VPRY6', 'MTP388AJCR9GGJXL', 'KXDVOGX SG9N2NA788I5CU24N142FUCVY26LI9 5N8I7EEMQ T75GHJATYPCASY5');

insert into ADRESSE (ID_ADRESSE, NUMERO, VOIE, CODE_POSTAL, VILLE) values (1, 'KE6G3SHRMV64X3Y6', 'O1CY0EKY16E4CCVV4YQ37TMIF3JVHT91P315 1FTMF8XUP1TSDD4JT3IMCYCH7 MPUIY6YM9WDUY3UWVWB097W3LK7W 04NKXWDV9CSGK43SD4I TR2JBWDROQJFA4Y4', '3UA1SD0QWPP98T1F', ' IHBVX1D9YB3HENV7C9O44DK8K8 K2NTNF5L993W69U3FNQL4BDT83MY2E7PCRG5');

insert into ADRESSE (ID_ADRESSE, NUMERO, VOIE, CODE_POSTAL, VILLE) values (7, 'U55JBIILB8QE DJ9', ' LTGVOU4QKJ7W84LGFL0YXUFQPQDH0Q X1SAGOQIXFBTQ37P0TBS2DMNYQ0KOUXG85S0HEMD25AGXXAW68K1IVXY06ISS0RBPK0875V1H0YVD946 QGU1G5EX61SP5IV', 'EQDG9  JX DUVAQK', 'EPR319BHBN W7BGFE YRQ4K00US8K8IY50IFL9 G D6BRXLH2H1LB5JS11SE443K');

insert into ADRESSE (ID_ADRESSE, NUMERO, VOIE, CODE_POSTAL, VILLE) values (9, 'JI5FPI5YTD YM5EE', 'MTDNWJVCX1FVWWK6W6LHCATL5M3F77M0O3BYNECNJ1JA8VP0S8C4 XOOH9SJYDQ5YF2XHX VVMP0 JPCYAP0G4KB8KX0K5M5VOFADISFV63XQJWC2JCH5 HO0TYSHB8I', '15YPU4HX1O6Q0JK2', '3T992TLMYHK5XA BNM9KOE4VNWQ1RDQUXDICNTRDCQ07EGO1Y10VED0GO6P 57 5');

insert into ADRESSE (ID_ADRESSE, NUMERO, VOIE, CODE_POSTAL, VILLE) values (10, 'LNIIA2X3580P9OC5', 'DDVV5XU9WTG VTUR7YKTCVNJX1YT5WM7QXJHJ5EVRI85TI6TWCCDAFD4G3P1U91RNG907GUBL HER4QA07AJ1K49GKLIS0W78WFDRER40RYSXEHJVVOQNHK76VO941R4', 'O3XDW3 BRE0H3RG4', 'QPFECEALQSWFTRVCB68S W35CAI4X3NF MU6324R20ENQUXED7NLS1D6CKKDJTO5');

insert into ADRESSE (ID_ADRESSE, NUMERO, VOIE, CODE_POSTAL, VILLE) values (2, 'YV847HACU5QDVG14', ' 07FLTVEY22CCEKD6GHD1NIVE5QDTIBNT8C75V1QV1U70F953U8Y0VVM5F3XUXGE3V8NOYBBIG0GT31U3O8YB5SDYDU4107JI  SCQVS4 W9IAHT5GCXLUIJPIM14SQS', 'BK9X8494E5VDJDKS', 'JP9IQGBROJ9ULNDY74JL55 8Q00OEF49RCS81M55DBW QCU8DPU58UBM HK2T99B');

insert into ADRESSE (ID_ADRESSE, NUMERO, VOIE, CODE_POSTAL, VILLE) values (13, 'KA09LPSV5JU462FE', '7EBOA62DB1LTT5D3KC5GEJI5R7TYRJEERQLFIJFT3SQBC5L54EV455APTGE2HVN42EX4VDKEW8N1L 91 FEK9UN8 62MSN78ILXW7GAXJ3C8 OKANY7FY1HAU 5Y00TL', 'G40A4WIHCR1XRKQK', 'AO85MT0XB2F1FE60QG8N54T4YLOI0XHC8M182MIN4BK2TLCMLQYGY351YQE12CBX');

insert into ADRESSE (ID_ADRESSE, NUMERO, VOIE, CODE_POSTAL, VILLE) values (5, 'O9L6W 690G06NJLE', 'U81Y9WMQ9WG7TIW15DJEFIS ACKDGEGK948HM3OOQ0ABC1TVSS68R9TYQE07AI90BR6RUOP6 HTYO51YF5OOWLWEU7PWKCID F70CK55G8MHV C0646IS1K UHNTC6ML', '4NLKFCLP5R3PC194', '4XCDVUBFPCQ3 YHWPMY3IB48P3GR1OI6V2VIDNCUJ6Y8XSV840TYPIN38L7SUDXR');

insert into ADRESSE (ID_ADRESSE, NUMERO, VOIE, CODE_POSTAL, VILLE) values (15, 'T6NYYFH1DA0FO73C', 'N9AJH0N22V1CUWT8N7HJ7IIXASFGGJ66443QIHXX1VX1HMLDUN1NT5J 5H98QBX5LMVWKSW81GW0J40Q6I OACMHSN4QWKS0O8NGQ L17M7UNOI3GM4J3SY707JHKQSV', '4TUMS2 5LO2S9HCS', 'TA3OVGM1DPYLIQ IGKSL9QVI3 Q8B6KSOP0VJVBQFJ3CIMF6KQTJRB2 6SO985N1');

insert into ADRESSE (ID_ADRESSE, NUMERO, VOIE, CODE_POSTAL, VILLE) values (19, 'MFS36FPN5UJN2A80', 'D5YT EAY 5P2FSRTVKV7OISJ0SQ08G6D3E3G6OC39L09BBJR2QBNCRMCCVL DQALPQYV3P94DCA3PCTD1A7UD2012QO ARO9DO5JFOR60HE5W8NKA6YUV9RKLB6Q84 J', '3T3NP20KWYNEVF09', 'L5F5HYS5B3DNNNX7URECTVNFTBF46JIO37PLPWJ 2JJRI9F4 NSMV96EQM  R LI');

insert into ADRESSE (ID_ADRESSE, NUMERO, VOIE, CODE_POSTAL, VILLE) values (3, 'H6BSJOAJHYYW9Y9Q', 'SMX2S1P 9XW62NCTK5MQWGSFOHWWCK36 O40NL1TPEYVCLB46PXKE17LLSE8P7 GDQA FC F7BD P730S48I7P6N MTH9ES5UHNNGKS45 O932GJEHKQ5D5NT3 GVSUM', '38HRUJ CSM1UC7L3', '5AVA388I3VUWM6 W76V09PEX1M04FAMU3LNGITOL8UBCDET60X55AM8KAWTVJOCI');

insert into ADRESSE (ID_ADRESSE, NUMERO, VOIE, CODE_POSTAL, VILLE) values (16, '2AON5ILBOAXLPO2Q', 'OE2NWX Q7F JAX9BIOMEVAN5M4CYABLPHO2QY86MLG4O2VJH0ARRXYED6G1U97NSEERLLN5QTMJI18IO4QX1T79WRJW1BWTTUC02SOUGVDDYQOI3L9UJY28 0OBFY7 8', '02VGMKF42 E6Q 0G', 'P3E6LOUIQ ME27C E9SQ2QPFEWDJCIQT4I4Q19U58M1F 63 QBOIQ315QUAG2JYP');

insert into ADRESSE (ID_ADRESSE, NUMERO, VOIE, CODE_POSTAL, VILLE) values (14, 'IFWRXSH27EILXH1P', 'R4BWCYCR2UCYM22FGTRLLYIB1WE L7A0F3TX2IW58YXH1NU 95OI GE6A0XNJ6XOIE91LMXMHG7I8UOHVU7Q7IFDNPBH RCA5Y54GV0RGUV3DGIAL6NLAC66FALI1U2F', 'DRTOMSVJ5C1AFCTV', ' DHCC5 XSTIS86RAR0B78 KV1PX1SQ7L7 U9 CPRUGPVUC7NQ0TMHYTCH95PHD0F');

insert into ADRESSE (ID_ADRESSE, NUMERO, VOIE, CODE_POSTAL, VILLE) values (17, 'DS7P7VBHKV43H70R', 'VJJ353UN4DD9KIH76AXM4FIH9 ISRMT6JL9X1EBWU5R4QCWNQ2L7LHBNAQGG1KH8IEOLF7GOG0PTSI8IR4 WDMRM AGNRD1PJ1W5H6HM6KMHJX178 W8554TA57IM4QB', 'DP0MH HUTDYFVFWI', '7G4T81L3A8U5S2F96U0KAWGRN2MV21VOSM1BEPFYCKV2W1KV3QDWBYCVHFJ2BILE');

insert into ADRESSE (ID_ADRESSE, NUMERO, VOIE, CODE_POSTAL, VILLE) values (0, 'WT57281LFPH934J6', 'PCNMBBO L8HAMQ4QGT SGNR8IM19A2UBLXA2WULIQ7 GPFCL6OF4R0BCDS 4BTWG56WN5BWG0HH98OUTLB3XDGH8 IPC69K2QA6HWIDMARYYOHSX7CISLE6HWFI98HLY', '7DUHRWCJE2WN3R4H', '47T5M52UQPD3W80RXR0H6IG DHVRYY13TKGO GLUILKSJX6RGPQ9FBWX445JMQAW');

insert into ADRESSE (ID_ADRESSE, NUMERO, VOIE, CODE_POSTAL, VILLE) values (11, 'YVOQ759BO6QSUNUY', ' 2392N9I2BW4Q6YVS64S3FL58E0FH1USILA2RB8G6K73UF6MCWRYK9SDMMY09Q97DTBC26U1USEXNNFCSSKQVOYCRDM1NU5G1L0VWM0N2DMKOH36T07EDS4AC IG42E0', '33G26YOTWKHGRTII', 'WXJCEX8I62EQANQ6W7X5GB11V LYTJJCSBCNT7EYMNEGP8HWVMQ5LS979L4M C6N');

insert into PROMOTION (ID_PROMOTION, NOM, POURCENTAGE, ACTIVE) values (19, 'P0UASB50BJJPS27VRS733L6C 2GNG7XSX5QYU2JLNDXM54A1SRX7RLJ1VGG1G0SF', 17, 17);

insert into PROMOTION (ID_PROMOTION, NOM, POURCENTAGE, ACTIVE) values (6, '22TL57U SE2I6I9RM 013XJI93JJDJ0BMJW3E5741UE8GQYNOFRQYE49VY7SH6S2', 19, 2);

insert into PROMOTION (ID_PROMOTION, NOM, POURCENTAGE, ACTIVE) values (16, 'YPXVM0C0NBI710YBACR JLURG55XI00ACX U6SOPRL7E9BGHP8O IT LK88PL 6P', 13, 11);

insert into PROMOTION (ID_PROMOTION, NOM, POURCENTAGE, ACTIVE) values (1, ' UDH 699FTD90IAS2WBGV6ECPVGD8QH10GGS9PTSLC4TG6 0FFOO5MMMA5YNDSR1', 16, 9);

insert into PROMOTION (ID_PROMOTION, NOM, POURCENTAGE, ACTIVE) values (8, 'EYUBNNPE3VOM9MNWR7YG4TV2MC3WADHG3U9374YAQCEQG158XUF3370CX3AYSJT3', 10, 14);

insert into PROMOTION (ID_PROMOTION, NOM, POURCENTAGE, ACTIVE) values (15, 'VXLQFXAL6 WQGBYUPBKGP1J6C865Y2KUH9VD6Q0L0CUS577MRTYY2CMCVXKEEL6J', 6, 4);

insert into PROMOTION (ID_PROMOTION, NOM, POURCENTAGE, ACTIVE) values (7, 'K8AOOY4IO64KR5NEPTFIMY4JHLE51HS3OE7SPRANMKP7YGS503VL9FHM0 QD8V4F', 4, 5);

insert into PROMOTION (ID_PROMOTION, NOM, POURCENTAGE, ACTIVE) values (2, '7R4H96TB3WSIS4NR2QD4B5VE63VISQOJKFQYWYOVCSQPS12A717PGA2QO76MUSGE', 0, 7);

insert into PROMOTION (ID_PROMOTION, NOM, POURCENTAGE, ACTIVE) values (3, ' YU1HLIOF6 KRSDOMMRBSQIJ2U890IA1M1F0DGK5E87G1RP0FFLJT8BQSWRI98HI', 11, 13);

insert into PROMOTION (ID_PROMOTION, NOM, POURCENTAGE, ACTIVE) values (10, 'KRMR8NRQ6H76A5RDOKFJH99A9GM0 Y5XREQL71QXLNX4MWXT9K3X34R6PYWV K F', 9, 6);

insert into PROMOTION (ID_PROMOTION, NOM, POURCENTAGE, ACTIVE) values (5, '4L6HUBQ7CTG9JQ7J14OVDUWED1PSHPD4F7LU1WM34A3 Y6CPQ9A2HAE1BQG 3RA7', 2, 15);

insert into PROMOTION (ID_PROMOTION, NOM, POURCENTAGE, ACTIVE) values (18, 'EFPN4107FO9A6KNG1BCSY2N7K8M7TXFWLNGEWQ23RWJOYY63GU9RRKOX04VP365G', 3, 8);

insert into PROMOTION (ID_PROMOTION, NOM, POURCENTAGE, ACTIVE) values (0, 'CR8UM1BAWBCJBBPKVKACFV6PML8TY71P8S JUHLBNQISU83V7JHNS5L9R4APRY3U', 15, 1);

insert into PROMOTION (ID_PROMOTION, NOM, POURCENTAGE, ACTIVE) values (9, 'NPIEPEKS7CC4PHJAONDNVM8 3O4JW4FHMT5VAOV7DWUX0 DW9DS 0JGVYPRG7KPS', 18, 0);

insert into PROMOTION (ID_PROMOTION, NOM, POURCENTAGE, ACTIVE) values (12, 'YRBU4YQ1WG42AGNVRFSUY CYIUE4UXCWHELQ6P1TFDE1FH2CXUIYUSOAT3DTHLBY', 8, 12);

insert into PROMOTION (ID_PROMOTION, NOM, POURCENTAGE, ACTIVE) values (11, 'WVSIQ5E5H75SQA IFYBI7LTYXP773SC8TOSPKB0MJWXUX0DMTBPA0RS2Q6KL4GQY', 14, 3);

insert into PROMOTION (ID_PROMOTION, NOM, POURCENTAGE, ACTIVE) values (17, 'PHOCU0QUYKG86IYYISCLKIBR0D7TECHE0CO 3Q3H0POJ E SXJ09OSR8JB66509W', 5, 18);

insert into PROMOTION (ID_PROMOTION, NOM, POURCENTAGE, ACTIVE) values (4, '1J6PAXB9T1LUA4HGB NMIB4NVGJJ1RBQ1LP5TN7VJLFTGV2AVUFMNO3BMEMB4POC', 12, 16);

insert into PROMOTION (ID_PROMOTION, NOM, POURCENTAGE, ACTIVE) values (14, '4F GGW923MKL9N0OO3LN15 G64UGUPW3B4UCEAMNEQHVS793P0LN2TRDVSTE2FAF', 1, 10);

insert into PROMOTION (ID_PROMOTION, NOM, POURCENTAGE, ACTIVE) values (13, 'L3A16D5F9SVWO4FXW604KJ2E YA41AQTT2I8UDA9CXKEWPSO0EK3P 8XOC47HJVR', 7, 19);

insert into ROLE (ID_ROLE, NOM, ACTIF) values (1, 'YH23SLV6YSJW1IAQP2W1YMYSNT83DH58853P68BWHW0FLFW9B DPCVMNBT4Y8OFC', 12);

insert into ROLE (ID_ROLE, NOM, ACTIF) values (5, 'BX0VHF0 BPGRLF2VD510W21KWUOQSCNJJ59GBNV2W791V9P2QGGNYJE5R0SU1OJT', 3);

insert into ROLE (ID_ROLE, NOM, ACTIF) values (16, '4AGVP3ESJLWXNIDD13AR6EL27PK9FMI887C20TTSIE3NKHCCWIE3QM50FKBETVMT', 0);

insert into ROLE (ID_ROLE, NOM, ACTIF) values (10, 'JSW6AGFI29B0 JUC XV2GXWR7PSPDP13Y9MC4IF2AG H65MUDJ7K7KXV7L84PVD9', 13);

insert into ROLE (ID_ROLE, NOM, ACTIF) values (0, '87Q39G70F200I94CVXKPM72GBG2QHOOXXBC8I5CT3HIP 3 CIG646L723SYUYPC1', 5);

insert into ROLE (ID_ROLE, NOM, ACTIF) values (9, 'ELQ41C23SDN60MF94RFWSCVC0FMDPEIL0BENHF7G QSJGOFLHPTPQRCWHG2PTVWJ', 8);

insert into ROLE (ID_ROLE, NOM, ACTIF) values (8, '  X7TNDJ QHHIRIWAI3PR0FCSADRO3X HG3SH2P 2 F7U8XN5M2NYYNE3JT05SNX', 11);

insert into ROLE (ID_ROLE, NOM, ACTIF) values (17, 'IUTT9F2IC7EGG7KIJTQQTC7SJ7SIGHSI2J6CECYVVJGHUM 1W3ARBLX83IWQAFPU', 2);

insert into ROLE (ID_ROLE, NOM, ACTIF) values (3, ' 6EWI7KSMCP4T3DXIS01Q BJPWTRORG31RWJN3P3H8HNN5KSLHDEVJHH68H73AOH', 16);

insert into ROLE (ID_ROLE, NOM, ACTIF) values (4, 'VH8V8YTL778Y104EA207T39X9JX6ENR64W224I24HDLF1O6GMOPC584QJ6BBWAPH', 17);

insert into ROLE (ID_ROLE, NOM, ACTIF) values (19, '8RAQK98MVBB040LRJRE9TB5TLS1U9D4NL5X38FQ VRC47KS3V07X7J43V9LHJXD1', 1);

insert into ROLE (ID_ROLE, NOM, ACTIF) values (12, 'IH4V74P4XSSRJP ADGCU1TGKPUNGANDY7B9BW4W3APUFVLW7PE8 JVA7CY0JE4SS', 10);

insert into ROLE (ID_ROLE, NOM, ACTIF) values (15, 'RNR991PU74Y7962RFCGY98A1 DO35OVY7MA JB7GR NO85IU05PU75W4O4SXADKX', 15);

insert into ROLE (ID_ROLE, NOM, ACTIF) values (6, 'GROCF35 0FNWQ01GT W8RP6KEKLFW5G4BSUQ1CVJVXUK212K570AQRTG19LHJNT3', 7);

insert into ROLE (ID_ROLE, NOM, ACTIF) values (2, 'KTX3VSFA688UXBO76IAPBW50D4DK5BJCU36TTXICNC0EJMKF0V1O5L9C39OM1E6G', 9);

insert into ROLE (ID_ROLE, NOM, ACTIF) values (11, 'OA0W84IY LJIDN6AMJS 8 SQU6G5 VY1I90WSEDCPJ9XDQJXY26U023D3KQ74KQP', 6);

insert into ROLE (ID_ROLE, NOM, ACTIF) values (7, 'P7XSNNRR92UXY3BHS813AK5K9GSB0125KJN5CI1I2B4EUPW4V4C2B1KMO4YMMN30', 18);

insert into ROLE (ID_ROLE, NOM, ACTIF) values (18, '7184TD6WCQ1M7AB2T47MRTQWK4TQBIP1ROVCEIRBA0PKMD7K5XW6M JQ2C1SVKE ', 19);

insert into ROLE (ID_ROLE, NOM, ACTIF) values (13, '6SXXVU4404EL29WVAFVOEELJ6VIHIIANCWXLD76RHDKPX2DAMUQJYQ8SW581RU8U', 14);

insert into ROLE (ID_ROLE, NOM, ACTIF) values (14, '3XJLH3JNMASC1NB6EO8SJGCW2VC8NRNF3 LN5UGA7QTKINYUQQ9XUQIDF06BLDP9', 4);

insert into MESSAGE (ID_MESSAGE, ID_SENDER, ID_RECEIVER, INTITULE, CORPS_MESSAGE, DATE_MESSAGE, LU) values (0, 3, 9, 'SO9CJ5NNSK97I8OH27ANMMIUUGL3V4RUIJK5XJ50LV4PR44BC4H 863C5DW15SCT', '108EGM8D 9X2LSGA5V MUC0WP2KOPRESRWO9KJAMC29VJL5781BNXULQ03EMD 275NT9H6MUHMFXA5RRE05K59GLKGVJCM9KD2EHBHKA BHFKN1W 000171GOGDLA0A3YTSY3PMNUC3K JW6Q14I3KWT37V2QROJUA2UOEG7JOLM1JEKTWEQNIUQXJ176P18FMW9XDVRU3YU5NSOS6BCXGOQQ37AY 7 GUNEJPUO13UKM5FLK73067I EACNC1542NCH4SITR0K3OMVWL4KHFQI1CD2NJL LULNP795L1X2UGXTTLU8HOB25AAOOMMYTT WD926WDQ 61650S38UTLOYEU54LEJPBW1SMF87K3KKATTOQBECMD1P8K0HBGAR57RAJU1IYGQG5H0KGT6UUSY6RSK7NPY0JKC743ID503CB720CLP72AFLDMQT96G02EPYI8PSASWRG8HR7HRESKLUUY2VSBUUQYH MLUEUJ0963U884SAFMR9DHSXQSB2 6YPCTCAPV GWLY83UUXDPDQJNSLKJ9WNV0NHTO4542Y2VS7SUQ9SC2NEOLIKU7YXM8BORK2XE3EY9F3R2SCUEK0BMED17SGHPVAK4VU4MKHQH5CU858LYU8481T3EW5CAS3LNKPAHPYIFC AWH20EXC052NSKJAY9JE8ETEAGCIABLIQA5XWF3WOOLK32SO6ACTRNX9ISXY0QN19I802 QY30HFVH1NAV10F E4OJN3HDD3BFDH5AD5Q260WTO2Y75RBBUCXHARFDSVROXLRVQKFIT6U9EA8DUQGS1TU8BUH15 XNWKEJOWGU7TBAWAL5YQTTX0B6U861RNFKYPEB8CFDRVSO6H 4YJ85LTSHNV A5KEDDC3MJMH4L9OHAVMO 0GRBSY25P7X 0CV4TP2Y 1XG0A1H 8YT05YHY1OFR5H3Q4LUIAKY8 DR2SY6UYWYFU9OTMS72YPF22VUTWC7PMWLJC6W197G61JLIOOXNPM5UWS06GUG7MNNHYTDO', '686-3-31', 9);

insert into MESSAGE (ID_MESSAGE, ID_SENDER, ID_RECEIVER, INTITULE, CORPS_MESSAGE, DATE_MESSAGE, LU) values (2, 14, 14, 'ECT00LKX SJRBSV0G2WIM8MCVP5O KWW59QRELAD54MFGRQEAM5NVQNLU3O1N2S3', '3D383X4NLGMNCJJGQ8X3SWQ63LC KDHFRPCKBTBC7X04T31S3VW2LH2HKGO60K8F 877UWCBORFAU5ABX6SLK SMWRD90FTEXSG8T5JSNCWA6U  KC6A8 AIGURF8AKK40GP8SFG4U5DDO3ARF9Q1C6PWQVW8P PJBAPYDOMJ9GQ BOAN6XKCA58FACYHJQ4HUMFUP23QCUQETYIS6PFF84OJ7HVBXKMRLT1LWK6YMYLXGB25SS0GX546VB 1CILIAWRUACTTF3PTRAL4502IDG6PIFNTHNWBHKS4KOBDU7G6MM9H6UCKVC2V448QBA06G2FVMYO3QW7363PEKHLI0DGTFC6S4TTHBGYEQUBUSHEGUR7GSQO5N7K40PYVGUU XCQ0D1AWFUI59SGN41F6XO5S6F T653XX13TBG1XVL2XGHSEMIQ88SJ43GUADK5WSHHWM7O04 JGOC0I2 HSBNI LC1XG61WOAA8NGRM VJAH F72VMA4KGJEB5928ECLPYP0MGO0TMXN7Y22852X17DX8SQ82D3DN02L7CHK2FQAY 66U1DAM8HFOLN57MCHQY0MXOPQGL0SCGXC4CB13GBYT99CBDQC5C4JL3IGITXTLU6C45XAECO9IFQNACC1TRY48WEFETMB655NIJ8DMXRX9V332SKG9TUD0UA4 C3JNVJJQM01 Q7C8CB4TJBBO65L88IRP59XP5D5SL26VU2O8NABVWS1YH3FDWTES3XCAI59CM32UUSSQMRMNQQWLGRP27CUYYTSD3OKSXM7LW7FW2F9SG5XQV7K22NQPNKO7LAG2S6E0NK2GXUP3YKX9GDIBXND63QL45N5UH4O39JYX3JRGPUHL047YPS 36QGNJVLHBRH0J67CIWGYOAYXE5O6YRHWVYHFXEKWNAD4O LI684WELI0H56GMSMO7N5A66LPVUBVHSQS4QDMXU2B4PAACFU66X67KI18DFIXBX2ACJ5PUMCYA8UG5OGTVXNBY4 DMYF3Y3PQ OLV8', '312-11-29', 11);

insert into MESSAGE (ID_MESSAGE, ID_SENDER, ID_RECEIVER, INTITULE, CORPS_MESSAGE, DATE_MESSAGE, LU) values (18, 11, 2, 'V7TBP3XXPC3PCRQQ63IR1VREDWM678M 1X5KEX6OLQCN0T0XTLYC05RO6CO5P82Q', 'RUPW50SPXKLDLVYP3BQ29TAUCNH215 RNUY Q4C3 Y9TTFIQ OL72ROW7LLSIL2LYESJ4WB22B6BE7LHQKSL1KIIK4RBSXBEWCYLHB0SR0C20D WN6XTPV6QSHBTKH1HYBTARN 138GB9DLHIJ8GJIA0KS9JCTQK3PGPWDV2I VANXIBGFK4VPLE0VARNT3YNOJ OBHOU0I9M2XX1EGH VYIPDORSLVHG7GBUKS7AT3KG29E9V291RFEJRGV3M2IL16W0JXJJRWIFH1DFX954E8PW77FOKSXOQF PU62NWUHM5Y0DHJX82QMIP7VPGA5PJHTDG Q15MW49V0992C8BFTK1GJ3J151LCQDJX K4F5U6SKOQM9X2 JMQJYSEMDGRN1WNSSJA9RNLVFL6PI1F9JM4OKKURW7NP46JFQMWN7AJGWHLFY6T94 CTW50C8UQHD8AYTWWU0F70S3UJJUX22G9HI69GGF8I717KOU3RQN66GOIJ6GQ0RALYX5BB6C452GXNDC2XYE8RQT0GUCJJ30Q3SI4AKE69HBEQMQ5LB3IO2KG2KQWAGN FQKWV9V FY8RIJPHLG1D1ECUSCSK TNB6FL7SIETV0VHTVCYG2DH450WOAKQLMSJ5LPTU YVJAPCOV8ACV8TCDT3FH Q6XB9VW0T1020WD4C8A8X4LMJ9LDSE1X9 8TTI6FLIDKX7WGTSFP491H7LUS O549DMECV7TSMDO2BJWCU5EXX0KL9QHKX B XPFSFR CSW4PP1MT0TF4WCNS9FD6GR0XCMSVCRLFMBYUL4MD2CDDMWD3TIP8BQQVG0Q1D28KXKNBRJUGY47 9M96A85Y38VXC3XL LEIM42OP35RS485JEQY6AU96JPG4LGK9BHCTYKBKN9BTU9TX76M5Y8YH G25RQSY6SDPKTE61UEECGPH2UM1Y9KN 7PWEOVH7J8Q0WTX7HK54FBX WQSO8GYX0J1SK8XGUTGUCCY0MOSB4WP1E0KWUNCAR3BU41 0QAK8', '134-3-9', 6);

insert into MESSAGE (ID_MESSAGE, ID_SENDER, ID_RECEIVER, INTITULE, CORPS_MESSAGE, DATE_MESSAGE, LU) values (7, 4, 19, 'MUIIS9W88DHCIASBC 1TMBNQAB822I0XWBB38G5QF35XNQLS9Y0QLFIKAMA25SHR', '2F0GMT6IYKUABQN174EIA4RXD82Y44XSECJISEDVQ52WKKI VHC3COEXWJ6GU2LP36L7C5I2N9P0XBP7S64LK1LBKI1NO4QN8RXLB0 CBCTS271M9HALHVO2PF0Q8MOVEPXRQ8AERK2GLMES1C1NK1AO0D2 24X5JFLTIC2IFVS91DWOAMAE6Q57N7VMNI4R 2PWF56I42YHTDPWKUIJKD585KRYDX3JINJ69RIQ3O9F8 9JUEXQWQBTGWQBHTSVBW6WLJ920 YGIQ28HEDQASWMWFC16UBNXB8AY5PUV41XTHU49RC9OV8T82YJI1 9C83LTI925Y394EFVD6 30IU3NOH7HO7O PO4HUJ5Q4EUGTURE5431MEOOQIJ1AJDKOO88O93W3X7LI9HBX83GBQBALBYXPSEDPC96RDGA26SCE CKJEYX0UBWDT1W2T9YBOMG6X8 2H5DSI6XUGLXEUI9 K9JSO2CN8Q 953IVOU76GBNFSYVH18L2S9EILFYQB1NME3Q1BGDEMMBNI14JXCG3DLV6XGMCT2768WYXNM7JYIYQETW32BWAUXC38VK1CAE4COVNI 10KW1KSCB 91BPEX0Q6TF53BSXJ6N4F81HPBDXTOHBE1H4WA2XK38T OVBULQ1L2BUTP7A5XAGMAO3VQIQFXGWJ01BFR4VT9WDFM7 67M43CI1F2DJW5Y4  NALX3WLLOKA4F1XP889A02E1G B1YY58WSTYF33UG7ATCC2KT0MPM3AHK03H5LKHWPP88B3W CGTSJ 2Y0XQ7U79DSWWM3EHP53M362KXC S30NF30110TY9HVG5UAH 8MVKX04TRU9WW PYN2YTO9YED RRPPASCT414 1JYRSWBEH XKUSA7BNF7UOHSYRSQ6JG28PWA61U2XS4518BJSYYU EWMAQ7NC23YSCSWB2DIOUCP1XMTTC7JJ026QM6396L6GGUC6C721HMHH7JGFV9642G6EC5 M 0 N43OUO2SW7UX6VPNDM5YFP', '597-6-27', 13);

insert into MESSAGE (ID_MESSAGE, ID_SENDER, ID_RECEIVER, INTITULE, CORPS_MESSAGE, DATE_MESSAGE, LU) values (5, 13, 13, 'MCNDW83WCIQK92 UJYSLMSLJ0QLBO5OXYT7EUJ4WO2AF1FQEG7Y 70DOUYH0ATWP', '031UIDB3OHDEJ6OG3MVGUT2D9C0NSABJ2635JPDNEHDF1I2LS87QE69MO9E51 SRCKM8GNYCFM0DEINI30SL4E10VX8AN032Y0D6A7GDBBBECC56D88LJ0SK6MU88PIPH7P23KCI5RXRFGJ5BWPB4Y5RBH97DNJEUHP0RBA AX8N6LUD5T2G9ETNDB4IJOUIF315383NMK6D0RAHDJWL6SPUYTRF2Y9T Y3OUGQSC6F888BJYEDG2TUDYC5A8XPPOTVRKACC54AL3KE6BLBS KFXQ6XF8BB2281PVF7N1IQTPNAJ607BYAVN18C962DB5HWP5TRNH5CA4LTCRB8TTLN91CE60HAEAOH4ROMTDREGAS RM175EAFYA0NNN3OTBOE9YGI5XSUS1 YMSEL5FK2HSLD5WR9LF4YHV0B6VE9S5324NHHNGTJ6W7H6HLY97G37LC6XANWYAFS512OM2R UEPJB0 TWNWEU3T80MAMV0HR04SN MDPTHTR4 M148G6V82XJSW 4T4SKK1FPGX60RY06VG12QVCRS R63U8C1ES9DYSTUX T7EW5 QAEDPG0HRE397761QW0 I5BW9W6A5JPKYHDUCR7UUQ DYGBYRCA8FJAO0ULR UJR HN5U4XG1R3YQ3GWGK3D7PU4KW2VH9DNU9KQ54SNBM8Y01DV15 25043LB492  6X VGYXFS0NOO2PTU R CBH8D1HU TU67VXWMOFI2QA9WXAMK3DPPLTEM6YUEOAQIMLJTK4SLB6DQFKMTGYA0LCVFHE8GDHJRDL57P5XGY3WQ41O6EQDIQ2V8QQPCD5IKMOP7UESJ2 AUFRO8L15X7MOH2XFQXTIF4TLQLB3PD HGHJMFWFCB0CNGT65P5IJP 1U2C1QQW9 C7TE2JJ77X73CLT3PS1JQHNYW7DJ7VASNDM2G06IGFSFACB3NJSJP91 D5QERWMI GRMR0DLFWF099BHTQULR8QIYUAAUS 6CRL40N7ATF1C7UN2VKWRWJHM', '448-11-17', 12);

insert into MESSAGE (ID_MESSAGE, ID_SENDER, ID_RECEIVER, INTITULE, CORPS_MESSAGE, DATE_MESSAGE, LU) values (8, 4, 0, 'DBF83MPIDXFQKAQ UQOHS0DIGEYEJGOSW8C0K0I V3KPDC3MSBVRRYC00WNQXVMJ', 'LUR4TO7G3B6N77 YQV6VYV98Y D52N40LDLWY0DG1 8D896IPX538C8XIRAX3COSPIUMHENWEE3FWQDEO2TKPMULIDB7QLDP249EGVEYS UYUSBL HRTWAJ684U8MQI 7S89WO4E7W38QUYKD66I89V8F4V8BCLE2WSCPBHH347G1NCE Y 75PMR680G99971PMSOL91BG6X67PMEFNMU1MC22N7UOCAU34RKMGD2CN GSFCKWEFI1Y302QTC0S NUAI S6D 6XW5 26VI3B8QUNDGVMXYQ62IS7GQQG51Y4CMAA3763 CM5W6E0OIFB2CY7EEJI0SD03U DEOUJOISBR17FMYBC0HRQ7 70F3F C25MDDVG332DHLXBMU QPSU530H OD2K 0YT1LSOX79234T4H06HCVIU889XFWV7PLP8RDN4S9DOYSSEXJS7K7P6ORNWRM2F74WOEI9N80I2UHEOKVWWC01LDVTH6DKU245I4N29MD0KXVVJXOO949SK896SKOX QE9LL55VCNA2UD3KGWJDPQUK1R9H7XCIM27CS69JLE0YLALFGS0WC S3GMQRT6O2 I1O6OTAIFW7KLLS7VQ3NCWQ3AGBJFHC2E13LEV56UWAL4WCTYKOO 01GIFDVAW1XMNKAT49I128WE2TD4IWVROOXATQQARWLHFOXAYQDPOJ3U7YTQQJ4C48T XPHNLQ G2FJTERKR3B8L6L1FH N86FD583TFIBWBIFLB5HPGW4RJGJS5A14NDXPPDBXFCI34RUYDJ5FBQ5IF4NR4P5NNWIVR38B8I66A0AXFK164J0QP1SISK6O0JYRRDA 968PDN 6OWEDY9X3NKXL SM4CT08GAF9M3L3C5MT4TKA64MOCVYCPFG9 TK2S46X9N9QD6GBHBV4EGDYLPX4BS7S5EFW38J6Y06VXLAKB0Q0LPXR0FS3F7WTP KAX83L5UFNRDFXY6JYYJNF05LDY94UDNUP3SW45K15XMP2IRQVXRDMQLG12P0', '1310-3-1', 8);

insert into MESSAGE (ID_MESSAGE, ID_SENDER, ID_RECEIVER, INTITULE, CORPS_MESSAGE, DATE_MESSAGE, LU) values (13, 3, 8, 'USMV2JC41AMNUM1VUI1FEA7T03XBR9KR XO0A96A22AVCEXU1PD8UP  FFQGD0HT', '4SPE7AN0EX1B3KAAJJF0F7B5DU DW9M MXJQ0P971K0U014G 8A3FN7OR8TW SFNG0UWI65CLJ3T53DP6TETFCE6JJLKSM9OQUB UOPNM7BF7XT1EIBQ0VCM02MMY0GC12E2 FCT6TCWSYCWGB8FM5LIYWY90JIDB348UYT4OAJGEX1DG03JMCVWFX7RF423V25N83VF FVFFT40Y7DQAV4D0QPFLVYCJ0WHVXH09P028  V 89PRJC MSGKR84GFMCYETTS8I8Q0X5MU9L55ASFN92J4XOB5F5ABF44XVHTWICEC5WVEGSTS7URRWXDNRNR3QVYRQFP VFXNMBMGLUW8BPMOG9LCPVO2VMRNPAT5GDDD6N82LOVK68KR5BE14DDGF6IU81N9XDIH2DJ K3HQ4R3TTSVWOI7G4DQ0K8P39RNFBLFSX21394PJKMJJR8K41CI8O3GBP K R4U FRCHHXYKSTH N4WEJ9E0DKJHTOLC0DN00GS3HDFF7NAMBGO67JJ866H2FNO6GFW6XM8GODPJPG5BI4C9 OL7I4XGLV5H82KRRV3NCGG8LSOATRFA0EONGBKYRE PBOOUBYB1GSBRCA46JJIWTJKNW70RIINOGBBJQTDGV9 ATS7 VE6L33IQL11YVM5N4PKRDIA44C8T1C67NV0QX78TYMDJ0B0AM8KCWBLOL7SDF2VPK4NOL7299FTGGBAM0WH49LC4FOGSK9KO32TMOLUSJM4I0IK46EIPQW6YK92UGE6VI57O2XXJM06EPX1PR3VPSX7YO0H7922BSMJWY28332UTXSAK5YSL9K3F9SKHH36IR8K8PW6CBV1ABEIHJNLR6T11M096XEXB0I5I3JRQH7N7QBHGXHLIYURTRRINL2C1XL3H38F HIP E7E23F4160J9JTA7UBWEN98S E794U5UTV25J4KHTR68JLM3AKOH3 I1BLO6T 2YQAS1LTCT1RY175JEUD9T UUN JWPWBGE5LFGEHW CTQCN746NFQ', '1600-2-20', 16);

insert into MESSAGE (ID_MESSAGE, ID_SENDER, ID_RECEIVER, INTITULE, CORPS_MESSAGE, DATE_MESSAGE, LU) values (11, 13, 3, 'HEGLWL4BNPUQ18C4P0QU6AW6M4PJXVHLXQOVE6INSC8K40XXLDL2EAAKA45XGSTI', 'AUL5024J9FVG5F3BISNOTHVX9W4HB7NQ8WPHF DPM8E5348FQHN71J1FAM RO81HE98S2EG30Y7Q06L52WB1ASLODEH40RSMXQW70BRW10DCMPYHU98P4VXOSHXRY47FCX3QA RVPLJ8H68WTLNU0NOW9YCW2USOLAUJSW3BGN2N4BIG4PE19CJFXQEUST7M1YWRBWM 3YXU 4 PC4007DESBEETI7A4GXLKM2A9X1R5CV2QF9PEYGC4EEB8IEYJ XX6BS80J7WXG5A7Q7AYNNJ2HYTDY5BR8HKSXPQL K9HFTC82VAF77DRC16NXGP75WVQVR8 Q0HAB 3IM0TLKQDW5FAHFJIT4ASAI5BMO5VQ33JAX2Q9I36PGNTCC0C4 I R4FRI1HAAKSVA1AHCQEN 82 PINX3W7RKTBF6I7DHI3DTCQ6NV3Q VRQ1MM6AHS01OXFN6BCTL9JNN8M3EVMI5NLY9A4TQJFNOKYJJL2VES166E8OSPL 8FSY0C093E7VPVE GM57DJM9IK3BBW38RH8Q9R7RD5A4IQAK9QSHXM8AQ  19YQOQ4GUCR8 TC90SDCJO2TBBD088IAVQPB9JBM0JVR61CC157CLRJSERH6IVY2XSAPI WMWYWM139FS31CY3TVHDV66WR18E21DCGXAOXUTG03V0VIEKEWA5TLRYALYEPJF7AQVOBJDX8HY8039IICK S3A4JQ9K6KQLMTIRQ1YTGHQY3NCN7E6QKMDUF5CKQOV BP0R3SIRVLUBXQ16ATY3875 K7E UM184H7CLFDUI03CP68MC3QP519TDVPAC8TJIY 2RQHK7J8 VVDXSBG4XHW21TKWAIGMQKAGCMASJO224 EGRA0SI0SSJD931NOIVF2WE6RTUKECGPT07EF12C7HOG528 QOQ9AP9NGDC 5I6GNQURN429W2YRNYS0F1XI 3JGEIXD52TTG754R8BR6UOH4RXB2UW965546RAVDI9HBGGURGS WI0M0E4RHSR6YX9EW', '1063-1-30', 5);

insert into MESSAGE (ID_MESSAGE, ID_SENDER, ID_RECEIVER, INTITULE, CORPS_MESSAGE, DATE_MESSAGE, LU) values (1, 10, 17, 'A7O48YR6 V4SLUKWYG4NDBPTN8 112YJYYEOR4FD3WRUE59ABR5FX7S58 TBI9G5', '2Y8S8LDUTT0RPT7G8SQTP5A4 HOECC47Q7UBI8H751BWX1VQHP32F0 TXTTP84C9I3U2IV02MS4BVBM687L86343J99 CM8RIGX0CHBOVHG78T6RSISXJ 5V35CGB54 9WHA0AWPW90RN G XMWQXJMPDK4CQBHNRTJ EUEI5639LIJVTCSAP ALHB8Y0X13CFU9CYNUGWQYIGO Y9096Q24Y3 JJ7J4ROQ9JQL100J6O37GDQQCGJYFQBCFLIY36B79NIF0ITT9CYQUEVT8OE6356  DLEW7VYF6YC4 FKLOXVDTLQPTM3B O5LXG6 RNA2K1UBWOCJO5KOUMOJQS9REKTOABPAAQ6I5XI14AGKA0R10EEK8QAPXEJOBSKAK B0662AXNU4C8N5D8FL1N2VKJN3TOH0S2X0UJGMY01PORJBA5UKRWJJP2 FJ3E0KF1V61R2BCCUVVXCLXGDV7VK3V582GDDW9605357HHM4J3GLI8NXUKCA NC2XFKO7KOWN905DYF358VXMFL708FLWUHJK E2B4F1FHWL94YF3F6R O 9JRQWVP3ABCD9HH X7YIOW44QN1F11X72NY14C8C0F26FB M5K4N4CTEP0QX7LXERCY8S484D0WNBUS690QD65Y 3AG1AW57DK4FVDAX45 R6KQ9VYTSL8 PLHFETNX0285UXSSW1TNPTAI1MOP8QX520I5OUVAW01 W0EUUVUKRKBNC8G 7D I666FT 15HEPU3QMDAH1OEA9BRDCIAXIUWW8BTB035FSA79B3CP248D9KDSFG993SN1B6VK2KWDS207PJRGIH1QR829M94TPOKJYNCVXRCI29LSIW1MVGRUNVBLRNWJNPEBKLRYMNU5Y83RR986J5HO8V8LMLW QTKCKAS3O CONNUCXH43UVFQ7EN5VDH35P7L55720BGF8EDBW43EY913NC 60L9HGW04IY25X HVRP92YM9306UC4FDJK1W7MOE PQF843CD41CDS4BB1UJJ', '1714-10-2', 15);

insert into MESSAGE (ID_MESSAGE, ID_SENDER, ID_RECEIVER, INTITULE, CORPS_MESSAGE, DATE_MESSAGE, LU) values (4, 11, 11, 'PUHU76B9CV16FM7UPK38R3ED1QWAP63DRH9 RXBBG2LBE8OTIV3 HEIQFJ6FBYQR', 'H7K9WVCX33E8QTMOPINH66KOILN4YO1D4VYA9IKQM0R2GS3D8WMNM51VMSAOMGB0QJOOWLTCG1SKOJGSNP6F4A1E06X4R6L4G0FFU4DY6LK 38FV97WD87 804YP157 UXLO5DSBTVRGAC 5TCY4DTGVCOBL YNCTP7IOSOPTUOASJ5MI AAX86E4PP42IJIRI039AWY 9BR0V5VUMCI6Y2CXTGJOVPBGACLMVECKNC59LF UODI9Q6UNII62K430T77E BR7C1SRBGLT97 9IOINXJEE8WQ1MA638YNYFD4NV ULABP7NYIP2SKSVBPJ WS5KPVASYG DUFBGVGXOIJYQ758STXU01BX86Y122BO91LM8O29I1U GFKMIYWSKC5OO5UIQN3M8Q2GW7DV8D5QJOAQVHNKA3LJQI3C 8CJ8A48IL8FBGRM4VVB0COSN92LFBQNT4J4J4LTUMLEEHIE4LS BJ3FUF S4TDW16AXPXTCKOE8JQR952P8GAJYUVT FD4 7Y6FIGOH0XL8YNDUQ55IE035GI209IM7OOT02NK9C17N6VR42ES5E6H98X8JTX2BK6UYSNF2KH9L34VH5 BEYIVYHCV5JG6DR0YHBPQTCAT6RD7SUSEEVT18DNLD645W0CVOL8IO870BKPR8OBS8847KSEYKS2TVQ1CJUR8DJJXU8B1H1P8TGJ7SETN2NMHK7J50L30W9ERKOL6I3SI14EC6OPC4E8XQG03VM1FRCEO545QTP1IO66IFVMRTVKKKB90V PLTCYX53MV7ML0EUG2K PL68DAJDQSN087CQ Q2EX8YB8YSM1X3VTN6XLIO KBRE1E1O7FA310Q3D9D9ULW3EQNOB8ABIJL0KY 7WA4K5YLY6UJUY090MNBGUW6C1EK2J2N01ORFLB0QCPJONPXSAAWLIKIR6XW1QJ O9 BMUVU3BUNEAQXDTJVLYSV2O5QN5P9ITLSCKYED6BYVGOUFBBSBUN9KY47 XD7NO 52JFERL8IBVM', '864-8-14', 4);

insert into MESSAGE (ID_MESSAGE, ID_SENDER, ID_RECEIVER, INTITULE, CORPS_MESSAGE, DATE_MESSAGE, LU) values (10, 12, 18, 'QCNHGFINHFNS0871JIYJLU836C6AY0GCLM9S902SYS34S5DV143WIEXRHT4F7 HT', 'KILLYX2R1A2W8CCYYXEL5KPNV8 M76C9EV1DPRO914PNQBVC029YLW8KDJEPV7 P3KPN6KUVGO9IHT2 BG4L3CBLT5IKBEWOSFDHIAXRXDPO6 RT8DL27KFPHDOH42HG13EYP6EPFDRBF9SDHTV0DG5G4CWNUT7RRXU6MRYYEORRPDAO7KU0Y47UUUVC0IQWC6EB4UEBP0O7HCGB070R83GH7LUUW9TPIRFIVJP5JY601GOCT3LXC10F4 UHVJIJHFX0K7 ALRJIM9IE0DE8E01B 7HL11UASPL1OHJ6VLQ2CMNNCXYGDAWCH92MIQ5EFWRUOCSQUAD29OXR2HED6H57UYJXAXUSS4DRW0CDEIQ BUD0PIJTKEE4LRG A6J N834LXY5SPQ9DS52AAUM98ITP24A9AXY8V79WXJKO3YE5JKA7UGNWCIML FCYDXA4GOLW24O6OOXCA4G9 4UYIGD0EYO VM2C94KKN 2Q9REJMGWPCA4VNQD5YXVVF7UB7RLRCGUADRF6BBI3A3G 1QJM57K102TV4J7A13O4DWMNJPPI07WI939F7CCTVON7J2WSWKQXE0M9MPEDE3FL3LIY4JXHISJ TI8WFRQUDO467K3J9S5BO5R2QMY5R7892TS4DMXDY0TJBPS7214KET0XM48WPWYG6I6UQC2FNWIB3P 236I9XVT836GNO2KFVS1DU9HEOSXH3AR6G8H47O8YDMHBC CGJI3YAS Y3UXS4CP  X7VHSVKBX2NM467I6 OYL APVA 6WYDBKX1AXVXO84BR3GQR IL0GCX3CXQO66MV6V5DXWAXCIY7P3K3RENUBITOCRJ8IJEUECJTU4ABN6 RUKI4YGO78FDLOOVQFRT8JNK1TA WA1VHMTY8QKG3ILBSRN1FL4DRL6EM6OWJ 3VOAEIJVIKSJ2TYNPDQSDX0596HF2UU7C7 8CC U9NUVDIN4VYF1UU9IBVV8Q65 U1A18YARP539LC3K6XKHDTOKTF8CLJP1OBRD6', '1659-2-3', 18);

insert into MESSAGE (ID_MESSAGE, ID_SENDER, ID_RECEIVER, INTITULE, CORPS_MESSAGE, DATE_MESSAGE, LU) values (12, 0, 15, 'SBEC2AFWQOHX8U05L1M LC0N EXHEV5857XNN72L4F0UQE1C9H9T1735MB33YV0B', '9XCTFPJDPE0Q7GDCY3 7PCQ02FRX1W4UJ72KS1RTFE7OQO6NS6Y0D9IV726R EBCL6Y ES4NOQH495IQ9FER4A OX40BYB5GIOS4CYY34SVAH14LP0W0H2ICIXKUJXYDVBX2NQSUQS2D0QXPV NDWGPFPIWIBV7VLIFY8P86YNDMD1 3X4IGRNBYMSNLRYL81F VVO5YM6TCYVKCE01YB28HSE4F9CVB 2Y2BPHH W1T2L0IA EKPHH46QBB0G1GL4DO56ELN4AD RVAX7G 2WAJ31UM918KF5V0XR4QPXLFS6UR5KOYCL UC90P31O1GFTA4E4UM7JCJ1TO2R9AG54R16Q0GSTV335T0A0C7LEL7QR8BA T5FDJSDN ARAI50JYWYI8RL3LLXU6VEAC6LKWI5Y3DVS SSA2X5K2YD7VHMFS65DS51N5NMNVG68VMVBI5X6VWY0 K3XV CY2KGT3XP7U34N7NI9RJON914DFDU1SKLI2TVC4L1XMVCBMCOD8Y0ABAFUUEPIFHA3TAIO373NR6TJ9G5KG7SOQY8NU0SB6TMHB6XGES4XYDSVS9HFWY9HNQON2IHJ YH1KN F1Q4YTOS0FE066TUJTRNC63FGARNWOQQJGVWL39LRVWVPUABVFITYYVKH5ILPQDMTOG2BH5B4F7XLHSOMBYP93U561SNVUG9K81XARCB9V7X SLA4RFJTEXOA2PVE7QN47QODQP9IK3ASFYPTKMDPOXXOTQ40 W026X8 7 09BM9H3 TD5P SRLYEDP01EHU3AH9A1VU7KTV9IPRJE90HIJ5OGW GQ0Y27OA34Y8285XXI209Q6SWVA4T818X8UF045KTEPYSQJ1 TW8N4WJVQCSCE6PS9BM3SY5JSK1H29JJB HY244R30BY8U8 5L5NGLV1ASVDS0MFVX KK3BNWK8FIWA49T 5VYDQWM0VWW63CCC27BMC959RJP8I1 99F9 OO7DI GYNPPE52UA66VG36X52W1JRXAXMOH516', '1-1-1', 7);

insert into MESSAGE (ID_MESSAGE, ID_SENDER, ID_RECEIVER, INTITULE, CORPS_MESSAGE, DATE_MESSAGE, LU) values (3, 0, 14, 'WUG8PXQ3T8KHL7LBFDFG0TY8VMVW3JQAOL7MTW83YXOK VWM F6YKBIDH31MYO5U', 'KGTVB8QQ2F8RO4PSPYEBRIMR25W1GSB4LW2VJBUEQU74GV2AKARSX9XU4DLWY1CY8EFOIANQ37HE0KR3GL1W64 ND5EDOXBFMSODC4HXRW2T1EK7P4S61O745QMQBRLQCO6212WQQ3NL3SD31W87 U5S48A5E3NOBG TIOIGGTJXRH9TNO9ODSKOHI3XET4IVASTJQ5VRRQ5EHGY21D6FYCEQ8BCO3U4T7Y7VCSBVIWJC2DJACSGD2K TSXPJBSTBWI75WJOFCCFTTJ9NRC7A5D42DLF480IXX42V1PBIE 8YKM8X5I64H6 90LUISVNMK22HOP7KIHASGI6C8G6ROH7KGUDQBQ5TXEHB26TGD34AX7AFI011L 3J9YINB8IAVQNNPT3FEQ3AMVC88LKNBGC5R7O4N2Q71CYMCKL7T SKJTL5FEO7BXAR1HGSF6E8W6SA2HCTM4PRYJV X597AJQ71DBB1MKCMVKN8T SN0EFEOIXCA927L0ME3W76LU 8PQKFVL E7F3O FM1XO4CI1MKISXTGEXIJSSK9TQ9XH3VGY37THN9Y78T6LR5QVH  A1VMURC16RF64SSCPQQNHU5A0YQ5H71AQWRTE4K179YFBIHKGFXJBADPRPDH 6QBRW0UQDL59PEKKJV7TQ6PQR1WI15SLV1MXENWLFY64318FI6NWG7DAXK23XF553KEWQ 8ANUMJCB3YIIXWEYX1T1 97UX 5UID4MCOQBLDA13Q PP 7NYLUE6VOCLXO3H1OFW4U7YENB8WSFCDGS52UDRR05PERBGNGJMHJ25J1FQ372TBN6C55FISSP3AVCA DFH9RB9N12XIXTT47WK1CVVXJUO3XRGS9SKDV42P24BV2OM3CB0FIOX3LKIS7Y2YXM4AND0OGTMG3F7MC3 L5RHAB8VVE1YBY7K3AU7JHKL0WK6093 C3OWIWG6EL KTY4HBC0CBC69UTFVQ5JO OUASG5YYCI BE6K1T5U31NRTJ457XYTDLFC90GWN', '800-6-6', 10);

insert into MESSAGE (ID_MESSAGE, ID_SENDER, ID_RECEIVER, INTITULE, CORPS_MESSAGE, DATE_MESSAGE, LU) values (17, 15, 9, 'IJ3FHXKT29HS0FD6668EN1VKQC5 KCA9VML84 W21OVWO1MKMXYX3P8D7OCQYY9B', 'J20SNJPV3CQXMCCB8JOWD1DWWEGYIVX4IY09YLX  GR XUI8DCNBAWHG3HO2R41J 84QK0E1P29DR1T0X0 1ATDI56OQJ8FL4Q09IRIAUNAAS31M7Q9KWFI1BUT5GHFKG34WU5RFFBH OF3K INJLMGJDH3L3II6WPHTGMRQW47NVR2WE63LRKX2E16AW5DRURT352D12RFMT5640A2DLOU6 3EJ8JR427FYMIKO7ST6TUTES6RKCR9 03PNE4ONOSDLKDFIWINN4FIB312W1RC4U9R1JM96B1B9GBAX91WFURY1QPE5N1IR9KT0S Q7XAK7Q8JVQ87X0Y09UY 2438KFRU13JKMWK4RRDTS5RTKMFP628MH8V6SVFGKDSCX1TM8S7VPT3NSHV6LDSQ9NF87LWU2FMS6JNC  KL4DEA4CASQ5OIA19B2Y9 2 3UV H9FDG13XQ03WWYG7QOGV0M8REF3NNI4FLYYY9G8 TO9Q9D2TJOOLPF171EQX 1J9WQ3KL7MEAU796SHIHM0IK7DVLRL9 S8B8H91CTXHFQKXS63ER8DW7JMRB3A YAXT4S11P0BYF7  FNTVAYUUD7SA8JIDD7REWVX56LJX5R4NSF5RTUHG85B94YYI3EJ4QMJWGLSXAMQ0T 3CUKEM5F7XKWDI6VGEHMGOM5VUBLK2PT69OJP8SA0WYHHBYQD5U0DSXL32J6DR0QFKDSL254S7EJ4S5BLK9PYG1DAAWI WHJIQS 7SEG6BVJ3PM3 D07VSS5TNAE777CHMKHT 31911M9RMNWL4NWVBOLRABYBJB1I49N41PRODKIIMTBRDVSL3X1I9D4R3TD3N00K9HTU6TQGEGOPCEDTTY3ACAM SC6G406O6J7MIHY00QYSGBGAI1AVJKGDULQ2B9KMD65I5B2GSTONTGWNFLNGI9L5PCTWSCHITYGCRQ51D6VFE8MH45PKS31H4LP6TJECPFGFQT8ULB4MVSJ9HGJ8OIXG6HAOKUQ3HH G78CWPYK', '520-3-10', 17);

insert into MESSAGE (ID_MESSAGE, ID_SENDER, ID_RECEIVER, INTITULE, CORPS_MESSAGE, DATE_MESSAGE, LU) values (15, 12, 10, 'LH P1EK48FAPW7CVDPEPP7 U AGPX4EEYM3JFS0UDKW IRGMYF8X5UPLG2YPAR5B', '4RWLDKESU6IA15BXIVRYJY0FJ6FN55 TBCXS1U L77T94NIJ6EMLF54P5CEAFNF1WN05I FNIDT GLOJMMA5FE5A89VDH7H 0JTQUX15D1IOS2LW7SB72BG33755X6FU6MTM2YDVTGLJPL55OUXDRRMPFAAUD4TEDB W2L11ALETPVGA5N09XYF3EBXP8W9YYT1RNMVHL5WS7WPW7R3JTBQVJ D1VOLCO1DCJ6UJ PQQJYA2SHCXLLL4RPN5MVSXPRYUEM233K82WMSFB0M3BR7IGOBFL6XKLIGKPKUJYTD3GRU5J9EU06Y5CVP8XMAPDL9QX0MS3DP88IBWNVVXJEBSL3R0KGCAD3ANE5 AAUKX699W7ET6P90NSW27G7NUFV7NDHN3VPTN5PTX82QG7XVGVKW9DRYBQLB30RLOI54WVTA75WPNOTUI885R186BVPJEC3U398N62W6MQQIMLL3NOTE62 CWWDI ETL MOC28F4G77NCEBX7DYV4 POO6NHB0IAEH2Q5X9WN6N5TG6R3X5F67CKSKADUY4E16R22HHGJPAR0XR9PCLM136IXATS4YTN1DW5F6IW471XY0W501BOBVP79YMWPK3V56DJ 9YIUJMOQQOEFT5DQORIJOTN6BN2M5VEESSOPXJRG1H11WMA0LDD1T9K4MKE67VKFS7 804I9T0CCX5JXLY JBOV7Q576OMJV5S5IWF 9T7OFYTY9H4MEDJD4YYWFA6GIQ823 BUOOALVDM1V3URHO1MKCW5B6B578OS57EGR1STU27VK3A14B9S9Y3RQXN1TAGHCT4TPCI7 A3A92Y7BR O Q0M3GL89G6JTIOKU0IRIOJOVHN7GVSSKIDUD69KG5SGBC10IA5O4BL7CRE4K029T25P2SLEERGV4UY5 F293O3KO6J76SYWL0ML7JCU1JNMYW KPJ707NN8U0PUADE4SYE2C  NGM6Q6TGK2LQLTHN7YBRLH932CB9VJ3U7O309LCG3JK5RQWA904W6X', '1145-10-26', 3);

insert into MESSAGE (ID_MESSAGE, ID_SENDER, ID_RECEIVER, INTITULE, CORPS_MESSAGE, DATE_MESSAGE, LU) values (6, 9, 16, 'M8FEG VLLVHL7RY 6OTTY44RIRYKP45HOE6256Y9H KDOJ2MCW4MOS1 ETA7RO5T', 'DKI8IDUGAXKTXIKMJWPJ88ID0HS6ELH702TFS418D4FY0A25 FOLD1WMA0RJYLIIXN3XD8OII15A56CMMHW9MU9XNDYBJWFK963UCL2JD4S00E6 QBY3HB BFVNORTMLK966PJP2XI A8CIS4X1OHAO8BLVV9XJCRAF4CKACM74EARE0W30OW 1RHEB5F3V47GHR2GL7BY4LLO18NFGP2TYGFX9TMIDROQRBMCLY7AP8HDULB9II4JIE4LP76J2NCU8 NLGHYJ4M6DDNAQ0S55WAVMAN8X0MRCL MUE6MSC5TLALDRH95 I8H 9JWOJ5XI5L02XYNW 7F4G4O13S KSX3HKA51168FX56GMBWKB8YEVGU1M4GSHM9MUDVK46G0IXCH78N8AO93QBV1J5ASD3YRC9W4J6TW8CO L8K2G246D053 Q3 HLK0YHXS6PWH1R9 VDR43X6Y7DH PSC2XYW99JL 3VQ1IM0U89P62S XXO3C79I10J36H1DDHAQIYEV63YARX92WBVLKH4W578T8HLRWR1PO8JJWY6S9W R0AC1SDDRY3F0NTT1VFVV4 LS6I1YSULDM 0T 827AH33GPEGQ5XX7E35IMBW9AR3ENCTV48B89PXGY17CS0U EO6MA73DF71BOD8YS007IAP73GARBB5EHW7JNIJK1P7JOMSKKI6UHC139EPDWOM4WEML1JH4O0ILD5GQIXL5LY AAPASVFKMHWMDX3Q3FYSBNJRBAEVBCQ0NO6U NFN6R3AQXKE85CQQIWK A6NVHTWXJO15U2XQWQPVTV1793067Y54GIDLTVYLN2GRA9W6PJS6KEMCW24C2U6YGPGMF2UXGALLVGF2ODEE85HTU7K2LAQFL178F6L 2AUQPNURY09J4LFKIINMGKCBVXS47FOK82JH0DTFBD1ULSLCYYNFHFW6WOC67M0BCLUH6NH 8BAW89LL JQ9N7PBYQVN32VMJYWLT2A6TSIKR3EOXDY53QHUXJBYNMXNG7Q1LQ', '1458-11-19', 0);

insert into MESSAGE (ID_MESSAGE, ID_SENDER, ID_RECEIVER, INTITULE, CORPS_MESSAGE, DATE_MESSAGE, LU) values (16, 10, 0, 'KX5AFS5A 86AEQ5P59SNNYHHSICJY64S8CTU5KLMFU57V9P NS668 N PX9IPP4C', '8GTR2X1WFLVIBG4ECNHKHWVOBCJH99EBL5N67E4VG7J3OP53TEUB3JT5HGSVB 9Y39F36P6NP59ATUTAUJVCU6RHEJXKO9CDXOUJ0SKGSU28H0UXRB678F5NBUARYD SK AMQVS1PGO78N6HBP HP7K61GVQQWP 0LTF9IIOW CEKIV2NI4TOMR2M9DOGQ48KP55EJK68653XJ66CC5VD6KXNW2XH03E29LWV0VVVJONN3GXCI8CYM2U1RXS45IUM08YACKLIF9DWP9Y169YIXHG43MNIWJFTHOI74YT7WUNV8AE68OF2E6XPWFUQ6GLN0AU1DHEEV1ULTDY ENMGMMYWWAVUCOAHN1858QVXY4G UKU05 AIGJRANS3OVS 49J2R9H54N1WW1 T9R6BX1R4VI721NKQSJ4O17LUL5CO3D 568CKAS8B KE8PSV22VQH245XHFAC931OIG9X5F45FQ078NS2YI VTED18BSF QSQIYCEXWQ0EO8J5YIBWG4B4LNARDEKO406S6OWXIHQIUYSWNE0PF2CTOIBDXABRDOGD92HES1SQHOOU 0RM1EFJSNBR3CEJUUGO5V5GJ53IMNS6G0U9LD4WFW 1T3G67TOLL5Y7XQ4M1OW2V8XO9U1FB9KQSQ7SE05C4N1JAVWBCAPLCPACVDRHIWUSF1FDOYCJYPJCBSY8UMYO8JR266YFA45I1KVVIFCA9DKEYVDDRJG751O5L3BFAF9MNFC2P9S2TCCCGPQ7YH1Y2OU8DMINCELB2FOPBKQPAX3SB 6K6LKL63PFKYB4NV03W1SFQHWH3517CKEPVNXQ 156 XGRMQ YHCJSJEG3FOJYLGJBC30U8HND60SFY4G815W6OS3N9SUEGTDFN2SB0G6CJB3VO9WQGVT0CC3MDGBOK05IK99HM8AQ8OAQ2KDLHL9H0W8XBBDYTINGR4EIP8 P6J8KOMFEM2ATFETVDND7F 7KLQAK5 UQ30UWC4465O 1M0P5ODSCV6NJ9S N470', '1244-5-8', 19);

insert into MESSAGE (ID_MESSAGE, ID_SENDER, ID_RECEIVER, INTITULE, CORPS_MESSAGE, DATE_MESSAGE, LU) values (19, 15, 3, 'X3CM1GJSMPV5EBDOD88LKIVRNUS3ALD1CAIGRSCSQJH3AD1K73L8SGNKIXBBXGCW', 'QGU418Y495HE5X 8W4339Y3EFQPKP3R42KG1BO6JIF6N1YTDNC2SMOTCRPH8KTOCFGYLVGX14N5XHK3JCT6F3EMXGPT3XB6CY01UUGKWO8EE5YKOBR0J8OY5T23EIVJF7S3W7YNS7BMAPJ5AA7RRIHCHKUADU3AB486VVHR15X4TL1XGFWBO8WL0UW28CT3A3J0VOVRFBSXA9H4OBG60PGJA6WQBG8P8TMX4A6MA FO 1443W8KE2T9EI8BXEQ5HIAXSDTFIS7OA4LGBJBBLF2Y074EGC1IWQ0Q4GFIHQ6UJOOTI1OXCSF 9 KA8F42YH3MF XA4C8U6QK3CJ JG JUV1BWQMB8K4OLY9JDXF0YL7MA1OQYPU881XYVDS4N9FMA3KSHUA 19 KJDF7OY3N0JLRFNSD00NJ 52FKFKDQPTD6M7DT4A83OHWI2B88DDVOKTJOQE5AFCAPLS4420NO8A8O6Y1EGKVXQRF0C75K06UQMF12RMW2LAG5K9IOUQH04TSYEYV40RW1KQIQ6H8NN1 SSOLHOMJV9QG2HWQ73IIMWPPUBS84SJ46KHJAMHJ1L7N0URTMWO3JHTKU7RP7 8THH UTX VSQTUN6N1X2GA2UWTRXDQTOWXJBACWA5M093RYP33BE 2M 6 CKLR2XR VQH4I EP8RFH47 GLK9MSEBCXAAE68HENJIITTNTNV59G0PD9D6G95E L79NJO29OI77433E4BFPFY WGNKEYVURYI4QPV KFGE3WPGP6SGQNDXT 76HWNKAFHH5DX1Y19RFR1SR  7FX74QBXM3B6T0YBTPEKJYBTUNH0KDDQNA6UI2KPFTIMA48CIGUW3TO06K01P5STM0I9GWHI1M1P2LJVWTTQTL7U47E6GFF1WK5 Q9J9UNJPO6V74DP954P80XWWJE1A3AK0JSR02EUCYFTSC2YC  K82CX92Y3HRP9VF1YQVNY0AOO0K388LMUWDD2UJUOIFN0PDAGIDEYHB0EAPXBUP7A9Y4YR', '950-4-21', 14);

insert into MESSAGE (ID_MESSAGE, ID_SENDER, ID_RECEIVER, INTITULE, CORPS_MESSAGE, DATE_MESSAGE, LU) values (9, 13, 13, 'MUS8X2N6CVN1N7M HQIKW0KQJJX7R7JI8J9WX741F T3LT9RV9X UOH4GUCVR O ', 'VJLCF9N3TLCGH 668BK4KD7IDN9HR4JNEB8 2 77ITCN501 IAE0XGY53PSNN3TOU9PGHFWPPKS93D6D3CUHEHV9TXLYB2XKD6OSUM2U 9QH27C9CPF4K2CRVL1LFBAJHPM23S8BE3UJN F60FDIT407XR2SJGBC58IE5G0EB0FNCEJ589LAKTJM4BEU3CQBQ 3 UG8XNTI4LGVRJTK42KVJ1XC0I4AA UPXVVV8K0P9OHT3YEIPH524KYUM08 K2NDHV216QWDEU1YRS78QWK9Y3OK1TCW3KUQVDP258LEW7YXYV39 A3V9C1RN ICAGT5DTPC4H G6UDNBDTR9KCFOISEWI Q24KMAJCIICPSNOP23UTICH5KG4J37AAOYD1QYT19B48CTKNE1CC03SN4C6K315AW EVTQRNK2HRO596XF8HCE3A3O10AXR3AMSGS G6FTHA17EJ52B1C6VQM7HS8GS3Y1K1B7V 46NMCIMAPBULDDL00CQI74Q 1S6MMSWP09UB5NC8D1FKLXKCPYEO2L0PY1EYM9B8LODPMAYH4O23PW0BBGFICH0J8GIMW5RRMNYXO1SF1476592PMR917HWYJ83YP WRWVPWSM PDUPH 4TOJEQ2K9VRP482WC6 FL4B6QOAKWSKVL6L5C16VK 3RDDV1U1GDL5MN4VD5R4O9R14P5TPB669STC1C5RG1643PKHHXJRY4T58KV3TPUCY6RG1NYLNX5RSHVBEPS566X64B5BGJF82B1B4GWNUMX8GTV48KN71RDPCM3C9WRIUV32A SY7YE2R4GI9PS6XUC7ODDFTMRTRMT4D0DG7UY90JJ16GER14537L58A4CMKGNEY1F0JDL4GU14UC60DW4OAG7TTIFADIM7F8UC7TTGYGW5I2EGP4L4J9SM6K16G078WBF3IJMF9G6DMDT0IEYJXINL0N5GGCHKCT3VY5LMVLUXXASY62MYMU6YOVT9921QGTS4GDS139 XHY40S00B435FEX4L3XY', '207-11-8', 2);

insert into MESSAGE (ID_MESSAGE, ID_SENDER, ID_RECEIVER, INTITULE, CORPS_MESSAGE, DATE_MESSAGE, LU) values (14, 9, 18, '02FHONK0D185HDA1EBD9RT5PWDBGS5NMXDPP2FUAU0KC8YXB4LD6KYLJG5FWW9WF', 'NQ2G822U1 IOAMN7B8UMF6604376FCRVMF 2H99WGD11YWTXD6TY1U7MIIS4KTLYFNNO1O5NHW89P82R42TJRFHHJ6A3RIMY67TB0A2ARY3I7S6OX4FY5KDJHD4BOP73EPU2DDJL9RB 3 05IDURO5JB3791T0S32LT23F8SGA8XUJO70LYNPCMUHJEIPA1AI0DFXAXQ59UNVIFF1DA8HLLP7 T0OPSIIXYDM1LPK8RGJ5LXI2086MH 7 IV0N 483I1S1EMEIBN01RATS DWGGBTR4GVVQ 92PQY LVN6HNH1LPQHPDLEXVS9W5DCBKK3XPLRNDT5UUY8 VGUC151DDABTDHC6SJB380M4LQ3OND3WYJCO7F7H0VEHK4EW5YKWOG2SJPEWJMAJR086Q113KJW483E7N0JLE4VJPCB41ES8JAJ GO 7BNXOU3F1UCM5S12G6STLNGUE445VATQX30CP0QVFUY26A61QJIR6XA1QUSMA7V9K8RUF9KFL79UXBFDSVFNFHD50LVCB67ULNKWQ7 1W43RBEK05WSTKW596SFHO700MQDP4HDYV8NBY295HQCGHWVTBBU0TBGMEFMBURXQ7QLW1T57M36FO3QFQO0MRKKRV84IQRT4QEYMHAOYM9UGB9U2SW5V92BT454W9738FH8ET2BFL 8Y838X3HX0N KGCP7TNUPFGR7V8TBXVLP9XFRKDHD40F3OY FENHJD4L6JM6X2WV0BK0AQIJ 2 LINJK8LSXD XTTMGW9PD980XQJIJQMHXQGXRMH462WGFU75XPD00L XGF49NQJSU3EAHTEFLRNAFKSYVD6ERC6EB1MK7QG6DYQTQBOTHY5AVGHMROJLQG8M8HFEQGGNUMQVOUCB KTGTILIQI6M6FUKNQYYV50X7GM4OOXSTMX5J8SRLOSQIA9VORENGM2K3VIF6M9SD3P FO6BS3WHAK040MYAG4VXS8F1U MRS18V0FAWEO0R8E4K3CPW1K727 8FHMQVPIL 2L', '1545-7-2', 1);

insert into LIENS_UTILISATEUR_ROLE (ID_ROLE, ID_UTILISATEUR) values (6, 4);

insert into LIENS_UTILISATEUR_ROLE (ID_ROLE, ID_UTILISATEUR) values (1, 17);

insert into LIENS_UTILISATEUR_ROLE (ID_ROLE, ID_UTILISATEUR) values (9, 3);

insert into LIENS_UTILISATEUR_ROLE (ID_ROLE, ID_UTILISATEUR) values (7, 8);

insert into LIENS_UTILISATEUR_ROLE (ID_ROLE, ID_UTILISATEUR) values (12, 10);

insert into LIENS_UTILISATEUR_ROLE (ID_ROLE, ID_UTILISATEUR) values (17, 6);

insert into LIENS_UTILISATEUR_ROLE (ID_ROLE, ID_UTILISATEUR) values (16, 11);

insert into LIENS_UTILISATEUR_ROLE (ID_ROLE, ID_UTILISATEUR) values (0, 16);

insert into LIENS_UTILISATEUR_ROLE (ID_ROLE, ID_UTILISATEUR) values (13, 7);

insert into LIENS_UTILISATEUR_ROLE (ID_ROLE, ID_UTILISATEUR) values (18, 13);

insert into LIENS_UTILISATEUR_ROLE (ID_ROLE, ID_UTILISATEUR) values (15, 2);

insert into LIENS_UTILISATEUR_ROLE (ID_ROLE, ID_UTILISATEUR) values (4, 14);

insert into LIENS_UTILISATEUR_ROLE (ID_ROLE, ID_UTILISATEUR) values (10, 18);

insert into LIENS_UTILISATEUR_ROLE (ID_ROLE, ID_UTILISATEUR) values (2, 12);

insert into LIENS_UTILISATEUR_ROLE (ID_ROLE, ID_UTILISATEUR) values (19, 15);

insert into LIENS_UTILISATEUR_ROLE (ID_ROLE, ID_UTILISATEUR) values (8, 5);

insert into LIENS_UTILISATEUR_ROLE (ID_ROLE, ID_UTILISATEUR) values (3, 19);

insert into LIENS_UTILISATEUR_ROLE (ID_ROLE, ID_UTILISATEUR) values (11, 9);

insert into LIENS_UTILISATEUR_ROLE (ID_ROLE, ID_UTILISATEUR) values (14, 0);

insert into LIENS_UTILISATEUR_ROLE (ID_ROLE, ID_UTILISATEUR) values (5, 1);

insert into LIENS_CATEGORIE_ARTICLE (ID_ARTICLE, ID_CATEGORIE) values (15, 10);

insert into LIENS_CATEGORIE_ARTICLE (ID_ARTICLE, ID_CATEGORIE) values (19, 11);

insert into LIENS_CATEGORIE_ARTICLE (ID_ARTICLE, ID_CATEGORIE) values (10, 13);

insert into LIENS_CATEGORIE_ARTICLE (ID_ARTICLE, ID_CATEGORIE) values (9, 19);

insert into LIENS_CATEGORIE_ARTICLE (ID_ARTICLE, ID_CATEGORIE) values (6, 5);

insert into LIENS_CATEGORIE_ARTICLE (ID_ARTICLE, ID_CATEGORIE) values (17, 7);

insert into LIENS_CATEGORIE_ARTICLE (ID_ARTICLE, ID_CATEGORIE) values (1, 16);

insert into LIENS_CATEGORIE_ARTICLE (ID_ARTICLE, ID_CATEGORIE) values (16, 8);

insert into LIENS_CATEGORIE_ARTICLE (ID_ARTICLE, ID_CATEGORIE) values (0, 17);

insert into LIENS_CATEGORIE_ARTICLE (ID_ARTICLE, ID_CATEGORIE) values (14, 0);

insert into LIENS_CATEGORIE_ARTICLE (ID_ARTICLE, ID_CATEGORIE) values (2, 18);

insert into LIENS_CATEGORIE_ARTICLE (ID_ARTICLE, ID_CATEGORIE) values (12, 4);

insert into LIENS_CATEGORIE_ARTICLE (ID_ARTICLE, ID_CATEGORIE) values (5, 6);

insert into LIENS_CATEGORIE_ARTICLE (ID_ARTICLE, ID_CATEGORIE) values (18, 3);

insert into LIENS_CATEGORIE_ARTICLE (ID_ARTICLE, ID_CATEGORIE) values (4, 12);

insert into LIENS_CATEGORIE_ARTICLE (ID_ARTICLE, ID_CATEGORIE) values (11, 1);

insert into LIENS_CATEGORIE_ARTICLE (ID_ARTICLE, ID_CATEGORIE) values (3, 15);

insert into LIENS_CATEGORIE_ARTICLE (ID_ARTICLE, ID_CATEGORIE) values (13, 14);

insert into LIENS_CATEGORIE_ARTICLE (ID_ARTICLE, ID_CATEGORIE) values (8, 2);

insert into LIENS_CATEGORIE_ARTICLE (ID_ARTICLE, ID_CATEGORIE) values (7, 9);

insert into LIENS_SPECS_ARTICLE (ID_CARACTERISTIQUE, ID_ARTICLE) values (3, 15);

insert into LIENS_SPECS_ARTICLE (ID_CARACTERISTIQUE, ID_ARTICLE) values (6, 19);

insert into LIENS_SPECS_ARTICLE (ID_CARACTERISTIQUE, ID_ARTICLE) values (2, 10);

insert into LIENS_SPECS_ARTICLE (ID_CARACTERISTIQUE, ID_ARTICLE) values (5, 9);

insert into LIENS_SPECS_ARTICLE (ID_CARACTERISTIQUE, ID_ARTICLE) values (0, 6);

insert into LIENS_SPECS_ARTICLE (ID_CARACTERISTIQUE, ID_ARTICLE) values (17, 17);

insert into LIENS_SPECS_ARTICLE (ID_CARACTERISTIQUE, ID_ARTICLE) values (11, 1);

insert into LIENS_SPECS_ARTICLE (ID_CARACTERISTIQUE, ID_ARTICLE) values (14, 16);

insert into LIENS_SPECS_ARTICLE (ID_CARACTERISTIQUE, ID_ARTICLE) values (10, 0);

insert into LIENS_SPECS_ARTICLE (ID_CARACTERISTIQUE, ID_ARTICLE) values (16, 14);

insert into LIENS_SPECS_ARTICLE (ID_CARACTERISTIQUE, ID_ARTICLE) values (18, 2);

insert into LIENS_SPECS_ARTICLE (ID_CARACTERISTIQUE, ID_ARTICLE) values (19, 12);

insert into LIENS_SPECS_ARTICLE (ID_CARACTERISTIQUE, ID_ARTICLE) values (7, 5);

insert into LIENS_SPECS_ARTICLE (ID_CARACTERISTIQUE, ID_ARTICLE) values (9, 18);

insert into LIENS_SPECS_ARTICLE (ID_CARACTERISTIQUE, ID_ARTICLE) values (1, 4);

insert into LIENS_SPECS_ARTICLE (ID_CARACTERISTIQUE, ID_ARTICLE) values (15, 11);

insert into LIENS_SPECS_ARTICLE (ID_CARACTERISTIQUE, ID_ARTICLE) values (8, 3);

insert into LIENS_SPECS_ARTICLE (ID_CARACTERISTIQUE, ID_ARTICLE) values (4, 13);

insert into LIENS_SPECS_ARTICLE (ID_CARACTERISTIQUE, ID_ARTICLE) values (13, 8);

insert into LIENS_SPECS_ARTICLE (ID_CARACTERISTIQUE, ID_ARTICLE) values (12, 7);

insert into LIENS_SPECS_CATEGORIE (ID_CARACTERISTIQUE, ID_CATEGORIE) values (3, 10);

insert into LIENS_SPECS_CATEGORIE (ID_CARACTERISTIQUE, ID_CATEGORIE) values (6, 11);

insert into LIENS_SPECS_CATEGORIE (ID_CARACTERISTIQUE, ID_CATEGORIE) values (2, 13);

insert into LIENS_SPECS_CATEGORIE (ID_CARACTERISTIQUE, ID_CATEGORIE) values (5, 19);

insert into LIENS_SPECS_CATEGORIE (ID_CARACTERISTIQUE, ID_CATEGORIE) values (0, 5);

insert into LIENS_SPECS_CATEGORIE (ID_CARACTERISTIQUE, ID_CATEGORIE) values (17, 7);

insert into LIENS_SPECS_CATEGORIE (ID_CARACTERISTIQUE, ID_CATEGORIE) values (11, 16);

insert into LIENS_SPECS_CATEGORIE (ID_CARACTERISTIQUE, ID_CATEGORIE) values (14, 8);

insert into LIENS_SPECS_CATEGORIE (ID_CARACTERISTIQUE, ID_CATEGORIE) values (10, 17);

insert into LIENS_SPECS_CATEGORIE (ID_CARACTERISTIQUE, ID_CATEGORIE) values (16, 0);

insert into LIENS_SPECS_CATEGORIE (ID_CARACTERISTIQUE, ID_CATEGORIE) values (18, 18);

insert into LIENS_SPECS_CATEGORIE (ID_CARACTERISTIQUE, ID_CATEGORIE) values (19, 4);

insert into LIENS_SPECS_CATEGORIE (ID_CARACTERISTIQUE, ID_CATEGORIE) values (7, 6);

insert into LIENS_SPECS_CATEGORIE (ID_CARACTERISTIQUE, ID_CATEGORIE) values (9, 3);

insert into LIENS_SPECS_CATEGORIE (ID_CARACTERISTIQUE, ID_CATEGORIE) values (1, 12);

insert into LIENS_SPECS_CATEGORIE (ID_CARACTERISTIQUE, ID_CATEGORIE) values (15, 1);

insert into LIENS_SPECS_CATEGORIE (ID_CARACTERISTIQUE, ID_CATEGORIE) values (8, 15);

insert into LIENS_SPECS_CATEGORIE (ID_CARACTERISTIQUE, ID_CATEGORIE) values (4, 14);

insert into LIENS_SPECS_CATEGORIE (ID_CARACTERISTIQUE, ID_CATEGORIE) values (13, 2);

insert into LIENS_SPECS_CATEGORIE (ID_CARACTERISTIQUE, ID_CATEGORIE) values (12, 9);

insert into LIENS_PROMOTIONS_ARTICLES (ID_ARTICLE, ID_PROMOTION) values (15, 19);

insert into LIENS_PROMOTIONS_ARTICLES (ID_ARTICLE, ID_PROMOTION) values (19, 6);

insert into LIENS_PROMOTIONS_ARTICLES (ID_ARTICLE, ID_PROMOTION) values (10, 16);

insert into LIENS_PROMOTIONS_ARTICLES (ID_ARTICLE, ID_PROMOTION) values (9, 1);

insert into LIENS_PROMOTIONS_ARTICLES (ID_ARTICLE, ID_PROMOTION) values (6, 8);

insert into LIENS_PROMOTIONS_ARTICLES (ID_ARTICLE, ID_PROMOTION) values (17, 15);

insert into LIENS_PROMOTIONS_ARTICLES (ID_ARTICLE, ID_PROMOTION) values (1, 7);

insert into LIENS_PROMOTIONS_ARTICLES (ID_ARTICLE, ID_PROMOTION) values (16, 2);

insert into LIENS_PROMOTIONS_ARTICLES (ID_ARTICLE, ID_PROMOTION) values (0, 3);

insert into LIENS_PROMOTIONS_ARTICLES (ID_ARTICLE, ID_PROMOTION) values (14, 10);

insert into LIENS_PROMOTIONS_ARTICLES (ID_ARTICLE, ID_PROMOTION) values (2, 5);

insert into LIENS_PROMOTIONS_ARTICLES (ID_ARTICLE, ID_PROMOTION) values (12, 18);

insert into LIENS_PROMOTIONS_ARTICLES (ID_ARTICLE, ID_PROMOTION) values (5, 0);

insert into LIENS_PROMOTIONS_ARTICLES (ID_ARTICLE, ID_PROMOTION) values (18, 9);

insert into LIENS_PROMOTIONS_ARTICLES (ID_ARTICLE, ID_PROMOTION) values (4, 12);

insert into LIENS_PROMOTIONS_ARTICLES (ID_ARTICLE, ID_PROMOTION) values (11, 11);

insert into LIENS_PROMOTIONS_ARTICLES (ID_ARTICLE, ID_PROMOTION) values (3, 17);

insert into LIENS_PROMOTIONS_ARTICLES (ID_ARTICLE, ID_PROMOTION) values (13, 4);

insert into LIENS_PROMOTIONS_ARTICLES (ID_ARTICLE, ID_PROMOTION) values (8, 14);

insert into LIENS_PROMOTIONS_ARTICLES (ID_ARTICLE, ID_PROMOTION) values (7, 13);

insert into CLIENT (ID_CLIENT, ID_UTILISATEUR, EMAIL, NOM, PRENOM, CIVILITE, ACTIF) values (11, 4, '7WD LFXR7GV9IXHLJKURIXTHE1FLO0U 2684I60L6VEJYJVDQJIOCW0TMGTUPHQOXY9RTVJ5R16RW0UYOVHXUBQMVFMK631 RHYNLQ6PIE2D2BNXTEA OA24OJBJ08R ', '653GVAPXHT8W7ROOMNC HVUP8B1E2FAYGJNELVG5778J9RHE9FH6IDC5TMYMHMGV', '88OIV3BV4052DJX NN88CL2KVEPAFA7PRM0TDQMCFSOBAN053GPYG E9SL8GMQV3', '0RBOU3BT', 5);

insert into CLIENT (ID_CLIENT, ID_UTILISATEUR, EMAIL, NOM, PRENOM, CIVILITE, ACTIF) values (4, 17, 'I9028PAGYP6GM96XJCPV0NMMKOK2L3MUX57SKJTOIWQJ3FWM24M7C2QDU 7YOLYQS7J7UTFPIC3RI51PLH22NXDPSV5KFJTUPT34OSFW6KUP6LFV7F939H6 L2KTEETG', 'O 7W3T1E5WC KP3UGJBYVOW2XHQHH0A0LOG536CBNAN7LJX DUL9 SR4SG24PW1W', 'HVF05S0N132ILYMEJSVO34HSIYFF6HFNJVHGB39LQ0DT533WL6HI5NG3QPUM7K03', '16CBSFCR', 6);

insert into CLIENT (ID_CLIENT, ID_UTILISATEUR, EMAIL, NOM, PRENOM, CIVILITE, ACTIF) values (2, 3, '6M7 6LSKMENJWOLXVAKGXPFMDJO3MJCTOL9OR346V0DYV2NLHMIUUD202LYDF0B8KXWQB N5XT16O9FRU9QGJ OLMRY5NOF014V23NDWMHSXAJE8ND33 XKVTVHFH7YK', 'Q27SQXUMU EM7 0X2GAJPIP1KBSA6GL4MWI4IPS0W 1ALK3SGQFS7F9IA6W9CKIA', 'XR02H7U43VSU6HFWQDC6U4402AA 5RG7L0X9JIW3OBOSFCAQCIJTURWGYIOWWP8R', 'A0KHNV63', 18);

insert into CLIENT (ID_CLIENT, ID_UTILISATEUR, EMAIL, NOM, PRENOM, CIVILITE, ACTIF) values (16, 8, '9Y29RBU0O0YJ5WNVJDK1KBMCC1DRH2V9CHJCE1AXSN0S160N  A430EJVPP8QEQI82JXJKM9JXM260WGF5KNQO43VHOFM9UTRCF31HELDOJ67REA85VK3TOJTEPIYD3M', 'N9IXC0Y8RH3QGJKNEEAM5VLCYDJU3WY35EIGL3V2D C T1FPPD81K1JBFL1CNYT5', 'EAD X75GY9JEYMYOQW777NXEUF4FRPIM3MIRC6258W2WA3G327NJEMYS1CU2FY1N', 'Y2AMR2VP', 9);

insert into CLIENT (ID_CLIENT, ID_UTILISATEUR, EMAIL, NOM, PRENOM, CIVILITE, ACTIF) values (9, 10, 'S6QJ73TJO QK4M95KKT96NLK0NA50C3HXS5EQKRRR8A7DHW3L64NE73UQR2JDI2XTMJERTQXT4HIS4C5E3R9K8013KYG3YVKYFVSTHWRXJQIM1CFWRS2WDVW54W4NL3 ', 'CX L 0NBKBMN6VC40VUOWTK9GQTNPXL6CQKPNJ4U1I1UDPP6WGSN XS0Q0J4BWGY', 'BBUL 7Q7SP13AACDIBEOC8DPPWAU1DBPMVV1HQUNTFHA9JYX1H3XAY840 XC1PFS', 'MLQ0650P', 15);

insert into CLIENT (ID_CLIENT, ID_UTILISATEUR, EMAIL, NOM, PRENOM, CIVILITE, ACTIF) values (8, 6, 'P9CCS3404RLPKJA2YSGM1YS6WT2CW4XTGF9D0VWHB9T7MN58C55004LO69QG207SCH2P9VCXBU9L9AN4Q2FT9UT9RFFBVHHLKCEPOW98UK0 D15XP3 6MRIPBHPBBKVX', '6Y1O5AQHGXP9PXH2UVYN2V GUW P M88S1CXFNL6B722VRB398CUUVNJA81UKQFS', 'J7C7R3UIB4HC  76K6I3XWB5YSKPEE5SDD5O8BRXC3DLIGOMY4MLD2YWGS0IFRWP', 'IL5QPP1D', 16);

insert into CLIENT (ID_CLIENT, ID_UTILISATEUR, EMAIL, NOM, PRENOM, CIVILITE, ACTIF) values (19, 11, '352ARJ59JS719CMYQ ORDEJ H CEY39MWC VJ62XY58XKEPF8UIS61AXPMB MM2FUN9FB U5IJMED7QQH0PX2OVKEIP3NJH7M14FVWVVL6 P7HO5O5KIK71UUYQ7Q AT', '1PKGWRHT49J W6KLGW5 C1T7G TJEK5HNYYP9LUF69V9DX5WLHOB25AFNKKA5A76', 'FTANPAC QYKYENNQXFJD467HDOB0UUQLW7 RELWTAKPWL0 24DIT3QR3FINUTHEH', 'A79SIS1E', 10);

insert into CLIENT (ID_CLIENT, ID_UTILISATEUR, EMAIL, NOM, PRENOM, CIVILITE, ACTIF) values (1, 16, '8H7OXJ01YXWOV8WAXCBU36QN7XA32KJINED4G11L3WST066OF4E7LA5C8GW5FY5YTGWF64KQB2LVMY3RYIWGY64I8OIUN534O76S0D50491PDYQJRSAISCJRMJIDKXAG', 'A2XRQTQYRPUO4JPDTXFNVUH72JP5XU1RJL24W0WG0DFKHEJH4F1A2IFMVTQP8YR6', 'WJJ8WOHOP4IEER973K YL2 XAKC9VA9GD1IT9QRQL1XWLXOQAXJ9C9V7IHX2XOFM', 'NDOBF2H5', 13);

insert into CLIENT (ID_CLIENT, ID_UTILISATEUR, EMAIL, NOM, PRENOM, CIVILITE, ACTIF) values (0, 7, 'YKRT95 3WK5R8CU04H5R2YYRSBFDFUCJDRAPLKXMXD XN2U86G9473J6XHX1U8HUI8N56KJ9FBTQHTR9YTK50J4O7WU5U7L0VQUEHSYRGD15 6C6FW4SQV91PL7XXO6N', 'UD2WQEQ 19SR6JJMGGB2CBVP2KF1025CKJSQM2BLSP7MBWC9MT8ER87LJAMULILA', 'A8ITVO38G20HBA5A1MWSH427J21IETJ5FYD LBFHO70P4E6IO2Y4ICW7QHGG PY6', 'AGO V3B4', 0);

insert into CLIENT (ID_CLIENT, ID_UTILISATEUR, EMAIL, NOM, PRENOM, CIVILITE, ACTIF) values (5, 13, 'UA09HQ1U1R9OSE 4GF5L0F3 B 56WCIES7G GN9A4 6FYJN9SC3NUEFB O 92NEXV3OG6LRXHUP YH2S3VGJOORWFN502UDY9TA0SCDKVDVHOVKX JYFE 7JC1AU YL7', '0IBQEUCH6A42F36YCIU6U FF6OC8OA71DYTM8D5QYY4JGMX6AVHVJ3ADQSRYEAPL', 'IA2OM6FRMQAN0N 3B2RCFCCJE658W2QY5LQROKFFH8EXA6CT1JI3JC2KPV9RPEIP', 'BOSRL6JM', 12);

insert into CLIENT (ID_CLIENT, ID_UTILISATEUR, EMAIL, NOM, PRENOM, CIVILITE, ACTIF) values (3, 2, 'YK3KUIJ4WYUJD35XW4GY7TJ5BE5MBRWHWP0JAHDG581DPDH3AP BTF8MUIPVWXRJY04WHENJ03WPTOVPENP98UEYCD0J3QC8UGP688SAVQ5S6R95FMY0 XR33CC6JEEG', 'QUMKR3TLUS00QP7K0JJG3V3LSX99C4H33F8C05Y7F9O  B6NXDLFAEVDYNAUE6KM', 'XJMNQLCUFI1QSVSCVVLJMAANQI2GE2MP7279B3TFHR1ROGIJNLIDT 09GE 9B428', '7R8TM5GA', 2);

insert into CLIENT (ID_CLIENT, ID_UTILISATEUR, EMAIL, NOM, PRENOM, CIVILITE, ACTIF) values (17, 14, '9C6BNOWQ NLEP6ASJH7EXAP2A22SDUF2Q72YD9OXIK6UO891OI4PCCDW3EQY4RH0QW44C8KVJJ2 T22CU4GUY7GPIJ3TNND8OK7G0OMP0WK6AIC6S484TVBJGX00CSIP', 'YT0XFM94FJ7LYS54X5K9H78SALSEXXY6CJHGIOPX7D7EYGF0A8DJ62IFUBH8T1J6', 'EE228S4LKEF6KD978KYUPYSTT3LOBFGNP0Y2R25TK2EREXJ59YQO9JXSKFNQJO3A', 'E4T7UVAP', 17);

insert into CLIENT (ID_CLIENT, ID_UTILISATEUR, EMAIL, NOM, PRENOM, CIVILITE, ACTIF) values (12, 18, 'SLD44GHJT83CKAA0BJIIF3 KSCIPW8YIAOSRX6LJSF9WLTUG0OLFRD7 8TQLGUGN9RTN19YUKNTVRCK0G7VV2 AYFL2XJ8E7Q4YGFV7PRBQPQVOA3 YC319PYA G5STB', 'A1945CNC P6 VKGAMWR6A KTIAHU9UUS6G6JQO5HQVCQV1UFSVPKYWU48 NVMLA ', 'D9C7DJYV846HEAQ3FKDU8I9YOTJ2 NOCC3Q P SVNDS2J7FKRJT9HWLMCMRQUH6F', 'HI2XN9XL', 8);

insert into CLIENT (ID_CLIENT, ID_UTILISATEUR, EMAIL, NOM, PRENOM, CIVILITE, ACTIF) values (18, 12, 'KAUIK0QCX70GQ60YA5KV ERI9R4HMOE4L1BLAFH3FAWNAV5MA7L19P4OQ7BVOXJSKIC2SO57LUTGC981AV3XVDCJM IXJ79J111RR0 2OGAGBI5VC5985M0E4UUKQ36L', 'A7CU0KVEBG7HGJSWJ8ANNKBFV41GLCXTRXWQ9K7BLDDRKH8AH9TUAHOX4RTBD HC', 'R3E 922H1AUUBCEQ42WSXXVP6H 84G129LF4N252KFWG6XJCK5W1YUPKE29EE2 I', 'AIM8T4HH', 11);

insert into CLIENT (ID_CLIENT, ID_UTILISATEUR, EMAIL, NOM, PRENOM, CIVILITE, ACTIF) values (13, 15, 'MBP48L 0S  SYJDWGCG1UFFPARK7AVN9O9S0N9RG KS6G11XI1835KJU505TKNOSL3UYWOKU6LOTEI RA28MMKYAL64WDAVJNBNY9BCM9RVHS6O8JMAD7SXHF29FVFIV', 'RN6E255E6RKGK4Q47NP46YCUN7COF2EL8KQMGHFVQ2P55GI137I0229C103CR1OR', 'C85QY3 0FOO0TUB52157BNCL3FXPOMB1G  TL15OM408HRVWKE5 62S78SD3B80Y', '6QF40UTI', 19);

insert into CLIENT (ID_CLIENT, ID_UTILISATEUR, EMAIL, NOM, PRENOM, CIVILITE, ACTIF) values (15, 5, 'XP4GDDNBY2NG0388U1DMACC CRHYQIL7JBBLBUSFYQIIW2FOP4N7O4TA0QTLWRPXGIGXMILJTC21NRPHJRFHKSJ0VMIWT53JIWXK6YN70O5WWI5OQA5CJTERFDW3BHPH', '396MTJCYQ0WTIAENL4 J3P4RP1PLQ21W6IC912WXLMC067 LWW1AQG7C1G0824U9', 'Y2ISHIYI47XCR72HT0LK2OMUQP724RQK2YINU0A0RMJ2LEBOI1BR0T20E15LBUR9', '4UD79TH3', 14);

insert into CLIENT (ID_CLIENT, ID_UTILISATEUR, EMAIL, NOM, PRENOM, CIVILITE, ACTIF) values (14, 19, 'JD869J53XVNINHI7G7F6LFY5 9ISNA4B653WKDYUV9QSDN75VD0Y5MDUSS17EXJL2OCI8CM40KM7VQ9K1WU408IL RB2NJVVPP 7S6AOGOQSF9FKW50QEUV2M9COUYOR', '7E7UBLQ5N5GW5IFL77OC0SJFBP OYY21RBW8BH5W47Q1SEKDL35D7WQDPHPRY2FF', ' FWXDQSNBC9QGFRFBXAUCK37XW59GX1GPKOO5PNYENH4327KPCNMWU8YXO84L76I', '4QVDLEKX', 4);

insert into CLIENT (ID_CLIENT, ID_UTILISATEUR, EMAIL, NOM, PRENOM, CIVILITE, ACTIF) values (7, 9, 'G96S5CT88UN1OH28BSRA TM2OO9SUX4XNO8JN2OJ8L31NH8R1TFVR9KD0MERVW22JJMB0E1HAOYDV5KCREM4647SE26FN32U7P HE6OT469653F6241434N8J6987K90', 'FXOU3R4K5MWLVRWN2USI3S2LBRGX2S8RM60M3D8LRJSAJBL9I25GU7HG3UP5O7GA', 'AP5HONSIN0VKRY243BPFTBPVY2LT4QFYJHMHU7RVIB9Y2GE0U1Y7PGEIF0MGW7R8', 'KSO1XOW0', 3);

insert into CLIENT (ID_CLIENT, ID_UTILISATEUR, EMAIL, NOM, PRENOM, CIVILITE, ACTIF) values (10, 0, 'OC3WCY2HDH94TQUKFQIJRPPJ HF124GDYWV2T4CCK58DIAFR8C2LT7TN8PJB2C6OT2GW6V8D56QNCPI3SAW0DM2HOYR3KLKS1V1W747HIOF7TR2WA7B2VT72OKBU61DL', 'O8H 6XSDXDGCGIG0OKUG0PKG09 VK6QDUNT MVPDGS0GKLXPBIR8LLM1SV35YCDD', '9SOBXORODNJQ1R0964XBLHVKORVR48OW5T 5N7OKIDTS4SAV7EGQWFAPXTYVF5HG', '2JL2TM0S', 7);

insert into CLIENT (ID_CLIENT, ID_UTILISATEUR, EMAIL, NOM, PRENOM, CIVILITE, ACTIF) values (6, 1, '9K342KBQU64TT OLU0TI6DNED3LM3L2X2R52CRB3DFSUOQOJGX1OLOHIXI50R SSX8XV1YLN5GL232 73GSFUYFHCXP45O9275B4I88I4LSW7X61JA15Y4VFJV4LJ0WS', 'A6 33GJ44ST AO6A1CU4X1JQ7RXJE6CO2W DOOL4MMCOFIYMBQAXUWU3UCH2 V7P', 'S0EP5O0946DL4AA 0XFXE2IKD0SKW21JO5W8WTYGBYN6BSPMJ3YXC02Y1EB4XWVQ', 'V2Q1P2PK', 1);

insert into COMMANDE (ID_COMMANDE, ID_CLIENT, NUMEROCOMMANDE, MONTANT_TOTAL, DATE_PAIEMENT, IS_CANCELLED) values (7, 17, '0I3394KCHN3O5O2NRH96LIICXDN1EAU 0LLNIIY0A0VJMK74MSLSRXKMX2UK4OK1', 8, '1343-3-26 9:21:37', 6);

insert into COMMANDE (ID_COMMANDE, ID_CLIENT, NUMEROCOMMANDE, MONTANT_TOTAL, DATE_PAIEMENT, IS_CANCELLED) values (13, 17, 'R3JNYYLT3AI6KM0 1BKKMYV7 KQG7P8VKISVG 34 CIDVFW87PJHAIU1NFX88VKI', 5, '940-4-14 7:8:21', 1);

insert into COMMANDE (ID_COMMANDE, ID_CLIENT, NUMEROCOMMANDE, MONTANT_TOTAL, DATE_PAIEMENT, IS_CANCELLED) values (10, 8, 'KKBMBXQDYFIGTFYX8V278AL0EI507G  UA8RAWG  0B94SW56YVSFTV2KY8EIIIE', 16, '1198-2-22 8:59:7', 3);

insert into COMMANDE (ID_COMMANDE, ID_CLIENT, NUMEROCOMMANDE, MONTANT_TOTAL, DATE_PAIEMENT, IS_CANCELLED) values (14, 9, 'D2UNGQVFUTW7UG4 YGUW6D58I49KYWUW1FL7D679BYC6H5NLE3YP6 GICQD6R8EL', 17, '610-7-21 4:42:12', 5);

insert into COMMANDE (ID_COMMANDE, ID_CLIENT, NUMEROCOMMANDE, MONTANT_TOTAL, DATE_PAIEMENT, IS_CANCELLED) values (6, 16, 'M93U LCY0QXN F648WGWMHJY7QYFHY6PTS3LLAW3HQ2KNK1S56MQ1JRN3EI377UF', 13, '1933-7-12 13:35:47', 10);

insert into COMMANDE (ID_COMMANDE, ID_CLIENT, NUMEROCOMMANDE, MONTANT_TOTAL, DATE_PAIEMENT, IS_CANCELLED) values (0, 12, '9EIWY81B6VCH7M9TNH0 CI8QW8NFB0Q0ETFT88N7HAIDRIIH8Q7WXLLAF288N2UR', 19, '1861-7-22 13:8:58', 12);

insert into COMMANDE (ID_COMMANDE, ID_CLIENT, NUMEROCOMMANDE, MONTANT_TOTAL, DATE_PAIEMENT, IS_CANCELLED) values (8, 14, 'P32W0UAFMHGVWU32912DJR8KE 8VGYTYGHS97F4PS681I2 W UIPCR5PHDR6E  Y', 1, '1421-12-5 9:58:39', 2);

insert into COMMANDE (ID_COMMANDE, ID_CLIENT, NUMEROCOMMANDE, MONTANT_TOTAL, DATE_PAIEMENT, IS_CANCELLED) values (1, 14, 'WK7I75 R2C0JYCTCMUPUX3005V3LH89467XTSVDBGB6J PVR82W5935PVEO07LAU', 2, '1740-3-5 12:32:25', 18);

insert into COMMANDE (ID_COMMANDE, ID_CLIENT, NUMEROCOMMANDE, MONTANT_TOTAL, DATE_PAIEMENT, IS_CANCELLED) values (3, 9, 'AHVU5CG5SO9OSW4MTQINQUK4074WFPBL8V0UV115X9X9XI5B9F6R57VKRS59D1BT', 9, '1076-8-20 8:37:2', 19);

insert into COMMANDE (ID_COMMANDE, ID_CLIENT, NUMEROCOMMANDE, MONTANT_TOTAL, DATE_PAIEMENT, IS_CANCELLED) values (5, 18, 'U1JJY6L3J70 CT6CD LKOUEFBXPNSST0UYR8SU8W9 H7FY59WJOKY612ROT2P 3O', 0, '994-10-18 8:4:37', 17);

insert into COMMANDE (ID_COMMANDE, ID_CLIENT, NUMEROCOMMANDE, MONTANT_TOTAL, DATE_PAIEMENT, IS_CANCELLED) values (19, 15, 'YW5Q6URGK8HO TNKEFHU FGY0DQ4MD2FPDDEDRKPXYCS63VUGE806KVJYNTXFK8U', 4, '1-1-1 0:0:0', 14);

insert into COMMANDE (ID_COMMANDE, ID_CLIENT, NUMEROCOMMANDE, MONTANT_TOTAL, DATE_PAIEMENT, IS_CANCELLED) values (2, 8, 'K862 1SNMGHEM7QPFDA8DF9AFEM5GVTIYKK60S4AX7JYBGQSQL66RI5Q1US DGP3', 18, '1536-11-22 10:37:13', 13);

insert into COMMANDE (ID_COMMANDE, ID_CLIENT, NUMEROCOMMANDE, MONTANT_TOTAL, DATE_PAIEMENT, IS_CANCELLED) values (9, 18, '5RKOW 1MY49EOS2QKMK017RFFE83B7EBCHI0HDKRS8L7I1MB27CI8K1Y3VWRTS3U', 6, '102-4-27 0:26:24', 9);

insert into COMMANDE (ID_COMMANDE, ID_CLIENT, NUMEROCOMMANDE, MONTANT_TOTAL, DATE_PAIEMENT, IS_CANCELLED) values (18, 17, 'MNS61EESC LC2SV6BGGYRKHXF8 QRPMG1IYQ7GYTH0IFYD 5AQ13HUB0RURCI8HW', 10, '528-6-22 4:5:42', 15);

insert into COMMANDE (ID_COMMANDE, ID_CLIENT, NUMEROCOMMANDE, MONTANT_TOTAL, DATE_PAIEMENT, IS_CANCELLED) values (12, 17, 'GKRQ1I81 9QG7 S0SPG9PVEUAARESCS1PM2R IXLI0T39IQJO95D1W866EJBRWCN', 3, '448-8-16 3:4:42', 16);

insert into COMMANDE (ID_COMMANDE, ID_CLIENT, NUMEROCOMMANDE, MONTANT_TOTAL, DATE_PAIEMENT, IS_CANCELLED) values (11, 17, 'JPYYX0DSORGFYO NJNPRLY PEEYX HNNK7LY5IKTWAI4L A81DXDVUI8XNVQDHSY', 15, '817-4-14 6:26:35', 7);

insert into COMMANDE (ID_COMMANDE, ID_CLIENT, NUMEROCOMMANDE, MONTANT_TOTAL, DATE_PAIEMENT, IS_CANCELLED) values (15, 4, 'BQC C57YNO1FSN55N5RNP59JMXGMB1KGA8PQLWJL5A50LRMEQ29ME9DH78W5L3D4', 12, '1594-9-11 11:31:34', 8);

insert into COMMANDE (ID_COMMANDE, ID_CLIENT, NUMEROCOMMANDE, MONTANT_TOTAL, DATE_PAIEMENT, IS_CANCELLED) values (17, 12, 'RVCGDKK NR86J5GYMHPQPBNWCTNCCEA 244YMOWL80QOHF3TJYH3N8KPL89P7F21', 7, '727-4-23 5:32:27', 4);

insert into COMMANDE (ID_COMMANDE, ID_CLIENT, NUMEROCOMMANDE, MONTANT_TOTAL, DATE_PAIEMENT, IS_CANCELLED) values (16, 7, 'BRYIMJUSY8BVOYK0LF49TR7UFCFC4H4DLS1 39B0OYRKVYNOS2DC3CB87A2WILI2', 14, '180-3-7 1:14:24', 0);

insert into COMMANDE (ID_COMMANDE, ID_CLIENT, NUMEROCOMMANDE, MONTANT_TOTAL, DATE_PAIEMENT, IS_CANCELLED) values (4, 18, 'W20UN7B3VA1R5WI CLKUYLICBK HR9H6GMEQO0GHFIVBO5VL4496FIVJB7SUVSYO', 11, '323-12-1 2:13:29', 11);

insert into COMMENTAIRE (ID_COMMENTAIRE, ID_ARTICLE, ID_CLIENT, NOTE, DATE, VISIBLE) values (8, 10, 8, 14, '104-7-20 0:38:31', 6);

insert into COMMENTAIRE (ID_COMMENTAIRE, ID_ARTICLE, ID_CLIENT, NOTE, DATE, VISIBLE) values (14, 12, 18, 19, '1871-6-20 11:14:36', 8);

insert into COMMENTAIRE (ID_COMMENTAIRE, ID_ARTICLE, ID_CLIENT, NOTE, DATE, VISIBLE) values (10, 19, 4, 16, '804-2-22 5:18:20', 14);

insert into COMMENTAIRE (ID_COMMENTAIRE, ID_ARTICLE, ID_CLIENT, NOTE, DATE, VISIBLE) values (19, 19, 11, 15, '1165-3-24 6:44:20', 11);

insert into COMMENTAIRE (ID_COMMENTAIRE, ID_ARTICLE, ID_CLIENT, NOTE, DATE, VISIBLE) values (11, 3, 11, 3, '925-5-28 5:45:30', 7);

insert into COMMENTAIRE (ID_COMMENTAIRE, ID_ARTICLE, ID_CLIENT, NOTE, DATE, VISIBLE) values (3, 5, 12, 2, '622-6-9 3:54:56', 13);

insert into COMMENTAIRE (ID_COMMENTAIRE, ID_ARTICLE, ID_CLIENT, NOTE, DATE, VISIBLE) values (13, 4, 9, 12, '1817-5-17 10:38:50', 9);

insert into COMMENTAIRE (ID_COMMENTAIRE, ID_ARTICLE, ID_CLIENT, NOTE, DATE, VISIBLE) values (0, 12, 5, 6, '1505-9-24 8:50:10', 5);

insert into COMMENTAIRE (ID_COMMENTAIRE, ID_ARTICLE, ID_CLIENT, NOTE, DATE, VISIBLE) values (17, 15, 17, 4, '210-6-19 1:25:5', 17);

insert into COMMENTAIRE (ID_COMMENTAIRE, ID_ARTICLE, ID_CLIENT, NOTE, DATE, VISIBLE) values (6, 5, 9, 10, '1705-12-28 10:14:25', 4);

insert into COMMENTAIRE (ID_COMMENTAIRE, ID_ARTICLE, ID_CLIENT, NOTE, DATE, VISIBLE) values (16, 9, 9, 11, '687-2-7 4:43:41', 12);

insert into COMMENTAIRE (ID_COMMENTAIRE, ID_ARTICLE, ID_CLIENT, NOTE, DATE, VISIBLE) values (4, 1, 15, 13, '340-11-21 2:8:32', 10);

insert into COMMENTAIRE (ID_COMMENTAIRE, ID_ARTICLE, ID_CLIENT, NOTE, DATE, VISIBLE) values (15, 19, 2, 9, '1270-1-26 7:38:58', 18);

insert into COMMENTAIRE (ID_COMMENTAIRE, ID_ARTICLE, ID_CLIENT, NOTE, DATE, VISIBLE) values (7, 4, 14, 7, '457-7-22 2:39:34', 19);

insert into COMMENTAIRE (ID_COMMENTAIRE, ID_ARTICLE, ID_CLIENT, NOTE, DATE, VISIBLE) values (5, 13, 11, 0, '1391-5-8 8:14:1', 16);

insert into COMMENTAIRE (ID_COMMENTAIRE, ID_ARTICLE, ID_CLIENT, NOTE, DATE, VISIBLE) values (1, 6, 0, 8, '515-6-19 3:12:18', 1);

insert into COMMENTAIRE (ID_COMMENTAIRE, ID_ARTICLE, ID_CLIENT, NOTE, DATE, VISIBLE) values (9, 6, 4, 17, '1019-8-6 6:20:10', 3);

insert into COMMENTAIRE (ID_COMMENTAIRE, ID_ARTICLE, ID_CLIENT, NOTE, DATE, VISIBLE) values (18, 19, 1, 18, '1-1-1 0:0:0', 2);

insert into COMMENTAIRE (ID_COMMENTAIRE, ID_ARTICLE, ID_CLIENT, NOTE, DATE, VISIBLE) values (12, 11, 19, 5, '1561-9-8 9:40:19', 15);

insert into COMMENTAIRE (ID_COMMENTAIRE, ID_ARTICLE, ID_CLIENT, NOTE, DATE, VISIBLE) values (2, 17, 8, 1, '1947-4-15 11:49:59', 0);

insert into LISTE_DE_SOUHAITS (ID_ARTICLE, ID_CLIENT) values (15, 11);

insert into LISTE_DE_SOUHAITS (ID_ARTICLE, ID_CLIENT) values (19, 4);

insert into LISTE_DE_SOUHAITS (ID_ARTICLE, ID_CLIENT) values (10, 2);

insert into LISTE_DE_SOUHAITS (ID_ARTICLE, ID_CLIENT) values (9, 16);

insert into LISTE_DE_SOUHAITS (ID_ARTICLE, ID_CLIENT) values (6, 9);

insert into LISTE_DE_SOUHAITS (ID_ARTICLE, ID_CLIENT) values (17, 8);

insert into LISTE_DE_SOUHAITS (ID_ARTICLE, ID_CLIENT) values (1, 19);

insert into LISTE_DE_SOUHAITS (ID_ARTICLE, ID_CLIENT) values (16, 1);

insert into LISTE_DE_SOUHAITS (ID_ARTICLE, ID_CLIENT) values (0, 0);

insert into LISTE_DE_SOUHAITS (ID_ARTICLE, ID_CLIENT) values (14, 5);

insert into LISTE_DE_SOUHAITS (ID_ARTICLE, ID_CLIENT) values (2, 3);

insert into LISTE_DE_SOUHAITS (ID_ARTICLE, ID_CLIENT) values (12, 17);

insert into LISTE_DE_SOUHAITS (ID_ARTICLE, ID_CLIENT) values (5, 12);

insert into LISTE_DE_SOUHAITS (ID_ARTICLE, ID_CLIENT) values (18, 18);

insert into LISTE_DE_SOUHAITS (ID_ARTICLE, ID_CLIENT) values (4, 13);

insert into LISTE_DE_SOUHAITS (ID_ARTICLE, ID_CLIENT) values (11, 15);

insert into LISTE_DE_SOUHAITS (ID_ARTICLE, ID_CLIENT) values (3, 14);

insert into LISTE_DE_SOUHAITS (ID_ARTICLE, ID_CLIENT) values (13, 7);

insert into LISTE_DE_SOUHAITS (ID_ARTICLE, ID_CLIENT) values (8, 10);

insert into LISTE_DE_SOUHAITS (ID_ARTICLE, ID_CLIENT) values (7, 6);

insert into LIENS_CLIENT_ADRESSE (ID_CLIENT, ID_ADRESSE) values (11, 18);

insert into LIENS_CLIENT_ADRESSE (ID_CLIENT, ID_ADRESSE) values (4, 6);

insert into LIENS_CLIENT_ADRESSE (ID_CLIENT, ID_ADRESSE) values (2, 12);

insert into LIENS_CLIENT_ADRESSE (ID_CLIENT, ID_ADRESSE) values (16, 4);

insert into LIENS_CLIENT_ADRESSE (ID_CLIENT, ID_ADRESSE) values (9, 8);

insert into LIENS_CLIENT_ADRESSE (ID_CLIENT, ID_ADRESSE) values (8, 1);

insert into LIENS_CLIENT_ADRESSE (ID_CLIENT, ID_ADRESSE) values (19, 7);

insert into LIENS_CLIENT_ADRESSE (ID_CLIENT, ID_ADRESSE) values (1, 9);

insert into LIENS_CLIENT_ADRESSE (ID_CLIENT, ID_ADRESSE) values (0, 10);

insert into LIENS_CLIENT_ADRESSE (ID_CLIENT, ID_ADRESSE) values (5, 2);

insert into LIENS_CLIENT_ADRESSE (ID_CLIENT, ID_ADRESSE) values (3, 13);

insert into LIENS_CLIENT_ADRESSE (ID_CLIENT, ID_ADRESSE) values (17, 5);

insert into LIENS_CLIENT_ADRESSE (ID_CLIENT, ID_ADRESSE) values (12, 15);

insert into LIENS_CLIENT_ADRESSE (ID_CLIENT, ID_ADRESSE) values (18, 19);

insert into LIENS_CLIENT_ADRESSE (ID_CLIENT, ID_ADRESSE) values (13, 3);

insert into LIENS_CLIENT_ADRESSE (ID_CLIENT, ID_ADRESSE) values (15, 16);

insert into LIENS_CLIENT_ADRESSE (ID_CLIENT, ID_ADRESSE) values (14, 14);

insert into LIENS_CLIENT_ADRESSE (ID_CLIENT, ID_ADRESSE) values (7, 17);

insert into LIENS_CLIENT_ADRESSE (ID_CLIENT, ID_ADRESSE) values (10, 0);

insert into LIENS_CLIENT_ADRESSE (ID_CLIENT, ID_ADRESSE) values (6, 11);

insert into LIENS_COMMANDE_ADRESSE (ID_COMMANDE, ID_ADRESSE, ISFACTURATION) values (7, 18, 5);

insert into LIENS_COMMANDE_ADRESSE (ID_COMMANDE, ID_ADRESSE, ISFACTURATION) values (13, 6, 3);

insert into LIENS_COMMANDE_ADRESSE (ID_COMMANDE, ID_ADRESSE, ISFACTURATION) values (10, 12, 9);

insert into LIENS_COMMANDE_ADRESSE (ID_COMMANDE, ID_ADRESSE, ISFACTURATION) values (14, 4, 14);

insert into LIENS_COMMANDE_ADRESSE (ID_COMMANDE, ID_ADRESSE, ISFACTURATION) values (6, 8, 4);

insert into LIENS_COMMANDE_ADRESSE (ID_COMMANDE, ID_ADRESSE, ISFACTURATION) values (0, 1, 6);

insert into LIENS_COMMANDE_ADRESSE (ID_COMMANDE, ID_ADRESSE, ISFACTURATION) values (8, 7, 10);

insert into LIENS_COMMANDE_ADRESSE (ID_COMMANDE, ID_ADRESSE, ISFACTURATION) values (1, 9, 12);

insert into LIENS_COMMANDE_ADRESSE (ID_COMMANDE, ID_ADRESSE, ISFACTURATION) values (3, 10, 19);

insert into LIENS_COMMANDE_ADRESSE (ID_COMMANDE, ID_ADRESSE, ISFACTURATION) values (5, 2, 2);

insert into LIENS_COMMANDE_ADRESSE (ID_COMMANDE, ID_ADRESSE, ISFACTURATION) values (19, 13, 16);

insert into LIENS_COMMANDE_ADRESSE (ID_COMMANDE, ID_ADRESSE, ISFACTURATION) values (2, 5, 17);

insert into LIENS_COMMANDE_ADRESSE (ID_COMMANDE, ID_ADRESSE, ISFACTURATION) values (9, 15, 7);

insert into LIENS_COMMANDE_ADRESSE (ID_COMMANDE, ID_ADRESSE, ISFACTURATION) values (18, 19, 18);

insert into LIENS_COMMANDE_ADRESSE (ID_COMMANDE, ID_ADRESSE, ISFACTURATION) values (12, 3, 8);

insert into LIENS_COMMANDE_ADRESSE (ID_COMMANDE, ID_ADRESSE, ISFACTURATION) values (11, 16, 11);

insert into LIENS_COMMANDE_ADRESSE (ID_COMMANDE, ID_ADRESSE, ISFACTURATION) values (15, 14, 15);

insert into LIENS_COMMANDE_ADRESSE (ID_COMMANDE, ID_ADRESSE, ISFACTURATION) values (17, 17, 0);

insert into LIENS_COMMANDE_ADRESSE (ID_COMMANDE, ID_ADRESSE, ISFACTURATION) values (16, 0, 13);

insert into LIENS_COMMANDE_ADRESSE (ID_COMMANDE, ID_ADRESSE, ISFACTURATION) values (4, 11, 1);

insert into PANIER (IDPANIER, ID_CLIENT, REFINTERNAUTE) values (13, 11, 'VIOUD0MS81I3RQY1HRT 0PL9VTM6BJ76777E 6F1LVLVVCUBQFKWQ25BWCJMR9G ');

insert into PANIER (IDPANIER, ID_CLIENT, REFINTERNAUTE) values (0, 4, 'L6X 7MWUQT1JACW1H1VQWA6HP270X4B865MA3GWU6LVCHEDXUL5ITXGVACPC3O9M');

insert into PANIER (IDPANIER, ID_CLIENT, REFINTERNAUTE) values (11, 2, '18BL3MYLA891F 1PUA Q38BLHV86UAHX3T4O3RBRF2IXFCF6DM2GSASU1L8J84RY');

insert into PANIER (IDPANIER, ID_CLIENT, REFINTERNAUTE) values (4, 16, '8JEWBDS1RO2V8JN49DBBEXKRNR72O2LH8BL4GOW4HYL70CKE8ORFRU0MWUWW2U4F');

insert into PANIER (IDPANIER, ID_CLIENT, REFINTERNAUTE) values (8, 9, 'SDAPKQTRJ0UV9EKWXSME6E3N8O5OMY3NG7BL4AEPYBS9Y2TIVF8HBTG53C L0N 1');

insert into PANIER (IDPANIER, ID_CLIENT, REFINTERNAUTE) values (3, 8, 'QJK8104RILICHI25JG3D93GFQ5LEB0WL0H5LL72S U8MMNRS83VBJX1UDT9D TKA');

insert into PANIER (IDPANIER, ID_CLIENT, REFINTERNAUTE) values (18, 19, 'MDA8H13M0BF5I8YG9SE30XTR56I9WQE3SSE6UGN57LLFQRE5QBO10E2L1I ED3I4');

insert into PANIER (IDPANIER, ID_CLIENT, REFINTERNAUTE) values (15, 1, 'GSG T7VNYQNDA374VCO4X YKXBPI6N3QSB9IFQ77MSPDJ6BYNW75YK9Y0MQGL U5');

insert into PANIER (IDPANIER, ID_CLIENT, REFINTERNAUTE) values (5, 0, 'DXAD5OF657WE5VCKDLBINYSV6OAKKKDWT2AIFRCAHD7U2KFWM2DGPD6KUKB2QM4Y');

insert into PANIER (IDPANIER, ID_CLIENT, REFINTERNAUTE) values (12, 5, 'MI7C6NGCH0QQOGAUS6VN6RPEAN2N68687B4VOOV7V5PIRFFD97GCKWDOQLTKC7BP');

insert into PANIER (IDPANIER, ID_CLIENT, REFINTERNAUTE) values (16, 3, 'TTANN0EPC2J8G8UIAJ CTBTTAA2N56XFQN3O6JHRFASFDDC910F 7DA7YXG6VI3F');

insert into PANIER (IDPANIER, ID_CLIENT, REFINTERNAUTE) values (1, 17, '1O4JS19AMO77H5BOKLW2F4QAO1T16EJRQ42DD H89DN67LSWVOP NHRJ9C1L7TNJ');

insert into PANIER (IDPANIER, ID_CLIENT, REFINTERNAUTE) values (7, 12, 'SESSAMJMNR6HBKH TSAND4KHGXARFGGX09B 81JG IXS2QR47V9HJG4NW2U QVN2');

insert into PANIER (IDPANIER, ID_CLIENT, REFINTERNAUTE) values (17, 18, '6RVOE27RCNAD0FNIQ1DHHRXL4F29HDL6W6Q19BXOQDQW6WTC RK5Y19XLVL3E09G');

insert into PANIER (IDPANIER, ID_CLIENT, REFINTERNAUTE) values (10, 13, 'R3FXT8Q928YP13MUHSVH41X9OJ4HLND87EMKEXCP51QKDS0CN2K2IDI9NXL2LY6Q');

insert into PANIER (IDPANIER, ID_CLIENT, REFINTERNAUTE) values (2, 15, 'L72SRF45PW1TGHO4SY  3E6NMR0WDBPA7YS04G3TD51BXIWJ4YPW98S3R2LM8 JB');

insert into PANIER (IDPANIER, ID_CLIENT, REFINTERNAUTE) values (19, 14, '9DV2 JVYNH0IT NXT EXSTSF 3PFYW05SGLFDYUT TC9MRIQV4YRUTED7GV PW27');

insert into PANIER (IDPANIER, ID_CLIENT, REFINTERNAUTE) values (6, 7, 'SGE0OU QQDO35ITD9SCN1QER80RI1G9Y6XUBO1V04NR QOFBTPRBCT8GQW6SXYVW');

insert into PANIER (IDPANIER, ID_CLIENT, REFINTERNAUTE) values (14, 10, 'SPQCL8V0CFHF GY1BTI2542BDJ54SHUI9WWO TX5GRXI1WN4EE2OBHN9MMTACXPC');

insert into PANIER (IDPANIER, ID_CLIENT, REFINTERNAUTE) values (9, 6, 'AYGDW0LUE1ATCQF2N03J1GF9X4FPT O0CHL1RT6K2T GTKSHJFCIXHH9LCI6T4N2');

insert into LIGNE_COMMANDE (ID_COMMANDE, ID_ARTICLE, QUANTITECOMMANDE, PRIX, STATUT) values (7, 15, 7, 17, 'H3404DRNGDUTBI2X');

insert into LIGNE_COMMANDE (ID_COMMANDE, ID_ARTICLE, QUANTITECOMMANDE, PRIX, STATUT) values (13, 19, 17, 4, 'WXCM1RRNL6005HN5');

insert into LIGNE_COMMANDE (ID_COMMANDE, ID_ARTICLE, QUANTITECOMMANDE, PRIX, STATUT) values (10, 10, 16, 5, 'P 7HXJ2HETHBG1SC');

insert into LIGNE_COMMANDE (ID_COMMANDE, ID_ARTICLE, QUANTITECOMMANDE, PRIX, STATUT) values (14, 9, 1, 15, '43PKM853BNO3TL3Y');

insert into LIGNE_COMMANDE (ID_COMMANDE, ID_ARTICLE, QUANTITECOMMANDE, PRIX, STATUT) values (6, 6, 8, 18, ' 9B15VSBUFPUGGM5');

insert into LIGNE_COMMANDE (ID_COMMANDE, ID_ARTICLE, QUANTITECOMMANDE, PRIX, STATUT) values (0, 17, 18, 0, 'X6B1QN9L 0FPFDXI');

insert into LIGNE_COMMANDE (ID_COMMANDE, ID_ARTICLE, QUANTITECOMMANDE, PRIX, STATUT) values (8, 1, 14, 7, 'E O93LIHYXL9U99L');

insert into LIGNE_COMMANDE (ID_COMMANDE, ID_ARTICLE, QUANTITECOMMANDE, PRIX, STATUT) values (1, 16, 6, 19, 'VSGHF44HQ3  SQNK');

insert into LIGNE_COMMANDE (ID_COMMANDE, ID_ARTICLE, QUANTITECOMMANDE, PRIX, STATUT) values (3, 0, 4, 1, 'XFNBJOKETBG NS0X');

insert into LIGNE_COMMANDE (ID_COMMANDE, ID_ARTICLE, QUANTITECOMMANDE, PRIX, STATUT) values (5, 14, 11, 2, 'EWJT4HA6M07L3DDX');

insert into LIGNE_COMMANDE (ID_COMMANDE, ID_ARTICLE, QUANTITECOMMANDE, PRIX, STATUT) values (19, 2, 13, 11, 'H6PYNXVGFUQ 84VG');

insert into LIGNE_COMMANDE (ID_COMMANDE, ID_ARTICLE, QUANTITECOMMANDE, PRIX, STATUT) values (2, 12, 3, 14, 'UP7HPE35M73TVSXE');

insert into LIGNE_COMMANDE (ID_COMMANDE, ID_ARTICLE, QUANTITECOMMANDE, PRIX, STATUT) values (9, 5, 12, 10, 'T3LCYV14O2 RF4GI');

insert into LIGNE_COMMANDE (ID_COMMANDE, ID_ARTICLE, QUANTITECOMMANDE, PRIX, STATUT) values (18, 18, 15, 9, 'FP6HFDETIDTC68TU');

insert into LIGNE_COMMANDE (ID_COMMANDE, ID_ARTICLE, QUANTITECOMMANDE, PRIX, STATUT) values (12, 4, 0, 6, 'W2CILOR A8GCCMQ3');

insert into LIGNE_COMMANDE (ID_COMMANDE, ID_ARTICLE, QUANTITECOMMANDE, PRIX, STATUT) values (11, 11, 10, 16, '6C64XNFAJN467PC7');

insert into LIGNE_COMMANDE (ID_COMMANDE, ID_ARTICLE, QUANTITECOMMANDE, PRIX, STATUT) values (15, 3, 5, 3, 'DY0B9P3OTLKWBVKG');

insert into LIGNE_COMMANDE (ID_COMMANDE, ID_ARTICLE, QUANTITECOMMANDE, PRIX, STATUT) values (17, 13, 19, 12, 'P YH83QJ3T2DLI4Y');

insert into LIGNE_COMMANDE (ID_COMMANDE, ID_ARTICLE, QUANTITECOMMANDE, PRIX, STATUT) values (16, 8, 2, 8, '4X0HQ VHPOSYV3FP');

insert into LIGNE_COMMANDE (ID_COMMANDE, ID_ARTICLE, QUANTITECOMMANDE, PRIX, STATUT) values (4, 7, 9, 13, 'O82DBVUWM YT2WPD');

insert into LIENS_PANIER_ARTICLE (IDPANIER, ID_ARTICLE, QUANTITEPANIER) values (13, 15, 15);

insert into LIENS_PANIER_ARTICLE (IDPANIER, ID_ARTICLE, QUANTITEPANIER) values (0, 19, 9);

insert into LIENS_PANIER_ARTICLE (IDPANIER, ID_ARTICLE, QUANTITEPANIER) values (11, 10, 5);

insert into LIENS_PANIER_ARTICLE (IDPANIER, ID_ARTICLE, QUANTITEPANIER) values (4, 9, 13);

insert into LIENS_PANIER_ARTICLE (IDPANIER, ID_ARTICLE, QUANTITEPANIER) values (8, 6, 4);

insert into LIENS_PANIER_ARTICLE (IDPANIER, ID_ARTICLE, QUANTITEPANIER) values (3, 17, 18);

insert into LIENS_PANIER_ARTICLE (IDPANIER, ID_ARTICLE, QUANTITEPANIER) values (18, 1, 7);

insert into LIENS_PANIER_ARTICLE (IDPANIER, ID_ARTICLE, QUANTITEPANIER) values (15, 16, 3);

insert into LIENS_PANIER_ARTICLE (IDPANIER, ID_ARTICLE, QUANTITEPANIER) values (5, 0, 14);

insert into LIENS_PANIER_ARTICLE (IDPANIER, ID_ARTICLE, QUANTITEPANIER) values (12, 14, 10);

insert into LIENS_PANIER_ARTICLE (IDPANIER, ID_ARTICLE, QUANTITEPANIER) values (16, 2, 0);

insert into LIENS_PANIER_ARTICLE (IDPANIER, ID_ARTICLE, QUANTITEPANIER) values (1, 12, 11);

insert into LIENS_PANIER_ARTICLE (IDPANIER, ID_ARTICLE, QUANTITEPANIER) values (7, 5, 6);

insert into LIENS_PANIER_ARTICLE (IDPANIER, ID_ARTICLE, QUANTITEPANIER) values (17, 18, 8);

insert into LIENS_PANIER_ARTICLE (IDPANIER, ID_ARTICLE, QUANTITEPANIER) values (10, 4, 2);

insert into LIENS_PANIER_ARTICLE (IDPANIER, ID_ARTICLE, QUANTITEPANIER) values (2, 11, 19);

insert into LIENS_PANIER_ARTICLE (IDPANIER, ID_ARTICLE, QUANTITEPANIER) values (19, 3, 1);

insert into LIENS_PANIER_ARTICLE (IDPANIER, ID_ARTICLE, QUANTITEPANIER) values (6, 13, 16);

insert into LIENS_PANIER_ARTICLE (IDPANIER, ID_ARTICLE, QUANTITEPANIER) values (14, 8, 12);

insert into LIENS_PANIER_ARTICLE (IDPANIER, ID_ARTICLE, QUANTITEPANIER) values (9, 7, 17);
