use bamdb;

insert into ARTICLE (ID_ARTICLE, LIBELLE, REFARTICLE, PRIX, QUANTITESTOCK, VISIBLE) values (3, 'TI9E97VEJ601U3XEC6OEKT8ILJVHOKF4J6MT8TI0JF06IRGLUEMHAVGM4UI4IRGQEUQVOXT6SSLGVT8VYEITDXF9SWHUU DH6D71EFAQ62QBWQ6MQ4VY55UK716QRHUO', 'JAT2BR4GTGG5I26V0D6YY96H5YXMQ L2ASV4CANQOG5775WBK67AP3CTNGQM10A5', 10, 16, 13);

insert into ARTICLE (ID_ARTICLE, LIBELLE, REFARTICLE, PRIX, QUANTITESTOCK, VISIBLE) values (2, 'COI3CRU9528HNFNY0G5U6ASKPJW4DYYC0Q12KXR4VMVYFEFV6EPO4LS19STO2N5CWJ4BCGRH3KB0LPP1BYSXRTPGH42BADB9F1XG1EV9BT38PV1075KC39V7NYO9PFRI', '5VBFJULVI P7QRX0MHIAX499X8SCGT6XUM64KLWB22G9 IO28F29XO0QKS KYRFE', 9, 0, 2);

insert into ARTICLE (ID_ARTICLE, LIBELLE, REFARTICLE, PRIX, QUANTITESTOCK, VISIBLE) values (17, 'PCMD8AP6MBOFJ F0703 9U0DPRJY3P59EH78MA3QR HQXO96DNE5KV7T80I5FJKGXLLJ40F77VQKX3CAG7AGF908I6BYTWKVATN0PNEM XOLPXW1RTMSGHD2EULOI70 ', 'R7CQB4WESNOTYLYA53RU4O4VUL0ANTG8XOPXTNB4RRLIVNXBOMDV5LJ4M7JWTD8 ', 11, 1, 17);

insert into ARTICLE (ID_ARTICLE, LIBELLE, REFARTICLE, PRIX, QUANTITESTOCK, VISIBLE) values (12, '8A4NKW6VT8DTMDISCN2AFHMKIJWVYE8328MS2 9J5WTG568QVY7E9SHP0VNIP2 BTWQ0OOM1  X10MGVPYLV0D4ASG9PJ6CH5IW619NJ1PIE H1XSXLPWV4WD0YXBCV8', '19YR8VADPGAC2W9KW8NJQCMPH62YUF2YG5SKX0CR TRJ13Y8F44ATH3OO44DCIN8', 13, 17, 6);

insert into ARTICLE (ID_ARTICLE, LIBELLE, REFARTICLE, PRIX, QUANTITESTOCK, VISIBLE) values (11, 'DDIF0L10N6BL057FT7J6CCFV 5XW3NI1GTT7H108VMW19GLQ24OVUEEDFN8N3QM21707NH4OCBVD0TAXH15M48TA69WHMSXAEX5FQBCOEHMJP5PUPCYK2IVCGRR 9GMJ', '5KQVDTGOOXWNFHE9NKCTH04S0O0B1M5NTR9L7MYBI0JH3WHFJSP6XH8M2H08UD2W', 5, 11, 3);

insert into ARTICLE (ID_ARTICLE, LIBELLE, REFARTICLE, PRIX, QUANTITESTOCK, VISIBLE) values (18, 'HEA56J2C0GIQWXQ70I24MH601YNYO08AW2AWKL3IUJSHE4NEA0B  UOJDQALO6SXWFXKOJNU64LK2A3O6AH4GXT MX8A8AMJEY 7DV9SYL00 G61VW8TKIE5IG1RI4I1', 'S1RUA9MMR5E4 OF9Q5JMJ1FI 8BVRUCC QG2I2MCIM3Y7OV3K 3RV92NNOY81ND8', 7, 4, 12);

insert into ARTICLE (ID_ARTICLE, LIBELLE, REFARTICLE, PRIX, QUANTITESTOCK, VISIBLE) values (4, ' 808PQ1JSD06E8D9AE4KWYMNJA40T1O2TTKDXPB3YXFPNQLX EM8A54WRET8LYQ4UB2IDW 8DR3IBL5D6I5VNHX1XRB2H9MELDUYL17JLDOQ00PPPDYW2XG0GFT96WTY', '37J 2XJ1FN5M2BU YMGEMBXWKJ N10VKCU4K6AB SH020IUUIIOONX6 UM7M9K02', 16, 7, 9);

insert into ARTICLE (ID_ARTICLE, LIBELLE, REFARTICLE, PRIX, QUANTITESTOCK, VISIBLE) values (16, '8O569BOBVBSVNOEU3P9 VWKJEHB OD3KMV507FFO36WP8VRIJ641EFH6H TK1NPU9RVJFOVKSKF7VBP5VKMBA1V6245QHA93B1A43VXM75OPWDK0KNMA8TTM603FFESI', 'Q173B3DAMG0ILPPBK2Q1Y9FEBQI3DLCBU9M40UISJVFGMWPV RG5P3ODGQI58TVM', 4, 9, 19);

insert into ARTICLE (ID_ARTICLE, LIBELLE, REFARTICLE, PRIX, QUANTITESTOCK, VISIBLE) values (7, 'MJ9EHBSC5KWSTU35S8YS4BQDIUAUEIR0N3LB2V6 5K6D83EDB5CV QI1EUCJ4T0AIJW3GY4IDUKKW229N9GV1NG3VBQAF RT0RU6GG5SO80TT417VIRGNA8OJHV6D5QW', 'X 9I2JW6V4EO NIOE3M 8PAYDHW8SJY4WQSBDQ6UIK08Q08R0LUT X4 VX418LDP', 15, 18, 1);

insert into ARTICLE (ID_ARTICLE, LIBELLE, REFARTICLE, PRIX, QUANTITESTOCK, VISIBLE) values (14, 'LPUD U4DHGBV0AODRTRHADWTRP0K43XKCADQ44CO0FAPS1ROQ4S6O408GAE3 2VN0IOL3RHS YJLJDGVWG41KDFH9O3OGUFR1D KCVPPWYO3UVDG TWS EHWH76I6SUB', 'C2T YHB24O6G3ICXQTQ6N2E1C NJTAB1FIV71FRRYVT0GCQQ4CRWY1OJXNS00KEK', 19, 2, 15);

insert into ARTICLE (ID_ARTICLE, LIBELLE, REFARTICLE, PRIX, QUANTITESTOCK, VISIBLE) values (10, 'HYFJF G3TC32EMGPEA6H22VL0DJ3YOVG1A0P07PHK39M374O6Y F3QQFHN 6RYL55HOJ08Q4I7D7YU671X68HBK24I9TOJH5SQ9QF6A3RNOF55T CDISW8C UJ1C UGY', '4PEV0QCSXOPRC3OIETB2W81MCWS0FTMKVBQBE09MLKJWG YEEVO2KLV90SSDV D0', 3, 6, 10);

insert into ARTICLE (ID_ARTICLE, LIBELLE, REFARTICLE, PRIX, QUANTITESTOCK, VISIBLE) values (5, 'M2KAOB5E DRM85LJ98X9WS6Y7K BM65250Y6XB08C7S4DOVGOGNJPSUN4FURM0LEUTHI5CVOWFO0JKLVG4FL34DMU119AKV11V7AMTR1 BV68O6N8LBLYFWKH7HD3K5S', ' 8ILKJLKGM2TA7MPCL42B0VMD2P 4D42NCJYX7D0VSM1918Y36QU106J6G6MBBB7', 17, 5, 18);

insert into ARTICLE (ID_ARTICLE, LIBELLE, REFARTICLE, PRIX, QUANTITESTOCK, VISIBLE) values (13, 'OK6SRP1EL5OV0JHF9CAX9Y1YVQXYP805BEAJ7HHLCAELN4TOIS5A6FS3HH460BFI8TAFN6BCJ2641YTLIHON25K GCOGY3QYCBYJ0B504W1H83L7KWJADX4GI72GOESC', '7HU9D0 VQ802I4MAINBQQ3R451R7ILPF2WJBWU8WLHXH65TDXAGSYK0DFS1YVK5L', 0, 12, 7);

insert into ARTICLE (ID_ARTICLE, LIBELLE, REFARTICLE, PRIX, QUANTITESTOCK, VISIBLE) values (19, 'T0XV UB4VWFA6VU01N9TIFMM EVXUUYCW8RPFU53PR4LIW3LVJAGB2GXUVLJYJDB3I4QNJ0MUMRYVDHJEW6IWJHD L6Q2WPCGYXPN3NSEJL1GY6IYWPUTAOEB57VEGV0', 'S4FL YPUN5KMTUGV0GDK PYC3G68EP33WTVE51OAHSNP4D8UOSBGXG10K4AVU X ', 1, 19, 0);

insert into ARTICLE (ID_ARTICLE, LIBELLE, REFARTICLE, PRIX, QUANTITESTOCK, VISIBLE) values (1, 'ORUNM76E3JNTMVTVMQMMVAD6E28JF46L43KUW562AQYJUVFU0MHBX1BSFYQNPFD5R9MV NJ827FQS7EEISSM3KN BG2CYFJKAGHNH0O143V8AOL93I KLFYDK8H24O9G', 'MN383AQKAXR5WGA9D J30B24WSF05VI0SC8WNGYS04DQ5B4RBR3HPAA5TMK0DD1S', 2, 14, 14);

insert into ARTICLE (ID_ARTICLE, LIBELLE, REFARTICLE, PRIX, QUANTITESTOCK, VISIBLE) values (9, '0 J993BHSL03AO90E4DFTQ69C 6L69GAW60698NB4XGQX00XQY7RA3OTJD6XEVH9LF43KB80RAQRH3X41DKGQP9YN8JD4M2CE2Y0IR1X00B5EVFGYSJLY74CRB3GU8EB', 'XLEGSRSW51XI3RPUCV0SIUDFOPJJQ05P66HBO23IXAPQ 2BSX36J84D I84LOWWU', 14, 15, 8);

insert into ARTICLE (ID_ARTICLE, LIBELLE, REFARTICLE, PRIX, QUANTITESTOCK, VISIBLE) values (8, '7JH7IJH5XCI3ASFMRM2N1TSIRFO39X1PNBM745CI2NK4VV51DDY92CBP3G D6G V U6V3LTPRAO 3MAXCI0FF03YU8LRM4JX4NUADEJ5 NWR 3YA KWEKOW2UP2YQQKR', 'CWE4MN357KX2A3PK97GJPOQO0D CQMO6XKWR2EH1GKRBO71122KT0ND6JCPCLADD', 6, 10, 11);

insert into ARTICLE (ID_ARTICLE, LIBELLE, REFARTICLE, PRIX, QUANTITESTOCK, VISIBLE) values (15, 'N99W OG1B55SSVKX435Q4N0OITSXRM80RAXC501E09DPV23ECP98WU 5XI4X7Q47BBAM7K401HADRDS0U0N0UMVOVS9IOG9IX0OXQ0WDWBN16WEYINJF1Y47PQEJWP0 ', '11OHOOC7W07OXBUSVK3RAOIW2FSD5L8YH7BQ6G5FDQ7LYT37SLN0Y V08WLIDPX6', 12, 8, 16);

insert into ARTICLE (ID_ARTICLE, LIBELLE, REFARTICLE, PRIX, QUANTITESTOCK, VISIBLE) values (6, 'Q CTDI0WWB 4XF 4UC66RAKFHEJ2V 9FK F2YVIOV2UE16461RN6FNFW UMILB6E P SIBULE7LVNWOLXO NLKEWJ9KKD7FA5YYC6NWCOCLW3X1O W1402IH6Q35JR18', 'P0BCJ4SCAHLRVO6FJ3MFH9JIE2F4HEH2TD1CUQJBU346XFSEL0D9JR05HAIVRWFI', 8, 3, 5);

insert into FICHE (ID_FICHE, ID_ARTICLE, NOM, REFFICHE, DESCRIPTION, IMAGE, IS_PUBLISHED) values (4, 5, 'EEWMRN8347GJE3BA4LV7H62Q8Y4FEIEQJN8H4N93DXVEH613 QIC7GH9 WEYLVJG', 'H0PNUDKU0P073ELBY0NGGM348 D3MNXP', 'N5AXIH8DUW15JVXCKWAEHJGTLT2D3Y5TK7WTWYB46BFVKJNYRYLAV28XMMIYD6A22OYIM3CXTHFY218UB4UJJNJFJN0QEKV EYG9BAL5SI3CK 6RDBH14CCMQWKP9 NOJIAHQDR0VGI6SEG5NIWWKT2K8H879SO11SA0WPXFFEKXN0CCMPEIW6I3SIUTVWKQ5B8UV7M5HI4B3XMCBW4LA5VUQ68FOR67TMQBXCQPRYXEDWD1I5722WR83M18GCWPKAC1I3LELWLGS560KJM7R66FK2WN24G8MVHX6XWBYMP3UFYPJ6BJ1ALFGSBEN60KV1K4PXTAKCQ57139481WP0U R1PIF039TGU3XNUYPD0TNUCNOVKCQP3L55E9QRPQOSGJY7YSC2UH55UN7AHA772MXFL752729RIJX8H 5QDUUW7REPCCHYS509G7D1D726 C9V7HDSQY HFALGLGYUP122 E8EEUARRJGT84 NV11UUCQSKV8DPYBA57SDUGPDNY6B6EKQQNJI9RH2H21H0CQCTA5OQASTCSA5 NEL3NAHW74MJTCRCGVSQNNMGFO1HFQK10CON54AC5MVS757R8 3JJT0UN4VJLNE4C1K1I61MRK97KPGRIYVUI762KLCY8D0GDNTTGLB5197NIEL9TDO3DO1SL5C2NC9LI21CXS9RRK8XYR9IJE5P75Y0VKX3D6ML0VV069KNI4UO3GO9RXYXFQW6D8568NYTW7 1POGIM3LJECJLFHR OOB5S70DCNT3YY2KCXMB6F20LF32789YWF74N7OM2A6NRLVO5 CK4NVGPV3KL08VBI5SAM8T4TL4PB5BI E44YN83 VGTBGMGO57PGVOEL4JXWPC2867N74KB88GX9Q23TTTTFRX76DCCVCKR8HIXWXJ89KPRPWWB BJ7V53 9GEMCYLRJR4 8V71USSU2URGC9LCQ9OLQ3XB2D3M VHO0OI4WBMMHG64AUOEQE32LFLOJKI2GAIJR6A9K3L8PNMAATWC', '7F XLW2FFWFSGAG8 GKITJW8K5KAJSJ15NFHNHVW 9OJL64CIQIJEIC7ECOH7E1KQ2W0I5FXDX205YEGCAWIMB0HHL9KFMMT V6HN TMDNHUF M0DTX  RN1YO3C33SNK7X4KKFXH9N Y3E92 PU38EPNGYUAWEQVCPF 25KTMAMAPT7NKB8QMU40TGF5PPGVI17S5805M 97PDOXBNMUCWM5M5Q2PF070AKXYBJY67OOLY8C2KOJEYDUUFOJNNE', 15);

insert into FICHE (ID_FICHE, ID_ARTICLE, NOM, REFFICHE, DESCRIPTION, IMAGE, IS_PUBLISHED) values (14, 7, '57V Q5HX OK0DHXR1459HAB0MLKL9M3F904H0YG3U4 CH6U25AIVVDVBAL0DD43V', 'KCDSEMIIA21IX24YBE1RSV28AXA2LI7B', '6WLR17IPTH9531HYK6AE1MHM6FF30ERY 2FDDO3AP2M83L428K6VSXFI SV1BD4RTBPR3O81KDUXV0IU88H6CL1DVQ3V62C3Y2E5UG8BHF140W6YN3Q7FOAJ7C6NOC42BPG1FXSB6A7 6B1YA392XSL12O3O6JKKHSP5SF  23A 9YE2I9C5V4RR5WQJ2K78QRVL1XC25Y3WBY CGM76FBYAU5V5 W K 5MMGTQ242FPH1 OT6X3 LT14M8OPH9QQKHWG3IBCMWP4FVN 1H50PD8QHDI3TQS9MWBMADVTU2IQWNN0BSV7W1SY1UF8YLHEV90PEHL8 D XROWL6O3B1MISJ1FEFDGP1SGK1C5UC89KTOC3SUWDEFXWBASXC20CTPDAAWXPAVRLGTQIBYMHV1CKOT2EB1A6V1S1TI6D4H83JPKK2H YVIUR0R5GJ17O1T 8QXU686NDHB7I9WV6CCB3Q440O9H11XKCRBQ23X9VA1OE7KJRODFV9WG1YCL1Q4D148DM3MM6FMWT9OGHYVMY2XSQ47S5X5J6LN33R3M0WBI2SGE8MI3 NX4DHB3HJMHRFY0FL0BA8PX55XG3SDV6JMQHSFDUH0XVIX154142KTELT1 91XQGAK4OGS7ONSUV4STJXOQKG1VQ7PK4G49BH74QB1 138I672UEMD34286GUP47P8R1RXUMS6VPQMFF4UBCUFHB3LTC8QT8 YEFS2OGTMT1O3HDVH9I93CROS6MXC600E217S9GV9J6YORXWTISKKKDMUC7H1WJ 3G1R6J2YAKRNBN681LNHU62689LKA10Q 1979RVLE77YWTDDTXATWK23RK0SCWQIC27BYEKUMHIY67WG6MIBMDMRQQCUF357 L0V3A1BFBEWT2B0KLSURI80T12FPGW40FHQDGD4QA7 EXB8TL9808I81HD966S8 43SFAPXQTWHFKRR72PDY07DYV26SOQXV4XXTEGX655O91NTCAK63MAUESNWDOU60JR3 P2T57', '84QSNAG7B8CWRBUB3LTG18RBHFPH8QTCU8ML9D5S0RRAPER0YT27SXI68D8KYSWGQQ2V8 A ETLGXXS9DMUHB SGRQ4QQ36 501T7G44LE0BYFFSGWO4EIKFHII NID20HHW0MDEBM10J0M3YNWAU587HVCO1ELMYO8XKX4SYKK0IDPGBUSDQ0MKFVHDBOD9620W07W0IDH2XNDXLIJ18SW6PPR 3TNGM7G6L KKP7H7YJRCJP9APPQGCJUO5QSF', 9);

insert into FICHE (ID_FICHE, ID_ARTICLE, NOM, REFFICHE, DESCRIPTION, IMAGE, IS_PUBLISHED) values (2, 8, 'O28GLK7THUGNBW KWPCD1WUDXN0Q1B QSFBQ9U435J9EKV0MKY66TJD0 CSBHOLO', 'INCL9484NEMSW0QTT9VA80M6D TTV992', 'AV8Q72CCYMT3TOOM8BP6CG6C289D9W3S9FIAPTO0MNFS1DHJOAEGOTK8VCYXTW FOP8MOV7YYB5BDYYFCO22ETQQYH53R52GU5EXRI7I2M2KD1J1FG5V7IP4PP0X6I4YO6XPQMEWNO8QQP8UMJ1 0JTF52FQED7TS9NOJKV23KL9CMA4EY TT2XK1QC3ULVQFWBYC94RGGYW7YIYSO71UQ84PTIY4M24GOKTC51GDH1OJEY5KTSMETCI7JNE0G48H4XW18 I9VJWN68C3EQU0 8X63CYELS2QUV2X0OY3U04139YFKX7CJEBYQ49D17E0GQJTI7PJOV8DFD49H8J7BMHKQDE6EXUXMSPKB4CXMJEF0EVYABXJM6XNEFM6QXQM28B8JEC719066FVJ8TQIBOYH3IIXOL7XH4E1SCW0A7SRV3QOIAMEU7P16SW4EP6DMG9A8Q NRHRGGDONF4JM360X29XLKEC4B4HKKPD2U25OYMVI9QOSJIKF5V0DEB7XBWWI2VMT0VJ SM5VCAKN6FSHYIVMOF BJHNYF528QOR60M5 20 4ILXNXVFNN5RDSJ5WYYT5J8X457BVTY 9N5X6MO  6ABW1J5HI2R7Y4FWADV3 1VA4KNYLH16K1BC8WK EOKKKWYP2KTX37CK3PLKGSG3O23RAYQVIDP5  HXLLWBK69O6W56SWBOYCTW9Y4SA5EGUO71JOQS OT8KTGP96  CBH761MFOGOQT9OS5HLMUAG5 MDMLT5A9VRQ39BS43CSLVP 30MOSI ENTL4GVQ1R7754JLXN9Y4WLDLPRQIDRD5DBN1LE0SC03VDR52TLXYJB1TQJLB9C PFGQVT9F94AIX1PWLO5C19 CYJNPY6HDKO WSXBSBMKA A 32TD5VWB8F Q9YRAFBG0 JRB620O2DC988E23LB1WWFVBGSTBRP5KM6TYNXWA5GY5V3JL0EPV4TKNB0YGTTA043FQFLY4WXHW22EYI2SV1LOW09MLMRUIUGKFXOWK', 'UN5DQ6GSVA8QXBGCIHYBMI3L LCVDYH71 HD1BCQ1TA8COEAL IQOGFI04RBUIWK4VVB8GAAU34KV WEHCQ9OCK1EEI SYM3KYKO85U2MD2VA2RMHQD2LJQNRQX7LEM5LWQ61I IC1FKK85POE1HJWLOFG8JTH8U2HGVV51UNDEEUEM6PJ87SU78DYKT5B84FFP039Q1TT1CD06DWFG4T9067MX6FMUNVJE79J9USRBOM06B8D G7MU65WB2OMNX', 5);

insert into FICHE (ID_FICHE, ID_ARTICLE, NOM, REFFICHE, DESCRIPTION, IMAGE, IS_PUBLISHED) values (1, 8, 'N5HGWB1QMWHG1UYB MK39JX PHF1686A CN0L 6BGN7WR19KRBW4HOHQVRY6OHDT', 'GUYAWRC5YB60EC8OB0 0DO0AQTFIEB64', ' 34T 2R88AQ PRHFNCIOE2KY77L8SH7CC94LXD39X0UJFTQC24B1KQN4ACRMVRU2MTJ3EP8M0AA5KUILPIK7PAMHUX7D5T2027FK1GIQJ47QODBXNFQ1HVJC8 1IQJMANUOHNGLS9MNFHJ2TOU7NU2RQJM8BW9LSX75L62KPJVIQU 3J8QAGR12JGYOG5XJ66TJYR9 8E0MDSV55C445HGQDD54S1XEWA6JWMEPWJ8RCIXBHS2UOAJAMADAGD9I6UWN07J2 CPK0CD75XMEAR1TIWUSX0GL11JC845SLROKWS QLTYRJH7P0IT3X2HTAQR O2A0LIE8XG18Y55P8BVTU5LNGRYQGH7UTYH9LV7Y77EH8BFXG7CDKFFSSHYBYHK2ETWG1UD 6 DO59 3LAJ1HOPPIR3XUJKRFV5051AIKVWD8Q2Q9UTTPUSJGBKD46YW6HDLWRBMB7EJS0YAGB374J2DSY0TFJKC96AF2YVBRDSKW3W2CBW2C1 2WQOTAF5YJL4266GGE L9HMABGL5NV90KHTAFWCLD4MNHLQIW4STT4VG9K0FNVTNJJH60DDS9G641EJJB N0UATTWQOR5EXEQA94EIBM38GEII43BFO8C72S7ATQM7IUOARHTVL1AFPS5KRSH414QUUT3WSH V2LTCS4TWB07BG8H396614TT 4FBE4NIPV8LK9GIR8J3G93J98XSDGYW7G3J1IEWWQGADBFADPO1NWDR4UPJPQSJU2EF9THBB7W2D6H0GVI40AHXGX6KSR1T VXET038NHA1IBNWKD2BXJHAU04XRKY6JDAXPA1LECE829GMYMKF3UWFP8AMY9CG8T49BYMRSC0JHQY8QN39GNSF3GHG07JYH03O6GNEVKWTLOR7Q4WH8GRP03H8VTEAKJYA6GJPHVXQG2 EKE5NX0 54C7NRQBLHIE3HP685O YF493PG59D42YWXH95P7B1S72I5 XB4X147T B 6QMV8SOC9LTPJBVT710WW54YQEGTD5D', '7MBA 77T6O6Y4VFXCQ4ROX1N79J421L8VI5E50HB71F0NM5UJT0R7Q7VW7ECX65K04I P8IGTDQX4TXIR3OIS2HTI8I0PV3SEBXQTQ32L6R5JIR5MX5FOHB9XXHN1FMIH3ULSUDWP3 C6C3PES9196NROVS2RQE2CEJW1F D3OVGEFQ0 7TC1QQP PSDR7EOQ8A57XWQ9KRQOGXK NHGQCA6Q1SY7S482M772AK EHVPRMASLPUV6RF3FL GBXCJ', 17);

insert into FICHE (ID_FICHE, ID_ARTICLE, NOM, REFFICHE, DESCRIPTION, IMAGE, IS_PUBLISHED) values (12, 5, '54N1LE68SKF1VAT21OHLTADI0Y97OH9C7OAJBL1LGGYLOWUAODJ3Q7AD9X5X3VAQ', '4 FHVXVURF1FXSU3F712U2YQ72CGALCE', '9JC1D8RFOI0TTBYAR7RX7GOINCDNN53NAK990AB1N6UH8 VHF2VMGNO68SA5HYPONON887C3QBAFFO7D8PYL81QNH18PC2BSM9I3OA40XXGKWWGOC1HP9QU8S7CEBEM36RQE6FCY03E2ETJWG0T2ECDY6CJIQ9RHWN6WO 3UDY1DS2SA0M83P05OEMQN0L8L1GKLAVWH L692SXX4XYHDFE0S5PPST WGOKU9JNCL8LPFP3NGX17PSPEE55USWDMSWO90 PQJ2X281T2HPII8U31VSOHXD5R6QEQ6OQRUAQWYL2L6F8WMV UKCTEB9F5JS1FFOV947G29M7E9626NO7MH4XK63SBERXTPKPVQ2HQX  G36QICL1V8DD9U07MXA7L0F41N83AX1KIQMT7SI2X4HD2XM18Y4XSLWHYH2FIFNJ2RRVXASEW5S1U2121113QT6JLIXMBNAUHLTCMAEGMWQGQ51GQASMY5WHSQ8N10UXS55KICR3TNQI36RUTI8ABBCU0OGE76VJW33R38XMVB83OB06K66S049MMO2PNTCWGPY55WDO0IRYGV1W FIREKX6RKL8HVTLV 6RRC5C9GURNDOSW16O7S6AAYKM4DDODH6J7UV5F212UE92XF2 E2C6V3JE8KNI HFE6QNY0UWDSRNDGP70AVCF0S50RSQYFWD3KK52F241OEAPNMJ0EUK0WN1R KC8ABKCI0I6RKADTG3IHJ63JPYELUVXEMN X KPJYHGXU4KW5JNML4ATE CU7BLTQF8FRYPDDADM3BPVWMCNFIMN0P4A95WCYWGP7BQ2FPUB6NTXAW8SGHVORMC964RAEWIGIC4VF289KVTM1EF6P5VW2S1WR 1DDQM4KN2GU6AIETIQ2QCNVQ8HHVN4HMIGDAHYU0PNBE4VHAMBD0VT9HL0NX1OGVVS X6 J42MNOAW97TQ5XA3VLE8IOF0IMPV K61GS3TPER1VGLLSN9QEF181AIE3RHFBPDO3RMXOJWE3YFTSVXN', 'EOD4J RYD2D6FOVQQYGCD6P683HUINC1FGOCO0R7O2A7QV5BX OWGE0V099CCGR2J32IRX53H9L7R0X8EHTUSPOF8VAFLFOPRR8K5TYSLG6SVFIY 34STYGW2RBX46JRSOWSE8O6IFTWI KP8IPL5JH3AQ4WYT8WY0LN7C30C35QA25I9ILELBBMDPCOB00I91UYGTIQWAST KQ7XVQO3PWTFJHWIXKUC31T5UKNLY8VJ08CQCY4QQMV87 I4A0U', 14);

insert into FICHE (ID_FICHE, ID_ARTICLE, NOM, REFFICHE, DESCRIPTION, IMAGE, IS_PUBLISHED) values (5, 11, 'S58P988CW4LFNR0G957HURE4EGEEYQBMAT216DL5AF1TE9FLVPHYYV9CXFL GRNE', 'X2X 0M779FHJ7H8EDENYJULECFRDTLMO', '58TDEICW9ANK2A1ALXEYQLGYCONMTWQN1EYBYLDCS5GLHVW R437CKNEPMJHNGL9RAJY6CIC2D55 G1R09A80208WT94CWTSJBMIP12B80T32N AH8EVJ4KSCCUL 25DBX2GCKNEX4IMIKN2X1U8QEP239B8VBOVQLRJ1AGJLT575UCERNVRN07YVPINFKX YTDUX5WI88KL0MTB32P3HOA30U9OBAU4 5MO9KYUKKIRAN8OMDE9LKKUJT9I9DSIA5 NGKWSX M2A522QN0GGF2G5W3M6EG75FYN3LHGBPH2KWBXH0E8QK7U6B9O4D2YFKWUWPTPE1INP5BEKKDE9RTSLB6QDT4DMA2OTIG6H83XKSVIDJO1 D5T2871AWLRY9LXT2CALNJC353YV4XJ19T9VFI7D7WB86MK62S9BNYNE3K9RJOKQTX70891DVRW0U4W8LK3XKHRR4ARD2B1GYVJ22IP5ND9D1YHIEUJEV30L4NIN176V6KWAE5MOODU6JX8NQ74C0PXJLGFAQMHNG9RON3G4SPXV8R8IAL7 F4DAKV4JKPRRBMARB27T7SJL 1Y2EEW9O0FRLI1CWJ09SQKRYQ39SFI4PB1HVE3PA1H0QEEC71MCI3AN4OP2UUGVC I11SGKUP99MX7TV48FLM3XEDT19NQXVDN6U6GQXFPUDY7NFKP NKASE6K4GWJ3APYJNKCQ7L1CNP EE19RWO05TFBEC0TQN5AWFC3RCETFPTVDC5CL017H99Q5FS9W RR5NCJN00SW9B DTFPH96H0IURSOJFCGGQDBS9YYG3RJN70G7EJF1EJB4MVNVME44WT BLR Q37EO9GWVP5SX5KF1U5EVU46I7VPYPYTPEH4PLKTL9Q7LT8NF6IJ 06TAV335J0B4 3MBGUXJWY175CU0Q 53RY92G6AQR0CP1O8OVI OSK6ATDVETRXHGDSAP0X VRS 1XW7MCP0CJ3S5FM5471TD6NDQK9J5PKIRV2SBUYDCXO3C92PHT77E', 'KFFJH5BSK1V00BXCST1QRT8Q8N9NRDTAUEASR 9 JJ0IP1IAV3MTL1W4GVIU9XWPTFNIH69UWFU0Y736H59VTY8IPXWUMAJFRWLUA MSSSIFDF6POUFT3L78CTJNYBIJM90CYB0YWO1WNRPCA5HQCM8BFODMJCVY YQQHJICK8CXMW DN3Q1L72LOMABVB6B3JI2YKONWJ98D0RVWNDF1 YQGS3OIND3UJ ONTEFKTJU1R5ORWHU06I5REGT8BSI', 10);

insert into FICHE (ID_FICHE, ID_ARTICLE, NOM, REFFICHE, DESCRIPTION, IMAGE, IS_PUBLISHED) values (3, 5, 'PW8EWQEKE9U7PAJIETCW YUFXSBBY4YBNP5TGIASOJIDHB9TABL110HI6E A ICA', 'X6GV79609 M507EP15AEFAEYALT6EB9F', 'L5LU1YGN MMAJRRC5IHQ0IYAB5E69P4DNO7RSB97AXOX6GSU1A0S7JKROWJMEBHTYM8C93RE3IUA770Q 5I42CI83A8L5BL0RCRS3NBNEE9B6MWQ31HJA1R YEL4OK641BPM4TK4 P 5SRDC4X95S8P3ACKJAHC0D0VLA MR8IV8XBSUHR6EL16EV71GFWMC X QP2 C5XTCMFVAALDYV6CK 6TQOBYJTMPDMIKDF6JI1TQJ8GYS UVYPGLISOOWENL5H9O4FFP0JQY5PGX5FSQRP6YAPHJD L3XVW2O6XUFLWGLRP7KVAC AOFSISPRE3JVIEUXBXFNVNK14BLU34LDH6FYD4PN7T8FADJI5PUT5S4E3IT34NOGX185RMIEKGBD9V4UOMBCFP8HRGHN1R9JWJ4W5VI4CQVONLW4J03YS9HSQF485TDPD37291GR1EXOSOND A7NJWVMDO7PWSIV 3JRYTK0S8BX7TJB0TNO4LS3MI1CV3HO  1G7GECF3U9L84I53DM2S 169WMTQLKA8LS8NY0ER9VRODBPL496IP5AAYCN9IRIBXQCQO2U644PHOULUNSBBJTX08JEQB8VRPL HBCI8 RKFTYCCJKKAH9PTPJDPIT95JVT94FVU9RMV C7PC841 IV691UA 292VEMYPQ018DDQRG2IGTDPVBCMOVF60B142ADX3DOR75DE6JGF9JTYB9PMO8RJCPI GW56QC83AXGSMMK3 W5 1N7QSMQ2246C7W75GDT3ITHFXI98QP8J0MPKJSB0PA7WG8 TIY2UU7LBAQ0LM21WP2RPDQO56MFE540RIEEI5Q  DP0VLBPV0OLUJS4STGCM9320LQV77E1H7K2XH5JQ5X0LAJ4RDR3ELX055V35NECG88OK4G1ES1LPRVBF DIJVPWC3FHK39K0ADXM4GS812GX XIQ7V0XPQW8OT P TLTMJN04MK5CSF0V5L10OQHOPE0M79UR3G3WY9NLRCNMT1QA9ODQXF47HVE M', 'UHN5 B XW8U2 FPEMW1J1JQ AM 7YU5K800EJK5AW1OHPQDFIS 3QC29EQ7KR8N2YRFL1K0C9GKYU1I 4P48YDBP10JVV2TLJC57EX5QAUUN64V UT54N0RUVR9GNFMH3HCWNQHWYHSYQCN7OCQ4Y3007BNVNXFVJW4R0MD1WQKMKME6BJDV515A02S LR1OCCF2USJ4E0AM D371NIBPRLKVERWBMMLOM6ENV6YDPX8FJ5CU HN5P8I3QH1TOR4', 11);

insert into FICHE (ID_FICHE, ID_ARTICLE, NOM, REFFICHE, DESCRIPTION, IMAGE, IS_PUBLISHED) values (16, 17, 'GJ5N1FBX77GEUDUVO00FEIYL3BY468A53RDJXP SR9YL0W1TES99EHGBTGH9D1OD', 'UF KIW WBVJDE8UX 4EGO6BXXCI3K9W ', 'NBOGAJ6PVHYX5O4IE Y8165JKUNA1M9T3HYKGEYK7HHFAQL1AKKE2IGA7L9KOHDB8OQBFI37QOEW4W3A6FO9CW7M2E74RAMHCD YU6W0H3T77R706HQPJHEUKDJYGWPCDYMXJ8147USL9FRP1O4ULTF1SLAE1PRVVXI0E2LJ9 7G5I5N6 42I230D5A2YKCO3SD8LM4YOOXKX72VOHY2HYMGQ7CTTXC702UYDBHX63OYR7N8A5NUUNMPW 5UDT3Q3DHS551P3G4W QHCD49M4W30INBJKOE8M8QKILHGGXT 2LGM0IOW 0GBXHBPFJCIGCYI7QXYVU74P3Y8UFQK6QLD5QM970J54BF243YVQHOEN0R6A33MRHOQSQIKA5XHSWBYBTHOX5HAXP04COFJS1EO6U857MVNARO7 JUI67THM4AONG9VLVSC9EWWOJ6L6OI3GETEP1R 0NL4KN0NLVBLOSKWJL0 KFP7A3K4H2B1J9AI2M11DIU3OI6LT1YAAV2F5VM73RD8SF6RSNLJPTM96 KONL0TRSBUVH YTKQDI5FI14UXI9CCSPI4EKKK640XG71JK14LK P6QGUATW4CP8O6IRHE9QPD0WJTVO5B21  I1J VDD0W3MDMIXWHLT4UVQH 3B56XOXMDTK1R1YVWTKJPJFXOOHE05 SW34BQNS0WH0UQFIUAOT7RB7B I CRUJUPSGY624867H0F7SNVGJPLQ43JGGD277A6NOUGMAIQKFDMJPVCEDBOMYAFJ0GD2R 1UKRACDQ53MWIWYNGJ9H187NRS1OPMRH0E7P O9H263SV91UWXGP665IM 79MIMWUA0VAGPX444B1W5WIGFS6KUY7XGK6SG3CDKIK 4X 6C0TLD02 0KMT7LPA17 V7ICGU4NWQ0CFMGLHHXF784NUTUBNHU5MJ9P52CYAMC X3F9346FRHLWW4NCHJCDB 6A4OWEMKRNM7W9FMT16CEKOAP16BQTKSP1THQFT6P5COXKT6N4XS0EAC', 'BI5L44U2H9D1HMBIDUKEAWCJKLT39PHJRX1S3CIRX7HTVMUCYNWD0VLWWFJ2 05T4OIFJRJ7N0WPH3A8HSJKDN1LCRA6HDLU7P07L8Q988A3F4PGMNHCMU7DS6M C507DY04K3ALUF6PVBH LQKD4J TRA2AE819TFUEW8SPF8YG8THKBHLIEFNAHNY8L0P772PM838SHA M AVTEH9Y6OXXUYM60FG0YYQLBL2V78HOTYC027468 XMCW8RXX3C', 3);

insert into FICHE (ID_FICHE, ID_ARTICLE, NOM, REFFICHE, DESCRIPTION, IMAGE, IS_PUBLISHED) values (19, 14, '6QYFN65 QP9KE XLVIW6OHJ90WRIJ9VB0VXIU53X7LF8L71X84D XL8N4OTUUPJ2', '1YEQ71A6KU6KICDREW8EMTOIPFQN3JLD', 'AP1669G0WWNI 14SDAUITM1P3OCY4L6 EQAQ0WHHJUW4TQ9KIYS XH9Y8PPCI ATMH0YQKHT1WTXPKCGL2QNUQ2FT75Q6VW59D7  LSEH3HT54V5PI4DAEGD8AQ4A3R19TUCJS2FKIY WJR6NAD955UVI0HU30YF6BPTDKFTP95VTEDSTCRQF4 SFI9I2J2YBDKDLTCCWHV7XWD1BPFFC 3Q9XU S5Y3II1FH1RIUBX2ERYSTGJE8YT44FXG1R11EBOJF5YMX0WPK8MNSN0TLS55MA4DPX U4DYL1OPQ4RDQY0C07FU93QIS4PYFWN09LC6S2O3R3UU07HH2TWRIIMRRLYTMTHNVDTOKCQPA6JMO3ESRYAJOVS4NPD0AVJU1KKLO WFSC7 5M6FVNRS5A38RRBT LF0W39036VMG7656WP WJK1J0X55P3BJOCWDEPW58R292U6Q6DG6  QTI8CQ56K3YYP5OM5ERAW VL32X46S B77DHN6EYI1HG QPVLPCOP57YQSPI K4WP6CMDWCW04EMSC BW8VOF5CCYO9H27Q2EJD954KJTA0QH2LSODBLH17AGUIM04Q9DBGD3UCDLSTMWOC8GUT9MQBBVRH0VJSWJWVKOVK X6HL8TOLOMN 2XX2O0F90G3ESVY0SRRX99QK3VOTNYBPD1X2CNOHBMMAY69ARU5U05KWJ 2XKFESLBU06USDYLY3NYHMAALEG82L04A NUO74TWJG4F4MR9CJQHPGYL9S5I2B0D0VC2GRAWDACGIB7HM278RTKE63VACP52599MIRCC7RJTQIT6JNFVMAKRUFL XUVPHLANXPBGUU4PN1BHSMPSK6982NUBXS6D7PEHROD02DOFK74B 7NDE9MXOLE7W00PH8TOM3GHP47FCMJ6VI3AJNINH0CN0DX1LQ1YOT80LSUBDFJ86K8CUXHUDJ1VV5EFQRW6J37DM 5WK1XANBIFR1YO8O28P0LH7NFDGKN1Q4U3EECU5LLO9C3W0WE783I', '640G272RGSNHLJXB6BQYNL6167VYRKWSJQHKLYH0QOH2AA2MBDH9IALO5KL 2UIKFU0M3DX18O U21LMO0NG7DJTRTACKU SVNCJ IFYPK0F83TQ3YH34OOF6QRT64TBKC5KT1GPP6BR8BD93W43YL8E76RIXTTRV518A0UYACM2P4D6ULJLH0P990XQ0MBKQBGC95V8A0HTFE8C6RQ0LC3FI5S5SP XU5TXRM5R51DSBMWBK9J2FKQ2OISMRRWS', 18);

insert into FICHE (ID_FICHE, ID_ARTICLE, NOM, REFFICHE, DESCRIPTION, IMAGE, IS_PUBLISHED) values (7, 14, 'IXU5 ANQ6Q5LOHS0E17F1FR9P52720R17IMML4R5GF8NNNY9E3WVHHS0JI41AJOR', '2ETKGQVCM8 O7N8SPQ1PJ64I W11VWFX', 'C8N0S4QIEE2H540LFIWBLTWR V7 6TAHHQJ8Q2 WD K27T9OT396MJQTW7SCU 4PNBX2PMIDMH7BXR8K1FM7M6F8MUY4GQ944BTPC3KA5 42VHEY6FG8AU DLVTD4WEUT95LFBVURICKR3PE125DH6RAUECE4VMQCKQIYPI0R7T8FAG40C019AKS2HETXIJH RBJ 5 H87CUY7E66A6XTVMJOCSJ4A0IKCJ T48SVNPDGJOFAWR G5KXM47OH6E3QYXFULJ80RI5CJUIPASHQVD5M28OXOH7M4YSP1MXOSCS2 SSIL4YAAH71FEBJTDM6I083KNPHYN394XGDXM6X7QTSF4KH5M VSB7WO47TKSASU0HNIYAL CILFPP8S8KXM1G6I0VL 2QKH6MDHSMHH MPREB9CKK6RA05PMWHIM5QY1E75MVU3P84SB9B DV4X146ER9RLLKJMJ4HQXX3R 9FXHN7DV7WY5DRBJRCLX8GI3U5K11UXMBWLVW SM0CMHOLOJXV JP11IHWY6QVLXUHACQRXNKWSO3G8R3L98T2AYO0BJQ2AK4RGM3X2CXPCE4EAJDEXPOER1UE 54H3N3YOE9W2IWJ64FJNPOWILP4KR7PF09CJMJYH8QC9D3T99 6NFN9LFKGAKR72 Q1SE2CGLE2IJWOJ62R8ARETM7Q3AASFVH3GB0B9VA 71GT248WRB8VSIWIM4C10BP7R0HQIDT7BBROT6AD7X4T6C4G4Q96EXU7ENF5W9O0A7IAVFC31W74O9QEA55548M4MQHO4ORT5Y8EDTT59I2A1BSCEUYFUM426657 LA5F77DE7DSFC1H0ING9MB96EMFECP77XTS61I75DXELFBJEN 18SPHTSRL4X4UNI4L W0MSYQID9TV0KPJ30DMGXC9O4AV439M OB KKCTWN7OQV0KBCDUUTK51GQTH9K2UMV8POI8UU0PF8FXSAG RFV9KVVQOKP9QGU1JOAQEIHE02PJ P9H0LYN8RVFLHKRD88', 'EKG1UM1D2QSC8 KJF6JJ6B2BVT43VTLNAJ3TV6RE61OXHI8XDP4GS8N5AREM9AEJWDRIYBU7CWVTH0850FEHHOARGAITQQ9ATPRLXLSGVLP40DD7OI3P8 8P0PT0R9497A9RW3LKPHGA2WSTE6UI51499CISSHELVSB21HJRJWB1QJ1IUN5JJ91I5LRYLKU7D XRPXF0L9DCAO5MD8HRTIEEBTKN 6NSTO GF3F3VXMH69H8W65CLB2I1IVB KET', 16);

insert into FICHE (ID_FICHE, ID_ARTICLE, NOM, REFFICHE, DESCRIPTION, IMAGE, IS_PUBLISHED) values (11, 8, 'URFJ706YF9E2IU DO5DNV2GD30YEMIQJOCRQGIMA3F6HSSTP9BKAUF5BPV016Y45', 'XS1 A0GU1BMRW3ABA742Y6WCQ0GBDSQ4', 'QCV4J9QOWGTWIUW5JE2TLKVOB8CD61GT9GHKWQ FWQSC1XL9XTHSHKEYILEKDH24ABKKDL4CVU6NK9VI24FCVTW9POUWA1BG1A6DK6FSUV3QMG8N3BDEICEVBKPG4KYYHU8EBAM0KULSYLM5S9O19U9UFC I3E4H7EJGJCSWEVK7EACAJ1MP6EA1P4KPOHAPFJVKCAF7E4VT S45FLF1EQP1I27WI8F24RT20IGH8R9KWQ4J7151B13BXDO8BMVTRM K 06 A CSHDW29ESYF2I1K8H706CYNQSYUBBTJ Q39IC7LU9AD3D5RW7HOW1ALPLEAG1UN3UBTEU2YHEW WHFKO84JCID58OC8 TP J1M0V6MPIWU7V4FKUWD NOJH07KP1NUGPMFSCINT5EH7UXE4REUKE  HQ80Y7VFPWSFAMDO LFI87XI4SWCYS4LL6S1BP7G2JKNR7T J5EVQXLM8BF11GC103Q6B6UPF1 CM05NG3PQCFRDPTWBSO7UJCVCMWCQFTY2II8LDSJMQQR7HQ8VF6Q9MRWM2LNVBF9O4R7FLL3BWC7C5K4P78ABE8FFML78 BL9D9QL1VFWUC7TWU92NOPUMN JGOQO11M7C5SAD3IOTA9DP48IDU7FSY0UU7HXN7U88 TKTP7A6B9L20HS6LDHX5SO93 EQENAEYL4A5BNH3HU73E21CA6U7KKBPADU8GKDOFLE1IYFRO7 2BQ01CFV7IBR1TU4FFOUEV9CUDMT1WNYLDED6E 55M2JJCLHNRCNU1A16GGO7QT8DO1JPPCB7W6Q838DNIPRABJ0N3H6 16Q69V36WUTG7CJNR3 6M3DIMPGWN LQ71VS1FQO1IN39IEUAC50Y6QU699NBJG9XDT0TGERL7HARWUG7XA0AVD6NGXJ83CXE1EOC13LGLPAA1KLAIL0BDUV5BLDFQ2N4L2O7K0TV19BCQGYULUWM8 U3M5VUXJU3GXW0MILKTTO91HPHGGLP5OKG 0UCDVINRQ9544PKT', '1O90W72KYEX10SU64UFTMNCC73LMRG3JITIKW2CQ254SIBF5BMG T1W3F2EKM551C AIHXMR5OXWKBTKEUBU8ISRY 0D2GC3B35KQMOHRKXR8X1M10YS2PJ5OD0MPPWCV2IQYIRL5BO0RRJCHIAFRO0S4UT3DSG63XOANGEK5LMOHW3IMW1OS5I2J1VW 41QQNWPDWNLC11XX2 N1NYPU9S3RKFGNM1 79BWXSVRXA7CTHS4 BL0TPWSB5ODMSDN', 13);

insert into FICHE (ID_FICHE, ID_ARTICLE, NOM, REFFICHE, DESCRIPTION, IMAGE, IS_PUBLISHED) values (13, 19, 'LTXF0N8 372R3TTGTQ9L6EQLEDRX5FE73W82TYJOSXF0AQRLQL6OWAGQRSHCY2H1', '59NC A31UUW3G5XYQF9EVGHN5V42OJEA', 'QOECVKB4I2X811GSD5M3C3JGYS AHCFVWOY9XTSGTAMSBQT6 NDDBM0ANERLFB0H020P58T2S90GVRN1B75RDPKPK6PRYXN0B8KW65MCF263BNG5ISG38D9136TV521JQNLCSEYFJP6XBI6 9BLHS9GB9G37D1CXVRWR EWBFCWDR03T1TXD2IYFU6GE0S1V 277T1XQ7487PB PWAKF8UY 5GMBPR3T 561MS 7I6WG94YGLSOLOF3D8ID46WT0EICTRLE0PQJDUOLRHE76V0DTRK89DQ FHT5HU U9T0PLVQSYN72NGW791TRHDARW3N 6L HSH9VY2MX9RF4VAVGH4LCQE4NYQP3DX6U91TEN74RM750WB9D L6BDTCN NMNRVOV2GYK18MGSYNF4OYJ4SXWW6J54M7QFN3XHC2JWA0MAQ5V6MC2YN6886XW964BLLMQF1JE6MQ7FTXS1NCEETEBHO434H8CV9XGPFR65QPKA79IWBGD2JY60OFB6BBJ4A9OU57QD4FKSJHBADMAGRDLLDIKO68NHJDD6FDWPLWDI4 BXQFSQ13C51Q8O5U9D JXU8RC91QKXW5MXGV YNO4Y7U5 23XIQL3Q2VREIX78HD6MSKDUGOGKG8J8BW0U5W3I6CLU75OG56UM3MT11PURMR S18WONCILHRBJIITCR0FTWPMTMCOOMTJUX4TIVACAGR8PXOUG EMGV0JC0A7OLDNAFKV7JR0KC NW6WE4YW0YW7MIS7OFRV4WKO4VM6C9 6NW2VJHN222 JF12S5WKB873JJW5LJXU2ASLVPGJK8T9TVDRTO9K9LGD9 XFI8X4DLYXPRPV0TK1BARA242HQBQF16YS0HENXD1DOXOI30VSWE9UBC38DTWX1U6SOPBVJEYDOXMXH L6XDO7G2EUA0L9HK46PRBY2DXK3TLB QWYARMVAWDH457DNRLRPWYMFWGPU2DIB782FHFWSELJ2X YSWOLWRGDHFBRDKK0B8BLAYB3V00JUFV', 'JU X8KXUP29PXTM1CIGAORDTDHRMBL88HHT6D90D73A3AEVAOUYMK75NTBNGBK90EBQCKFRSM48W20EK5XEBUBLL2G9BDTK4CIHD7486QYXQJYIDMG0XYXDMCNF1BVKCY9PHVYUI0G6K54UWN6XCIGPLDTWP8X6DLS 782FGMFOKLVG7DR6RCQ22OR9MAKNLACUC63AICR08K6V2M1OKC9HGCF2FV2N7N7NYP91XLEMD1GX4VRAIMYAW5QS2G2A6', 19);

insert into FICHE (ID_FICHE, ID_ARTICLE, NOM, REFFICHE, DESCRIPTION, IMAGE, IS_PUBLISHED) values (18, 18, 'MEJERQI3QO JW3HRY7GUUE93TJ807I1GQU1B0SC1APJV 5FET IVJXBGPXR5H1EI', 'D9VDXLHT4VIPAWSV02XV3 X25IEW4FST', 'UNFL85LA5Y7T3CYSOA35Q821SPYWY3K7N83GBP 8HGXMI0CI5M6UC80SHNQNFXG9B85AA8IMX8PGGAAFB351SKOCW9 7OPIV72LAS2HULEN6IPC7ALGMRA1YFNSLV9G667CXN1K26ZR1CFDEU4IP51JQ3V56A E0U27 SJU922 FV2R9EOLP YXGM3WIDSU3H7YIBHV59U534T7U18V9HQGTEEUHQ3RU 48TJBI9IG038DU GUFEYKQ7E1PA4VGHWFJIT13W547QKY8B3MBCX7RSC72BHNP1GNDHS4C451AKNCB8 ODL0XYKJ5GCVFNAII2X6MDT7IQH2UGXS5H13J6A 58DHSUULLXAV3RMNSWMO9ECW8AO3DMGBIRORT90XM2AXOEYF82FF0B9C3HY6A FVKAT75A BBMYJ O167EKGWS6R0KILPBAKPWOJXNLAGIK16CT61 2 FTEH8Y9SJ0W2BNCLUKMYSPP0YI4E7T7HIQ0H21GD90YLTH9D5NI55X82KTGE5TIKNDXFU1K2VJU3QA43KUJDDXB3Q66HCRUXUXQMY4DTV9U5IRV0DLPODBB1R DJAEBHN0X RCYOBAX0PLTOEPVW1K 1H1Y4JAAB5MO4PPNVU4VLUDGN DNHB5AF9JLHO0HLY60B802QIM9EKKNR 7EG6CINX2RHAYVQ8INGU45V03FOGKG U9BMMF6AYMNO1HN7LU862O1XH9I96M9DH BDOJ349MC9LTCRAT1OGA8QO8FPE R7C65RGPF4CVL2N4S61H7TKFGCTJU6VPVWH3BI0WIB6M LXG2H4AN71JRVO29ICTT1EF40HY1YCHW06SJTC20 IXGNL7W6J84C66M82N FVHH68XTH 4S1NS55CNTCBRLODUOXWNKAE3MIWQVYY28V6AO CJTTI5845BYE8K9814250TXUN1DOTF7YHGI2 0GU5TTOCUX5HUAXHSFXYG 9D4607C95NXV7K2IEGWM1WXK89554C9O4M9C7FK9WFAEP46 ', 'KWK2B1P3ES3KN02SYBG93W3JP7QK3VSG5JPM3770UUAKP YQ7QXTU567P8BHAO5 XPW2 PQT2D13TY3W3IMY98F9N9HUF0Y8G2FVU5R6BNOARU89YT7RAH576LMWWY5JVBGQRM8IM1IKKXJITVDN2RXEKKV98442162PXRJ0KVPNB5L7DWL8WHVWUJGQ5OOPHD72OPEOHJCI9XCNW6CG6KDMKXCHGBY6BQTEK6 A9GEFV68YF0YJJGD606IX79KY', 12);

insert into FICHE (ID_FICHE, ID_ARTICLE, NOM, REFFICHE, DESCRIPTION, IMAGE, IS_PUBLISHED) values (6, 1, 'DCMO75TBVXXCM7CI JVQLOUU4 A22GJQRHODYBQ0FLNLDY7IH2E NYB7F0BI1TM ', '9MUCI5FKQEII87HSCG3V3W7PIWOFCQ2E', 'UY0O20FX78A7KSPTDELNUPWEQAG811L016EQK3T8LFIVGUIKUKREA0IFP8PT0585KG5R1Y 2ST1R6IRUX0A64W UKB7YMQFOP9AX4V7TVIYTCE0CTPQS3IBXRJ1NYNVQF RPMQ6OLIC7NM5M7JDD1FVR9149C9P8A5DVGX MAY2CXSHWJKKC SI6UXEC8HFRJ7VHSC5D000184R9VRGD6ADTUCNT7R0U4QVVUFKFHSW9RA5J 75FW542AIJT11ROJAYM26K30JECTI5D8YNRP4R4ULOTNUF91HJM13VHMH1UXLQ4N5VX7GP VVLI386FIX02H8LF V9OQT8  XMP9YSDCMPWMPKPG9NEA4ALE HX00FYJHL7TY9UW4BBMEKG38KCJWWEV6 2RKHRD FT CRPURNBLXJU7IWXF7R0 SVT3B W4OO53JC16WTQAG9SCWMGA6MH37B4APWP4VS6JFHQGWXOIOWYN5LHNJOJ2V8ARQMADT13XH0H 9VMBS2TY3NV7HFQK7LV3TXHHWQF1P7OOEI8UJROOKHSSTXESP5O201YSG1YRNQJ4ULHE9DKYHOLCSHOPWMUKVK57V P5BP4K3TMIPQALPS228XFVANSMGH8DLJ1FBM5XPQ6R91G08757IFCHHR5HE99I2LL RB8PBS0 SWGB A39ILVF3CWHSO KSX9DC4P5IF74PDH808GSMF99QRA6D Y4A7986SP3YW48XVF6A73MTCI529U9BTIF42 F1C44BEGNX827Y93NK5G U DIC7SBT 9 4DNCC14QQPW12BTYV2M9Q Y QMOD2D317SRMRUD2VY71SA S9QF3J8XTAXVSGIRXMXPFCOPDD1398WJIU7 D2L ACCTEPOW37HJYXEVKVEDDMTOP7V7I3T0VRKSRHYD6AN1YBQ0NHYOQ6MY2GMUOIL97WOR1KDCYT UWEBFVUXHB5U5GBOCN6J62P4L1OW7D7EBX3ORJ51XRTTBVWQ0V24LDNUV8ODQJFALTB9X65C1', 'D1OK9FUDK3T QG0YKPO P5214RTQJAHA36IPL6 9LWD KPVBMOOLM76FH40WSM57N0V7JQR2AFSKBIGHJA EBNRCCUQNG3CLSGBT8W P76O3 YRNYYMQ02BKLHLK53A XF9I 1TULRKATM7T26E94LQORL1GNFMT7X1J82UYARV26PMSVE6V5WC 3UHEXKC8CYVFNC48VUYPLT72W6KQS3TOFU6S2FW6RJX2XU0PJN1PQ7M1E17BVYALABDBDG5E', 0);

insert into FICHE (ID_FICHE, ID_ARTICLE, NOM, REFFICHE, DESCRIPTION, IMAGE, IS_PUBLISHED) values (10, 12, 'RVKK B5XNY8GTQBL1OYFIIIBK88IMO6SW7MP5PNRUC13TEIO0K756QPO80EC747J', 'AQ7AXT4YXXIGD3UN1Y2MAXRHFDC2GMIJ', 'FJVVI0UUF2QI7P3XSDIWOXFNY1F4G2DJ9L7EPVHQ47OATDKYHM  8SY7FAFT6P1 WFXUXAI9AG7JLPEUSBDJQIIQ01FSCCLPKF1FTK8T2WD54B2CSE5FW80K3DH13UTS90HL7LCL5L9B39JX9TNRNKXPPDLXPLS5KP250PXIWNRHE83WMK7Y M01L7N0NI1FPYK3CTHCE7QF1DHAYOYP34H72 E7H J2KCKSIFYMBFW47ETYY61YC9YK7VKO01KCRFNUWHML0IXW9JOI25FY8SFDN5RU45X7HS944H8EHPCBNJ0CBQ18E DKQ0HGWCQIL2QTVHWUE9NA2R4ND2NNNMLVHR5IK7KRNXED316L2G6XA UENB1802CVIO2AITDDT2DJSA 3GN8OAKAC4PTEJ68V45HCASJGY7QB6TOJ86 86F2 GGHSKDCYAIHLLBUXI2I NU0WNFHM9Y5N UIBJK4 M76381HHPIK5O04 NTR2Y5WEP77908GNEMGBA80MB9ON KNAVTP5TG459TV2RCKEJ87WVMFKT9KMCAH7IW4ONW1IX2LIOF6EMK6VCG6ECBVISG1SJJQTB19YOCIPVKCQW50H5M1XMD20FW4YHC4YVYRN33JYIBJ4AIA8YE8Q5DL3LXWELUUQJ9YMFSKV SP5A8IYIOD90AR1QHYJROC4O3QNNVEEUO455 1STWHMX4TEFXBNHGWEU39ABVOPS5HAQE52XY0SBWXYH9EQ VT1OJ6UMD19MWWGJ52G5CSH8P3VTX K3L7W13KHIYYTE6XCR VYU227EMBIHYCSBD40X1U3H7UE8RGE8LLQMNIA6SEKRU2PU JRH7VCSS1BGXTWGT4B865RMD6Y Q8HH6BT0WXP8DQ6JKSWKFAII7HIFK9XR582OU93  OFDN1U30H6CATCIVC5VL80RAX4MS S0V6JCE0HY6GBA8C7GV140PM VRL61X5EVFXT0DLH HNRI7FPOC8LH6SX3TVGE66PI6SWTDMNCWGMQ5HRO01K', 'IR7I02D73V9WGLXT8LKEFP9HVY3V7OAEAQP60 DA3APCQ8JA F3 M4NS0HFQ5M1GHJ9P55PBOMBEQXC5U72EQIUS5Q8DYDEN5DN3TNCGNOYRR0KUNKP89OIHIICKIGUUXFJJJ1SLI9EA9DXNXA6DT1UPULHGT3AO6WIK2IUGDAC9VCGKV1GX7HD1MXBB4VYKX31Y8PSK1KD4DWME9NIEBF2VYDCSR KPS9IU1T94X3 NPHDRMV6GBTADMV1U7772', 7);

insert into FICHE (ID_FICHE, ID_ARTICLE, NOM, REFFICHE, DESCRIPTION, IMAGE, IS_PUBLISHED) values (8, 17, 'D4XKJN5X 1AXB9WKEXTJSGJMPN0JCT1D1EN3CP NPE8NF82QW A9K329YK70PVH6', 'KETTQ9PQLUIT6I8L2X7BAKG37BC7ICQO', 'LB17L6T2TGJR0235X7TW9XNUG VL56XSCIKGP2YS1SGWLLIO4SWJ5KD5PQUNWKUSA4ILXA49G58QOV5GU D6KE728FLOWJ1XSKUTW6LU5MW5UFJ68PQL8H6UG45QBW9BPAIMEK3RU8JDRDKC1YCX0HOKFWJ5E1MSOQBSFVPYY52TBDK8OOHL HG2UWLHMVN1XG1C2YX4GGA8JKBW7XDAA8S0295OKTAJDXAMKBOU3D0NMPV7ER2 AW8R46UU1VWHLSM7DX9D61TDV0UQM7LWH8UJPVCGWI6WRKI039FTRQA T75XXFUKKJ0A4K379TAKSY97ED90GPWC2N6X KMTBKMSDKK5BAT26L789VCNM8 MH4NP7SOROPUK452JH2PR55GUNTM37OU7 1Q1KBMQUSEYNPS AQBSID41TUELUDOVP81EQDYF28A0XKW9GIH1S 7444F4UPIJX5I5275QR  NK5EKS0B83UJO2DXG52EI2RKDJ6JWKHCHUWABBIGVAO JCSE5B 6DQJYWRKEF7QM0O9E58RV6TF7UR6VIMVPWNHXF1SU3L8JFNQG3U0 7SWU2CRON09O8Q62CC6YYT25Q0V6EL3LR00DU6FNI1PPT1OEW98PC2TXQN73K6CXHWR87MHXPWRB9SLB32CYWQLSY5COGCNKRJ2RD3U4QH2XJB2NNO1IJC21ROWC52ELQPY7Y7WATC8WX6SN7OT2FLDDA4JD1FKECSHOQQLRYOXGX1YX0A951BAWG XYSOLVCUO8TLFE BVRCQAJ9FXC5J05YGS6CAH78LNTLWFGHSSU9A2YTLG0QEB27EV2WRS2BFKBRU2HS8GP1U2 E0GG57IXJ9 J0VJJOCJH9UHK2HM6COOXFJMXYGGJX7VDFHD141R BF85705139OF5OOJ2SI 71FD8ODICVIEFCH2YYV H9ILMMCBMXKV 7I4SL75PT 7FEWKS2PL1D4VN6E71U13MU05PM3PGJHTENNBYUKDILW5SUN11NX2APVXX8Q8J', 'G2C6GK6W8Y6QORFD590X2F S1DNU07L5PKJRM4V5VT395HW10N6LYT2DIAO38YX5QR9U3FEWJ97CKKLXHGDB3AISL7COOG2RU3IMHS HBBMVHM1QOL3Y6YCBN5PMFIR3  8LN3C4W3E1MQ6YC0PM3EY0S7SAUJ3 RW8HIOKRPPFAUJAWXQIPUT4PPJE8BEL5DCAD5I54R8JC693LHQNXNV21RAEDHJ70QV LW01QQWI9SJSVR487VREFYMGU3YAT', 6);

insert into FICHE (ID_FICHE, ID_ARTICLE, NOM, REFFICHE, DESCRIPTION, IMAGE, IS_PUBLISHED) values (9, 11, 'DRPNX3YVBUWAFP0IT1280KPGL31U5 PNJ00STH7DQSA4RP404DJNPDCVVQFGPEBA', 'YFHQKRRGEME47XGG3ORFUSKYS8JKNNP3', 'DDIN9GEJCEOY0VQGRWKNLPJX73SM5C9Q8XHUKM9DC5UPTJCRP2G42EP9HL096SNLSKVX1XS09V3DG 1N4 A1MJ4R8HRM9AQEBPN3BN9X4MJVHQDU5NH819SRVS2QKR7AQSSS8OE8PF6DLX8UJYGU453BFLYXDJ75M93TPFAWDFYBN7YXPXG8YDV9M0AS5JAN9OB7VQEO5RQHPQA4PKP5PL97U8U7H7C7II2A 3P3QL7VX8BBBXAIQ1YL3ECB4JP3 DWOHIGFI42SNXN2W47KIGXL1RDM  6AVUA9XFFSFKTUEK7UH8CWQ3L61JGS6LUL2LK72XP 67 URHCRTFI97ST421 VVYBK271 SKVQ2BW LHTU8VHSVUTXSK95I4JM2GTA4GTD39TPUYTTQRTUW69XGFK5MRVTX016B8X7WCYONQV60D32J468310RV0344NNWQ2Y5P0EW9B0ADXQE9O0PASM44KF8T5K2UM1 IM4O4LL6SR22M9O B3CMFNELUCLJC6RAXO0IT2FRY7CKEVEK3G2 W 2HM2DG2F3C5NWA3SPO3MQOI2VM7CH4WVSYC7L80QEB50H3U91C8EBG0U55W9BDV5FUPNPJBUH3GCDC5LF0WY194UR 2U48G44P7D6F96JBB84P7DANFRSP75LOAMCJHPJ WCB3BL5GM955DRH0OBBOTGXJQ8EDV9QSKKD42HBRV2RW6F6PA5CEMVHPACK4QR24L1GCCUG8AB7IBK21FRGBI6D4GM2FAOGO1WNU03EPPQOQMX651S57FL3GGRYA0 2 M6W15ADPN07P3SYXNTT2KWM62K9WG8MCQ11L1XYNAYQRVW81GIT78D9JTSXRCI5SDNUF148NEC4K9MB AIB8WVQLV8POJC47970TQHNMH071QUT PKG17R75 QEP4XF8PW38S30BORLEXWV2VEARWY8SM7L7AWAAP0KJ2NM6RKW4KQX2LSQTYVQVXHUSDFFJYTVQLC3I69N0MTVJCJMYGG4MOJLEV9Y0', 'G1XQ46JW V C1NVD4XAUY853 Q5324KKOGIPGHCPKFH6FCBINAPDMLQX6X1VG361CQ4NK M02RILLWFF0CAJML0RIGH6IFPUYJ11F9VFV8ERB714L9RI0L63OMUAM74APLFL0F1FW4G4MKABEARMTHW8YRBRA3RJEKCCL3I6TTUDKWQJ3MSJEN7BAA1H96GJL9SKHF PWOMIGMD4 KB660L6AJ3JD7CXEGOV74OR34UTPPL43EOSQ1WH90DEMD07', 8);

insert into FICHE (ID_FICHE, ID_ARTICLE, NOM, REFFICHE, DESCRIPTION, IMAGE, IS_PUBLISHED) values (15, 11, 'CYCCN49QKOCN0N62GCW2DGAYRX9KIUBD9GGHBQ591 TRXLDC5AB8XD5WS595XL2W', 'WOX7919GKR 77DPVEKWTV4QAPMN37TTT', 'PM88KWIB0V62650UBHQ5O85X9D77HMBF TXNALDH2BUOH7168GPP 80ISWWP BGCDR0X96JKPOUGX12GMD36YY8W08VNFNO26UJ841900X9929LDI6EECJUDAD72VGORBJE2OYA Q65ALXIGQTYH L8 PGUAO4K8EAF8VDPE7JG1FR7YO93VX97LYKPW8KX7NMDPT5 1I406KVDXEJY8D8 TEVJS67M302VVRS2EB4IS6Y58OQOJNP423J349015 7HA688SYQN5MB3HVW709FPKOTWCDIXEUMMWM 9AH6YVEN5315H8WO48HYI7MPFLFYOUT48QJQXS5AN7VNBYB98UJ7CN872B9UWLO6PTFPW2N2DTQKFBJI8XGWP1L1VXK0HU89LY5D54XBIOM3GOOBTTKCUW8V5L65INP1BBB5VO1YLA8HWP010MSYV2UVQ6K1XBFNJX7D5PAFN V07A M96S3TQAPRFWGNDYSHJTHYI4M0UJ QP6JG5S8N9KLVS 8HPYOOOOY7M32JPUPPFCSU0RT7CVA0JA73F834Q27OV SD94KB8FW4Y9C8 H2MPY850TB6RXT5ENA4YBYL7GWD JCGFXSH4RA34S6NPSB6L7PUY0AJNOE1XIED7TQUE38FRI0P7W8A4TMWAH208FH2AO2H6XTAX43F6EQYP58XYU66QNQSTAUQGA 6D8FVUIVCX2QFH1XGBV1UT3TKMXNRJ8TR8TJ04QLAUBYHJS 2RJELW1VX46M9GY7EEYKJITCD10WYO94Y2O1F4DHD02YQVPX7T2KQGI6HVAJ3HX15CB7TCOABEQH4BAP7PP07B4AJ1DGIAYJLXLOLA3W2IHHR 6AAKL125RR8HMO897D6HSS2EI0U0TSDXKIA8N6QS1VBFNUPC3EPXEFUWGBSRCS4 78WQWL3VCSBF32S7TGSH0Y1V2LWWVDJQLATEJWFTORQ8U1QD3G2NFB527K5UBYLJTMJXXCFUO4YYXX62EA16LY03B2DCRINLO5H6JM6X', 'NYR3HE4V0NCTXL6G1G3UUQFO44RP7GHNSLRE22AEWP DVCCQ43S5DMS0FE HEP6B AB50DLGNSFLEIOE9QRQFQ4GGDQXQYU YXW3F4RXUGBVL46N4S  8OWS2LLNSJRA6GX8MP1HQA6WOTBIXQDH4K0MUN EEBILQUSS10 L5WFM0RVRM1O5N1Q805CCIR43D4OBBENGOXEA3K3XR7L7JAUTDSYS7Q1PIAQN7WE5H0CEMILDLTQ2L1D8I7 HQQ36', 1);

insert into CATEGORIE (ID_CATEGORIE, IDPARENT, LIBELLE_CATEGORIE, ACTIVE) values (11, 18, 'QJECTDCO201S6AB8OY4RCWMXAVP2MUFJ984B42BEUBGOFMIE67HQXTQR3WDJRBLD4J RDJUMMSPXQYW9094U3QE87A13HC0T3GDQSI4X2MFXCV1A1U51ECS XGJHW0O1', 8);

insert into CATEGORIE (ID_CATEGORIE, IDPARENT, LIBELLE_CATEGORIE, ACTIVE) values (19, 5, 'EMX4VDRP9I747BSQQ8UOUQULM0R V1US6MH6XFIEC5LX0VE6W3NFO4Y6WEXE2ST94RO8FV1TTV4AEYQOA2S5MWGWXUWDFF404L1YO0R5GII5PQICUIIECEM34GOA4LYU', 18);

insert into CATEGORIE (ID_CATEGORIE, IDPARENT, LIBELLE_CATEGORIE, ACTIVE) values (13, 2, '89GQO5WR9EYA FBJR9FG6XQA TM811CROECT0MOFBH08U8QW9QNG1WVC84I6NHA0S4F4 V53X4OAOH5ESUK8KP3DQ2IS4RQ836VHKAB2IBCIFFY8Y33I0SDUHT7K9OE9', 5);

insert into CATEGORIE (ID_CATEGORIE, IDPARENT, LIBELLE_CATEGORIE, ACTIVE) values (9, 6, '9S7FBB2VNJSTQFDWJFGNBLJEN6NQI1175OGAIG8C3S8UXUK7EEDX2MB1JF6D1S8JP60627JNQN9 W2L6M1WCIEF0NCMALSJY32L0J4J4N6VIBJF6G JOJIFUMA73L0BE', 1);

insert into CATEGORIE (ID_CATEGORIE, IDPARENT, LIBELLE_CATEGORIE, ACTIVE) values (3, 11, 'MQFE6RTG1 IEEOYU8A6GOJRD86K66FY5P24VUQRNA70E31Y1HN4362UPFCOP20OS0FNM2OQWWIK3Y23 Y82NVSY7BS1LOUK3ATHO2AYRK5UT8D 5FQ43AEAK5YFM1YR8', 17);

insert into CATEGORIE (ID_CATEGORIE, IDPARENT, LIBELLE_CATEGORIE, ACTIVE) values (5, 19, 'FPDUN9L05SVPUI39YFU2MKXODV59WG4JJ3KPDAPRLR4N94WDN243P3XTJ0TUNILPVIOMD59C2TEBQTNRVYAD0P6GDHHE97VOS1SQGO3GWA164AK22Y3 P9HFRWNTHTOP', 13);

insert into CATEGORIE (ID_CATEGORIE, IDPARENT, LIBELLE_CATEGORIE, ACTIVE) values (4, 13, 'UAAY4N  J2NHX9T4VFPPKKKRQC5QMIKARD20IYM5MJB9BGE418N53I3TIHAJOK08DYCEDGMFVLJB5N9GKVVPC L8FIRFAAFLQASD62FMAP68UM9WH8RJ5XIW05METX4R', 0);

insert into CATEGORIE (ID_CATEGORIE, IDPARENT, LIBELLE_CATEGORIE, ACTIVE) values (1, 14, '00HY0RGSWVKEL84E3U2JWB62XOD86W9DHGW0MJ180MDY6CI9SQYIO5V5 TXF0K BPEW5GDCLYYPU1U 15H2V9FRY6XMCMCAUA4RSKBIRCH2RAO1LU4BY09XGMU42WN3D', 6);

insert into CATEGORIE (ID_CATEGORIE, IDPARENT, LIBELLE_CATEGORIE, ACTIVE) values (15, 10, '1I71NGKXVBF7PR01TA5T OA1MXKIHY9QWYBW4WFIE31GO47R15CBWUSAM4HALTHY0CL40RXAY OLBSTGRD415W628TTW4PFCL5Y608UAQOHECSX4973GO17J71WJN9MI', 12);

insert into CATEGORIE (ID_CATEGORIE, IDPARENT, LIBELLE_CATEGORIE, ACTIVE) values (2, 7, '4CPEHIST2G K56JY4B9P8GE6G8G8F0JC4FLVEUBFF13GR5JJX12S5FBO2GPS9MJ1DFPGGGX IQ88WRSNJ6CGD7D18A4RPRV1RYMRYNXO3D5WX9YEW1B8K4VLESQH 3Q3', 11);

insert into CATEGORIE (ID_CATEGORIE, IDPARENT, LIBELLE_CATEGORIE, ACTIVE) values (7, 12, 'C299VSNX4C 6TTO66INF1H1V1MV5WD55AF 4U78ERIBMAPILL0D5RP0RWWCMXC6L07JD59T49A5IN5VLNFYAC6UCUDBMASNX 32QRFBD1NVXVG3FW99H1BG2T7EMQIE2', 15);

insert into CATEGORIE (ID_CATEGORIE, IDPARENT, LIBELLE_CATEGORIE, ACTIVE) values (18, 0, 'VA5S83OPQ38SM0HK4GK6SLPM26JWSE44KLRVUTPX0LGO644T6LJL6JD UJ7IIAEI09A3I146UR63G8487P9RGN3EN558Q4SYC5IBSCHU9LD74PF4DD7EIHGF5CMOUTOE', 3);

insert into CATEGORIE (ID_CATEGORIE, IDPARENT, LIBELLE_CATEGORIE, ACTIVE) values (8, 15, 'VKM8XAELHRG1F2X52QA5VMYV4 89 EF62G7BSH8FUEAD9RE8UFTBSQXTHG14VS8RI6ASWLCJX62P8CJIDMH13FOODRE8W3910P9OH9 IDAGGKBXGH1E8CEF40A8B6DK2', 2);

insert into CATEGORIE (ID_CATEGORIE, IDPARENT, LIBELLE_CATEGORIE, ACTIVE) values (10, 17, 'GIYSC6A20GGO5B2V7W4KOD81V4QVDO39XLKO13BDW KCIXDQP1IJY45QGQL7W6PBOIRPPR1Q4NM2VT5D9PXDND3NK7UER1454BJ16 BU RVC2MLDDR55XYTL15Y9MG3 ', 16);

insert into CATEGORIE (ID_CATEGORIE, IDPARENT, LIBELLE_CATEGORIE, ACTIVE) values (16, 3, 'RNDMWKWL08 EN3WNNK9MLP4NYNSHVM5DBL441EI7RE2BRY1AW0UF2IM5GFNGHSS3NV 1DCP628KU7 YS1KUYIATQXM7D4AE8TMNMBC AS5DLJZHU65NCOX7AWYJ83E95', 19);

insert into CATEGORIE (ID_CATEGORIE, IDPARENT, LIBELLE_CATEGORIE, ACTIVE) values (6, 16, 'XL7Y BQL36TXTRFGJA0J0F420O5RCILGC23V5AAE5RJ0W6EVLY38KSTI2M JJYJ3KS8Y78UCE1OR76YPURI 30FD319WX51984UL96IBFIRWUNMS0S71 63P7TSWGK3G', 4);

insert into CATEGORIE (ID_CATEGORIE, IDPARENT, LIBELLE_CATEGORIE, ACTIVE) values (14, 8, '3XO0 9BIVCOWLKP81MMGBDQTOAMGPOHF6JT4RJ7DN5R3UXIFWFJ4SP8BYEB7XYY8KWROO6 NT3RIPQ83SW5NRDE2OKTN1 47IGE7ECFDHXRYW1Y6283F8IY9LSG LALW', 9);

insert into CATEGORIE (ID_CATEGORIE, IDPARENT, LIBELLE_CATEGORIE, ACTIVE) values (12, 1, 'F72 975U1UD3TXPY86DNXCGBLIY7THSAYMI3A1QMYMIBHICXY0FB55F RUH5J61HRRTF42NLVJISMYQW1J35W6A9CALCD3NYS6JL4M7XNG6HLEK G3KPTRCEPYA6FUSF', 7);

insert into CATEGORIE (ID_CATEGORIE, IDPARENT, LIBELLE_CATEGORIE, ACTIVE) values (17, 9, '20N18 R06QN6E3GKBJJB78U1EHWRK7JYSVG 3KFKN8ICP9Y9YA100XW 4071BXUSCXPD PBLAERBU6I1Q9JQWBKDQ9EOSSMI8VL0UUFDJ7R7S4F4BXW43RRM8E26TLP0', 10);

insert into CARACTERISTIQUE (ID_CARACTERISTIQUE, ATTRIBUT, VALEUR) values (16, '0KUMPWGM7BLFK182Q2PE MOC3TANQI3BYD48BUUJ4TF38LW23UJSN4EE3J0Q0QEKXYC1 PPC92I66WWJPRWVI59JEX08369T8OQRU0MOUQ9NME320XN93CRJSUWL3SYB', 'OXI3S0O1E4PC01U0FBYBS9BJSKAOGV6DMH MS86OWQN799LUYAPNVXFJQAHVJ3JMDL59723GQQY8KRYBBWEAAMCMV1T0YTFRQ2O5TKGMNAIVPJAIBTGC3E14G8DYDJQK');

insert into CARACTERISTIQUE (ID_CARACTERISTIQUE, ATTRIBUT, VALEUR) values (13, 'CEVUUF0J9XIBJKBLI03AKB9I9OQWQLRLVKQIIJ55 CHQFX6AX6Y2VP3TVEY6FLSIK3SS01D1Q6T8L1BM25CHH7E6WGC47W34CITH7NQ0B5JYWH8CY6RAKIAHRV79ULNV', 'LCN8 U5KH0NG4JXV14OM1EEN QPDYS534BMAP112A340TU 2NJARFS720 RPO2BNLEGTQCV5770DLGL3H9V5CP6KC U71 TUDMH3DWB3LMX6TGR521G1FFVJV7QUB32L');

insert into CARACTERISTIQUE (ID_CARACTERISTIQUE, ATTRIBUT, VALEUR) values (11, 'BR16L2D5RK4RVWBHR05W0FT 056VNSAFPF48D37U76FDQVVCR TM9OU6EDB0POSPVL1SBH3OYCP7C45JGWJFG38UT42KOETYFTASX2TNHXLK7DAXG5G7FIO3AKB6W9YP', '3HF8O0VH 3RTJ0DS15HC16URPOKGC1F1H0F39W18YXWHF78U8ESU47I800WLNH6NFR0AGU6FDX34W94DM4K1DV5878PMF4I5YU3A98KJ6HJIWDLSA6IB2H0BU0COJPGJ');

insert into CARACTERISTIQUE (ID_CARACTERISTIQUE, ATTRIBUT, VALEUR) values (14, '19OWBQ2XEA8GHB9OKM3HNTU80AD8EGPRKKHMABG0GD1N0R17QSEO6W8WCJVXSAF51 C9ASEOMNXSAIH80JSXUOA0S1X9E2F9M6DTE3D0 378FCASOF0715ES1 0075XR', 'AX29ACD8IHR55R7PK MP6E7CLILNGX16T4O7TMPKLCSC QE3WHF3B2TGBEN9CM4K061XTGIRX0 6CKI5U3Q6QVR22W400LJLLASWUBQD1Y4JVKTE6UTDECWUYRY4XPXE');

insert into CARACTERISTIQUE (ID_CARACTERISTIQUE, ATTRIBUT, VALEUR) values (8, 'OF 5E6NAR7J397644G76VATOW72OUW0INJ4VP3F5D12C6XOTY6 F25PGB DMJRQS6U0DCUUIC6AOCG9PUOC51S34H7OXA5Y035DT2JWJFR4MIRAWPLOHT901N81HNKKY', 'C8UJ7O6AP8G3V6GKS8DVVX TBALN7T FAAMWS2IJUDJ9BPGSRCHQD5P6M9TENT5CJAVW5 ELGGE8TMUCBQMQULKIK1V0OPW5EKT6J1C4T3H0LEGWTKPETV4NUICVDFJ4');

insert into CARACTERISTIQUE (ID_CARACTERISTIQUE, ATTRIBUT, VALEUR) values (10, '76T58TDL9WY2TKYN000UQWT2VL3REIF8WB8QFGN4O1GOPDE4S36T961U 1C6NOCEXCDD5F3GJ8E7BIAM1RFOCU  JSXY22TJDB4HE10 UVWFN89LVWFSB7V12G65FCVN', 'IUVMINP0Q6VR656 S6RKE4V9SYHT8TY650OPGCQAMPO31CCBOQY QE50RODWOQKDVTVOE2VN3Y 4FH9VKDQXTHS513FTU6RF8UXHRNW0MQG1V81I0J78F7JRNBJ61D2W');

insert into CARACTERISTIQUE (ID_CARACTERISTIQUE, ATTRIBUT, VALEUR) values (5, 'EWTAROLGPTKTEQVNMX873NUV88XRABJ2DA9RKQWVDIDQUBIPOQAUCLXLYRBGSRPAU4LOQLYGAWO909K1NUHDAG3N6BYPQH59GNELVQMT2HB8JX93A726UO5P4LURLDL2', 'HIRR7FL7VOFLOMBBY9RJX5WJ5BT3X4L42XO4CB NFIDCOFWXIEHJ7QLT9E66BQTI7K32IXDJK2Q1BRE8J2G EO35R06OKABKJQM2DQNEVUAK9Y1SUBYCFE96RWST7NUH');

insert into CARACTERISTIQUE (ID_CARACTERISTIQUE, ATTRIBUT, VALEUR) values (3, '1NLT8NQQF9HCONSPICPJNTWQ2XCPG8M5LEMGPT D9RR FU6VEBHEXD00I3BB61S79P8GXT 4O45FEXE 4QWLKV 23GY84PH7CXNF17AMTW4LSDBN3OVO3YDPLVVTE81G', 'X47I57L23V9KSD0BAMNTVFVYLDFPAOYMD17HRU O4O7HUFCXX2MGYALOR8W4NB7P CGWR8CL0C6I2J1X17D MJYWVTFPPH Q3C4EEXAIYILNO6Y X7S0ERHGP0LSK5NY');

insert into CARACTERISTIQUE (ID_CARACTERISTIQUE, ATTRIBUT, VALEUR) values (12, 'AYFW KAV39GBLNRSUUN0R8J2 S49SKPGQ8L1ALC41VE5C9DJ2D OFCRIC33HOTL1ENJW4WPUBXKEBTRGL0YML 8OXAO830SC8Q49C8IWR617CVF7GY4IFU1J5D31T98R', '4XSHJJ6FDA9OMTVY6P5VHLJF97IKYBFXPJHCQOEIRCF5H H2GU7PQNE8LDI091GHL3M1515CTWPEH7DRMD1EQOAH0XITLDSPQ2 CNCMQCO6LI41TOI6NKC96VXQIMFC0');

insert into CARACTERISTIQUE (ID_CARACTERISTIQUE, ATTRIBUT, VALEUR) values (17, 'BGIQH9SCDW8H01SUR1DUTP8CMU 56ORXVDEOOTJJAV1WHY4PVI2U7CPJ1TFN7G6TBKR7QOM5UFOXOBOD88XKRJAYAVWFLR4N7M3A5NT2HFVS1SLPHL3U96ONF483OT6Y', '6ITUR9TPDY8K3AW8S2KX5FEISWTERB116XRWMMRO1JS1GEAB8BIHYOJYGVTI08LS4ETO169AOQ2HG3DPI3QD3XJDTG8R3BPGLJG2JR5GOFR3M3B79TFED05SURWQAUXK');

insert into CARACTERISTIQUE (ID_CARACTERISTIQUE, ATTRIBUT, VALEUR) values (7, '7O6L2LRKUAMJS6VUEG4873J M8Q2HVUI7ECL8D33OWHYQ7GAXA 5O7DL9E3JM9IF7 6M5 9FXPAODO7P501PGFOCUBDIG8G1F6TOUAPMPQC0TGU3C51W RSH093PW7W ', '8HIT782EQ XY24518B45ASYKSI4VN1SWYU9DUHLLLC1VO SMD2R0Y6JC TKDT7MKRWC0VG8U6 1EWH3NT0Q534A0XFC73NRWTBTTF1E6LU5WWET5RNSI6KMRBLW4FQEK');

insert into CARACTERISTIQUE (ID_CARACTERISTIQUE, ATTRIBUT, VALEUR) values (15, '47OL4BP07HD5VD2RWQ6EB7XHN 4PMHY6UWO0E3H7U G1 CE8DA1R8QA2NUTTVKMU7J2AQM557U4CAABEIWL73GYB8NV5LTTG0 KNT QY 5AMJ57C688VYGVIMTELDQES', 'GD6K99EX3G3KGNMDN03SAIR3X47PHTOG6VAXR4EQ1V B041X1N9H50VRSAJ8JBJSM4G90OKG0OCVPPJLNN9X631T0XLUHP 1KYBRR0WBQ 2P9EJKDMI5EU7JVHIEYES ');

insert into CARACTERISTIQUE (ID_CARACTERISTIQUE, ATTRIBUT, VALEUR) values (2, '8N9 3B542J924YCHEESJKUYAA7XSHU3VYFN3JR9EG8RT5PXJD2GV8SYHVAE8TOJ1GRNGWFSRBVYOCG1FFITA1GLA2053WS9W5MLEHLEK1QE939OE3EYYL2H6UWXF SQC', ' S1CC6CR2FI347A67QR0JFBKVSTL6YQN J3STDQI06D4D306DO94YY3RJCGU2WEEUNEMVQSMSYSLQ5QI7MMWOM99O2RF6RETY293VH6DQYC6LFIE7CUJDOFK7IGAQ74R');

insert into CARACTERISTIQUE (ID_CARACTERISTIQUE, ATTRIBUT, VALEUR) values (6, 'MK7 BFMD2L0 F9R1118VAW3T9YW0YAAJNKK227X23P502M3309IQ36V8IRLFBY9X289B19ORWXLCDHEP2D15O95R1F019IQAXO757V6WGMHOD3A8A8FDAG3WCKHYMNVK', 'XBECSTGCB Y8038F13D0EB4E7NQ9LS HIGY6C12F6CYYN8PCIP13QVPPV34WB87CK2GASEEQ6U5BW2OALH290LIULXLL27 557V25APQ8UP1SSQMFB4WJVTBXRJGOFEV');

insert into CARACTERISTIQUE (ID_CARACTERISTIQUE, ATTRIBUT, VALEUR) values (18, 'Q8 Q O HD PP4LBHQT VLYV9YP0CERCM2EPF0BNDXTQYIPJDRJ1MG81A8AWJAADR8UUXCXNN9TYROXWACL0T9U50TK IY4PNGBI94FDBFWOIS458QGNEEPJNDSP1DKHX', 'GIIQ1 64H85OYNF09M81A2P1LRPENNEUV74ARXXW6FIJQW6DKAUMVK73EMA45OYLXXWH7JWBSF6O3UDYYTV8KTBXDJV30BS09XFU190XVOW0PU7746JE9AU8PAHMNFM9');

insert into CARACTERISTIQUE (ID_CARACTERISTIQUE, ATTRIBUT, VALEUR) values (19, '21582U6QQMLDL5YID764YTGOPQ0M52VHJUMIM47JJ2T9LVVNRC5HP82VTQ7NK VLI19HUDMKFRUVV9CHP KR00H9TL 6KRDOSGQ9GMF22TKP68S60QS1X8M50PG3RV8I', 'P MRHJ3K67W5U7WY1XJ9LGKYO6IO7V2P9CVBGXTEMKTKHEG8Q2YWSV5ESYQ5HKN32V0DIYTR9TLF7SUEF7A1Q452O0DMWHSDFV6NW7MCAKPSAV02IIE9YQ2R483HKJTU');

insert into CARACTERISTIQUE (ID_CARACTERISTIQUE, ATTRIBUT, VALEUR) values (4, 'BI5VT0LGDWD2 TG4QQO460E5U063CV7583 1 NWGC6Y0B0J 2PEN4IM5XW3MA8WXSO59NQ355DGCXW5RDTK2TWXA1DIV3JUGE70U6GVT6OFQ6IAO4T7IVF 11W6W1FJL', 'T90LHAO530 DM3N5IKMWPC9M3 WV6SY1SHHGSTAD6RLQT1IU3KM4UN11O87R78DS5F072HPJ9189475L58KTVBKM5FVVOY26UKFO302H5MX1D726OUYO 1 DVL4QA20M');

insert into CARACTERISTIQUE (ID_CARACTERISTIQUE, ATTRIBUT, VALEUR) values (9, 'N78UK1R0WWSI6 TA 0R0OB941JAGXHCJ9P 6GQ7NXBXXKHLDS61A6U6I9VC5CEHQ6BSH7VLU4QLXQ5C2IOAV2C1J3YCBGU5XE3L4QQ71FKY8O8NP8C53M44R3FN33JF4', 'W XGF2G9UP4 5NPLS4P50K9HI9NMGP3SL56W7GT9H5ORN6D6UE4JGPCGPHHL6 2NB6659 04E8UVPH8JAH0TF824EU3K65KDLME52FUR2UAIV8HHRSGVR13HLIC3QD8J');

insert into CARACTERISTIQUE (ID_CARACTERISTIQUE, ATTRIBUT, VALEUR) values (1, '5PQDQP7XYOLE2Y2YALO1SKI0WG2FR9ALSAY6G6OI HHQ8K1R3DBL839GFQQYMSNYUJFCUKN2YY1A6EXB84YE65BHOG97HXA2 QQDIBY6FK  IRX6HUVXK5JSSDNFTJW1', '5OOKQPYE2E3QB7381628XX4YI3INXYIXUY9W2NYJ6RRDT52723QB UN5ITBFC5SLOPTFJ7BYDF5YWV64YIV9RQ5Y3DTDBBDXULE86CGNOEKWP87YXW70OJYLW0I9TRGJ');

insert into UTILISATEUR (ID_UTILISATEUR, LOGIN, MDP, ACTIF) values (17, 'I48REGL5RJB47 93E7TY JK6D089L QEINS8I JMAITJQ3HF6QITKQA4IBGBQLAW', 'W4T8I QP4HK99M5AI3 CMP69QGM4BCAWP73Q0RRP6TB246S06SD8L338TUW43G8V', 4);

insert into UTILISATEUR (ID_UTILISATEUR, LOGIN, MDP, ACTIF) values (12, '3LMGEVB5FG8THQ6RG00Y04YP296LO8MP1W2TBMJW 69AW JUD1MU6GHIN7K2WOLD', 'X494XWIWBN90HFH0G GSDX6A0P7V8XSOVD582F6 TEJUAWWKY31X9HSGHV6RN4AF', 15);

insert into UTILISATEUR (ID_UTILISATEUR, LOGIN, MDP, ACTIF) values (4, 'RLAVNADRDMGGJD55LTH8117TJKLV17ICBPGJ0GBHPO983 00KGN7QRSRPR7KWQ2R', 'EGH7AWEENF8NKO5OWQQYQLSK0AAIKTK05XVDNE5BE6BSLBO35D4EHKC8 WY37DS3', 2);

insert into UTILISATEUR (ID_UTILISATEUR, LOGIN, MDP, ACTIF) values (13, 'EBK119AJRC2PGGHFC140IYE7PB8UGMCMGJKRNAM8YK59NWDBLNRAVKJUSODTSRVM', 'ACTHDIVRC2MUOYFEBOO38B4UKOKS3OJ6PCSFTFEIEN QF8NYK8S3Y84KFMA5S5UF', 11);

insert into UTILISATEUR (ID_UTILISATEUR, LOGIN, MDP, ACTIF) values (14, 'HJ9IUR0LDEPMV1X9QGDXE053WFAR7NJA6FE9TDMHQWTRI3PNRON3U9L6J4JB37NX', 'YJ3IJSX44E2OHC3VTORTR9SB1RBY3R4X8MY86S4WSWG4O U2IQSWWVYUE6NDWX6F', 6);

insert into UTILISATEUR (ID_UTILISATEUR, LOGIN, MDP, ACTIF) values (8, '27V3YEM 7W0IUYCFFOQ TJU4092VQWN4QKKB5I6FIKPN5NS TFLS7CDLIOHW7RR4', 'DAKEL6009POS2EF8W3YCS1VOAY9RBQ8JV8 2S72C3F4RRDRURJ9B0C73181TKNWM', 13);

insert into UTILISATEUR (ID_UTILISATEUR, LOGIN, MDP, ACTIF) values (5, 'GDT1FJGOPR2147B7CJYCHVPQVTJBJY6ABQQ6E YFWEIIGO BE2VRR JN166LICLT', 'X94NWP4JGQ3A4784NSNB9S 6P6PG2S8TB5WR8 F49BT1KQI5NPX7H1ORY YXBQO1', 12);

insert into UTILISATEUR (ID_UTILISATEUR, LOGIN, MDP, ACTIF) values (2, '1OCUR1L6VIH80Q4F24CAC208M67I3A3N0AJKCAP6207KUIKD2T7KN M4UDD5EP7K', 'KQ1C9WOB UFTRBRPL3T O66I4VDR2M30RU9LMUX5S2YTGVKEXVY11URT83FQ65P8', 19);

insert into UTILISATEUR (ID_UTILISATEUR, LOGIN, MDP, ACTIF) values (16, '9R827Y IHXV85NISPAAHB7BSM9ARP3U0I83DJOM0XDM68EK31QA62PGGIFJ0FCAD', 'PE511RPFJSBHMUULSVV XA3WWXIXMG6XVB6EH2TQORDHD5YIX31QV6APHOXPMBL6', 5);

insert into UTILISATEUR (ID_UTILISATEUR, LOGIN, MDP, ACTIF) values (15, '2WTROR4ARDENNISFRDS3V R5QGJS51ANY0XU2XGR116618JT6GB Q1EN50O8L6YR', 'AJQS0SMFDUVVWBP0SHSHJST0XQVPH ETS15HXESOEWHWNC9UF1DQPVLEVGGUP7IF', 10);

insert into UTILISATEUR (ID_UTILISATEUR, LOGIN, MDP, ACTIF) values (18, 'UTWGFH MGKPL7DP A8ATYHXIBQ7TNCUB1L3SJ9GSC2QY4AIHR2 XVDB4EAB9ENWS', 'QTN4K0GF8UR56T6JMSY7ESX4J9PCWD6G7YAMI43DYK5G7SHCRRNYQDJCXLJNXA40', 14);

insert into UTILISATEUR (ID_UTILISATEUR, LOGIN, MDP, ACTIF) values (9, 'IPS9CM02RTVOXTLMV8OU1DWM8G2L0PGBXI6J GAXC0NEWE IL6GG5LIWCXG4VP9X', 'XI55IWM0C12XMXJCV3DA0YJWMWSKOCF3AL55D EMT9RYGC5EOW1UNHGIUQ54BGLG', 17);

insert into UTILISATEUR (ID_UTILISATEUR, LOGIN, MDP, ACTIF) values (6, 'JCCOP67QGXJ2GX6 I8EV2RANVJCEHBIEBO9W R6I1VUV8V1RYVGHS3UDM3KAJSQ9', 'CC4E5J5AG8FAVPJ4KBFGAE8LIKCN23KKQWTV08 S 16U99BWIJ8BOO7E61UQD7LR', 7);

insert into UTILISATEUR (ID_UTILISATEUR, LOGIN, MDP, ACTIF) values (7, 'TYTSEP06Q6TBY8T8SKG1IB6C2GTYUWWUCMV6O VDV8N7JK6NNS5GIQOKBGOSEVF9', 'VIUWCDGSSQ W2RHY8R2VQR4W2O4ATBG3PDT3KNJOXGRY0FH929GTJR4W26JH5G9H', 16);

insert into UTILISATEUR (ID_UTILISATEUR, LOGIN, MDP, ACTIF) values (10, 'R825P5EIDDEL1V70Q381A46V52PHDL2FPA35LBLUV3 TPRF3 18BHWUW16A20E00', 'YR49EFJN3BCUV45J BR7A7S0O6ES87JIV 7LMHAOMJFNM5QCM7DAD62K3CTW4N8M', 8);

insert into UTILISATEUR (ID_UTILISATEUR, LOGIN, MDP, ACTIF) values (11, 'CFETH3VCMTCHVDPGX6N2WVC01TRRS5VGK7H5TL1SI07J4CCGR6WGGHPCXXE5CAN ', 'HCBI67VGKANQEDU0ABFNDBBO6FWU1GP1F7LQ7HXKLTJSH8JL  54YRCAE6NXCRPP', 18);

insert into UTILISATEUR (ID_UTILISATEUR, LOGIN, MDP, ACTIF) values (1, 'X9MD2HCQ59A53T28DO7T9OCW3LA1ERRNLA3 X0GIR27ROKYOACTULW3EKVHIX008', 'XY67 RFA0EJQBMB09LJVY8C2XDWPJAEG 009XXQQTC SH  WFNIAFYUJLUI2A8BS', 3);

insert into UTILISATEUR (ID_UTILISATEUR, LOGIN, MDP, ACTIF) values (19, 'G 2T9VC990E6USKHNWTGU57B4U 0 3NB 1JY1CJV5QBDS9S4B47VL C 3NL6SI99', 'WFNDWC HF4HW RSQDH775UK5 CKC1 YMMSKDMF22I6MK1BJGV5I CQ9S2QQ1S K8', 9);

insert into UTILISATEUR (ID_UTILISATEUR, LOGIN, MDP, ACTIF) values (3, 'DAIRF8T1NV9OSC USRWNLGJFJG4 SCW8EGUVPUI7M3GPBSWP7MQIQ5BK3G7MG804', '2RL5KY7CN92LFMUK9X1HPJ8NBYAU9T1EIN3ULR6B9HH14YWL662YLDF4YPFIGLAK', 0);

insert into ADRESSE (ID_ADRESSE, NUMERO, VOIE, CODE_POSTAL, VILLE) values (10, 'PL5FD5Q43F838DLS', 'HG55HCH5N2A5OE49DH205RN2GHUPJL3QYI9ROTTUKX166V6Y9Q8DF7G4U7EBK0WFWLXLM1 SP7IXPSDX9BUGIDUCFE3HMX9EHI4 GURO7K2OLF3ESYRS3CTR99Q65F7S', 'L7FJ7ILL7LBBE54L', 'DCOHYFKKRRU0K3JYMMUR2PO1J9BN0ERP87KB1V8ESJ8VBQQNGIQ P5AF263TIO2U');

insert into ADRESSE (ID_ADRESSE, NUMERO, VOIE, CODE_POSTAL, VILLE) values (18, '2TOYN7NRXCU9GEJW', 'H1PMGKH0 NW2AN0D2HV42PV80YYMN44IF FD40S0H74XGSCPVQUJIKVF1QDDT4WAE70I1NQOYYSFURK NLCFKL3QBUG6K3SL7M0H0BUU6NT0E PLJ XDM 8CJJL5W9FP', '9HTFTG7579THHPSC', '67OCU1V NRBMM41P2N99726PJGJ1OMGOIR2KPCHKPPJ4Y7XY1FHOF6JK4TJU1W1Y');

insert into ADRESSE (ID_ADRESSE, NUMERO, VOIE, CODE_POSTAL, VILLE) values (16, 'WIKDN2NBWLK09TA3', 'A4X2 JY4M52E7F3OBS B6GC9 63N BXORO6C09ETH7AKJMH6D0XGX9 9L4594JPCD82NB1V5HR4TTJ2TSM 8N6 U2OU UQOAIVRKDVG05N5QLQG3DOBGBIQCMC9YR64X', 'P F5GYPXIC8HNWSA', '6AT8 QGAXN8OXGA3P9DOEN IK4W58SE9R7QXCOK XXNP9UCKYLQY99HTE6C241IW');

insert into ADRESSE (ID_ADRESSE, NUMERO, VOIE, CODE_POSTAL, VILLE) values (3, 'NO1O R7HUXB9IT W', 'AKF ODO5IUU3KCKBG8 345VW7H9PPSQFEF25 NG0EAK2MYVJ4D0JBEJCFNPYLVMR8JLG4B4W7YL2TP4M278CD8BEIAASKE9NT2WO5KEW0W4RBBK5NXGEU12HDYPIVTKM', 'PKYCO2KFNQ63 3J1', 'I1OHH80A1XY1WXTLE DICBHGPWH1OWR DAC BWFP617QVQQ58XWJ5LQCA7SQ28YE');

insert into ADRESSE (ID_ADRESSE, NUMERO, VOIE, CODE_POSTAL, VILLE) values (15, 'KRWQC YBJD82BYLJ', 'U6NT84FTJ484HYRKXNDWJT5TL7HRY2U P2K6P7Q96RYESDS1JOL9C2CFDO1EDOVSCY5D2K9N W64XV0LT6L7DTS3KYSLVPQXH3W9YIE7NOP3P9BWSHUQTM0EQQ TCOY0', 'H073RY1YF1 TCKTD', 'VHCVWTSD PD4EVN1EYXM9GH0K Q5JD8U987TGJJCPBCTVFEUFQXKIRDVNALKL78R');

insert into ADRESSE (ID_ADRESSE, NUMERO, VOIE, CODE_POSTAL, VILLE) values (9, 'X8X1PLVTSTTG0UXH', 'ET6 8VXTJA9F3TXK3VM62K0P1ORRURJI2E7YS1XAOXHH7HGV0P62NB55CI8ILJRL598WSU23PVVWCM XHCN9B07N40DBX7E9WQBTHRALYCWNX5 L671VVBCVK 2RCFNA', 'MMAILF6EC9UKD7SS', 'F3DQC8HC9GVRU3BVITAHUYD491NHU6XEVQ5W2KUY8KO3 04AKV9QCX NUC1S06RR');

insert into ADRESSE (ID_ADRESSE, NUMERO, VOIE, CODE_POSTAL, VILLE) values (12, 'XOFJ0BKQ00 RDO4N', ' J8E 084O175T4ECY0V0TSTERN5VK RJL94751MLNLHVJ6A6OC35T0GCD0VNSGC4JGDQIE3DN11O8SVNAL170QE6 IR1XSF2U7VP49FKRF274NCD5UG10DLCGPFEAFWV', 'CPBDBH6BF64PKG08', 'A69J050T9L4PM6USVXINA2NC473D9 75FX1RJEJ3RKY7GLBLG32QO908NKA11BR9');

insert into ADRESSE (ID_ADRESSE, NUMERO, VOIE, CODE_POSTAL, VILLE) values (19, 'MWE4O1N3CWRG35AY', '7PB55CQYPSOFH CSAB1VLVC2E6FAAC4V 5EEXUL6V7WNWJV2E8F3NSFC J8MG1R47RN  LWOBTKC KD7ST3G94005D6KLK0IHUJTWT1KQQJCKWOXHDH NFLLCDJKKHCN', 'WAJWW7WRS5590U68', 'F3QMXNSHFL3996955YAA3Y7W043EXFLWQJ43LQD9QFNRM9V9SDXFL74YI33 OEJS');

insert into ADRESSE (ID_ADRESSE, NUMERO, VOIE, CODE_POSTAL, VILLE) values (2, '0DBV2FIXBWDS4NT8', '5MF1JERVH6JQMU0R26WX7T7HT7IEEVRY7HL2VP9BKA6W9B02XLJVHW6SEM50CFKO9R7LYK3EOD ISORWY0LO6UAFKDFRQ9JSLUDN5G8G4OEGMUO5SS1H4CR4H99633T1', 'WCBEV8P98I8AE1IE', 'H3UD51DFVROUDQNIS8LFDQ1U6OSM4YVFGNJ FHASNE2YG2MA9EU SOMRN8JD9882');

insert into ADRESSE (ID_ADRESSE, NUMERO, VOIE, CODE_POSTAL, VILLE) values (13, 'Q9X6CR75ACWY6X55', '652GTB3LWIS0CCNGPEVOCM4CY1F535  M46MKNFNM6DMR3XBMBYY0FFBGMNTK70 48J 5FGAM3B4QO8W5  BF1154VILII93N1VLG8TXTLOJC3L8I N039SMPPK51WJ9', ' BDGY9AY97QE6HCV', '35NNAJ XK4PUX72Q0V4YCSYO81NKB1ORIILFW7R8RRBG1NTTGKRLPBJCWGDVKKPC');

insert into ADRESSE (ID_ADRESSE, NUMERO, VOIE, CODE_POSTAL, VILLE) values (17, 'S2 A9OCSUP3DI0WW', 'Q2QWK5GTU5F7T I3KUKJMFVCN17JHQ15MUPLNRUWY7GSJGX2X65STGYP2URYAXC7617L48R028J5042GSLTSMQ0VP6G01UHOYAJ5I8HOQSDHY7PF QU 67HSX1HGJGTK', 'GKUYTWBQ3T1XUGJW', 'E SH3Q1MHC BO 5ASET542QCQXPMWM7VMO5NN5LLVVJBWD3AQOFQ 0ADSXH5WFTI');

insert into ADRESSE (ID_ADRESSE, NUMERO, VOIE, CODE_POSTAL, VILLE) values (14, 'E5GW4XBU 8D60S W', '57 TGYN88EIA6EWV2BF0OB87UHTHP87OMJODT59SFNHAQY8H70OSK2IL5MHFM6VLU0OWL2SAV6PJQNKQ8MLLG1YA7MAYHUEO DXRXI3DRLHBIR9WNW3W09MC2L02QBW3', 'HTNRCERUU7SE4LTF', '0X69QIXCGBWEINFFL9Y22WAB7FVG 72K0HL9RNR3RD6G649J6Y57EUMTCOG T2TS');

insert into ADRESSE (ID_ADRESSE, NUMERO, VOIE, CODE_POSTAL, VILLE) values (4, 'EHKS10BSAJ3WJRMB', 'VFBN4TEJXL17K52 KM I5BYLEQCXX6QQ 0MFNVG0YWH5H74SUO1GXCVQKAU4PKTCGYHC409TX7U81SYYWXT5I0N4JI E 4CD26JWC6BSRC2X8BJUU9X69IX  O7VR313', '7XIAN8TJR10B0KTN', 'Q94UE 4VXSEMMQ56YPMJ6HKA7WQLAPAM04CIDFHITCHDSW2Q0CWNS1SXFE1BEB6D');

insert into ADRESSE (ID_ADRESSE, NUMERO, VOIE, CODE_POSTAL, VILLE) values (7, '581E SH5 8L5RIPP', '9K8U7UJGU20X3T9MHNSHPJTA84QV86WK4208T 69E8E9XQV78 Q8HCUS76U1PMGMFP5EF4YB6PX634IC5C1XFRU1K7LBO9KVLHV FA KMC4A7ITI0PVAJ17ELN1VSCIQ', 'XD177PAO5K8N1Q5Q', '8 Q0OGSLVTADTKCD5VFHQ7EQBHQJBLI3KTPFC09H92LNX8S1R7L8N9VFUJ VEUSK');

insert into ADRESSE (ID_ADRESSE, NUMERO, VOIE, CODE_POSTAL, VILLE) values (5, 'QD2JY0273K92HFMR', 'PEAUD3RPV5GDY R075BEX1LW7Y28TTYCFKE7 L89O0BL76QWRSBKW64H KI4R 2O636H3IOHGY D18I1EORDWBCS714LOSAH04GGSXUF9 MCLUC2I1GPIW7ARUJ0WOK8', '30XY MGBO3LH8OLC', 'PLK2NNOBSX0HJYKG CNDEX5LMWW94UWH3BIK0E22VB4F7994ICPNXLIJ  IX4W35');

insert into ADRESSE (ID_ADRESSE, NUMERO, VOIE, CODE_POSTAL, VILLE) values (1, '4AL 24JOI U6PCNT', 'LSX58MWYV5DJ87UC313QJX077LBYSM7A9BBTQSCONK75H2 4TV9WUVIJRUVB 6WO2Y33S85 NA1QYP8B1SHXJSW2BAL96BUBNXST37N3KJN3IXEPQ36TT8OEDJQ99NIT', 'KK0GOTBFERYQC07C', 'S1OTXV FM6EBN8UBQ8W4D2NCS9QA6W3TIT2064CVUF8BRHP3R5621PQYP7E6A6 E');

insert into ADRESSE (ID_ADRESSE, NUMERO, VOIE, CODE_POSTAL, VILLE) values (8, '9ID3QQN57WCTQ3WF', 'BKQ6FJNXRFTB43QUK2NW39UV5BH0B9VL268JQMA8964TV0W0T24OXKSLGCXKJS9VI3FN5C5LP23724WCGGR2Y98JSC089EFMXRFI 468FB7F5D8O3OJ531FDC4NJ1TKN', 'NDJQNXSFY 4NYQGD', 'OSMLKUGPX3VSL7OC86E5DG9YWA9LJO9M936A663YX6IFA1YNKGE7 Q6VC1XW7UV1');

insert into ADRESSE (ID_ADRESSE, NUMERO, VOIE, CODE_POSTAL, VILLE) values (6, '552CPAQXD5CVB6K8', 'AJ7DLXTBFARQP6QO03HDB5WLWIMDJ87G6XOSN7UNC81KIKPT48EESAOFXBOVKFCFUDNMT FXGL6RG2TB1K18US6YKHDF4NDM8EUY2U7LQP9CMP44YM34YG6YKV9TCS1Y', '9Y1H6VOVK9RJK3AK', '1VH65TBIMP97775FR7VELJUWK2XOPM3YAC6HU1QYET3EUG9WIND66BY1T SUMLNE');

insert into ADRESSE (ID_ADRESSE, NUMERO, VOIE, CODE_POSTAL, VILLE) values (11, '3PC7ARKGDQ0DTDX9', 'VKU7ET6TR19O6343TY4LSMW3DGRYK5J30F622KRMT10DKCPQ56LH25 P36546MHJJLBGF7SRT6BCA37F6WWVTHG G2QVUNWGYPKM0EHUD0VS1JBAQRC63JQUW5M1C45X', '3NQRJJW2BOSDS3D1', '1QTVRLAO9LYIW2R04 GAR5O3XCSJOQPAYAV5ISBWX6NC5TFIMJIPLKMNFV98SNR9');

insert into PROMOTION (ID_PROMOTION, NOM, POURCENTAGE, ACTIVE) values (15, '064QSUYW9GK4A4BT55YX0EBU1XPY6C1YPHCX6O8KP1T42 FKY57YHHBS9J5RGW71', 15, 7);

insert into PROMOTION (ID_PROMOTION, NOM, POURCENTAGE, ACTIVE) values (2, 'CP67YJBRX18IE001NKDDD5CDVPWM3STCH1KJ9OC1W1KHN456WQII3VF70QM17WGT', 6, 11);

insert into PROMOTION (ID_PROMOTION, NOM, POURCENTAGE, ACTIVE) values (13, 'F  YNPL7P20G56OQ3CW7065Q6DEPBQO5NBGNRSNOANBD3R1OQW9K4B3JVC61HEFW', 10, 0);

insert into PROMOTION (ID_PROMOTION, NOM, POURCENTAGE, ACTIVE) values (6, 'U9FLY806PTL2CHK4MEQG3JOGR0B7F1IUTOQJ8A4R74G4G0KJMHVI86BOM6L5GUM4', 14, 18);

insert into PROMOTION (ID_PROMOTION, NOM, POURCENTAGE, ACTIVE) values (17, 'JVM079AO4NVUM26OR7L6JJ9MG65MM0F15QOC6IQH226ENCHIB78MMYO CXK7KSFB', 18, 10);

insert into PROMOTION (ID_PROMOTION, NOM, POURCENTAGE, ACTIVE) values (8, 'WM1M5EM2OH5Q2MHDKOKVSTOQKVU4OF2V8I3POBXJTL H0N1U3AQO L97LXCJU8PW', 11, 19);

insert into PROMOTION (ID_PROMOTION, NOM, POURCENTAGE, ACTIVE) values (1, 'RVQA3PNBJNA6AA RIACLSOAX LV9SKKW9N7SA2M3 D12DC09PFBXGLLPHWN RSUO', 4, 2);

insert into PROMOTION (ID_PROMOTION, NOM, POURCENTAGE, ACTIVE) values (10, 'LD8GUUMUG2N6EQPRN 2UWTVO D85Q9JBU5U91LAUFJWC5CM0GSE6PWQ8K3NXAFO3', 7, 16);

insert into PROMOTION (ID_PROMOTION, NOM, POURCENTAGE, ACTIVE) values (7, '8IK0PV6LL426145XH7FN4GQ3FPDCQR4O5MA8G9TYOPP262MU43TPY1A5XB55XQNY', 2, 14);

insert into PROMOTION (ID_PROMOTION, NOM, POURCENTAGE, ACTIVE) values (19, '43ACHEK OOV5A5B90WKJTBQPML8XIVY5T5BENXP4O0 ETFB0WJ28UYA86RA0NQLO', 5, 17);

insert into PROMOTION (ID_PROMOTION, NOM, POURCENTAGE, ACTIVE) values (16, '3GFCGJFYX5XISYO7RI5KXN5LEKCIAW4BY96V4YUIU3W2XUD8MT03K5BTC8UC  W3', 1, 1);

insert into PROMOTION (ID_PROMOTION, NOM, POURCENTAGE, ACTIVE) values (18, 'LDIGGWYY0EKAL79RR A7W7SA4MN6VMAC92QBX6OT64 AV74RJ311RLFO2 0IUHGL', 12, 3);

insert into PROMOTION (ID_PROMOTION, NOM, POURCENTAGE, ACTIVE) values (3, 'G7KJQKUV6TNXD2LGISPIM5 VL9LJFBJSU56WNY673OETI 9DE44CMQ64DSIBSTL1', 19, 15);

insert into PROMOTION (ID_PROMOTION, NOM, POURCENTAGE, ACTIVE) values (14, '5R4046B53AID88MA2UI0J9KV5I7MQSKTCJC8A5RDKWOS722AI3LSULNYVVK3Q09T', 9, 4);

insert into PROMOTION (ID_PROMOTION, NOM, POURCENTAGE, ACTIVE) values (4, 'ID8RXS0R0702QTVPWLEQLQTDLVW3 CF1WTJIF3DI2G  TUA8LNFNKNEIM0WQ8MRR', 8, 12);

insert into PROMOTION (ID_PROMOTION, NOM, POURCENTAGE, ACTIVE) values (11, 'YVF7W153KGH11JDR10I66CKXBCOYYQTK63HC3OG9IHUKPA6HX1 PHUHK8GQI8N19', 0, 13);

insert into PROMOTION (ID_PROMOTION, NOM, POURCENTAGE, ACTIVE) values (5, 'CJP8E1E31ERORJLV1JIE795L3G0VVAT0BWHXU7YVEKEARRHQBX68ROHGR TB9OF7', 3, 5);

insert into PROMOTION (ID_PROMOTION, NOM, POURCENTAGE, ACTIVE) values (9, '5A95J3JBWFPHBIQX379QWJGXO4PLYIOO7XCBA4EQQ2FF71UVQKP9LPYEFTYQPBKA', 17, 6);

insert into PROMOTION (ID_PROMOTION, NOM, POURCENTAGE, ACTIVE) values (12, 'TH2CBWBW8TJ0VC5BOQVEVUC8O7H34AAMRS9YLPQVL8LSU5XQS7BT0B1K740KLJKP', 13, 8);

insert into ROLE (NOMROLE, ENABLED) values ('3T5SLXM7J2CLDGH59950GM9B5MXB2S6KLPYM2OOW M4T4HVU067Q47MBKBTFG2CA', 7);

insert into ROLE (NOMROLE, ENABLED) values ('6LVKSY6W6PSYJB7IHD95WSTSY3PAK536D58Y EKC3RC4E QMA9AHEY5XUKRH K4F', 1);

insert into ROLE (NOMROLE, ENABLED) values ('WJPXIN3KTO9C4HM26SOQREVBX OBXU1JKIFDVE 8MXDAQWVY2FAQVT4Q01GXBMB7', 16);

insert into ROLE (NOMROLE, ENABLED) values ('D9X ACBCXKVHYCGM17C28X 941K8NGDIJL49K942B2H86X8SDMG10IE9DRVV61IP', 0);

insert into ROLE (NOMROLE, ENABLED) values ('BTBG7XAYHJ8LEU EESNV D7E4JMCQ  G6RBKC4NQBILFC8DOPADFNB8KS8HWU2VL', 11);

insert into ROLE (NOMROLE, ENABLED) values ('SS6FSPXJW7FDBDY409HF664008JJN079WTJN0JRPE60UDH9K4D8EAWG8JG930K X', 12);

insert into ROLE (NOMROLE, ENABLED) values ('H9AL3JOU6P113VM23TAKHDRYCDJ4DJ AL2UFUN4VQGLYUUE 4BP UJE9IYO1XR D', 5);

insert into ROLE (NOMROLE, ENABLED) values ('IRX3NSH QO5BKQR H5YI3DPI9QCXE4NENCRBN0 O07NPWYSXP2XQOXW9 QPTBHJ0', 4);

insert into ROLE (NOMROLE, ENABLED) values ('JEVKJCSOJAEF3WK2EFW1O71GAK7BQT3 X B6RS 1FS3K40YVE3KMSB79TBS0G1QH', 14);

insert into ROLE (NOMROLE, ENABLED) values ('PQF6BIJ314V1JRT3ME1GECB5IMS4U4OWVS1GXKCFQ58HMOVT8BS8KF6UCOYQ156X', 13);

insert into ROLE (NOMROLE, ENABLED) values ('NUCK 56X7C4EA9SBF9QIYQLDJ6DOQ5BIC3  HFQR4NWY1328P78KXH51ECMKB62X', 17);

insert into ROLE (NOMROLE, ENABLED) values ('IAXW3MMCGKA75S7GLOYHHVFFFYNSUDCPRQN87 CFA5GXHYJ5UO14A7VF9CSK1V M', 9);

insert into ROLE (NOMROLE, ENABLED) values ('X6YSRSB1TYYPJ9BSCU25ORW5RATU8UOT  33ECVFF2RUJFR267X MUQ1T5WDFJ1N', 18);

insert into ROLE (NOMROLE, ENABLED) values ('11PFG076O48KB4W0IG TQUJSLUMOB5NQEPUXV4H5994PC5QYPR0MA4HFDTY17YW2', 8);

insert into ROLE (NOMROLE, ENABLED) values ('IY GA4QG07O0S96FAR5794H7KYAK4A5UY8XNXEWJ 4FYHB0BYQY399GOSTF5NFOK', 6);

insert into ROLE (NOMROLE, ENABLED) values ('HI1 RHU2AUERV4XQIEFMI18PQDJF4SL  CWOCSB0AK0J3KK4X3XWY HCC69TGR 7', 2);

insert into ROLE (NOMROLE, ENABLED) values ('KSNQYXYNG511WKE6EL8U4MV1NBKKAQTJFESWFEDIFXPXR3VW6AK39JVHWEXMV7YN', 15);

insert into ROLE (NOMROLE, ENABLED) values ('XB5SEU1FYSMKR2BJQ1I49BYLFK4S5N7EM73Q0UBH15U3MJ MOA16MNFMRIFMNL8 ', 19);

insert into ROLE (NOMROLE, ENABLED) values ('77AU42H2RWSIRJY1SXMAL4K3MEFHNKNVI2V1B7SUEKBI93CT I17 IHUS07G07XU', 3);

insert into ROLE (NOMROLE, ENABLED) values ('J1C0QYAQB3NMTC2EC IJBI9WBK6GA1IWHUO9720052F4TE0F3WOORWUOBW86PSOC', 10);

insert into MESSAGE (ID_MESSAGE, ID_SENDER, ID_RECEIVER, INTITULE, CORPS_MESSAGE, DATE_MESSAGE, LU) values (19, 5, 5, 'MEG5HPBAU8FDOMKCK3MICO8Q2FBC1F NS3W GOV969WSSEHAHJNAJ37EY6LI8VC3', 'NR1V1E4P72I6CWR8O5EW9C0M PI9YAMSACVG 2VCYNTHEYNX68K9T8TX91IQWJA1KQ71OAR8U1V2666LIJHV2 HHD9NCJ7GPYOY145QWJJ2W0TSXT4BHU7DF2F10HJKN5HHM2TK6VX9QV4YXAJNQPJR8829D3U00X JRUG 5TJO4EFYXAWFWUPSMWB8TCF279IA7H9L5H9YDY20GET062FKMBSAKUNVY90CGMIYW5H6KFEADBF6GXH3ISN7MXXJ97VNVNHIA94SLHVSTUG5FIL7VVM5QHM3EJ2LHHFLJFNM4DVI723HLPMQL8XNG48DWU1 7SOF6D3 L1W982467WFDSPBQ5487MUU0OUN8Y1XJ71FTU8SMB9URV92QVD4BNH1ABNP0YG8D M0TC1XNQKUDJ10FKGGBFSOTCRAQHVLYPP6V82WH29BNSDH2WLSQLYD1RHUB8O46XUIFD6JQPE9WWPE6AOR 4E9RCOVI1CHE 7OWT9AETROEFM6T08 EAL17N V14NT92OBJYG3YCRL95WQD3G49JAW00MFGYCWW0S3KH0D81F3J7HKOA7WNR9K8KF39AIXUJQR2CC6GDH96 GOX8 1PYIBB70HV49O05A01P01BNB9150LS8XBBK8Y4LJAMSXHQ10OG5R TYY7WNKF9HVID7OTW8W4PV 6QA0J2EHNH52AFQPQSVBFOTDQBCKQ9A137P3FNK744V1S7X2O84CYVKV4HYQUB4V5NVQ8S 522ITXP KXVQS K0 WTU88SVHS151V3BMP A2 B07NBX3E8VNI9OIQK7V RQR9XF5QY649CD5LNTB6A7XX3RR4C6D6JKDDPJFEHXX50PQ0D78A1E3P 9Q9T1DGLCW7N49HH340EWGPCO9RO0IW34W4KBEBHL5RYXMB80 8I7X UOHNBYS1V1DJ0X8W7KG5N0NQHRFBB2 OJCL 0GL9AJWJJXPS5CWERON4B82OL9K8LO WOWT7MVW3GRU53T7P4J1DB45U4USIGCPJ52', '1027-3-10 8:57:44', 15);

insert into MESSAGE (ID_MESSAGE, ID_SENDER, ID_RECEIVER, INTITULE, CORPS_MESSAGE, DATE_MESSAGE, LU) values (14, 15, 13, 'LJ22K2YFVG1L6O20O 3E54R380CV1WNOB6OIJQ72CU1LXFK2 9UCT40QGRF1UK11', 'G1N3H7X4VNAJP6KGGXCULCI5W 2XG25 QHH2CX2Y4JCYF RMMRSNWRBRDMQOJNDX RODVDUI4H893DBGHDEJDO0KQX6P0LCION5G5M6BHUFF LQP3SAATQWRQYIWI3ILHFBHUUX71DR74WGDPK2ISLBS99BUDH9C6YVFB7Q9RFF44MRPPUNJGYEEEYH K2V5RK10LWAUSV4IC3WCL7GHOI8KBODKP7IQC5CRC72MD3UGOO023T7BY1SMELRI3AA365S0VDJI 14TST422C5OFCY45DSNOQ5IQHST6O2R86RAXV6QJ2U3X7KY8A1H101IKP33XHVVTH190E0QMP9TXHA7I2HEGKQYFRYFD63LPHN1NTF3OIUVI3QCX0GGTX  88WCH3U1X9NJ3P216CE3GWF2OXTKPNCX070YUP1HOCKL6LH4RJ329VTC06PECBEI09OCRGLLEX9SJ3757YM7YY6GFNPFMHJPKKQ84UA9LL1EBTJ8G0YOB6SXIRVV3U3P8SE6JDSOXKMMEFUQNNJERLSL0GLRW2C2P5BK6LPBAJ4BCL9C0B85B86LW7PWXTFLRCIH04JXNR2791X Y19DP7Y971DUNTDDGNHTIJOI60CR1IUW3CAFBO A7GA AW6RWW09XHFF7KB85SXL4ADC6R NAKGGLSODEEFB3O285BQMRP0UXHY0 NOK YB63BO7G D6JSNTPLPSM1RQK1Y11MMK0RQVWETFN3XWFL8CMASB8QVL7MMUDVAE8OY0SVPJSMKAKTS8TU KPNV38EMNNP37NUMV8NVBS15XGA47G9LPTQ73543E5GBAG0THAPNTQB169U 9PYGP Y7UM0HVVG6B G1PR0DCV V7QC1O10O9AA5RHWPME3R7PY451L8JL2RXCOU1  VUHT6NO13Y1S469UD66HEBH6936RW5AX1TXJEJCAC Q 4OGYH WRUU8D851KJ6SHK6QKRQT2LL24NI8OJJMJJJPD1FC32HKS8SK15UI8CG9PEOQX2LDX97', '265-11-26 2:5:15', 14);

insert into MESSAGE (ID_MESSAGE, ID_SENDER, ID_RECEIVER, INTITULE, CORPS_MESSAGE, DATE_MESSAGE, LU) values (18, 9, 4, 'C3U8WM5P5 H7SO45CO8HTI J8Q5ESVP29V1 PKB80XDS4ITBW1XW2QM DS75IWMW', 'YAFX4DNSSJ9AT3CR19J09C1J75YLT4TU4UHI5EE2TXA3HX3M53JHLI4P2CJXBCTRL9RUTBBJ4PBD9QXWR92XIV21X JLWRTITC9847BQE6Q4HSEBYR92U18QH42J7OB0HC9YT87HF3G35DXUY6QI6NX8OCOCJEMCD4LX8KOV6TMSVRST5LEMNFAAIRAGX810G1EWFED9T8YJ A9S3NNI42EW7YA2YJROU 8E 0UCLQHGFDGLGI943D9C45E7XPVCUD3QBMI0 8NFUEED4UF5P2R8R0RLR5CAU5D DKPIJ7B2HT1K2VP2R0OFUS S3B22GTV1R5PC1NSV929TGD44R2P167156OVIFDRKUSN9D2P0SMS5NL3DT2IHQLASWSHQNENYIULDMJ5IB3AS4CDNPXJHOQIKV5H46XLFEQIY MM6OYCBH08JUN91A0W69DED8MY0RXBPVH1JIUFHIG9FC50D0A22 1OG7LLGJWQHTQNYYDXG72IH F 2I 0HKSNLKIQBA7HHHK7KX74KMSDO3KCXH25G7AKA1L Y8D56PPTAW07I13QQSM43X ARR9JEGKFGA 8BJD S3IA7V T4RNAWURN0QEOYTPIR O4X3CMJBFEXP096FTP2JYVIAIWD8S2JI26BPX4S2LE4976 RA4JDL H8D3926C8RUK3U 5MIS5ME6YCG97JWBFS1S0KQP247QG44UWSFUDH71JXWXKKU915UMDHWS972FUKCFWX9NP1UH651JOG0133GSQIACFB4RPUF63D63NXOOJ8KFX9HX9TA7LGVSG0VHUPH1WCW4P37CP3SWLCELKFGSCBQ5LPGG03SI1RVP6P4Q8JN9WB3AIRPJBH3XMHOIWCPMPB6TD88MY4RYX51V DGHOID7LC L20TWGJLIEGIB84GCQ1XL8PRNKC4I0 GLYWUHBPGUCE3PQOMV8FIC XE3152YUVWHX6NXOWUW8DA3MOV184RHB O  E18CBP8B7AGBXHTW JGERGCH4SYQLOD8T', '1238-2-22 10:37:4', 4);

insert into MESSAGE (ID_MESSAGE, ID_SENDER, ID_RECEIVER, INTITULE, CORPS_MESSAGE, DATE_MESSAGE, LU) values (6, 16, 5, 'QM79QM1QUC2D1 MW R3I69PTTAO7GSR2OYOAFPMMMCDS77GH P8YDL04O53CMMW8', '4GBC WAQYOGGPP44F60E9BMTV76B3IKEGDUUFIXO UPWKSNYPASTVI7RE6XF9JMID7IDF58AVP2EQA1XC8H0HJNV0FQ16QXPEQ8D2X45AI0 JFTQD29S 2CCDXPYJCYU68D000D012CDYHDE0DOQXOKKFBDVMM22HIP9NJR 4RA3NS28O7N6F4GB8OO7FYKTB EVYRWGLEIHXO4SW7MAE44LXN04LOMTSI0DMWA2TE1NQIMXDKBXAFJPYD3OE5B26JJ2 8DR7ODGOONRYXYUASL8SJ2KRUMSV C002IRCRCJ2O5PNI3I62203FIEB5GKJD94CPYJZK8DSW HM4R5G3P7PQFHBLM8UOG09IUX0NO5GVV07 BU8R28NT6WNOUXRHJ5RX9YK3UWB4HMVXMFA PS1FJLWYP0AVJQEC5YSF5E78FT9BVG1N1U5 O8B R6NFVRH8FK4TH7RR5E50ODLTDOHB99QDFE8AC0W3UP1W7O4C1HIF2APFYUMU8WPR1WK6718F2J9U Y7NDGEHG6RJX5CK17GTV7B826QRQJNDYWHCD 5OQSU8CQKXGXS804C8 K9QCH6QL96450404LOK5YDWRP8SKQLFF2EX9C0OVG4SNQW 9WLP7H 3JUY6GF9N8EB0THGJ3SR2UP7O8TNTABUJUJR8LTN6N0VN9H0509ASJPYOH5J21MFT3O4SQU7VD6MIO6AVSOHTGR65WJLP2 I46 7OJQJ6HVOE4S2LXOT 891PQGT U4X3BXRSLYG FXW2IQARFLE7EUXJO0U5R6OW7T82FAVQ3YQAQO1CNN FFECEU9 K4IXAVOQFESWGTBDWHOLTBP1MN4XIQY9K5P2JTB1VUTQM94LTG0C7OJMSBIKO7L8IWQJEWEIEYXTAJDUV67V39MGWLB67LI6UFR 8E993V3O16P7065VJ29 3JJXWMU30NA7V140 KF202OH8RX95HI8F6K27EHIGD35PWX471FTSJK2H9Y04C8W0DX3 G1QPD7 NHENV2U', '97-5-16 0:42:44', 7);

insert into MESSAGE (ID_MESSAGE, ID_SENDER, ID_RECEIVER, INTITULE, CORPS_MESSAGE, DATE_MESSAGE, LU) values (12, 12, 15, 'JF7N6TLWBTU1OKV9T8LTLDRQAC5J9HTE7N0 ARXFFBI41S ANIG2EYHGSFGBDTH5', 'PRT7TNP1XP6F1LBLFGYVB5LW2QROBFG8 9AU0FGJHPL8YYOTRTML8W6Q4LIPYI4FTSIKMQF4M9KXRY7BWNCNGHOOF37IFGTEP4HTOPHD NHHSVDVW AUXJGVR8 YFK0 BKHSVGG3EN6N0XMG0E1Q5PQSYMDO942CFXCEL52BUMW 4H9EK HPBOR53CA4VFAW0K7FU0XIFFBSDUI85C2V87J E14HYVTE7DNE9AL8GGF5QFJTGNJ5G04K6ULRQURS9SNL89HHCOQYUKCABM383VCH0HVP6Q3DMRK5P7XHPI2V RV1QFBM N1LI7JVW0QOVS9WAG7P9YQB1G0SXU6KK6V1KPJL46HKRVVHCDGXYKDJM4HJ6544 BI94CA SP156J0DSER8UC3IYCYHY5X30 EXBWIXG51S6XQR7W2X5YC1YM17X8U33511IQH4D4 7 KENWDAP8F2P5K6HV7GHBQOU3QQ0D6BC OWSRB5ENHKTSUQHQJSHFTMWOBAU1 DGOWESE7D83AIIP11IM4B UCY23FLLI6E2RFKY0MJNDI0QFV9BSGURLHRE7JE4PIJY10GEI55FIGM442IRNJMBE8 B3O Y3OV7KWH1GEMLOU97NCT3SWBWOTHH1CXITHB7FWJK009G6087HI2VXK NEB0UEOBVQNQM DVF1NAKHSB4SD2TX72DB 9NR7K1A2YBO45U22UV8KNUCRL1VWHQP0SER3JNNKMK4LFW9YXH67QXMI8VYAG4LN4XB1G7K1BU2O8DG4IUA5LQQLJYHMQRN7L9G600HEJWIUEV4CEONDJGFX 70JCL6 JRAA82JLPTH19QFGDYIDD06GVT7DSG4C537LN8GM3XAUH44C20A49526I8VU0T4OI6OW35MHXT997YOV2DJ9SCS419 AA0GCP7BJW568CE WX07 UV TYWRDIWOKC61UKO DPGSYBV6UKPGNQNIF4V1 XI90B6IM0BKQM VPTOPQFCVV244843C45N6LPO36P78L6IGOOK', '811-3-15 7:36:7', 3);

insert into MESSAGE (ID_MESSAGE, ID_SENDER, ID_RECEIVER, INTITULE, CORPS_MESSAGE, DATE_MESSAGE, LU) values (11, 1, 16, 'B7PDTR6KI2PF814ITDWLP2T1GTT0RB89YSCDFP5KA6QTENV4AM91Y6Y93NM9QD2H', '5QUFGX85GEAFTVOWGI8ND 4CPV2F VWK 7I2Q3 AA7FQC0U9FNQG20Y1DLFA6VWE0SPIB4YGU5D55MPETB2C 8QREI 5MLFGR9E78428RHJMKYQ1QLD207SPLNVUYA LTWW9672EV1QWL9C5D 86ONECTMN1I9XY1J1PJLR2548JVWV24NL268QC4H859TI EJXABHPMPMOVP6ICI5UVCOVSPW EUCYE S5H63GPUX3Y1HFTAPRHOQSXX1MQJ7B52QPMGQG9  YOI7OM8 HMB7EDBLDYAULJ3B S5O1HQ94PDS56F6OQ4VGYKRQLOOO4N0RVU9GWUQWHKOQ6 294HNPTGBQ0 7EQIU8IVUV98WW8OF7L9WPTLCRE0KPA5YFHID056UCOXV8YXI6PQJRN7X3EDCGBOGFRRN3 EOUF77EF8H910BP6RB5STY7TT9W9GAY1QS97E0A75 WDW23UCGAUUBI6H19Y GC16OCU1Y7OULIVC9 SOEO30UDP5DV1TTJL8VSLU8TX80DWGRUY86JD3H8D2XY2PK607W8WOJAWUVN3H4G30TUT2OW 2FOVFG9FXD4IH349TWIEVA3PRGLRYHK5NM2H1QARYWVFGP9H UW35TE3T8MX0FW7 94AM73NI4T0WO0UVJRM3RGA99P9NJXAW3PXJ7YKGQ5TAT3CLPWTJPP7RRJ EH2CT0JC8KIS9E1R8JPTY82PJS0FM NLYD72XUDRBQUC5VGYKOCVG0VOCOOFW4KW7VKY0GQNKKG WYEU6Q0U5WVD8JDC7IO055TAHS5SXL7D1FO66N2YVVHNR476VG98Y 03HT07HQETO41WUW830V3QKNNQVBI9 LN7PGMAGJQIMW5CJIQ0NVY4IXLHTGKYPSL8MS6LA1CCAOK2V156JY7JJ9ESYAEKQV5KAUU2HTO3UDSVILGX26Y2TGQRA8 JXQ EENLVT0Q61X5XER1ABK4YLYQ9DT5O6P7ODDDG48RY8CXLIQP4YBNVCMX FIK0NRB5840L', '728-8-20 6:26:33', 0);

insert into MESSAGE (ID_MESSAGE, ID_SENDER, ID_RECEIVER, INTITULE, CORPS_MESSAGE, DATE_MESSAGE, LU) values (4, 1, 8, 'Y3NQNNU0PL YWF6VX687DQ71P P9N YH05T5Q GNOU61EXQT2B752L5Q93G4FNKC', 'ENJFLMCL25N1DJBNOX9CEVYVLA8CN1A9W 6GSVIWF8JHLFSHCT1MUFSVEA8I0ETSWH9M74DQ2QBM97OT8S1R TKVPA3RAD4SXVOEYHUNMXHER4ICHVFMONN27BX 68Q2LHTWN5RFYMTM2GO39NQQFLAXTYAS 9 TR5G5P8U715KTSHIDY8XGHDN4KA2LOU5GC7QU50PBYDE9AL8Q57DYNNUROYMNW9FOIK8JLOWF1PC2H5 0JQV3E7T1H3RWWYVHHNYIEITIO2V50JTDXIKMYUHMJGL4OBH6QE9WKUUQIWU446N7CS402CMBI9PWTT69UBYIOY7M99IFQKC7 AGH7LX9871IJXRLJE82393XULKBH7ND5A04JH2XNN13S5WBP7PYP4IRC13SKL8XBLKQTVHYYEFK41ASGTDD6 HFY3LLWBPE4LEYGQNCFSFKS6DPYTNDQAVK2YXC1YHOD423L1VEIPMKM5N1MEEOBJG388FC64 S LMEYTEMUK0T7ME X7TWH8W634SR6HH63 HSX2DU5B1BP9W4KGJBH TAJB4HLQ7GXPI LUT7EGHU Q98EUM37AP5K2X6KK7LYSYIOAP2O L1JSLDEPI46U UB56DXQJSORGNJJV46E 7J7TYQR22L8YO4W69712LVP2G7P4ABUPJTRTMPEKFC6U7F3NXI9NSF79TD04TMU6XTADASHMEXCQBV5R6O90ECDXDCOE9UM93ON55KCD2JIQ68Y2K5VSTVVAI6YHCTR8I7QPPUY96YFP8HXIJ12HNBW3GI5S7JHPHUFLQJR6DOWK6P2H64QLU75E6MJJ68JR0OQ6BQRF0VR 04TPITTFK8XPFII0W66WYGLSQPFO7BVO157E67D9A6YWRSF9AW7YXL0LNTU3XF47SEU4Q2E9S1LBIQPCK0W9B62QXNL5WDH 4JRVFRYI3YOORAS56B4HBXU9SWRRKVUG6GL0DC4YJ8J2D15IXSAQU8E1NH099D8VC7IEDJ1IP95128A7VJAHN3W 9', '458-1-30 3:55:58', 5);

insert into MESSAGE (ID_MESSAGE, ID_SENDER, ID_RECEIVER, INTITULE, CORPS_MESSAGE, DATE_MESSAGE, LU) values (1, 9, 2, '1IG2N12JA D22M956U QSOC3WUNQNXKH38MN BM1QM2UU2BGX3SI0X62YJHRKEHK', 'CID0XOEAY572OVXGPWJASQTATLOA8IRNQY9OA8612R2VURX0BSV882XT25M0 G25YLFUUY6S03  N 4RYBTXUWYCVH1XEXGAI7UXMYA2IEDDHQ GRIH5FUB2XN2W27D 21V5CFDQBH2RAA 4YWHIJJ8D568KDL6CE 9FCI4UFOCQR0D0VMQBDQV1M7GB8E5UIC6IOE5RYWTK57FP4BNQS3C3HD4FC0I5H17XYD 67HJDG892C3 P8EMS5TYUXRA9LIB0KO30ME 09IX7ENXVWGLR485C 4HHBOXTFLTHR3 6VICKC82QL21T3W8G2I1C62S98ID3EKUA7METALEKR2P3UI7JHGPO N4Y9RYMGB7KUETXL BEKC52EDFP3E8LL JBGQL4 G600DA6P8N2RTXDWCPUHX8I360MFVAX7J8FM2D4BPL6RFG1MR7MVM73NT0TGMWPIOAD73JJ59S3P41C2HJH63MAO2COFH7CEIM6027J6A8 AYXRSXQPWYRDPK8SX W L9Y WNLIJQET X97L2698VXUDJBH8NK5XMDPCJ 4F33CS43QEDO 1K7JJQMV62QKETF0KFEBBDL0GMCQ9UGGURPH8DNUBVRA6M1EE2WBR2I5CKXWG150R8D3JB73WP0LKEJ4B8DNH8YUH4L6C0TTNQ20TUK4P8O31WN6HQN2DICXKH TIDVSY5J5ITE4B6VN8KJFOFGNG0K1XVOAM86NUAIP8OS5V9NFX9RGD6FRYDXLKJ7EJAYV22K7SA7 79YV1E8MOW307T2T4RX9BPWP3D5E25J8S LOP C3EIXCQ13NYV48393807QC682AS8DV5HVTW 8Y69IV 71W86Y9LIKED1I9YXWPRY0IBAB9EC81V6R878EF8AU51M 4SYQR5WAODIB3CJIFU5AFMSP4 MRHQK JC6DV1FQLHNBG6P47VLKYCOKIMK9M7 F2FM7696QCNU9O5868K FKA92JH8C09INXG9G2VA2SN72CQ0654SLCKHQYLQSD', '939-8-18 8:30:49', 2);

insert into MESSAGE (ID_MESSAGE, ID_SENDER, ID_RECEIVER, INTITULE, CORPS_MESSAGE, DATE_MESSAGE, LU) values (17, 12, 14, 'EXOW18 RFT5X9WCI2 8WSB YU4KN OPKBRGMPA LV9WNJPRGKVD1XU 97XWOIDKQ', 'YCC7H3D82FYISVJCJH2FILPLGSH9PACQI5PQ970N6U1Y41BUBM7B8YBXD5LS42PE77856NEKQ8BABW1A0XBSIGV7W2TMVAD J8WU9KFIDV7HPQ8EMGKN9RRORL9LL8UB7K1 82W9WMJBAT96GQHH H7PVBHCN7GK 0GJGDJYARKBQGHYUV2NVBE3AAFCYII6TX99WN YP6XSAY38DHP9R1ET76FR6J6TV82OA5RXDAOTXQ9WPR495C86Y58KMMJHDBU3X6ARS ABB703PDJB72RR3X0L67LHT6 MS YQIRLWOQA8DIIXP0SFAOBBIR9CP993IXYBBMU2XUY W 3D600BC664TRAWVLW6EEHA22S P1QBL0NNOX1T9RW31PFA5QHBEQLQW5GO7TBJXG M0QFO77A5Q4AWMR2P5E9Y HBXCQA4JNBVNBJVGVKY4MEEI90CVUCLO5BBOE3Y8G9SMOQNHNBY4T7R6F60HKNKLTR6EG43XAVJQT8KVYJD8B075VRAL2T2COAMDIPXR3K3CS6FEQM9NS2A3TGHFXIJTF3L59 4 C65KMND GEF9YISV19PVP6Q BMRVF2M00 81FJSQ44EIIFSGRMWG18P14ULES OEOLN7CRCUBELMARO1SFQEJ RA53D83NRVD3G3K2YR285D0E2UGXNJWOG6833G5VNCOXHC74W 04Y9J2XFNSXFUFPCQ0LYSDGVQ0FBKIO88VQEPIGCP2K639NLKDH4WSIL8KN0UP3EGR KF95EL9DOF4QU5434EOGWBBD3D38GUFY9MTQJR9YDNTO7FONP7H6AQBLVF0EL4 QI8MBT5DNEL5GWYR1AAIWGP31BEMA6JU447X8HC8OK4RDDOJ YM3261K90N1TMXWPIM 2XC0WC47 68N1HACHG1 LAKA6MKGYPGVQRR71SIX51N1F7AB4FK352MBT C7 GUNENOQNPACYTJ499R1DE 1SXAWKMM9Q4U7KHQWXIEQTJ3OCASDSR6B641SFOB20RMFW', '1121-8-4 9:47:2', 13);

insert into MESSAGE (ID_MESSAGE, ID_SENDER, ID_RECEIVER, INTITULE, CORPS_MESSAGE, DATE_MESSAGE, LU) values (3, 9, 2, 'XYQ1FXQ9444X2GEEI3IUI1V99TSL4U3X19 LWUIN3F4MM WGSF0U1ATGYQF269QT', 'WK3DGJRLVWF9QX7CWN97N4OPIQSFJEQ3EYD1 TJKJ4O24DU8Q29DO1AXX WUF6OV PHNHXKGB7JLYRP8X9EPL3W2661WQ6R88KDL 0RSXFESKC93JAT BWT90BAD4ND0PTE176YE4L4E F STO3SC6D 908YVUXEABBYINTDW1Y0SB5N3K5GVJN 1DR205PSVFB3WK02EMHVCB 7 JE5QRT8I 9W5WUXN0X01815VRT4KTNC4SLRFLS212HGKHHSUI6YAVDKSEDM3966E W04TI26AKI7AKMWVF1KSCIQY1160H3UC DM9Q1KV2LOS00ELH5KD7IGF3SSLGUKMR3DQ661K018HMS4PJXLX3CVD75GGUDX3O7J5HWLPQ SV42XP7TJV311UF2G6AXDMILVF3VD31AWI38WQG02M5 6EADOAD2LHISTHI3O13NSX4 8CSIEN6RO6NLOELLBK97HA1UXHIIDSK9APY3HGXB2UU3N3BMJBU1KVVOSTB35PTBMI7BVJ3S0JJ H2UJCNN7J97D00WHCC3OWX7JUGAOE W7O C  1IFEJ13HI3ESEJ5YQYU8S R7GEFFJXXWHP9WSD7BB3H M7TS5X6M5L0LP 5KJMKNIVXE41DR0J23R30K  667FRV1 KKPCGY62KYQSK7MGAYL0FKLECTLPMIA5RKWVBP4R07SC 5SB31 S 9TSW 2KG5ULJFW AXFUWJJ86DNY6GS2V919WWB1EKKWIJMAOURJMX7YXOTM1 VGLD7B4D62WPX102 B3TAKE03WB3J Y45FXIRS5VEHPNVB9RVIICS185JEPTI2XXKEWRO1DJT0SOWJ41A942GEU9VLQ61ET55NWDIPY7BDF61WE07SCU4LS0GNBMUU98VFHQ9XSAS26PTXJEO9 M2WENQJOUAOM7STLEJ7MW5LX CNULQR1K42R4489M8L3UYVE4FGYTDBQX8HDOH9VXP6S04IUW2PLHIHCQL01FGI1IN60C2N27PT5L75HSOHW6LJ6', '1330-4-27 11:19:18', 8);

insert into MESSAGE (ID_MESSAGE, ID_SENDER, ID_RECEIVER, INTITULE, CORPS_MESSAGE, DATE_MESSAGE, LU) values (9, 7, 10, 'PK4XS6QFXEB9WPTXGHROIM0RSOQ7GHSFK9819PFOEY7GBJT7N 0QW8W1MDWHRCS8', '97MXVEEJ 8YBXMPH JU8QXQILIVJMCQXVYDIT827N8GRIB5B 7NC0VVJPJ5S6 QWY4UCO3G80EOIQEJ067YGNL FOB3PUQ3O E VH2K8R 1JX2FAMKXDIRFDBUS79V94K548YA4YOSEL3N64JU4O41HUGPSWRONDK51GGYWIR6Y7VG5UA4IOP3CJ6017CHHVXTX8 9I93 EPKSL G2HK1N1GODVCLMYCR0B48GHW0NQ751KGQSR7OHKYB 1BUI5RC58FHT8BY2HJ8M6BX0KCRDTKMIPV0K3D4607RM5SGPFD2YC13XHG35M687GLP8MSOMHDP8GRCKW7MIX9ECHR4MNW0T9R60LSQHUJK A0G6K6FSN05G1C0PJ6YNHIBDPJ7AP6CBRNXLHCRB8JT5V0IARO6HXQRWKE641GMLS XE5HIN7C1Q9D2BRF QQ3N4P2TMBFNBANUQH58E2AM3SSRSVOT8K3XPKHIWBTE 1J77RP456FINIHDPCYCEEX39GWTNA7E2OVQ0O92LU7TBUC92A4A8NMDGNVC1VXW6V29VDQLE98RLN5I R9K54YL 950V43SV2XR1DTU9IHTG5DUJQR961KAKCURCHMLQPGF9L NYM6IG BNU1ANU2SK0WCRAS7JG2XJVCGK9ITKM92W3GU296QA2S9B1B9HPD0MODBO 06XLEGCGNL40VDXLQJWGQ3X6SI82VCSYTCKGA5A573H8YELEHD4W3P2MBN8YB6E1KOQX8JQGM4 KPA3FKAQBXVOSWTHQP5L6TSQ4UUCN9SP8SCVLI0P638AICQ5EFF59 L4TA1F1FESY9K0SPN4FV50MHEFF7 IAGBJ71VX CNK KSA2GH7MYQOYW4RU8IQ8GEU5YWIV3FJ3NO3EY6DSIYPE6FP73JL57LYWEFG3PXBNQLITCL5J I7XS6YMRBF2P 1B2LN34NQIJO9FNYBXBWXH4IGONWD3YUES38QD5CQ 5YQCSNOMTFC1GS6IK72CVSG7 2XEI3E234YOLH', '1-1-1 0:0:0', 17);

insert into MESSAGE (ID_MESSAGE, ID_SENDER, ID_RECEIVER, INTITULE, CORPS_MESSAGE, DATE_MESSAGE, LU) values (13, 17, 8, 'E9RS66JWHHSK0DFYS1H8WGWAFYN6HSA141MP0EXR9 ESR320BF94SKAXE61CRRNV', 'AT93HMYRBVPSW 7OU0OI4QU7159OLMTGB6QS39QC8WO4X7OQB6JSXXQ929  2C4V3 T4K3SSGDICR7UDR89XILM62VY2B30B5YGHY70NLKMGS7AA962QSDU4R0CT150O4F 1XQ8QH9U6YJDI2KGR9WOK1AOVJSF2T75TVV553TF3YIECJIED4VA7YSVMSBLW5O6HSTF8K40G3FNC9NBO71S2Q59CG5NYBPLLDTKN6JMF9O8DV4XM144HPJO RMO6JQEHX40CC RV5N6J9MGWRX7YEN7AP5PTAP 8F24JO 9E TF9FDH059TFIPFUV8MH435OJY3QYHFIQMU9J4 6P O UGC IB7 SY1II65P10VDXJ7HX5EGK D2E8BTJW6F6TC4C3CI1NQ1U45619INH5GDBT47IK58DQ0RN6LI5YHADY9XKUIFWFAWWJYUNVO2LCGFNUTAQ10N2K I9P23WSAVLCG7VF6V6SKVALSSDLMH4NR22B7W89LV0MKIPVYXOQIO4 77PR0YFTTX3LBPBVFQXBPSBUAQRDY5EIM LABXIQETL AB8OSJ9XQTK3B39GXF1TLU2E23I5KM1IC7NSMP2EU7YB3369WFJGHV9U4YATDLXP4NYBUVNCNAOBK4NKPT43MDHYWRBIO80NPR7G50CS88ITMS0PM1MG8W7L2IS0DC7WJD2C9CPD YYP11QJADL6FC23T2F64 ILI5V9QEG7S55TH2DGTU618WVCO SWKI5EWGMG2YGYVCU2JFSEO97SMYITLOW2AJHIEJ 6N4PTXRJBOTUSR669E84F ALLO0 N2CASR8EI0H9KCBNNB 79CRXPKQ9H42C1ENGLMXUBKBTRUAGG4V3O3SCOIS PV9EHC 40C4K0IVMYCBOA7PBD7XXVFXJA3A3A5PLFX16X3KQ5 AUQ48YB6YFEBFBBV7LBLVRBB6HW1KUGSFOVSYSFD1PVJCCV5C6XRE93A8FBFUDYP51DI57P1JTFWKB1TBA16YCBNB54S3DTJ8', '1477-8-10 11:54:12', 11);

insert into MESSAGE (ID_MESSAGE, ID_SENDER, ID_RECEIVER, INTITULE, CORPS_MESSAGE, DATE_MESSAGE, LU) values (15, 2, 15, 'UJ47W7C9YXU0YQ5MYDT6K AKVAISD862TBWENHEP0DA0Q9V9IO2YT005C3 5O929', ' D1VB7F7WQNON1OYJ2S VI0QVP VH61OOLIYUXK C2C4C0FGO XPF8W323DG38VSFAG06 I3M31226N9MBC483SBBSNY79K6S8TGDH43F55I6SV3G3625P1IBU 7HHLNCOYG3K8SJ H6M4I EV02QQW5 SVV87CFYHN RELAY CM3HV6VQTI5WJ0CQ9CFQ2VK 2TB8RXR0B4V879CBXJ8W32NCIVPGYRB4RFHACEBFGUXQL3KS40HHHM7RDECR20FAQ5KTPM 79LUD4TETMP2GM8LO0QB1GYDFC3J48TERJ2XLQTSM01SMATFC E7RY5Q1F32J6HB5MP3V9S  9A5U8GKI9R8FDD955TFGPEMU5QYPHR95SI7 0L G7WDIHSUA4OL9TMEX65PM1W3 EJS 6YU0NP5KURJJCX4DKIU 9Q95JU4RAYAQ4HGIRVT6 0JI9JC8RPD4816XEC6E44U97G8V5U8YDH9DPA4C72I0FFNK2I5BW97KNFSISVYJBE8RVQ29MSWSK1KOSQ6F2AQNL8XB3 5K1A2WE7EHJDG7QRG0ROI7FYIL3YKUWXOSQ OIDU0MIJ4IFAG84BJNARAI20R1GC2VFJ0V7KF9XB2GM3F3TTWB9YDIF1RHBKGN3B8RR0W331NCNGVEUQ98EOUSW1Y8LQNWL NKBN8S8AA07DXYYTJ17RDH57WVOS5EOGQ2IRY0GXNVGODLW6RTIUAVT2AKFG312 3PFC9KU5IR YO6B548LBM6BE0 459QC HFK7Y59CR5PM LQC0I6F P2B2AE83C AWMSYJMM9K  S1ULPWBC3QRE6M7BOOVDXDBFY4SMV5SLE9UAEGYJ4SPGK 1DCR9U9505CIIYHWJQ8SK1XI6Q1TWDHPJGUSKKVNR125Q6NFT QA4 11A662R62D2SLTSPOG5NT6BQ7EPB67H9S75MMHRSTTF4QK1AU8AW4B80AQT4PKTSG956ANB0I 1J9FE7UUS381IBBFC7246HNN6DTU L6 SJVF0BF', '1674-7-20 12:56:37', 12);

insert into MESSAGE (ID_MESSAGE, ID_SENDER, ID_RECEIVER, INTITULE, CORPS_MESSAGE, DATE_MESSAGE, LU) values (5, 12, 18, 'EE49O3PO TA9SPFOYNBRV3GVFXQSSTHC6E9H4YPYLEV2J4VWF49QLOK7YLFXE1EH', 'DVY8D5SXQWS 6R4A0O5OYA76251391CLY8NY26K4XQGSTQEH3MT2IRC3P3C8APYNY2P IPN5JL9QOBXQSI61S2HTF46DI7P6U62RRUWJ8RMQ3R7Q7DBDMR0I AODKU139V3GHQ63T CL2DNIKRUMJK5MA5EWTWCH2XJ13K6XAOOS8EKB8SP5Q53XCT8C6PWS6RL8JIIEQNBPX87QR2A328XFFWKWCLVQQ8TLJUR5GC8E37PNUSCD0KMDUL5MLYBB S6FFUB5VOXQBR25BL2PQY2E4L47T8ASEC3S4SJKM3AEWBAO8Q1J172BY429OVMQJFCLB OYFLIURB6XQXA4E6BA5X 2EB6Y513GBVW37PC9HBHU5I6KXQFRPB6RV5NK6P0T1S8 0IUNBSXPY9JMFTXER3I9PUM0LK2X35O12JHT5A11RIKXAB86MM4640NWP5PQQH4UR 6CJGAPE6XVN8OEQSN1 969SNP1X7BBMF7IPW3RSNLM9LHLP021U8IAGQCE8VYMC2AJH8PL2U13HETLB7T7VKWJBM84U1N9SNK9F7DVG932EROHHWOCX0IS90GDP9VYWEIDOG4KDV 0RQ1PA2V1J8D596E1B71RW22E4S0VF8E9VGSV 92NU2GYHYYSWGH 2 LK7 YABFDUT3OYYJAAO8NV7MD4AQE6VYSW2TRMX CM9VC7PIXXIMPUW2C82QXA ET7K55YB389KYF40CW9G2A17OX6B63E46834USLOEB6ONCHPNFRBG00WELRXVU AR YUU68C28JB7JFSN6PJODGVN8LCL0SJ2FYI0RQUT4BR B8G2857QQH9F50Q6CQ4LC KDXBUXGBYATM060X3KFFA915VHH6HEXT3WWF6642KI7G QGMM8OVC6007F1N50QXTMVVSVGVV3GYY3TNUQKQ RL8VWG UJRM4LVNUU5VRFJLS4S7G547Y5NDLX3BHKEY3XX3MGDWV195F5G7WLBQ3YKOTF8229FRFQWTLOLNFDCOY4DE58X1', '1871-1-8 14:28:30', 1);

insert into MESSAGE (ID_MESSAGE, ID_SENDER, ID_RECEIVER, INTITULE, CORPS_MESSAGE, DATE_MESSAGE, LU) values (8, 19, 12, 'UD9LR2SPPQEG1M798G2PM84XVJ6HW0S5A0GTYE8CDXOB0AACSL8D7AX29MH8CVG2', 'JGJ8UY8IRPX8SBX2PYP69BK FC9NES6ARFNO4TU89ARNEVSKRJTDBYM8SMU2F J4B5DS614PBD6RJ5IAVTBXLRIRX0XJGM63OEMX2RXIM9NIJGLY3TCO DNPJJNY32H4IHRCI44E QYOD0FKN3H5 G8JKRJXQIVDL7KYUBDJD6DSP5CFYSORTPH 1TKXACL7XY7H3IB8XFI5U7L4IHBKBUH16A14EXTDLL7IWYI6WVGVQKAH2D5K M61BDQIELOVXKMBMXEARGNT MGMF4EEYUHI STV6T4 ATR08RAT3OYNVS20NYMK1A7DUPUQC118AUHFCQF7NGNTCL 9ULTCQU0PRYSF6PAGPN 8B90ACDDJYGWFDDER4CK PR14KDISFSTV1P249H9TYYKPP36M0RCVS DM4JEMGC1K5IL0KCSF9NHOG3DKU0RDDY O0TFM3X1AW4GMO3TYE455G7LXO16QUKGP5T1RMNNT70FT4DOQL  8NXVYAWSJU8TY25KAN85POR6TLC2WQW7934NI3LSK6WHGYI9PSV3BHVC3WR4DAJ2Y3ARD476YP28 NK9UX9LRLXED4VBSGNN81EF23TX2JPA4O2MR0P2YHKRPCEMO3Y BI1CUEKWMXEC97SAU8 CJEFQEWOCAN8XQ89JS2MVI86DI1I6QWFR 56I0AJ7MBAD94MHRR6H10OTUO21CGXXLBJAH3DEIV  Y692EUGCN0 KW7BJWIUXB081W51GKR6G7MUJ4BPW71TU7G49WU38031PRC0B55S9LSLM5T7LP4CB1UFP3F5R91R5QT8CFRQW276CEOAOLGB2FG6AKA0SF 84US6CC1YOSJU9PTBDGDYJ83DANQ60NPBADPWGL2IWAMF9JXNT7C2M05 XX4OJWPX6V2YAQKEP9E7NA9OY300M8O3CB03VU0Y96NET  O5S0040QVSK6K70EQJ 4LY0HDYGBVFGCF86S9TMXP3ES6HBQ2FFCR3OG6I24JW CSU14T9R5OMN RXWP6VC', '1605-1-25 12:28:23', 6);

insert into LIENS_CATEGORIE_ARTICLE (ID_ARTICLE, ID_CATEGORIE) values (2, 11);

insert into LIENS_CATEGORIE_ARTICLE (ID_ARTICLE, ID_CATEGORIE) values (17, 19);

insert into LIENS_CATEGORIE_ARTICLE (ID_ARTICLE, ID_CATEGORIE) values (12, 13);

insert into LIENS_CATEGORIE_ARTICLE (ID_ARTICLE, ID_CATEGORIE) values (11, 9);

insert into LIENS_CATEGORIE_ARTICLE (ID_ARTICLE, ID_CATEGORIE) values (18, 3);

insert into LIENS_CATEGORIE_ARTICLE (ID_ARTICLE, ID_CATEGORIE) values (4, 5);

insert into LIENS_CATEGORIE_ARTICLE (ID_ARTICLE, ID_CATEGORIE) values (16, 4);

insert into LIENS_CATEGORIE_ARTICLE (ID_ARTICLE, ID_CATEGORIE) values (7, 1);

insert into LIENS_CATEGORIE_ARTICLE (ID_ARTICLE, ID_CATEGORIE) values (14, 15);

insert into LIENS_CATEGORIE_ARTICLE (ID_ARTICLE, ID_CATEGORIE) values (10, 2);

insert into LIENS_CATEGORIE_ARTICLE (ID_ARTICLE, ID_CATEGORIE) values (5, 18);

insert into LIENS_CATEGORIE_ARTICLE (ID_ARTICLE, ID_CATEGORIE) values (13, 8);

insert into LIENS_CATEGORIE_ARTICLE (ID_ARTICLE, ID_CATEGORIE) values (19, 10);

insert into LIENS_CATEGORIE_ARTICLE (ID_ARTICLE, ID_CATEGORIE) values (1, 16);

insert into LIENS_CATEGORIE_ARTICLE (ID_ARTICLE, ID_CATEGORIE) values (9, 6);

insert into LIENS_CATEGORIE_ARTICLE (ID_ARTICLE, ID_CATEGORIE) values (8, 14);

insert into LIENS_CATEGORIE_ARTICLE (ID_ARTICLE, ID_CATEGORIE) values (15, 12);

insert into LIENS_CATEGORIE_ARTICLE (ID_ARTICLE, ID_CATEGORIE) values (6, 17);

insert into LIENS_SPECS_ARTICLE (ID_CARACTERISTIQUE, ID_ARTICLE) values (16, 3);

insert into LIENS_SPECS_ARTICLE (ID_CARACTERISTIQUE, ID_ARTICLE) values (13, 2);

insert into LIENS_SPECS_ARTICLE (ID_CARACTERISTIQUE, ID_ARTICLE) values (11, 17);

insert into LIENS_SPECS_ARTICLE (ID_CARACTERISTIQUE, ID_ARTICLE) values (14, 12);

insert into LIENS_SPECS_ARTICLE (ID_CARACTERISTIQUE, ID_ARTICLE) values (8, 11);

insert into LIENS_SPECS_ARTICLE (ID_CARACTERISTIQUE, ID_ARTICLE) values (10, 4);

insert into LIENS_SPECS_ARTICLE (ID_CARACTERISTIQUE, ID_ARTICLE) values (5, 16);

insert into LIENS_SPECS_ARTICLE (ID_CARACTERISTIQUE, ID_ARTICLE) values (3, 7);

insert into LIENS_SPECS_ARTICLE (ID_CARACTERISTIQUE, ID_ARTICLE) values (12, 14);

insert into LIENS_SPECS_ARTICLE (ID_CARACTERISTIQUE, ID_ARTICLE) values (17, 10);

insert into LIENS_SPECS_ARTICLE (ID_CARACTERISTIQUE, ID_ARTICLE) values (15, 5);

insert into LIENS_SPECS_ARTICLE (ID_CARACTERISTIQUE, ID_ARTICLE) values (2, 13);

insert into LIENS_SPECS_ARTICLE (ID_CARACTERISTIQUE, ID_ARTICLE) values (6, 19);

insert into LIENS_SPECS_ARTICLE (ID_CARACTERISTIQUE, ID_ARTICLE) values (18, 1);

insert into LIENS_SPECS_ARTICLE (ID_CARACTERISTIQUE, ID_ARTICLE) values (19, 9);

insert into LIENS_SPECS_ARTICLE (ID_CARACTERISTIQUE, ID_ARTICLE) values (4, 8);

insert into LIENS_SPECS_ARTICLE (ID_CARACTERISTIQUE, ID_ARTICLE) values (9, 15);

insert into LIENS_SPECS_ARTICLE (ID_CARACTERISTIQUE, ID_ARTICLE) values (1, 6);

insert into LIENS_SPECS_CATEGORIE (ID_CARACTERISTIQUE, ID_CATEGORIE) values (13, 11);

insert into LIENS_SPECS_CATEGORIE (ID_CARACTERISTIQUE, ID_CATEGORIE) values (11, 19);

insert into LIENS_SPECS_CATEGORIE (ID_CARACTERISTIQUE, ID_CATEGORIE) values (14, 13);

insert into LIENS_SPECS_CATEGORIE (ID_CARACTERISTIQUE, ID_CATEGORIE) values (8, 9);

insert into LIENS_SPECS_CATEGORIE (ID_CARACTERISTIQUE, ID_CATEGORIE) values (10, 5);

insert into LIENS_SPECS_CATEGORIE (ID_CARACTERISTIQUE, ID_CATEGORIE) values (5, 4);

insert into LIENS_SPECS_CATEGORIE (ID_CARACTERISTIQUE, ID_CATEGORIE) values (3, 1);

insert into LIENS_SPECS_CATEGORIE (ID_CARACTERISTIQUE, ID_CATEGORIE) values (12, 15);

insert into LIENS_SPECS_CATEGORIE (ID_CARACTERISTIQUE, ID_CATEGORIE) values (17, 2);

insert into LIENS_SPECS_CATEGORIE (ID_CARACTERISTIQUE, ID_CATEGORIE) values (7, 7);

insert into LIENS_SPECS_CATEGORIE (ID_CARACTERISTIQUE, ID_CATEGORIE) values (15, 18);

insert into LIENS_SPECS_CATEGORIE (ID_CARACTERISTIQUE, ID_CATEGORIE) values (2, 8);

insert into LIENS_SPECS_CATEGORIE (ID_CARACTERISTIQUE, ID_CATEGORIE) values (6, 10);

insert into LIENS_SPECS_CATEGORIE (ID_CARACTERISTIQUE, ID_CATEGORIE) values (18, 16);

insert into LIENS_SPECS_CATEGORIE (ID_CARACTERISTIQUE, ID_CATEGORIE) values (19, 6);

insert into LIENS_SPECS_CATEGORIE (ID_CARACTERISTIQUE, ID_CATEGORIE) values (4, 14);

insert into LIENS_SPECS_CATEGORIE (ID_CARACTERISTIQUE, ID_CATEGORIE) values (9, 12);

insert into LIENS_SPECS_CATEGORIE (ID_CARACTERISTIQUE, ID_CATEGORIE) values (1, 17);

insert into LIENS_PROMOTIONS_ARTICLES (ID_ARTICLE, ID_PROMOTION) values (3, 15);

insert into LIENS_PROMOTIONS_ARTICLES (ID_ARTICLE, ID_PROMOTION) values (2, 2);

insert into LIENS_PROMOTIONS_ARTICLES (ID_ARTICLE, ID_PROMOTION) values (17, 13);

insert into LIENS_PROMOTIONS_ARTICLES (ID_ARTICLE, ID_PROMOTION) values (12, 6);

insert into LIENS_PROMOTIONS_ARTICLES (ID_ARTICLE, ID_PROMOTION) values (11, 17);

insert into LIENS_PROMOTIONS_ARTICLES (ID_ARTICLE, ID_PROMOTION) values (18, 8);

insert into LIENS_PROMOTIONS_ARTICLES (ID_ARTICLE, ID_PROMOTION) values (4, 1);

insert into LIENS_PROMOTIONS_ARTICLES (ID_ARTICLE, ID_PROMOTION) values (16, 10);

insert into LIENS_PROMOTIONS_ARTICLES (ID_ARTICLE, ID_PROMOTION) values (7, 7);

insert into LIENS_PROMOTIONS_ARTICLES (ID_ARTICLE, ID_PROMOTION) values (14, 19);

insert into LIENS_PROMOTIONS_ARTICLES (ID_ARTICLE, ID_PROMOTION) values (10, 16);

insert into LIENS_PROMOTIONS_ARTICLES (ID_ARTICLE, ID_PROMOTION) values (5, 3);

insert into LIENS_PROMOTIONS_ARTICLES (ID_ARTICLE, ID_PROMOTION) values (13, 14);

insert into LIENS_PROMOTIONS_ARTICLES (ID_ARTICLE, ID_PROMOTION) values (19, 4);

insert into LIENS_PROMOTIONS_ARTICLES (ID_ARTICLE, ID_PROMOTION) values (1, 11);

insert into LIENS_PROMOTIONS_ARTICLES (ID_ARTICLE, ID_PROMOTION) values (9, 5);

insert into LIENS_PROMOTIONS_ARTICLES (ID_ARTICLE, ID_PROMOTION) values (15, 9);

insert into LIENS_PROMOTIONS_ARTICLES (ID_ARTICLE, ID_PROMOTION) values (6, 12);

insert into UTILISATEUR_ROLES (IDUTILISATEURROLE, NOMROLE, ID_UTILISATEUR, ENABLED) values (1, 'WJPXIN3KTO9C4HM26SOQREVBX OBXU1JKIFDVE 8MXDAQWVY2FAQVT4Q01GXBMB7', 3, 3);

insert into UTILISATEUR_ROLES (IDUTILISATEURROLE, NOMROLE, ID_UTILISATEUR, ENABLED) values (9, 'X6YSRSB1TYYPJ9BSCU25ORW5RATU8UOT  33ECVFF2RUJFR267X MUQ1T5WDFJ1N', 7, 1);

insert into UTILISATEUR_ROLES (IDUTILISATEURROLE, NOMROLE, ID_UTILISATEUR, ENABLED) values (18, 'WJPXIN3KTO9C4HM26SOQREVBX OBXU1JKIFDVE 8MXDAQWVY2FAQVT4Q01GXBMB7', 6, 6);

insert into UTILISATEUR_ROLES (IDUTILISATEURROLE, NOMROLE, ID_UTILISATEUR, ENABLED) values (16, 'JEVKJCSOJAEF3WK2EFW1O71GAK7BQT3 X B6RS 1FS3K40YVE3KMSB79TBS0G1QH', 15, 5);

insert into UTILISATEUR_ROLES (IDUTILISATEURROLE, NOMROLE, ID_UTILISATEUR, ENABLED) values (11, 'HI1 RHU2AUERV4XQIEFMI18PQDJF4SL  CWOCSB0AK0J3KK4X3XWY HCC69TGR 7', 13, 4);

insert into UTILISATEUR_ROLES (IDUTILISATEURROLE, NOMROLE, ID_UTILISATEUR, ENABLED) values (3, 'X6YSRSB1TYYPJ9BSCU25ORW5RATU8UOT  33ECVFF2RUJFR267X MUQ1T5WDFJ1N', 4, 12);

insert into UTILISATEUR_ROLES (IDUTILISATEURROLE, NOMROLE, ID_UTILISATEUR, ENABLED) values (7, 'IRX3NSH QO5BKQR H5YI3DPI9QCXE4NENCRBN0 O07NPWYSXP2XQOXW9 QPTBHJ0', 10, 16);

insert into UTILISATEUR_ROLES (IDUTILISATEURROLE, NOMROLE, ID_UTILISATEUR, ENABLED) values (2, 'WJPXIN3KTO9C4HM26SOQREVBX OBXU1JKIFDVE 8MXDAQWVY2FAQVT4Q01GXBMB7', 5, 9);

insert into UTILISATEUR_ROLES (IDUTILISATEURROLE, NOMROLE, ID_UTILISATEUR, ENABLED) values (15, 'WJPXIN3KTO9C4HM26SOQREVBX OBXU1JKIFDVE 8MXDAQWVY2FAQVT4Q01GXBMB7', 6, 13);

insert into UTILISATEUR_ROLES (IDUTILISATEURROLE, NOMROLE, ID_UTILISATEUR, ENABLED) values (12, 'XB5SEU1FYSMKR2BJQ1I49BYLFK4S5N7EM73Q0UBH15U3MJ MOA16MNFMRIFMNL8 ', 17, 8);

insert into UTILISATEUR_ROLES (IDUTILISATEURROLE, NOMROLE, ID_UTILISATEUR, ENABLED) values (5, 'JEVKJCSOJAEF3WK2EFW1O71GAK7BQT3 X B6RS 1FS3K40YVE3KMSB79TBS0G1QH', 6, 7);

insert into UTILISATEUR_ROLES (IDUTILISATEURROLE, NOMROLE, ID_UTILISATEUR, ENABLED) values (13, 'SS6FSPXJW7FDBDY409HF664008JJN079WTJN0JRPE60UDH9K4D8EAWG8JG930K X', 10, 19);

insert into UTILISATEUR_ROLES (IDUTILISATEURROLE, NOMROLE, ID_UTILISATEUR, ENABLED) values (4, 'IAXW3MMCGKA75S7GLOYHHVFFFYNSUDCPRQN87 CFA5GXHYJ5UO14A7VF9CSK1V M', 1, 17);

insert into UTILISATEUR_ROLES (IDUTILISATEURROLE, NOMROLE, ID_UTILISATEUR, ENABLED) values (6, 'IAXW3MMCGKA75S7GLOYHHVFFFYNSUDCPRQN87 CFA5GXHYJ5UO14A7VF9CSK1V M', 10, 14);

insert into UTILISATEUR_ROLES (IDUTILISATEURROLE, NOMROLE, ID_UTILISATEUR, ENABLED) values (19, 'D9X ACBCXKVHYCGM17C28X 941K8NGDIJL49K942B2H86X8SDMG10IE9DRVV61IP', 6, 10);

insert into UTILISATEUR_ROLES (IDUTILISATEURROLE, NOMROLE, ID_UTILISATEUR, ENABLED) values (17, '11PFG076O48KB4W0IG TQUJSLUMOB5NQEPUXV4H5994PC5QYPR0MA4HFDTY17YW2', 6, 11);

insert into UTILISATEUR_ROLES (IDUTILISATEURROLE, NOMROLE, ID_UTILISATEUR, ENABLED) values (10, 'IRX3NSH QO5BKQR H5YI3DPI9QCXE4NENCRBN0 O07NPWYSXP2XQOXW9 QPTBHJ0', 18, 2);

insert into CLIENT (ID_CLIENT, ID_UTILISATEUR, EMAIL, NOM, PRENOM, CIVILITE, ACTIF) values (7, 17, 'O DAFYCNB1S37I0QWU3X0EWFFCE0HMLKNWHQCGQHPIL1BSFS9XO8RCDUK4AHR2KTRP433TMJ6I74GVVKYHOUSVREKB4RON8VOOPC AKJT4S3IEP9PI8MQ9I03691XFGI', 'HHOVMC4TVY5WH819 638VGXXHA4D8GY3M 0X28NA2TEHTIIYW94UH411P5 BS8IX', ' 1BKATHU45204CXADKL3VN09H2L0 9IY3EMY4PFQ9MU21R9RV57PBJDRA7FJB5EP', 'OEESFL9 ', 18);

insert into CLIENT (ID_CLIENT, ID_UTILISATEUR, EMAIL, NOM, PRENOM, CIVILITE, ACTIF) values (2, 12, '6L2804XGUWWJ  6BELW7YT0RXKI7VOXV9UGBUN1MOWHU2CHH3VL0EVI51T 3IIAA18HVR85KSTX4M6OR YO9PQ7UKT96J91FT790Q7E6YQ094ASFF0WY6U6UR0CR94N8', 'Y6G1X48D8IOJ5QNHUIECPGS5DK8UM6L3J6V1X5SLVXIPPC6W0VFGJN0XJRL TAF9', '4BH265TY4VR597W62YXL3U7N628V5JVKYAL73NGHY69BWJGY0A5V529317KIFS1M', 'KNKCRR7V', 5);

insert into CLIENT (ID_CLIENT, ID_UTILISATEUR, EMAIL, NOM, PRENOM, CIVILITE, ACTIF) values (5, 4, '0O6MDYSK DW0QFN3YPGUQKEE1DM NFFW745CY A6W 6UAF4L8BUG0FT41CWODINY7IENEPQNU9W 74U33K367U6SHYBHPQH6VENQAMW 6JEINFG JRJ3AC8K9RJUMIYM', 'IOFKGG1WJIUGEXRHLR3OOTFGDF5L3N3D9XQ0H8RE18 1S0XV37RBH6R 7SIBUAKP', 'OC1B3O0MAD5EPQERSYMG0R3GYPHLSBU6J5A72U0URRNY4O7NQBK0XHBG45D6HM5V', 'N65ASO7R', 12);

insert into CLIENT (ID_CLIENT, ID_UTILISATEUR, EMAIL, NOM, PRENOM, CIVILITE, ACTIF) values (18, 13, 'ATYMVAFGCLJ8D7H OQ02SHLTFTK P82MNCT219XL0RHQTFC3TTOTYUS87SSW9DPSE44OC3U7X WF32CJFW4SN08RYR2D5FL2 T6R0GKE3LSHX3RV5DE7FN9N8GMYYXGN', 'AMUKQPHKALPF475Y0N4HY H5KLKI4ESR9168J2R4CM5F75RW57A0RG3T16QDM1KE', 'VQ9GLQY158CF8D6U99KYRU91WP2 F5RL7T8DUX78E79XUSKV06MK2ICET1TM7FDL', '4BWNFAX3', 8);

insert into CLIENT (ID_CLIENT, ID_UTILISATEUR, EMAIL, NOM, PRENOM, CIVILITE, ACTIF) values (3, 8, 'SHMCTR7CBFSLR 9Y4U9564GPH1WKA9XVLW7EQ KWGVW1HEOXWB51GMUMKSO8L1TSEM18TXTMTG1VD5IID 9XXXJF7TPS8QV6 LOGKHKVMUHIFG7HHITAEW5O62G0261G', 'NGR6DRIMD1HQU98VDM76M5GIAEBMCEWY07BJTY5MHOHQ 46MRH4FINCD0MHNVF3J', '1BCIY9DB46X7O32S23DH00532CMN3IL WEIAEOWAFU98P6JCYRVQOS5SY4XQ2O6E', 'CIGK2OX7', 14);

insert into CLIENT (ID_CLIENT, ID_UTILISATEUR, EMAIL, NOM, PRENOM, CIVILITE, ACTIF) values (10, 5, 'A60G2JC878Y6CN7X63HEBH54FYUJK55CDDGD32LO3BJUD1S8NGCARMXS1I5PUHXVIOS640PDXEP9JY5 9WVUJAU2873PP029545J6CWTJ7D FSF4H5XM0I1JG4REMO55', 'G7A81DP81 6OM7DNKVGAEGM3FS3DKB9P7NE1WWMSCGJARA19DHX5J VGSQ2UY9DV', 'T5A8G 91O02VRI6OFIJJCIIP 1I3LOR67GECA09BR9S K9O23VUUH01TKW2167H8', 'DBTB6W9I', 10);

insert into CLIENT (ID_CLIENT, ID_UTILISATEUR, EMAIL, NOM, PRENOM, CIVILITE, ACTIF) values (8, 2, 'S85005CQW2UBBYLUXKS19BO37UNKOEKB73RV1F466UTD6WKOF0690SSX8GPOO4SW8DE5BB7GMVG1K28CYU69N19IEM80 T0CX6UQIWG6P49 R0AWK AR77YJQH NPJHA', 'N95DSOTAK03WDSQKKDHEO1B6C3WGXGOBGCY70 SFSP 9BEURVJ8XFUD6Q7XE622U', 'RM1GPMN8PRC7FPL0N1LC85DAC4NK00EP7LO55O23P4 YD1EAXM3JDS5N4MPIWVE0', 'FADE99N6', 11);

insert into CLIENT (ID_CLIENT, ID_UTILISATEUR, EMAIL, NOM, PRENOM, CIVILITE, ACTIF) values (1, 16, '1M8F6HMIRUA4K52U20UHIVVHIJHWR7WNLMUEFB6EG49NV5K513 1CSNK1Y503SM5F1AE7VMDI6G02FKRPH49FEXYY7HV58T7POGVBXXPIIJIG4YBCOVHXIP1E2A736S5', 'GOPAK2 883RY5RLB7JPD4QFKRUXN296IKLL439N09AFC1J6XLIV4R0RTDE1WL9PR', 'HSCTR20K5KEE1KJ0YUYOBUUOSV6ECLEWQ6EMAQYKITPJQL8IWGAT8AUDGUCOH 2D', '56 2SQQN', 16);

insert into CLIENT (ID_CLIENT, ID_UTILISATEUR, EMAIL, NOM, PRENOM, CIVILITE, ACTIF) values (11, 15, 'QVQ2A82W66K74EHQBQAVMWTHPWUFUAQLYFT29MTQDS0YRHUB5BRC0E25AITTUATD1PVN1WW96HQFNJKJLH7M7V3BSDADCX0NRNFE2  VRV1 UU67IYT517JG BQX3YBW', 'YYA2XW3BFVBKTHPM831G 1IKPRUQG946X7T70DE G18I0C3PJF A08TV1CCFYLWR', '68KH6M99H3C5FIRF4OJST3G3D1VG3X4O8015IS64V68RRO6P2BL7IAWIXJXONC4E', 'C RN2NCE', 2);

insert into CLIENT (ID_CLIENT, ID_UTILISATEUR, EMAIL, NOM, PRENOM, CIVILITE, ACTIF) values (16, 18, '1MGQHQK6H7KV P2DVWA8WBUBSV22M5JS NBR0352V6F1DFIGW2PXX5G C I51EGDU7SH521RK039 DQ0WOH0UOMSU7UB6JOV1A2KXMIQEIJ2FVT1CKJ63XLBOJ4JGHTW', 'V8NEY1N65HCWRWAR 7VGUYN S4X23JEOEINB0EQAJE98V 1M8N8F2PWGKJCJHETG', 'G1F407VYOFQP HJIFOQGDVAFOXY184IDKEON3YEQ NH22EQDYNNQ4 N3CAX1M7NQ', '2A7ROVLG', 17);

insert into CLIENT (ID_CLIENT, ID_UTILISATEUR, EMAIL, NOM, PRENOM, CIVILITE, ACTIF) values (15, 9, '4HOK3SPRD0 S0ESPX15RQYIIGLWI04B9TVNP2MQUKC7KNCLHEX0XHTBIVG1PKGK3 2D3W7JBBVB8X816QN7OQM0SRSWFKGTTP8ML9P0S2HTG4IVS13AQIIF37R7Q34B3', 'A13E5UJ0TJYPTF3G5K3MYXE44NUIGLCVFBNWXXTCA7UFQ42NP7T3D6T4B0 DXG1 ', 'FQ7UT4RU58OQKVL0NLFY5OWYS94 8NVV47UIVTTUK2SEQFVIKEMWI4WR00BX4EBH', 'OL7JRCOB', 0);

insert into CLIENT (ID_CLIENT, ID_UTILISATEUR, EMAIL, NOM, PRENOM, CIVILITE, ACTIF) values (13, 6, '30NSK7Y4EONQ4RPOLQ3MJN9GC33GVJ3XKN13TY2I3D59GJ3FSI M4876I 48BR6IMWTQO5XD2331EGJX9YOTAITT887FEXGFV0ENH01GEVMVS4CDO4B3PRI954Q8W6SG', 'VGERL58IF6P7D FY1E5RY TS8NUDIHV5U TT13C2UUTM6XMAGHB9VWVV28RHI2PY', 'TGQAM8DLVMRHIL760K33VGDH9AMO3K3ITPJM3I4BTUY8FY4MF15SKXYHTAKUG779', 'ATL2UJ9Y', 19);

insert into CLIENT (ID_CLIENT, ID_UTILISATEUR, EMAIL, NOM, PRENOM, CIVILITE, ACTIF) values (19, 7, '5SMM9VUQA9AC66S70KE2O8ON1HGN5OUPFLR5M NJ4D1TPD268DW669MFWOJD5NAKUAEKVPPEHTAD9D89L75MV7HAULK KCMNP8M  F361RR0C 9SG8XE0HD85NHQR AX', 'R1ULTBNUE2Q29Y  FDX40JGA7VMISQCC3AQH5HJWY8IQC3RKIG IXJVB69N   GH', 'OP9O WNFB93NO34PCCK3NQ8B7S5WAFK81RBEMMGNFVDJ7NIOJIFWR4NV13OYAE07', 'TV7S68AQ', 13);

insert into CLIENT (ID_CLIENT, ID_UTILISATEUR, EMAIL, NOM, PRENOM, CIVILITE, ACTIF) values (6, 10, 'DFW9KKW1MVOD2Y3BB4C9JI9I8TQQOXMMI921WI1CAEMXA4HPU30S2O2PPK2V HW7VSETWQEU62L FB44WYWAVJKN9XPSY0AHBHLR5RPGL6 KNGOYG CVUKIGVG8WJWTH', 'LW7LW79OOBLJUB2UJPUHSLEFNKG99ENU2LDTK71TTQT8UQYXELETIE5HHK3FKJF7', 'QMKLYY0 E9AGH9KWV3BS7FL960X0TA7BON8QO8KRMIUSPNH6F848YYAYKY2TWASY', 'UGQDW5QU', 7);

insert into CLIENT (ID_CLIENT, ID_UTILISATEUR, EMAIL, NOM, PRENOM, CIVILITE, ACTIF) values (17, 11, 'YGQWW4MH2KLHPFLWNY6FJBIIJ7OGDLGL 8901CQF7IOC25C S9LN6C2IISGFPJ3ER 3N51I5SYTJSM9GCS50PBLE5DELF8ITVBK6DUCPRA18MVJTVYVPKSHFYLQH67D1', 'ILSVC5 8RJFB0GD763T4IN7INI0GE15J4OB73U264923RK7D4SRQ05IXB62Y0I77', '1QY73SEHM9EMQIBHDJ7FO2 NAQOV6NBP48S24 M13NRW1M2436BCM5PBNUQH0N7K', 'XW47Q4PG', 4);

insert into CLIENT (ID_CLIENT, ID_UTILISATEUR, EMAIL, NOM, PRENOM, CIVILITE, ACTIF) values (12, 1, ' GCQNDJI9ETD WCY6O6S1HY4MO2I40BJX3K7GC87IUXPYRQY7GW0X3490DHQ76T2QGRB GLRYJPQ7MM70A70QC2Y3XF2XE9NICTH1HLE53PQ5JXDTQR4M0SK15Q6I90L', '66C38185LXSM397DLQ8TTOXDRXJF7NRS5WLJ JBY253SQQ1F6IPAE19QHM23J6X5', 'B476F8AKWE2CSRMP4UNRRMG837MSCKTQ9T188YBH1PXETRS13SR8OX6 6B5LUSDP', 'O4MJ7WG7', 6);

insert into CLIENT (ID_CLIENT, ID_UTILISATEUR, EMAIL, NOM, PRENOM, CIVILITE, ACTIF) values (14, 19, 'M120655LUI2SSPCE1UMHGV3Q4DOKTH8HJEAWHC25WF7RTBMK7861NQRETFXHDQ37USM ST46CX0ALL9C21BIDIISSQJWBSMXD3KUJIWYFPRR3STJFWABD1WCQ71OHEP1', 'P86E46 NM2T6 692KB0VV4592MQ05TSFL3P83VYKEB89VVF2MQF02T8GBV0YVC94', 'ODKNINLGPBCCKG9AVQL3NJMDO7ILSM29H8HNTSUH7IQ75QMVF0JGJ JIHDA85HXH', 'BQGCQJNW', 1);

insert into CLIENT (ID_CLIENT, ID_UTILISATEUR, EMAIL, NOM, PRENOM, CIVILITE, ACTIF) values (9, 3, '1R5VVAY6GX4F 7M8C1QS59GVNB9DCC9BXRO8J4RQYC87L40RY6QYR4IFL0JD3I QBKYV YMSL5IWUX6TNLRN LFCTUJUGQJKL64HARTV67Y1E 79U1OI8PE7QUDOXWIE', 'RU3F0GODS42604UJD0K0D0Y15TTK8K6VBIP6OXOYA5DYR7VS WJWXOP4NGF5BAAQ', 'RJV9DVRS 4VTDHFHWEE7YTIUMYJOISYPPT695JVYQH SNN24L9D04M3 CIMY610I', 'WE1I HN2', 15);

insert into COMMANDE (ID_COMMANDE, ID_CLIENT, NUMEROCOMMANDE, MONTANT_TOTAL, DATE_PAIEMENT, IS_CANCELLED) values (16, 3, 'W6PM2PRF2C1N8845OPP6Y7HWNUCR6QM59HKQTP2O82OPSLRNTR6JOD75 CT16LEI', 18, '1600-3-23 13:1:4', 14);

insert into COMMANDE (ID_COMMANDE, ID_CLIENT, NUMEROCOMMANDE, MONTANT_TOTAL, DATE_PAIEMENT, IS_CANCELLED) values (4, 14, ' A34VH8WN6QVWEM35VHV5279O3OJ 9RVD0EOTH3XA1A40ON LMWHS7SMQ8R4CWLV', 4, '331-11-21 3:3:5', 0);

insert into COMMANDE (ID_COMMANDE, ID_CLIENT, NUMEROCOMMANDE, MONTANT_TOTAL, DATE_PAIEMENT, IS_CANCELLED) values (6, 2, 'UJ12V9CR9LV54NN0676GOV3YCH9GKNOD0BXQYAOQS9DJYFE82CGKJ396V0SWQPPK', 15, '749-4-14 6:8:15', 3);

insert into COMMANDE (ID_COMMANDE, ID_CLIENT, NUMEROCOMMANDE, MONTANT_TOTAL, DATE_PAIEMENT, IS_CANCELLED) values (8, 18, 'MAFWM5MHD14JT8JWL99IRY9LTLDOI99UM 9M3GLUJFU9QAMO9OKMEL0OTHFQ7KW ', 7, '611-2-13 5:35:41', 4);

insert into COMMANDE (ID_COMMANDE, ID_CLIENT, NUMEROCOMMANDE, MONTANT_TOTAL, DATE_PAIEMENT, IS_CANCELLED) values (3, 16, '2GKN9V021GNJEU3DQ Q463CAQHSUTX  77XJN 4JRQ3238B5SXH EPYHHYQJ0MV3', 17, '515-3-10 4:33:29', 12);

insert into COMMANDE (ID_COMMANDE, ID_CLIENT, NUMEROCOMMANDE, MONTANT_TOTAL, DATE_PAIEMENT, IS_CANCELLED) values (10, 18, 'DDBPFJ20RB37SRLFFW1W4LGO7RU42 SX5K38F9YH8U075S3YQSXG 0EH7A7P FUA', 13, '1454-3-25 11:48:52', 2);

insert into COMMANDE (ID_COMMANDE, ID_CLIENT, NUMEROCOMMANDE, MONTANT_TOTAL, DATE_PAIEMENT, IS_CANCELLED) values (1, 5, '8Y026VRAKIM1FOXO 14XC78UXG96BC3DH8BVT7D 801GKW0VMK2E5I90XRV5D5GJ', 11, '995-9-22 7:37:44', 19);

insert into COMMANDE (ID_COMMANDE, ID_CLIENT, NUMEROCOMMANDE, MONTANT_TOTAL, DATE_PAIEMENT, IS_CANCELLED) values (9, 6, 'VLJ660LFYKV27UC49WIR39SG 6C43BUILTO8O74RJW24L1N9L1OOESX 08BA1CY9', 16, '1247-9-8 10:19:2', 1);

insert into COMMANDE (ID_COMMANDE, ID_CLIENT, NUMEROCOMMANDE, MONTANT_TOTAL, DATE_PAIEMENT, IS_CANCELLED) values (19, 1, 'X5T92FIDDK52BJUX5FJO9DYJBLYFL0OFV09X6CFQCGSS70UL7GW8X3WKY8Y5YEY1', 19, '418-1-20 3:29:43', 9);

insert into COMMANDE (ID_COMMANDE, ID_CLIENT, NUMEROCOMMANDE, MONTANT_TOTAL, DATE_PAIEMENT, IS_CANCELLED) values (12, 16, 'Q OFUMK4YOA1Y8 SCW22T3UJTWQR6W8 9WC14 AW8Q3244 H7TO0QI9IT2DXXRV0', 12, '1329-5-30 10:48:57', 10);

insert into COMMANDE (ID_COMMANDE, ID_CLIENT, NUMEROCOMMANDE, MONTANT_TOTAL, DATE_PAIEMENT, IS_CANCELLED) values (15, 11, 'A QU03UPS0SS4MNSAS08MTTO2OSBO1E3SDPFU7U0DN8X5KNX874RMQK8DOIHUKGL', 0, '124-12-19 1:19:52', 15);

insert into COMMANDE (ID_COMMANDE, ID_CLIENT, NUMEROCOMMANDE, MONTANT_TOTAL, DATE_PAIEMENT, IS_CANCELLED) values (17, 8, '1QJ9OJRLUBNXXULES IDL0GLOHHTK9L6B8WH3E0L76Q3YEY VL2N0GBH213IL29P', 6, '1176-3-12 9:50:36', 8);

insert into COMMANDE (ID_COMMANDE, ID_CLIENT, NUMEROCOMMANDE, MONTANT_TOTAL, DATE_PAIEMENT, IS_CANCELLED) values (11, 15, '6MW4G3UAM0IGA56PM 20 YWVTV4GCYREA30XO0IEG0HUP3IW8P7LBBU3A QEYWEP', 2, '1724-8-17 13:52:14', 13);

insert into COMMANDE (ID_COMMANDE, ID_CLIENT, NUMEROCOMMANDE, MONTANT_TOTAL, DATE_PAIEMENT, IS_CANCELLED) values (5, 3, 'GI6FGH4S51JWM8684SMAIFRN2XHU4YCFO4N 0XNOEDY03MBJVTSVL93FWSD2A5ML', 5, '877-11-25 7:12:40', 6);

insert into COMMANDE (ID_COMMANDE, ID_CLIENT, NUMEROCOMMANDE, MONTANT_TOTAL, DATE_PAIEMENT, IS_CANCELLED) values (14, 2, '1S7NAT1KYVEBUCX15XOSER7JM7U5FL9HWWWBWM47TW S9I 6VPJCBWDEBAMWBF3Q', 10, '1-1-1 0:0:0', 5);

insert into COMMANDE (ID_COMMANDE, ID_CLIENT, NUMEROCOMMANDE, MONTANT_TOTAL, DATE_PAIEMENT, IS_CANCELLED) values (13, 18, 'OCBO2SMM1F77E79P1D6KFPTO4RY0BRY8YKD6QX76YU00XOJNTMOCG9LCEUHUETI4', 9, '264-2-24 2:2:7', 11);

insert into COMMANDE (ID_COMMANDE, ID_CLIENT, NUMEROCOMMANDE, MONTANT_TOTAL, DATE_PAIEMENT, IS_CANCELLED) values (2, 12, 'IKE2FKEGY6OK72GAKOL8SLQNO86KASDU9T5ADCNDLWXY8ML7SAWPIU44L8H8BY15', 1, '1840-12-6 14:40:34', 16);

insert into LISTE_DE_SOUHAITS (ID_ARTICLE, ID_CLIENT) values (2, 7);

insert into LISTE_DE_SOUHAITS (ID_ARTICLE, ID_CLIENT) values (17, 2);

insert into LISTE_DE_SOUHAITS (ID_ARTICLE, ID_CLIENT) values (12, 5);

insert into LISTE_DE_SOUHAITS (ID_ARTICLE, ID_CLIENT) values (11, 18);

insert into LISTE_DE_SOUHAITS (ID_ARTICLE, ID_CLIENT) values (4, 3);

insert into LISTE_DE_SOUHAITS (ID_ARTICLE, ID_CLIENT) values (16, 10);

insert into LISTE_DE_SOUHAITS (ID_ARTICLE, ID_CLIENT) values (7, 8);

insert into LISTE_DE_SOUHAITS (ID_ARTICLE, ID_CLIENT) values (14, 1);

insert into LISTE_DE_SOUHAITS (ID_ARTICLE, ID_CLIENT) values (10, 11);

insert into LISTE_DE_SOUHAITS (ID_ARTICLE, ID_CLIENT) values (5, 15);

insert into LISTE_DE_SOUHAITS (ID_ARTICLE, ID_CLIENT) values (13, 13);

insert into LISTE_DE_SOUHAITS (ID_ARTICLE, ID_CLIENT) values (19, 19);

insert into LISTE_DE_SOUHAITS (ID_ARTICLE, ID_CLIENT) values (1, 6);

insert into LISTE_DE_SOUHAITS (ID_ARTICLE, ID_CLIENT) values (9, 17);

insert into LISTE_DE_SOUHAITS (ID_ARTICLE, ID_CLIENT) values (8, 12);

insert into LISTE_DE_SOUHAITS (ID_ARTICLE, ID_CLIENT) values (15, 14);

insert into LISTE_DE_SOUHAITS (ID_ARTICLE, ID_CLIENT) values (6, 9);

insert into LIENS_CLIENT_ADRESSE (ID_CLIENT, ID_ADRESSE) values (7, 18);

insert into LIENS_CLIENT_ADRESSE (ID_CLIENT, ID_ADRESSE) values (2, 16);

insert into LIENS_CLIENT_ADRESSE (ID_CLIENT, ID_ADRESSE) values (5, 3);

insert into LIENS_CLIENT_ADRESSE (ID_CLIENT, ID_ADRESSE) values (18, 15);

insert into LIENS_CLIENT_ADRESSE (ID_CLIENT, ID_ADRESSE) values (10, 12);

insert into LIENS_CLIENT_ADRESSE (ID_CLIENT, ID_ADRESSE) values (8, 19);

insert into LIENS_CLIENT_ADRESSE (ID_CLIENT, ID_ADRESSE) values (1, 2);

insert into LIENS_CLIENT_ADRESSE (ID_CLIENT, ID_ADRESSE) values (11, 13);

insert into LIENS_CLIENT_ADRESSE (ID_CLIENT, ID_ADRESSE) values (16, 17);

insert into LIENS_CLIENT_ADRESSE (ID_CLIENT, ID_ADRESSE) values (15, 14);

insert into LIENS_CLIENT_ADRESSE (ID_CLIENT, ID_ADRESSE) values (13, 4);

insert into LIENS_CLIENT_ADRESSE (ID_CLIENT, ID_ADRESSE) values (19, 7);

insert into LIENS_CLIENT_ADRESSE (ID_CLIENT, ID_ADRESSE) values (6, 5);

insert into LIENS_CLIENT_ADRESSE (ID_CLIENT, ID_ADRESSE) values (17, 1);

insert into LIENS_CLIENT_ADRESSE (ID_CLIENT, ID_ADRESSE) values (12, 8);

insert into LIENS_CLIENT_ADRESSE (ID_CLIENT, ID_ADRESSE) values (14, 6);

insert into LIENS_CLIENT_ADRESSE (ID_CLIENT, ID_ADRESSE) values (9, 11);

insert into COMMENTAIRE (ID_COMMENTAIRE, ID_ARTICLE, ID_CLIENT, NOTE, DATE, VISIBLE) values (18, 10, 7, 14, '1456-1-6 10:53:18', 0);

insert into COMMENTAIRE (ID_COMMENTAIRE, ID_ARTICLE, ID_CLIENT, NOTE, DATE, VISIBLE) values (9, 1, 14, 8, '1-1-1 0:0:0', 9);

insert into COMMENTAIRE (ID_COMMENTAIRE, ID_ARTICLE, ID_CLIENT, NOTE, DATE, VISIBLE) values (4, 9, 13, 11, '223-1-29 2:8:39', 10);

insert into COMMENTAIRE (ID_COMMENTAIRE, ID_ARTICLE, ID_CLIENT, NOTE, DATE, VISIBLE) values (8, 5, 19, 9, '1151-4-8 8:32:59', 4);

insert into COMMENTAIRE (ID_COMMENTAIRE, ID_ARTICLE, ID_CLIENT, NOTE, DATE, VISIBLE) values (6, 10, 19, 18, '54-3-16 1:7:8', 14);

insert into COMMENTAIRE (ID_COMMENTAIRE, ID_ARTICLE, ID_CLIENT, NOTE, DATE, VISIBLE) values (15, 16, 16, 1, '590-7-27 4:28:6', 17);

insert into COMMENTAIRE (ID_COMMENTAIRE, ID_ARTICLE, ID_CLIENT, NOTE, DATE, VISIBLE) values (1, 19, 3, 3, '334-6-19 2:52:17', 11);

insert into COMMENTAIRE (ID_COMMENTAIRE, ID_ARTICLE, ID_CLIENT, NOTE, DATE, VISIBLE) values (12, 14, 18, 5, '721-5-31 5:53:50', 5);

insert into COMMENTAIRE (ID_COMMENTAIRE, ID_ARTICLE, ID_CLIENT, NOTE, DATE, VISIBLE) values (10, 8, 5, 12, '1216-3-18 9:42:47', 18);

insert into COMMENTAIRE (ID_COMMENTAIRE, ID_ARTICLE, ID_CLIENT, NOTE, DATE, VISIBLE) values (17, 15, 6, 13, '666-6-22 5:3:32', 3);

insert into COMMENTAIRE (ID_COMMENTAIRE, ID_ARTICLE, ID_CLIENT, NOTE, DATE, VISIBLE) values (11, 11, 10, 10, '1755-7-10 13:45:38', 1);

insert into COMMENTAIRE (ID_COMMENTAIRE, ID_ARTICLE, ID_CLIENT, NOTE, DATE, VISIBLE) values (5, 8, 18, 6, '1089-9-25 8:2:2', 15);

insert into COMMENTAIRE (ID_COMMENTAIRE, ID_ARTICLE, ID_CLIENT, NOTE, DATE, VISIBLE) values (14, 16, 19, 16, '469-12-25 3:35:18', 8);

insert into COMMENTAIRE (ID_COMMENTAIRE, ID_ARTICLE, ID_CLIENT, NOTE, DATE, VISIBLE) values (19, 19, 3, 15, '1829-1-29 14:13:48', 12);

insert into COMMENTAIRE (ID_COMMENTAIRE, ID_ARTICLE, ID_CLIENT, NOTE, DATE, VISIBLE) values (16, 19, 16, 19, '1331-3-25 10:26:58', 16);

insert into COMMENTAIRE (ID_COMMENTAIRE, ID_ARTICLE, ID_CLIENT, NOTE, DATE, VISIBLE) values (7, 18, 1, 4, '1658-6-16 12:40:35', 7);

insert into COMMENTAIRE (ID_COMMENTAIRE, ID_ARTICLE, ID_CLIENT, NOTE, DATE, VISIBLE) values (3, 14, 8, 7, '1535-2-13 11:27:57', 19);

insert into LIENS_COMMANDE_ADRESSE (ID_COMMANDE, ID_ADRESSE, ISFACTURATION) values (16, 10, 19);

insert into LIENS_COMMANDE_ADRESSE (ID_COMMANDE, ID_ADRESSE, ISFACTURATION) values (4, 18, 15);

insert into LIENS_COMMANDE_ADRESSE (ID_COMMANDE, ID_ADRESSE, ISFACTURATION) values (6, 16, 9);

insert into LIENS_COMMANDE_ADRESSE (ID_COMMANDE, ID_ADRESSE, ISFACTURATION) values (8, 3, 2);

insert into LIENS_COMMANDE_ADRESSE (ID_COMMANDE, ID_ADRESSE, ISFACTURATION) values (3, 15, 12);

insert into LIENS_COMMANDE_ADRESSE (ID_COMMANDE, ID_ADRESSE, ISFACTURATION) values (10, 9, 4);

insert into LIENS_COMMANDE_ADRESSE (ID_COMMANDE, ID_ADRESSE, ISFACTURATION) values (9, 12, 17);

insert into LIENS_COMMANDE_ADRESSE (ID_COMMANDE, ID_ADRESSE, ISFACTURATION) values (19, 13, 13);

insert into LIENS_COMMANDE_ADRESSE (ID_COMMANDE, ID_ADRESSE, ISFACTURATION) values (12, 14, 3);

insert into LIENS_COMMANDE_ADRESSE (ID_COMMANDE, ID_ADRESSE, ISFACTURATION) values (15, 4, 16);

insert into LIENS_COMMANDE_ADRESSE (ID_COMMANDE, ID_ADRESSE, ISFACTURATION) values (17, 7, 6);

insert into LIENS_COMMANDE_ADRESSE (ID_COMMANDE, ID_ADRESSE, ISFACTURATION) values (11, 5, 14);

insert into LIENS_COMMANDE_ADRESSE (ID_COMMANDE, ID_ADRESSE, ISFACTURATION) values (5, 1, 8);

insert into LIENS_COMMANDE_ADRESSE (ID_COMMANDE, ID_ADRESSE, ISFACTURATION) values (14, 8, 7);

insert into LIENS_COMMANDE_ADRESSE (ID_COMMANDE, ID_ADRESSE, ISFACTURATION) values (13, 6, 5);

insert into LIENS_COMMANDE_ADRESSE (ID_COMMANDE, ID_ADRESSE, ISFACTURATION) values (2, 11, 11);

insert into PANIER (IDPANIER, ID_CLIENT, REFINTERNAUTE) values (14, 4, 'JE4FPMWW1X8CBH1SJ1YAUS32PW6S2QEGU0OFX0POIVK54FS9NGKXOJ7UBYR8 E19');

insert into PANIER (IDPANIER, ID_CLIENT, REFINTERNAUTE) values (13, 7, '3SXYFL1T0DP9V6IW9G4HC0REG5 IUV9JFHQSFY7OSQ X0I3634P3TEJNHJYQHXV ');

insert into PANIER (IDPANIER, ID_CLIENT, REFINTERNAUTE) values (12, 2, '5FDBQTFTDQ55P7DX11QKSU6UYQ1VDFNIRJHTWVT5DTCSR5274B4JMM9ILU5MN6BB');

insert into PANIER (IDPANIER, ID_CLIENT, REFINTERNAUTE) values (3, 5, 'U55B3VESJU4GM5SDKN4FB AF8KIG34FW66UL4L56U8EGG630Q8FGH6NOX3SM65I1');

insert into PANIER (IDPANIER, ID_CLIENT, REFINTERNAUTE) values (6, 18, 'P4GAHSW1E M0 4G33Q4LIKMLT418Y7WSIYBQBCDEEKH1M 6RBGQLAGGV8YR27AYG');

insert into PANIER (IDPANIER, ID_CLIENT, REFINTERNAUTE) values (1, 3, 'SJ63UVCI78V4J2ROC8X3V7IAFNF16XNQPDYW2REDSP835SNEVV6SKATWGSTR IG5');

insert into PANIER (IDPANIER, ID_CLIENT, REFINTERNAUTE) values (16, 10, 'O I29MJXGG7YVQAW XWVR4J9003LWI1FRJKMKH VE6 C30F48U1SA7DPDP83L24J');

insert into PANIER (IDPANIER, ID_CLIENT, REFINTERNAUTE) values (17, 8, '3RAEODR6 17OTUT5FMWRR5TUYVHIGEDU1V600FX1OTV4PE0IGP9TDICJC0LXFPCV');

insert into PANIER (IDPANIER, ID_CLIENT, REFINTERNAUTE) values (18, 1, '2M7WKPC14RFO4 JVD58Q0YB A6P88AHIVCQ73EV 7PO32UTAFJF4740MNXC25F5X');

insert into PANIER (IDPANIER, ID_CLIENT, REFINTERNAUTE) values (9, 11, '8UJXWN7 T VV5A500XSA3PK7IDGT5GNI4IQR2OYC5GODPNRLN OELF2Q25ERWP41');

insert into PANIER (IDPANIER, ID_CLIENT, REFINTERNAUTE) values (7, 16, 'M6YA7QOSGI3NNBTX2UWC52JINFWTOLOF2C4SN2S863NMNPC527LUXDU4UV4SEIB ');

insert into PANIER (IDPANIER, ID_CLIENT, REFINTERNAUTE) values (11, 15, 'UWOCE0NVWO5XY79MPAEDR6RD9QN8PXX9LDEV3VI8E8V0ICG35T973D0HQSGGTBB3');

insert into PANIER (IDPANIER, ID_CLIENT, REFINTERNAUTE) values (4, 13, ' QHY10I3KAI3UKNIO4MD1R8TABWKN77L LI25UQIHW569FJ5T 9OFBW314SHS466');

insert into PANIER (IDPANIER, ID_CLIENT, REFINTERNAUTE) values (15, 19, 'L IF2S4UCNA1MHOI6QFRMYFABJAWGNSH3IX01ALOKOR9IBJGKAQ SN7OJI17JEGJ');

insert into PANIER (IDPANIER, ID_CLIENT, REFINTERNAUTE) values (10, 6, 'SDKL VVYMNX63KJ3W16ILEETBF0PK II86MRH0PU9OHX9VXQBW8BJ96IG8LDP37Y');

insert into PANIER (IDPANIER, ID_CLIENT, REFINTERNAUTE) values (5, 12, 'RSNUJHNE28U01QCA8H4MGNWDE07VN3IFTL9YLP5MFNJLVJVPWWJDEMPVG3PM8UC2');

insert into PANIER (IDPANIER, ID_CLIENT, REFINTERNAUTE) values (8, 14, '7WYYHVCA7XLDH4V5 O22R0EBY07QNBL74C5UIF20Q6VWD2VG9QC0LTBYCOAPS3MU');

insert into PANIER (IDPANIER, ID_CLIENT, REFINTERNAUTE) values (2, 9, 'Y1ODJW4OK1PIS 7OPEEGO0ND8H P5SR77NS47R7HDPSCLK78DPNAENKDDEOT 3BT');

insert into LIENS_PANIER_ARTICLE (IDPANIER, ID_ARTICLE, QUANTITEPANIER) values (14, 3, 3);

insert into LIENS_PANIER_ARTICLE (IDPANIER, ID_ARTICLE, QUANTITEPANIER) values (13, 2, 10);

insert into LIENS_PANIER_ARTICLE (IDPANIER, ID_ARTICLE, QUANTITEPANIER) values (12, 17, 4);

insert into LIENS_PANIER_ARTICLE (IDPANIER, ID_ARTICLE, QUANTITEPANIER) values (3, 12, 0);

insert into LIENS_PANIER_ARTICLE (IDPANIER, ID_ARTICLE, QUANTITEPANIER) values (6, 11, 6);

insert into LIENS_PANIER_ARTICLE (IDPANIER, ID_ARTICLE, QUANTITEPANIER) values (1, 4, 8);

insert into LIENS_PANIER_ARTICLE (IDPANIER, ID_ARTICLE, QUANTITEPANIER) values (16, 16, 2);

insert into LIENS_PANIER_ARTICLE (IDPANIER, ID_ARTICLE, QUANTITEPANIER) values (17, 7, 19);

insert into LIENS_PANIER_ARTICLE (IDPANIER, ID_ARTICLE, QUANTITEPANIER) values (18, 14, 7);

insert into LIENS_PANIER_ARTICLE (IDPANIER, ID_ARTICLE, QUANTITEPANIER) values (9, 10, 13);

insert into LIENS_PANIER_ARTICLE (IDPANIER, ID_ARTICLE, QUANTITEPANIER) values (11, 5, 9);

insert into LIENS_PANIER_ARTICLE (IDPANIER, ID_ARTICLE, QUANTITEPANIER) values (4, 13, 17);

insert into LIENS_PANIER_ARTICLE (IDPANIER, ID_ARTICLE, QUANTITEPANIER) values (15, 19, 18);

insert into LIENS_PANIER_ARTICLE (IDPANIER, ID_ARTICLE, QUANTITEPANIER) values (10, 1, 12);

insert into LIENS_PANIER_ARTICLE (IDPANIER, ID_ARTICLE, QUANTITEPANIER) values (5, 8, 15);

insert into LIENS_PANIER_ARTICLE (IDPANIER, ID_ARTICLE, QUANTITEPANIER) values (8, 15, 1);

insert into LIENS_PANIER_ARTICLE (IDPANIER, ID_ARTICLE, QUANTITEPANIER) values (2, 6, 5);

insert into LIGNE_COMMANDE (ID_COMMANDE, ID_ARTICLE, QUANTITECOMMANDE, PRIX, STATUT) values (1, 5, 19, 0, 'BMOEDIYE7PTPGO89');

insert into LIGNE_COMMANDE (ID_COMMANDE, ID_ARTICLE, QUANTITECOMMANDE, PRIX, STATUT) values (2, 13, 12, 10, 'JRV64R5YPM44K8WL');

insert into LIGNE_COMMANDE (ID_COMMANDE, ID_ARTICLE, QUANTITECOMMANDE, PRIX, STATUT) values (3, 12, 2, 19, 'D HVYRX31L0QOIFP');

insert into LIGNE_COMMANDE (ID_COMMANDE, ID_ARTICLE, QUANTITECOMMANDE, PRIX, STATUT) values (4, 1, 11, 13, 'EAA8MFHP5L99KLS6');

insert into LIGNE_COMMANDE (ID_COMMANDE, ID_ARTICLE, QUANTITECOMMANDE, PRIX, STATUT) values (5, 9, 9, 3, 'G1ULVUW47U0D0FBE');

insert into LIGNE_COMMANDE (ID_COMMANDE, ID_ARTICLE, QUANTITECOMMANDE, PRIX, STATUT) values (6, 8, 3, 8, 'NMMOKQ3 TCSFYEYB');

insert into LIGNE_COMMANDE (ID_COMMANDE, ID_ARTICLE, QUANTITECOMMANDE, PRIX, STATUT) values (8, 6, 10, 11, 'DD4XNA3Q9UO091YN');
