
use bamdb;

delete from LIENS_PANIER_ARTICLE;

delete from LIGNE_COMMANDE;

delete from PANIER;

delete from LIENS_COMMANDE_ADRESSE;

delete from LIENS_CLIENT_ADRESSE;

delete from LISTE_DE_SOUHAITS;

delete from COMMENTAIRE;

delete from COMMANDE;

delete from CLIENT;

delete from LIENS_PROMOTIONS_ARTICLES;

delete from LIENS_SPECS_CATEGORIE;

delete from LIENS_SPECS_ARTICLE;

delete from LIENS_CATEGORIE_ARTICLE;

delete from LIENS_UTILISATEUR_ROLE;

delete from MESSAGE;

delete from ROLE;

delete from PROMOTION;

delete from ADRESSE;

delete from UTILISATEUR;

delete from CARACTERISTIQUE;

delete from CATEGORIE;

delete from FICHE;

delete from ARTICLE;

insert into ARTICLE (ID_ARTICLE, LIBELLE, REFARTICLE, PRIX, QUANTITESTOCK, VISIBLE) values (15, 'ETD5JDRJVQ6UNYUBCL544 E5QFR1WXPDNR39079CM4DPTBF9TO HE Y0I24QSLV5 69M0K51D9XO9YY1T2BXA6LXG2KEXTUBUXHPILACBVYLUHYDHJ5WUTOUYL2FMS7B', 'WG745LX73PM5MW1T D0SE2BCQQ45629E3 X56VNCJU697JC4 4CB7BJ3BIBCE W ', 9, 4, 11);

insert into ARTICLE (ID_ARTICLE, LIBELLE, REFARTICLE, PRIX, QUANTITESTOCK, VISIBLE) values (12, '5O VIOOG0F98EP2HEM1UXHVATGA34 P54VRNUJI5I6DFLS43JO89DYU88BHRM8ABFQCH852P77C4255J9SPMVFJ9TLLU4LYX78 YEQVWV9 5BI9MDUYH180FKJARND I', 'DJURAG31JHAD04386LDUGT2NDBA01HT KQFJ 3 5R21ECXR 691YLK94PVXMTEK1', 17, 11, 9);

insert into ARTICLE (ID_ARTICLE, LIBELLE, REFARTICLE, PRIX, QUANTITESTOCK, VISIBLE) values (11, 'V8LKWVI4R0PIRTQP1K9GE3HCX5T 18Q8E7QY7DT7GUN5QD2NWCG3EXA6O51 31QP0KLQOBPM0VJ3HOUWXH43D0 K35LBH0O4HE1IM3B8U3RC4MUDIYF2JV8QRGPHULF8', '1WY3LXB38P5EGGYTYDUCYRO7KSTQGYTCH494GB5TCD2EHKFO X MSYY4MC7TKLGL', 4, 18, 7);

insert into ARTICLE (ID_ARTICLE, LIBELLE, REFARTICLE, PRIX, QUANTITESTOCK, VISIBLE) values (8, 'VNL18EVKT7E0Q80KJL7Q29WFS783MKX7Q F0N5TM6R568 DH6X0U0CYVKBQR9XEW WE5TJPVK0EYII7O2D 5BFKX FF4105JYM09O59G016JBQW782WGV50UA06V8FM0', ' DVAQYRS TUGGE411PAI8YYLVP JL3F02B AJQL EI6OCA4XCCBRCTOVRROH0HXF', 14, 1, 8);

insert into ARTICLE (ID_ARTICLE, LIBELLE, REFARTICLE, PRIX, QUANTITESTOCK, VISIBLE) values (6, 'E6C41PEX1Q62BY N5WBKGHRK5DGQW FOFE9MNB5FGOQT4M67MMACPMGFOGGE4WFGMW7L5AOLLBU16KDHYONO82VEA40NTLHQX19Y2BDM4U5 WVIORDTHKKXVWYLBTRPH', 'PFEVVY6 7RH60XNVK6733W9R67IA22936YNVO19SHOQ5893XOCRCBW0LDGBM1FWV', 10, 7, 1);

insert into ARTICLE (ID_ARTICLE, LIBELLE, REFARTICLE, PRIX, QUANTITESTOCK, VISIBLE) values (16, 'IJH5C73GHWF5HVHIDCW9UFWJVSR642CQWWM7PB16RP7MR17L17JRTOF8Y3GPYNQTCP6HNP2OF208BIPX0X0ECG1XE58BSE3R 0FKTNPRCSKVM16A3EWQ05RO94NFMNN4', '8XU1QUQ2P2NQNJ0Q6RHCUQE80TL80FG516S8TFNVPKK7V93DV6GWAK125AKT09QS', 5, 5, 18);

insert into ARTICLE (ID_ARTICLE, LIBELLE, REFARTICLE, PRIX, QUANTITESTOCK, VISIBLE) values (2, '9J8 TOJRPHCI4KV3IBGCDFU4Y2 IB T04V5C3MDL4JF35DA6T4ISU8NDAQ61NC23TEF80J7MM4JNW00 12NQRTO4HNSKAW4J36WCXV2TN657KATGK50VDQNK871LW4U2', '49YBI36WTMHSC98K00IXAXQ1BN150CO8HMG7DJOCOF1SIJGGBL3DBLDKCJH2TEDG', 2, 17, 4);

insert into ARTICLE (ID_ARTICLE, LIBELLE, REFARTICLE, PRIX, QUANTITESTOCK, VISIBLE) values (4, '163C 99N1G8U5CL185IVTQCGIHVRWR7X626YAM630FKMMJHS9PLG5YT1TFRNRVDVFB XU7FOAEJPVKP8A5GFDQ73 NYXRPN95511LIPIUG39MCMFBMWJAQS0AOA84XJV', 'FD2UUMNWEXLIMJVTSYA4SL1OKB1E8E2YQH76BKSUHX1BWUVVXXU8 A1UO4IYUO6Q', 15, 14, 10);

insert into ARTICLE (ID_ARTICLE, LIBELLE, REFARTICLE, PRIX, QUANTITESTOCK, VISIBLE) values (19, '2OG3CCW58G0GJ5T T1FOQU1MDQ9BYDN3BM1WTR2Q80KJ9G 0N45MCCLABV3VB7QTGN9EM4DX7KTQ73Y81DUAPN8YMULQ5USHF48GC18WRBDDT4SSN1YNCLU3697NA1W2', 'MNY8 UXYTY2KGEXGM36N4AP5RVCOAR9DMD2018 JPBXPBENU5WDGBHN5BBMI H1X', 3, 9, 14);

insert into ARTICLE (ID_ARTICLE, LIBELLE, REFARTICLE, PRIX, QUANTITESTOCK, VISIBLE) values (10, 'M7Q FG3E18JPCWNGJ6MKM7KO9J4GHRA1TS6 6JNMJ2B512UG8MK3UTM8KR31DBDG5NNGWRQF4DB2YKWLJ 6791ES7WMBJ8QT7AWFQWB24GSU5KF6SMLY SHXPOR5FD29', 'RYYKKQ5FV5J4DCVX7G4QM1KYBX5DB0E1FGN0JOP1GBJCHYK1VSUKXGA810C9KPCU', 0, 12, 16);

insert into ARTICLE (ID_ARTICLE, LIBELLE, REFARTICLE, PRIX, QUANTITESTOCK, VISIBLE) values (17, '0YBXR IF9GPXJL82OSHE 8KRYJAJGV9EXRY2XCMUN8OTYDAN9D8O9UIXATNHV4DCRIIY5K49UGW 4YOU34WXLCDMGKW VTJUQUER8JK3QLA0OOO32K5AQRBJLKS3KX61', 'EQUGTN28YH4UCBS5NLK32FV59K96X941XEX18KVGB386NRUOGEYIT0IE2HN8HN0T', 1, 6, 13);

insert into ARTICLE (ID_ARTICLE, LIBELLE, REFARTICLE, PRIX, QUANTITESTOCK, VISIBLE) values (5, 'G6KOTFRBNUFF65QDG1D0DEOW8IOWXOQPXPRWKNLFE8JU29E72KJ90VYHARNIVMV4LE9PX 5H3KGVQ6ELY1CC5 SK6ID38KF3A 4CDEN1AER7EDO5O32J5Y 0NP7SPMDY', 'P 9NT9R838 0KVUK5QWQ17PVUAC7WGE8QOLMSBGP29AGE7OCJMOD0AGXRB27PWWY', 6, 0, 19);

insert into ARTICLE (ID_ARTICLE, LIBELLE, REFARTICLE, PRIX, QUANTITESTOCK, VISIBLE) values (1, '81X467I5 3LJ9J9Y65P696J6T46UX4TK3V ELY7IISTJEQBOUFWMPCJXB9YHER1CWJBJQHI7OEW1S89FCWX9IH9P4FVYLFI74YGYOY7 MM2RBLLXXDPHQU5HLRWLUESL', '6TCV80ASWGQOITGUVLJGNFL2RY77SOU9MX8GA1ASX5J3VXVED3J 3KOVEXV3MMV6', 16, 15, 5);

insert into ARTICLE (ID_ARTICLE, LIBELLE, REFARTICLE, PRIX, QUANTITESTOCK, VISIBLE) values (0, 'LRQ2BSD1 X2KSPYF3CVS7 SOJ2NPF5NJNF1CJN44RLDAXP8NV6OMSQXE50HOGG0KX5 A3ISIBN4TA0DWLY1H68G412BW0DWPHXTFMNV1HX31GCJ02MHYYUFY8FQS19KK', '2APF2HJLUGO5HYPTSAF2DUDFKPTWLVXEW SUJNDJR8QC3PXI64KTFQLFLLHJ0U10', 8, 2, 12);

insert into ARTICLE (ID_ARTICLE, LIBELLE, REFARTICLE, PRIX, QUANTITESTOCK, VISIBLE) values (7, 'UJEBQM 1H0QWSM0BHSAMPA2I421TGQE8WLBKW7YDWC4EO68PF A1THRXJR4G1OWEYEQRHJOGT00IAJVMXD2WMP VQ3L9FBS7O3KLSYA8M1SATINYD1RTEGHJBENQA3VE', 'WU7UJ56K86Y5H8ME2B0B2YD06NX3 7CPBHBMXTM37P94AV3XCFGS0KUWIOWKOW8P', 13, 16, 6);

insert into ARTICLE (ID_ARTICLE, LIBELLE, REFARTICLE, PRIX, QUANTITESTOCK, VISIBLE) values (3, '8LBQ 61763ITA8H8LQAJ9J1PCT6I2S763K6W73CBQQY5N2IGT23RA2OL96R56EWD8IXTG S4W8FHSPW4MDE9FCJ1X8LCY899YO4BNA2PTN WG32D4TYUJ3XCLFHRLXTO', 'RB4ACVF2 26U16Q1CQ8F VEB4BR3287R7JB4EQJ1BAXV834ASBDGHFI1X LQ1PX5', 12, 8, 2);

insert into ARTICLE (ID_ARTICLE, LIBELLE, REFARTICLE, PRIX, QUANTITESTOCK, VISIBLE) values (13, '03W5KV4MVUANAHLRPCACE7BDY0038B60IK06 RY1 HQXXC5F8MIKPWBI1 A3WJ342P AJBRLEYA0SIL1Y5FG1NPPE67II3IHLVVDP5WHTGL6C1 SJ7GWW8FEU666YNK0', '358CM5 0D5FU5R1PS2I4 4TCBU2NG46NAUU8F31KP76G5NBTXK QU2521WJ2 LXN', 7, 13, 3);

insert into ARTICLE (ID_ARTICLE, LIBELLE, REFARTICLE, PRIX, QUANTITESTOCK, VISIBLE) values (18, 'G9HC07WEB YQTBFF2TOVNQJKQDDW 8G9FS88QNEMFAD2GYB7 UXCMGBQPVMK73N7O58Y7 8X0XHHCV4W6WJA106YXNB27TNETW6LIYENE7IGIBGUXCMT BMSUDLBG98Y', '07U34V2RATCDBH1S3BQMCQFL9T249HCYWJH9X1L9H5SCS9F8NGG5OTTSJ793UGP ', 19, 19, 0);

insert into ARTICLE (ID_ARTICLE, LIBELLE, REFARTICLE, PRIX, QUANTITESTOCK, VISIBLE) values (9, 'TBI7SL0LA7EFVP6VYEVYIKDDFL7ABI8I2F8V 7C5UVSU9U6EB PUJ6CC0JLY3 P6D33P GV8JTV7ESLAJU4LWXJU9ATC DTMXYGUL57ABJL2YTP2JHUECT4MDPMJ1OY4', '0YR5 HC72302JBSBC0DOXBL3WBI86FFPSA94CA6A8C6EG8OPDQGM2I5GP9QVJN4J', 11, 10, 17);

insert into ARTICLE (ID_ARTICLE, LIBELLE, REFARTICLE, PRIX, QUANTITESTOCK, VISIBLE) values (14, 'DFBJGH2AK8I0HLXNM88GI6GVUDDKA3LCPOEX8XFP WTLD TJI69YYJ0EOP4KM6EMDO BF5ALQDEH155TC5L75UGH6VLPVQ6Q683YE7YID7SCRKT1MTKHG6LY5V54RUW1', '48AMXW2QKE34BTSO96BH0W4CRXLB9LIH97Q4M0791I72U8WY0P7PJE7S8XFYG1J3', 18, 3, 15);

insert into FICHE (ID_FICHE, ID_ARTICLE, NOM, REFFICHE, DESCRIPTION, IMAGE, IS_PUBLISHED) values (0, 11, '8K  EFB9A960XVDWVYNYQC9148T TXV8D6FLWWEJFBXWGA0Q6RGL E3HQ6DE7L5T', 'ANJDLN2MJXL5BXVG9HOQJOW4YX6PJMDD', ' KFP AKWR9V1HGOM76NE7QJXW733PKSWJLCGH FBW0TUX5DPJCXXRRPL01VY4XMYV8P6AXYL7A4A074VN61CLC59D5HBAGSHDLG6QCP6HT4UO10B56SGFEK6L4IM3QU SH9S3QF21 OXRD5S0LN410S3L87BBKKGDMDEJV2RJ1F306VLNHQ70MTBSNH Q2VHPETD3UOC3 KT4OOJUNTNUYRM 9W3WNR3T246RYHE5L0OOG6YVQDC YXDBPPAC0IY3LL8EUU2MGB93B5QB2FBQWSHFHR4I2F6DQ51RFAXSVP7SBL97VSJCCXDBSM9R22GX3D5LVI8E0052WKI 2U2 45YDOGDAK5YB G2GOENKSSS3PCWHDNYMBDPFX55ACGGNJCDUKWGRU7T0ODHXBXBACNOP46BSI 7CNJQ6L6EYP20R16S0729TV7DTMPNQEX 909RR1LSGLW4BAHUS31  TIVTKKY1NJ5O2D4UIKH JU H889OULMFG1R5X71G8BJ83DKIVRTQDOF XE5L21GQAI7NCSRMCWK13GSSBXQ8PVCGR87T7DPF4TVKC3 7G05JVEKN81MGVKLFA2M0G9OV0XXL7KOMCMQM0RQXD6GQ3J5CIE2AS0OCB24RXARB3SAMXL3DPLRU95YLKXT3 L13PJPJE18L0SD6PRIMJOIY3K0DXFOEKN662THU673MQ00GCOW9F0AP4GDWEXXGVEHNMLQXPWEK40RXIH6Q7C70MA27YJF0 UEFUMCI5S7GEHSJQWBG0HTAO16A JJ6SJFCIUPNFAM5 BOL9DAO8JBD3HV11E7H R14OFQWCFSKOJNU6 3LLNEFJX980QTV0DRDMMU4CWWEFCDDAGTA0683DGKK29EO2Y7P0T1OR24BL13S85JSRMLEUP MOXEM6RXJPMT9PXPVQ4L0F6D DNRQW1QYISWW6LK8VR8  5XIP95E16GON3IY9E5YM3E1K1T1 5UFA01MP9LQ0J LPV7AJHIXA820R9C6RSRI0JEG43A', 'X22WWLIUDFEWG5KGYIW7VWFEY0JEST87QEVESTDGHUNO790X47HAHIERG7N8HORU6P4W0DQDA3GK8RLDBR95QNWH6T4W J0SFSIFL6XUFLVQ9S1SXGSB4WCJF6CKVRB809F3LIFKXIKEWT9NO9AF44AGYC9GSX6XWKX0VWXU6TUSMID P0N32KH8V7LV4VA7EUQA959H2BQ8VXLCL9E 9LUHPDN2ARDWC365HDCTSHV YB9VADQSV0EBEBDEJ0HC', 4);

insert into FICHE (ID_FICHE, ID_ARTICLE, NOM, REFFICHE, DESCRIPTION, IMAGE, IS_PUBLISHED) values (13, 9, 'I6EDR1CIONIMLMJQDBDSW92SGDC PT71U77N3M2POFIO3W97XNHG4B7BOXMA2NXF', 'PR8TV7IMULOQRLQJWSCK N9VJ 3QO7L5', '5494DV5OEYJ542PH7V4VO7YMLDDC8OU58W15JV7DBOLGNT8TDT35JNYKEDQA CTKYM6BILG7IK8TLOPRPAB NMBB4RMMRFFJQFNYN8JMTAPOU12ISSN6U1P3B2MTEGAHC44D8C6MK8YIAMIVNKILR  NYO CR94H EVXDP9RDOLTNEE2NN232X4AENLQI T18OV15BX1CMT3NL5YMV3L8I9TGX3IA0G856P3ILB3 UJXSSFUSU 1QSPMB5N9M09Q5WMLD4U15VBWMS0MQYVEU WJKS5KY KL1ML1HT1H63DNGPVPJCHPTNG08253L3XK1V5WKULNRNKTMW31L 8YTM5YP1TISY0TS1JQ6PC70EE3B0X3RM68U XWTG1HOAO3C7N6T4BGG216N1TU9Q1NW5TTRXASC9VN591SX5M404DUL7BUSM6BTS296TQ6Q5SA3XW8S3MJ0TUU2 64DDNFDV4B497FQOQCDN27MISJ76M X58CGT348LHJ166E2Q5OPP3ELCPHQ1I4VTLK MXN GU3QASWGJNO514JOO7A4YY5JCEI562A3B4OI2SUHL196J0FU06CCC2YHA1APP7AY7AF0TN5NN8VOR6TX0RNSDMF4N PO5O0WII39JHRBSBJY3ULPP6P7Y3MUKYXMBER2V6YT30OTBJQQOQLSCVIRTHGVKQSFP1XM6PSH2OVCUBJ2FDQRJDM2HL DCBMDOUXKMSWKWIG1B6IH2SX23F527TAGYT76BR8TR75SQAFXVURX3S455VO716F1RK  JE97AXY7IDYW06YOTSB84SE8WEJ2BYTCY KHA06C0R5TE88I9VJIOCYECVSAJN541FN82SB4Q76G56BJ9QT3SWKAUKCEJD P19328OAUY19EICGBFT9YOX0YI7F0T1SUYRIEP8O7S8L828DS75 1X3ISE3AN3QLOKRIMM6GE2IGFPHFARE45C8WM786OCO0RGTR GF8WH46DKXEM0YU YBIQH9GHV921 3YMX13PF3093HN', 'T09R5XCP NJE3B 56GG8YTCBB7E72DOGH6OETGIKQYQVGPFD0F32HA2O712WXR8N8URBWXCBH70S1MF7 1S2E 238K9U5JMUJ6HSRJDE34PLSJ0VPPD2GT0TYDMJM6EL4 G7MSDUU3PQL3C46QAXCWQKBSDG4KBU8X1WOHA5EEMQ6AR8R5OIQM9NRWF3ETA7FF4AYN4EU O48DQ0ARAP3QOV0MD12BDPRRBRGN55OOSFBVWU 7LIV7BMBMGSMQQ0', 11);

insert into FICHE (ID_FICHE, ID_ARTICLE, NOM, REFFICHE, DESCRIPTION, IMAGE, IS_PUBLISHED) values (1, 17, ' RSU0RL6IO6KMCO MNMG5ANT6RSVUJD2Y0RDFQ7IN6DVRJEDNU7SD5OP5I39M4SM', '0XQWACFT F2YM FADA1C9BC5MG45LK N', 'XSUE58G8PKIF981FXAFTO28P331EDYB3SJPY9RYFNJXH4AO97AB435B6VH8NP7O56MVUNH72093 47280NYMSSU97DN8B20SH3CCRNVKMEBF8C6KYW35ISH5MBVL23WGIUQSRQNYSEI9AF70198J1B2L4N56R527GICKUIGR5HAY0FGVOSIPWTLX2FDJ5CGJWJ5132E0TOU14LFXNBOJOY6X9M67T23LW5QNFQNBAP345GQJ7F7YRR4 WVQRA 7XUBDUR5LRE7MQLV6LXJ4 HFWYJMXT 25QKU 4V6S1IHKJUWPHVS8L2K4A85B 9KHNA950F2WBBOV66XE6H5XTO JVDF3XD0UVNX2118SAXO0CRNK3JB9RDS38R92EG626OYOT7FH8U76PR L9DUYH1CUDM9T3J67SV8HYBP2W1P734617K0E4MD2TMSFRLDCJ1GQ3QEXKSGK7SPN07VKUTS3NRYR8IEUQG38WL1H4UHFWLEB9RA7UCTJGHQAA2649SEI33JEXELL08A223WNDR02DNR5UWXUG5DRE82GUYDIEDQ44H4UMJ5J3IL4QN6QBYTSMY1KCG8BYIDTKM5IX3B0TQGMWRNR84D3J35UDBBRN54N5L XLQUL7DFSANE08YDSYFFJFAKAFK6A4WD1YMEOLWBDWNSQT5YPSL62IJPYB3 L9GUIEVWQQ6RRQXFA1S38X5WY7M7IAUCHWIQMDJIDYJ41TL79GFGK9LI LLEEFXA5UU599ISF3NLY8QBD7XKES920BSCLUA3VHK 2KMFUKL4U387HXNP6GG01G1UVNTF2R6VATMIQAVGRKXLMSBXYBC0ARKLK B4D2MBSI5DDOF4FRLKYH32IF113EXXP1GCJE9H68QL5PKE5XTCU9GQ7UKDY564Y1VKG9TFMKT3PW0EY97LRVFC2PSIJ9R2O81H8NGX16T0PBVYI285ENB2U5J9NKHKUWE426QKXOXT3IPP5L74IEWVUCIQ9DL43C9RDWLOHTD8XLF3S7F02G', 'NUXS03PJR0G8WM1KFUOUDBMR8CI1I1T7WIUVGWC8FDY8CQ3LPVARUK7PS13C2G2 RAOJF9RDEU400K6V86S8FTUECPEGJK8KUJLBKMSOQDH90SKVUKBE56GCS690134O7DJTBRGE0M6QICNLRHIB014IB18RP6QKAN2N5PVC4345HH0KNAT4T23GJLFGE682Y4BFCQERE0QAUOEUM 7 D6Q9H2OX2PWHH87U3GHJLF6 FRN12HD3BOLINBH GQ7O', 6);

insert into FICHE (ID_FICHE, ID_ARTICLE, NOM, REFFICHE, DESCRIPTION, IMAGE, IS_PUBLISHED) values (15, 10, '5YDO987T1IO6Y899NOAD65RT6OD2SEI5EDK9937SX0A4MK62O9N9RWILAH7 PL2E', 'ICQQMVL0S7R3C366AKBQK51JP2KAMXCO', 'CI4IDBJJQ3RVUYOHGFK98BD6FC483G8R8IBVMMPIYJRXBLO11PNTGBTFFEE2AH8PI6RQQM77PCQUNS8AK7W8XTR3L1L5 EI8MMGD0JO1V6Y4UYCGMG5CHOVBIU9W3OOVBN13PUV2PGC6RS797NT T20X44PTE8HMT SB0CNSVGII3930PW11JD57T0TEN4S0P0NEY238H4NOLMIHYYMG5AFYED58FSO50 8SIEG109O8RF334H 43U5I1VYUAVCL6UUXLX3ACG6Q3HNNVU81N9RSB03UMD6KYFCBXKJMT0BUYW3L873844V7A 4WTHOON8CH8IH923Y7P2JVLI OL8AOCU8O2RK5VN2Y38RWAMNHGL9XUIYI5PVPAD9UJ0OPNSEC0HDRY8KFCINR7OQSQXRBC5Q5BBYNGJW8EAIN GJRE BXCCPN7K505JRDB0LR4KRAKYGVRI29IJYHBKU9BKGVQP8BESWCXDU7Q2O8YF9QHYG0K7WTQ77IJJKREKBAJ6NN0IU4R2 23AVN V7J2Y52ESXKYIGY00DEGGOFPYM2XXE2U1QOSM36LW3ON64BVPT6 A6MRJCOJIDEUU5JA932S5IY B9SYTGUGSELAXXTDWCG1AREUAAH1L9DCYWELQG7LXMW13RGSBXEY4JMOB2MS35X2GCLGLL33 8J8QXL18 2HX3MW8UCY7ILCFYHOCCGHJT2ED79BFHRX0QSJABWTDHGASAMQPS79E2LKA IMWKA1GDJHX972QRKXO34K5PASPVP3JAF00H3W5LEKYNLS9Q16K7MIYIPBWAKT V6ACQ11SOTKEK0HPF0W8OA97AH3LGUW81UBRWKESID3KAW2KJNTNOU0PQN6TSR0PVORGQNBENLO399V5F5M5JJ94AAKTQ34L0U7U6SKMB4SU1JMJ2RSBQ3YT J62Y2PWSM6OA199DKS0DUFL6PU0YUG HJUGBHKB8A3Y9XYWDLY15OTY1C5D0LKK7G80PQXEY5AYJKNUHWFOF7R2NXYUUP', 'I77MLRQ0U4A1YQUAVDPO90EDT2XG8GS152JISS 2PRHC2067D35 O10GATU9 DEIUNY8P 574NWTA6006VEAYSF0PUNB78 JHI0N42BAH AD27TFFMQXEMUQ46GJB4M3D2TJS1QWJQ4 R7APL64967KW1O YMCKP8F5TF5U0GJGNMQ8LK17MGG4BBWPKAJ7F4JHCI067U 0EUINGPI9G7K398BOEHL4TL4X1LFGKOB79GLO4OR78D0CLI1KK6P00', 12);

insert into FICHE (ID_FICHE, ID_ARTICLE, NOM, REFFICHE, DESCRIPTION, IMAGE, IS_PUBLISHED) values (12, 6, ' UXM5KUJ1S2C1X8Q4LQHA5P WXSLL85IGONDI3 UISJID QPVEI2R18FSUXOL4LA', '00JJNU0JJEEG88CDLYEF3UD4P5FE3NNM', 'ED4I05CNGI9IX9MLP9J7BXD1L3LVG5K4JUWXOIFM7O4S8Q85W328L2FC127JP8G60DW P1GLMT5E5G8XE07T4P0SBRFCREYW5 2 FX01KLMQPWL5THRRROVNYOTRG7NRRK292PTXBFG9PQIK5S7W65TOX5O8MHAR2S66T5TTKK9IXXAGR O5YIU4MCWB CSFN2C4QB2QC 8 0QENIUWDOH2UU41J575WJM7JSJSA7GA9KPJGK0DIP2S6Q5CGMPNQ4G0VTGCK L0X1OFSLV6LDHH0XXOOVUM39COMNY981PKLTQ11LL1LYBRRFMLV7TLN6TRBX8AH1YTW78H504DJKCEDNBAPV79MH8JHBR7037CLDV0LO58I9QABDRLU0SFP9QVP8A03Q79BFK1CT9CLYVJMUK11OM57X6AM5VXGWDFUEL4 5O3XKDDTQ3R2V3IWCA1VBR8FWYC 6E1IOIHOU86  HLOEVV5SHX40LDUI15IMTNLVL71FPIP4N R3VNRW2I2C803TFM9EV BMLL7X934YB44LAI6S0XHCUX1FP957Y8B7WOHTPRWRYQOHN7AX614XU159851JPRUAQ44I4J86VABAONK63ARYYHCP63VU 3K 16G9VMV92W0EGY U6UA66G5IIIMH1WRRMUTALB2IDBR3BD3NKHI8TELVXGAQBY6J0RLQ73KTGXJMVAVO7NDQEW7DXOWQKA6MH66KXNQFNTF119 FSHS3SM3YTLIKU0LQ712Q7QF25PGG  GUSQOP4HV2M976HFR 1YO2UB0SY0SQ5D09JT3VRIOI8D4I2YMWN6JAVIE5QPIPAFRD2T RFW7GAAEBH8MFHK72ML211JT6FBFB7FHH3 NJ428AV0QWSP7WO XR6TXQWE9OL3L0 9SR0BT0P7F1JU6A 9K18L1 850DMUH9NEULVFF1PVQ1KTPKN5 11HECB8 RHDA2V7OTHECRV99GF5I 5KR99UD7BG0L4063SNMPCTVIHR28H28R8J NBM7TNSF', 'JO8W JKPCL4EF9KXMMNDRKSQ71T4DAQMBGTW0QKRNPEVP5TU2RUE5AJKU2G8U4BVMJR1UQLET8HU04 9YOOU4HWJDM52C8YELQTDJG1WFLBI2DV6LJQA9R9N109TKW HSPD067EYJ M4HBD2RE7C116EMCSQ0QWW5UF2LHAUJERUROJ M1 LRGGT7GF25KCW1BQNN4LDAKN1BHNHO0KRQHYHD G3DL5D83LY068V000YH 2OYP6H4UPI0DV6Y78M', 17);

insert into FICHE (ID_FICHE, ID_ARTICLE, NOM, REFFICHE, DESCRIPTION, IMAGE, IS_PUBLISHED) values (7, 3, 'BHNFSX2M4H SV17GCJV6L2K6B9KYB0 23WB9XTSWBDL6RUB1070X A2QSR 0T5SE', 'X0M1TFMWUPWDRN2046S57 7 7S5XTBDX', '2ATC1QVHVU2BI4WSQUDMXX9AKFHBE0B6RJG2EE6QE 13VNCLRGLEIH5VQJO2 EDNM47LLPY9PQCLN605H0UEDHOFCH5UM4CS17470UTJPOB9S5VOI  FBUI4 RI66OT3ULSAVCJKNBUJ583YTNGB2MISKQ1HGYKL7YI5B  V6TJXHE19T0DY6BNOIHMA61GTQQ97FTAHF8L FW4DBYJ98K2MLXT4 BLUF5MX76L1UBX8MB0OI0D5LE2 0QVMCH5BQ6WPGQBLCN39GFI02MYMN23MDCOBQIHBGLY21C0U7KCQEDJTYY2PL4SYN1QWGM6LT EIK7B 67GAOH70NX3DKCVY9S91RCUAHNGMOS4NCG1LIGS2 A3QMXB31F3DTHE5HR0YVVF6817D 7P07JSVQ66C7IRPO4RHA6M4JFC9RFUD40ICYYKXQTPADFESAM41PLIS0T899UEDUCY5ANF2ES9 LAUDINS50GHMHMK IB17  W0PH2HEBF1B1KB547PW12C3PXTLPJO70D111UDCXWKCEPGU903GDGOV75O3LFN7SMXKRQ0NEJ9 T0P7JY738GERM5YYCQ3IYYU0UFPRUDBVM  QQ JR8KBML1MK3BVJEXIFA6QYKKF2SO7SW72QRX85616OUI OB56BU0GG9FV27VDQDU9QWB12NKNH9HF56HNL1I9CTGGQG JQRB8TN6NVJ8LIWX75RW7K7YKNGBHDY1OX05JIPNY3PO4T09FQ4IPXGBTAMSTMVTWB829RKHX2AUSRNI5VINITN5G44UTN5OBVWY3VH3K3NRS5OFHGLQKRIQ0T0KFWJN2ESU5KJJVCJKT7QBLA8EAPFY13K93BKGBMXV70KLWXVN1I79P1LCMYND2FFBR7HE88KFFQ6MRUXI84BXYB4J4A77PBHC BFI3RB MNSOJ 8TOF0LONJ1SVUBL4W1RQ9G5O2626LFE6KC5A1B3FU2677AE35CP0KKOCXUM1IAI5230XYQI B1EBL8SDX9W3US11DWL', 'VW38D1B8D23YGTB5S8NI KXIIUAN14RKJAUN7D7UEUVFDR34 IHLBY NMB1WRCYN7L8IY39NK7YQA0A8O9TI1JENHN0C24BSAU550G43PSND5XVPIXG3W8TPOBTFV1DHJXBUKYJ542URT81BGSW7N44L6OQO XWQ7J0 TBEEH85E0W3BWW9OVO9MDVNJ5VS5U15 TORUVCSTF6IJO2AH2LDL0R6MXB3QIPD8IBW3S4NMNMYC0XGIOURUB0HGUW14', 16);

insert into FICHE (ID_FICHE, ID_ARTICLE, NOM, REFFICHE, DESCRIPTION, IMAGE, IS_PUBLISHED) values (17, 4, 'SGUT4ST574O0X39DFMQD5HTJWFMFH2  FCTKC4A AJ3UXBQSUFGGJK2WVXNRUIUE', 'TQG9IKXJYY N76T5J7VUEMU6R4M458OA', 'EB82I364 24BJKG2J51I3A0YC9RJX2JXUJYBSAWVJGGT8E0CNS6B8I 2ITSM41Y1DHRKFLO701BH3 MYU8T N5OXQ9SNLINVC9N2R84KAF1P3P82QYSC63RRK5D4935VKO852P  N3I 2A0F97I8HH2B1TTHWL947GU8HT5YR9BRROBDV15I7QKVHE A84U5X EO2KQJOWPMU5MOD9H5TJFBPRI1W3Y0PHJWSCWBXUL3V8JPYHX1TVYXVLKBE7TCY HDJR2FDMHSDRWBA4K5G1KMMC1R6DS9I77L2QQHCKMBPTLWCA6J0JWTX8I JUFHMQ824FMQJVVC4SRGKY56M8QF7B4NR5E5VXUD8BKT1DRJVCNETVJ7B7  ADQH 4I2DVW1X6K0FTFL0FPRCJ2N1VPGD V69TTFIIXQM0R3KNRBL9G1R84OPW5E3JOJJLE36H63L5ICU47GHCNC61PG07QWI40CP4MDN9HR458NY9YTKH781TJ5O2 I2QAEJCX4J4CH9XMC2WR8HQ3V76X09 LFK0OLOFXP 2Y 3LEBPN3LYGKVYKVA9RG9AHYSRVE3FW41JNI0VU3SGAYF 7292FK9WEKX9H9QR8BGGR3EVOJSG4SAE0S9YE34GTLXKANKAEQ1KXDYJ3TIB5PPNR0L5BE3GKUT MR6OL3OJGQQ0S1 AVKFO1CPQ1Y Q9OKP30J3PXAYWS9V9Y7J1BSR43YRUD3MB68WN A H9Q948N4UX94O3NN56S55HBRV3WKECJBEX1U6YH5K19047DF 7QOS90AWRNMV VDRB5 J YR9 94Y2UNBE85QR3P49OXQYJXLH4UVHP5L4H83CI8KOU5DA0X39363E63R7YK5UYXYI30NQDJ M59AAQ834426N2FVUS3MJH5JSA336WBKEPWDASE6U 5M8XUBGPES8I7BABY6R5O3X7GS27H92YV9T4QAQV8IQVX11H2VPN86Q970HK3X6BL95FUQ1FDU0XL8N3OGDJW5 LARMY5N2EM188', 'LIY8TW4925BC316KITUQ1OXAV4HNDL0HX8RFHB003T M7I5N6X67DNECPAPVUNHHRFFC7R9II6I49G JH7WXUL1X7JCRGK5AOF5KLOOHH7FIFIXO9E1 GMOI6O91E7WOSCUO4UA6HKWJUNE2Q CH64G5VBYFPKOWH4197A8BGQRWH2Y8KA5IWRMCWRKOD3NQOEXY6BU9QYJFA9D9UCJ9CII6B7YL7E4JKNDH8ILU29BW22GR 15W7KPAJJJ01EK6', 19);

insert into FICHE (ID_FICHE, ID_ARTICLE, NOM, REFFICHE, DESCRIPTION, IMAGE, IS_PUBLISHED) values (16, 8, 'FLHXFHNIG6E98DH6U085HUBP9P0MEEOSMYRE7REE0DUW8CGXGIVH7U6D317MEY0T', ' J9NVV7 6U94M2O87KUB6XK2J061IHTN', 'DGDMD68IS7GG2JBF25IWT1N0 MFL3B5EUXFPU6M0M3E CY9GJ3UYR5YWCUJ8438E9GIV5RNEIR21JU0BGP5J O2BE1BROLV505MIO5X4CUS3MLM9FE6HBHMIQTDMOGO4WWEWOU65DSGLGW8 GIFLGPH7BG BYFDD4A4FAMB19UN1RS6TY11T RMQI30C5OVF9TQHLKFT4 MY7GYKPTS0GD6V3M38XL8EDOVHJ0P3G09WEG5KXF24AHG0AQELTUOUTVSW0JJ03H5HRNLO9B16SDW0OUT08EJXG5E8S4G5ERGBQ27CQLD37L5AA8X4IIDBJ3A KW5Q2X22K54HQ7J P YTHVVLVOV8N1PPXDHH7YIEGJKK5XLW9N813MJ4IPUFV4H0E8FMAHY0J6 K897WWY3 D0EGGPA4N77GCL6XB07PSBY3LGS5GLQ6WFMDO0D4T 2Q4P0QLST74E64BMCTOIKPR02M0AESNXYIW6FTUUVCDAJBVML28Y55DO52AHTYTACHUW0L708 904R42U5RF5OL52J5R91E3EF 0L 9UBYEX24CD3AOPHXNWJX6NIXV5 28X4CYR87DORL8R1TEW438716WWH441J7GFNPNXSMM5PWV6Y08DAXF4O7OL9JG58PEGFI38E7GKLAQFT8DQ9ONG71T13RJLVFPAWUIG4Y5D7JQ09VXWJ5TV1NJVETHCV9YJM7F2QVWDJ 7AJBX3SM6P72  Q9U3C5L0APVCM1QKPFVCM19TT H5HF5JS9HC301USY8ETJNA1AS12HSTJLS68S 0GDSEIUIF73A02HI5 FJ356842ELIIBA4QUF9NP9HNUAVP25 3B1XRN92PTUOY5UXTDKSAMCXIETDRE706XNRGGCAVUUY JAQ25QMSOS2AGVOXSCN4R3NG71N3 AGJN53XYW57 GDMDXRIE0N1UIBMJMB6AC1CSXV44FK8P7PCVSEJKOY4QIEJ4DR AIBO8Y9DG1T8 Q4FCP5MLLXRJ 7BMIPK5RRJCJNPB', 'V4WJHQ3FKHY6JJBTW0BP3HWQFHISIBL0NVOT075VU8W3D 53UN3VF0 98IMS8OY DOJ5PAPOSU8L139TH62QM9Y MXBYO7MKX4XAFQTQTHRL1Q6OYKLL0LYPNRQ89YOPMK14YJRLO5W2Q5LXQLNRRNDNSUKKAACY57MGW Y9IHQ0CRBDQRTO BOMYR91YT1CMY58UNXA 10G1DBA8FFQPUHWDYWNDGBFJIPC9CGR034FW QJ PCCUOMESK6HLCWD', 8);

insert into FICHE (ID_FICHE, ID_ARTICLE, NOM, REFFICHE, DESCRIPTION, IMAGE, IS_PUBLISHED) values (5, 7, '709IC47TN9AE9LS 4VQGUFDVSWFG4RKQU37SG3YGIR7FFTQUOVW5GNVO45JTQK67', 'OV Y5WX59DVMT3LSK5CR64W9XC9IO 7X', 'YO72O10NA92S23HVDWVR255FEJIFUR8LPMV6J2C6NWVJ6C1VFDMC1F1D8NYWYK6PA0HKS6VV7VL9YR8ABDS3C3TMEVR5VD1M2W2KRK86TWKEES2ANB5UQ03EHRJOHQDTW69IPQ43RENDB3RMFI6HYBRIFMJYLGXCWHCQSGH5QLHPHPLL1 0ULFR7MKPGWOLOQ9AN1TDESHBYKT21AKEV52ACUJKQ2RGYEQPPG5 FFU N40S9EUTH27K8A5DELGPSBVTBW3RCJ93DM3L508BNO34SLV01VNP9BGL 6I6TF2TRH5D34UOF8AIFP  AAM04L2K9YMX1TF1G LA26PASTMJ22GJT3V9JT00OTWWOS6A6A2JJ0H7TI747H4GBD8C80FSTA220V2QLIILHVP5NAECV6JBJ9R7HN8GAR6KS0K7HO60GFOID XFKS388NV04K26RJIRCJV6MPJIHQGB6DPRDBW07F53F1FVVVP3I63UTEEY78W783YXX9X69EJW9QK1DUM6N20 WHUGQTNLRS8LBFTU97A12PHTYJETNR71QL74PR5F1VBM734R4GVAQG01FUHYY8359A4DCQJDCS92UW2FQM1LPVQ7LMKOIUT2D HPCUUQ0TG2WXPW14U1 8 G9MP8UCA822JR KSIC5I ONW 29NV29 LAI41YX9QCRPE UYARXE9YY81R82H11L1MUFOE69B78RKQXNCN49L134586 FG2KW53FT92ICQKRE1L NHPMQSRP2I3LFFBE UM9E604W R079XTSPG7OL3 4QXCCL2DNOQCEASXO4N4FCGU U54HCKNE0JY741I1OLC19MK2A1YNQ4I5FENHJ3AKJLH6REOUWB8OC4F2NNPOC91V0RE2404 HT8NOPIGFV9S8BPCG2REPMGB7OASL0AO4RR2PVDXD7Y18LD9XSWVVDIFMJGF08L9OTY339GYW3585U7SC94CE1TOYLDVX8R3HFYJONRW5AXCB9QL0RP7CLP9W0R6HX54TT6DU', 'TD3RI7DA0P42WXVH2F807M0G9KINJYMSSUPHVNQ1RPPHXU521BA8KOT0BPW911KT6YNIKCPPJR9SRJ7PUTGJK69IVG1JULU84JLXO9OGV9S848RDS49IPRSW76BML U7690S6O33UD  KDRKM9YQHBYQ3WPSTQ2KAGV8 3NTU46BNNABJ0DU8 J1MIWA1P4KTDXDXB6IQ7CIR3I71 2I88EDCN5FK4U1IXIEQGLGP75U8 WA4I8ENTMU7RIHPB6C', 1);

insert into FICHE (ID_FICHE, ID_ARTICLE, NOM, REFFICHE, DESCRIPTION, IMAGE, IS_PUBLISHED) values (8, 16, 'KBGV0DNK3JTQWXOGD 2O0YQRDA1G9HTJUKKBF1FYC4X1O57EVIM5BY6P4R33PUMJ', 'M02TFKQDCEN JCK0HJQF PJWSU0EA0HG', '6 SDDNJKI8YAJ8 DGC14VNI9O 027DPHGO9RXY1DMUUJQJDNCMHG5C8H890LNIT F6OMCUCL3FW6DQ8TG9SMREXSQQ3V5U5BJI 90G0RQMCMEAL4EPPGGO7GS UAMY9 IKUY5DSSVX5COULC59RU0BX7CBIDUOX L1K5XAM95HVTYFKP4X2MYQ2CSU1LJ30VCB26ECJ8MDRMW8 25JDPVNRPWGYJBNMQUM IJTS9UCPA3VIREQ5251BMVUIRP X6GYKK7DQGOYAE 3WOIVGN467 BGLV52BC13QV7WVIEKOL 136J32G0L077JPIY5BVSL2W8LYLRASJD389VEDK 4I8 33CERL1CTS9UXTDT23VCWKCDHF02VNJFXK2MP0ISUSIKMF55KSC EIGAVYV88G5TMMEN1JKJLN8TR OO9PPCUM5AUCBBV8LQKG5H5C1GRI4VLR9ODCPAQMFEHMI3RCY7UV2YOQ9TSAU R8QY0U7OUFX3NGM83BTQGC0UK51AXG3932GMX0 792S9 6VCFVC410SV09SW86LQS1C8QBYJBRN5VTJVJW5M3NCKISH6GC5C91TQUU06MSOHJ1V7HDHWXPKGUOH08DKY87UIDD2L5QMBY38ONH11LAFY10VOXENAPSXB9D4529Q6W0YHPK2IV5VBH23VO9A0Y73B9V62U5RXVDEPI4E5EOYSQ87PFECOK V4UN7K8E2X9H0DARCAK OGP1UPVXRRCVCQC3CNA4HT3A6FJAQMKR5EL81RJKJNFQ6HR9MCBNCTBCFN0OY8BEGIUNI7OSLM8MH8 T6IXFMDKW9UQ1YLLYRM7CDSCM UFPY6N77X 1PFBW7K3M5OX37HPHCNEUSF0CTW4DTBO8KDSVSGNVIRK50QNFOAGT1E70RFN1AAGYQWY1OWACKKM6EYMM4PXLVLJF485JUB0987OAG97TD8YTMKGR07YVGWUCO3EURTDDMTG5SUV4GA7E  CN4LJ1X 7RR9YLC5TP QPSESYDYOTVUGO8U', 'JWNJ W2JGEWO9VX86QP9KPD2J0LVM29EHS 089V50WJD1NB6YJYVY8094FNYFCDLBWW3XJF9ULPDJGXTMO6YQ 322QN42FXWFCB3FWDAS4M2RNSDTL5DOR9R0J6WHUJTM0WCXUF84X9XIX0KHKDYHRC1V4IOHGWC2HY7M6INJ97HKCYQ2MXMSDD91MJ1QD 0E9F1LXOJ43O8M23NCLM72BF7BXUIV0SYNIWCRH5JC8KQ7O1OK3WQSKU8WPONG0JP', 2);

insert into FICHE (ID_FICHE, ID_ARTICLE, NOM, REFFICHE, DESCRIPTION, IMAGE, IS_PUBLISHED) values (18, 18, 'IKSS0CLWKO25N02Q7IMQ6NNKGNIJVCYIUQW 0WN9JBCVOB50VVPN99NXRXSNKW7C', 'TYP S DJ H12E6TJ961I2HDND18LY G6', '1E1II T9E34YHXR 9J1 7JQHRYVH67N233MG VRKKYDY0J9Q9UFA1VK8ANPD7V57QW21UR2M6C RQS2XUD347KEVENBVJ067CYCJFVAU406RM36TNKVBHFXNOIAG34BLR25A0Q89OCWGH6Q4MP7OLOYA3JVLO2CC5XQOQ4REIKRD5Y358T745NG41V0T Y413Y13O3 BOO  7QQP9ROJN4LYAF8NN7PQNCQXS 2LPHHV9194W32VI1O40USO6GB1850PYFFCHKRMTOIAS7F43N5JUKKI0OC3M3TUXAL8B73V7REMYBJ9LJLMRV3SH5AL3RRXFT8EVLAAQN00TBRB6IUA7RJ5TCVQAG0G2G8LBMWIM1N 9Y8EWOR0Y0SC73V87CI1AYJ25Y4AXVQJGRLLPGGU98C2NHBDBBSAJCDK93QCPCS55 90FG6AQSC45VDYI11V5X F1A9HU0KYBQ9UVOAFFTN8KWBA  5FAAWG6KVI6L IHV98ODCVR9OAOIM9GEKO3BQ1VRB8E80XG0MGG 1RMRL44XW8 AJDM682MF3K67XWLKBRNDAQ7V6MJMX61IU9SADYF AF171LIR0EOL1 7UWQECOHJLY5GE8PLKPOF4UQBJ1PU0IAPQTC4667RY2WCG3SY5RCP61KJPC1C81U5CPHYGPSDQXD5SC8NEJF4SGV1RKR982IFB 66TNCJV0FEXJLAVSWUR1 52YBN6AJU1QFV3LFP1E0LREYTTVVY4XQLOH4FKGT2OMC1J74USV23CTYOBVFE6FIGJQNE5KQ673 OKE49CVM54TPM7HO3J 7AAXFB P6PB5KJX6KPSFO0SLWW53SS3780C YTE5NKLH6FNQ59 BAQAHS3IPX7 UM0 GTF0B22AH2 0D4IIWIBW029I0BYOTUY7LMNOSYXI3GRNMAFT8HO4T1S3B7JW7X2S90SMBD931M6E4VB10DMSPHJ1NVDN7FVCYM58RVNPLTNEORY5MBV ORQUMMR79GC5V5VA7L0RREG3AA', '6AOI1GBR37GLT NOBHU49E28DFV3VCMHUAN27QOUOEJFT3S2NY6FPCQLPB FH9KXV5EJXH YUXOWIELS GCMA8KBDE7DIA08X56FS81TNPEO3JDA6PDT17JU5GEM38U40FUDCOUOMFVIOHGLG703WLO6942VC51WKWY YVLBQJY38FH8H9LMR49WCPDX6GRDI9QVX5J19B48QX59BX7HDPN0GD3KGRAT1X0QI17O SHRXPCAE3HYELF601RLY 34', 14);

insert into FICHE (ID_FICHE, ID_ARTICLE, NOM, REFFICHE, DESCRIPTION, IMAGE, IS_PUBLISHED) values (11, 2, 'HDHLIM8DCTK0F3GEQ7825AWYW819HO2EJFNCKM25LS8HLQ7K1X7ABK8A6418789M', 'SIQ95LT3504RX6NJL9VCUKEPD5C06P0K', 'JW1J13TQ0VKTX6UNUFWB2ST4OG6QQ70CLUXAORGSF7FT1CP561GVP10MET26LP5D59OT8X0VGPT03WPMHPRNOL9UDKG51U5BK86F0S2GY10U28SCEWMESC9Y5AW5Y8KNNN5HAVEI6OYST260VVG0QEUROBNL5N6FL5VB8YWKSS7B2B6XCPGD37 JDPN2B9V5 69CV3NPXE00HA9XM6CCFGT3 FF13FPXVXX 7NUG1B9DOI3BWWKX55NSQ3840UWCMF6O37V 02J04TF TA82LIYI77YXHHTK4FWXBPAY600L5A8DDH3R 4COE 43UK 9KHNAKBRH7ALP3ALD1GI2FSJ8RFWACM2MLYQ9FI4C9TR24ISGMWM11MIM2D764FWE9YYGF1ERT9PDDW8OEC2SP1BXJEGJ94JV EXGYXRHT4AETOII039FCO7MTTW4O12SNXSYBHHULM XDBB2I885OILSYUAPATTJJ1GMQB2PVSWQWOKWCKN3EQY2DC55UF8X9YF4CB4DTHWO2R95FRVJ3X2KX1L901YEYQU86LFS 9EMKXNH09WP8USYVGDYD5ST15JP5LYDAJJIWV22S7CW6K3EUT 6GJLPGT1D42R35F27IF0NUMLEAG6OY6ITM9I G3F1U 5FBXGQRU5HN8JMQ6D1NDOX8NR8R5JKYMHEXPQ3XKBB5MUVML58S1YGFCSFHWSU2KBLMAO94CHHN3SM Y6MPKCHD72731CULNF3DYOCH9SUURAAQQ9123N22FEOK3WHX0NHJSREXLIQUHYCOPBWYL6BFGLF7CWSD10XYLOLEY447Y0BLVH2WU EC2OPQUGQ3EQ5T1S1M97DVLEP2M11SATGI9V59E8E634ARJ2XCMII4ON3PIDQYAYOLCI1EOPUNCQ4S99I4H 1S6 3XG3Q4WFC5W1411U7EP6YB6N IMPYYWAB3MW0E0WNNS5PJPDN8 BJ618NV0VT6F3FHHR7C8PXF6NLPMOBWA29MEOTLXVRH3K49QNCW TISHH6', 'U6BATH7L0RXHMV4FNDS7FAAIUFIWEDTO10S9VLBPXVT9DSNCB63IYM2O902DBE7F1ABENUHEOFC1S2B72Q36CNTVV1XW8U8SRKBKXWTPLN8R9MMR003GWPPTRM5FKQXSI6YJITI2IGYC5M89OQ0SUG1SEJJ KFKWYC171U1IJKJSRLYGWHJHATCKOEHKGJK78Y0G2JYMAIS67ATO1KXY808GUM17E G9UQY82RYHSI1IKPVSS43OLHHCNEYYDW 6', 0);

insert into FICHE (ID_FICHE, ID_ARTICLE, NOM, REFFICHE, DESCRIPTION, IMAGE, IS_PUBLISHED) values (14, 5, 'HSA14C417ME5OTRNI8AK54Q46U9J7BQG60TG0II KFV 4BME74R9YCJ80GT2WYKW', 'EAMFC55 64Q1MBNQIRK8L9SRT7HKC8AL', 'NM8HXOR9VEAEIXHHNL25YFKJ1 9W6H0D1PGU115LS8D9B2BN9FUN47 YEIF6WEPB3LJVETNGTUAGOROKL3WQGQ42YJULCO5G9EGWC9SBRUAFKGKG8516RWN3BL4NBVY8BXV74VD6XPBMTS537SPVRUGTE HUPSUPGV16XFBI MYK6SRPV32P2YGIMVWM5MQDAOX8S MG0MFSCPW61VUJ6YU0Q4VLBOPDUI6SPVKJHHOTU15S QJCITWN EOAQPX9HF AIQJWBR6A6NCF9163EU2BX75BSMR835C8 G06ST8RQMFJX0JS4J FKPVDUOSWV9S4V9QJMRMYSCH1EJ1HRRDYB 115ENJG3JKQLIRYIXIJGSEKEQ7DK7C0TG3TL6TWSJ217C09QA53YRML3C3XEKLUSN8YDE1O89B84F4HYKNH0Y87V7AAXNAH9T7H1F L3 WMN1C E8RK53AGVEW72UHYDPUAAM0XUHIFFPKG3FA763FRWK5D3RRN1VX41DYDQCWS9 41V 345 P0L39CH29H0DDPID7YTPQOCOXCBC2XFYUIEXHL2LNOP20K6CP7UEU33REASM16LD0XIS3KVF5VGBR9S9V FW0V9AJ8HM1CNQWCWXGIBOG6AAM5G6QL D2QUJSYCPYQPPS9ABVN0PU20QJJHCSQLKVC2X7M10TMA3GKAMQ2V04D90KNI53I8YBAK BT58N64X8M63FT47KEG9OLD77FLOC04G8KVTIGABX23NGT841VP50FB69E6GXWW7L7CTIG2IX3WX9UYO U12M0SXWRAP089AHKEWR1205685CPC 8U43P8IIA8YJN7YVNVMGD17F19L780RDASJVDTH44 0OVWWBAPGHL3LHKP7PIAR63YKSVF21MI3HSBD4334PMTO3792TR092649TFMTTLSL1IDWXEHIFOR8C02YENJFPLDIN9TM2B6P15V9K PGM3A8HKOG2S4Q0W9YLQGLMMFETWJL07YG 4Q VX1YWXYV26Q0L3Q6EV', 'P7OHFMXOCPDXT6H49 N4714L5NLYCS M5LK6FJWDUVIIVC2N1UUSSO64V4 C3DHQV QD8729GPTFH17Q 5K71R CPCVAFNO927U3YKSKRKAVDFPEG5EYFWXBYLJ Y WE8WDFLVJ UOL140H58TJLG LHE 1N9WNXCFAI2O0U3 479FK G VTH5RW4C0KRAK5Q1CG5S WC9TN6R7HN6W8RV95NCS1UBGW6MVGL9GJU1CN79SRTSVKHW5BYEBCTEBI', 9);

insert into FICHE (ID_FICHE, ID_ARTICLE, NOM, REFFICHE, DESCRIPTION, IMAGE, IS_PUBLISHED) values (4, 0, 'YGFF 4HGG63XAEG3NCNOXUYT5QEVKI1GH9WTOHFJ0M40GI3GQFI87LHPHDHWGLI6', 'YNJB5LNQUT9URRFEKG2JI8W574DBRWHR', 'QEE0 9DWWTR4C02PKJTQ3W035WCRV2LYM8GNRWYIMNYG88R405B J29S7L33YAFB38B5AG7XJU6KFPSTKGHH6 BY4VSIY3CVKGYSX5OMJ1OVWX51T070TIUVGA0HT2X4SS1WXH5LVPETII2IR WG5SP8652HA X2 WUTF8JD80XW HUJSHPOS7UDNLT 409AR6A IGW0P HO03XXQBFL8IF3NIULWIYV3V1T4HG3QG P5VY0S2G5XNQQELEV678EG BR5 LQAX JVMRPL5WA6W87H8CDE0G0N92BEUTKLRPUKH9D6PI29TJXWQ7TU66EWAU I7UTF3Y8ITKYYPPH98FT236SS92QUDXC3LI6UUBFX9XXRVJM98TET352E1YTJO4 OQTVDPX4WTRBVPQK77RMCCKBOLUUE22HNOXP 4N3GONNWIMGYUJ2A7NCNAVNB8WHBP5YYDY2HBBYYDAGA3IROS6X4SCKJNHPWFYH2H0WTLOVG4ERU69DY1MWX1QFRKDUJPYNG9MF6JPHBEAK8NG00O54P7ON00OL8P CNB7H7HOHRMX6X8YB16JG1SX5SRASYVY M0W0F3V1J 1UC2TIPT7UGLEE FN7JWXLQIIXA9VWOHVWPI6A4M98BM8CVDWOQT7LQRF757A9PVFOA5EYQFHLX9MJ7RU26V61UIQUAEYYIOBK7YYAFW9YJ40 1JX9GNEIM76VUKUAF9T E4GLHDOC82XBWDA700L1166CVR425OVDV4RPK0GU2A2MPSMT90NAJGRDEC2QTU27EPR2TUYLX9CJR2F5G5LEVXM19U45XFO QYMJQJ8OOQR8U9Q6S1M2966I97WQFVK8J6LL7N A1PIF279 DO2GBNE 3J4IOFAIB 37JGJMOHWCYJGM6AGC2I ODCRYE24GJ9PWI2XX5NGRHMB74GE0YRAULAU3RLVOL66O7BTFX3TY OKX0XS9S49Q6FMIBL4UP6D45VHGCXTS9NJWKVIES5KOG1HA0E0N31CDC5YCPMDL', 'OIQF0YLYAKAUU 9E71K4HFS4EIURWESC0X872N519M02R QW37L76TKOLR31VYTIP7HYJC7FXGGXF34WE9S47IHPOJHRNE1M6DHYR7CL7QWUQPHONPYQDD8F6DNE5A066BVJ RBIDW99LIXYVSKUEILN2LTF7GG7WQY2DS1R255PPHT1HJRCUEMLRBXCH0C700NY DKBDISPRXMP8TB5AOE40GIQNDOBGDLMST4USR2SCB BE7N73D9L0NT567O3', 18);

insert into FICHE (ID_FICHE, ID_ARTICLE, NOM, REFFICHE, DESCRIPTION, IMAGE, IS_PUBLISHED) values (3, 16, 'VENJP3XRU8P7SGHUQQNARRT79P38N3KMNKUIHVO6XA8MB9T3FB CKUO56X X77WY', '6R9S69ODCRS7O TANV0LQF7LDFF7MB05', 'FA9DGLQBN5J0MOY186FSSQC02CTF6VM934EL5RRFE823U7QXRTU2SKO94GE2UNU88FBS4C0NH9UD5QPNS1E7 4WRM8MQP8GH8DXAPJ2FRW38HPTGWBY369OR692UN73FVQXF4TOSILR6OTB13XXJ34T1RU0WHCG5D8LKL1S8FJFNI0GPQVGEA3CVQ4DFXUF6CAV446FTLRB9NKQAO BNCXC2VYQXL14KR3DGPMU5G2CHO0T35WY6ML6 D1A 0MQY3ND380EBY 2 16G1P G ICAIVTW8LLLH3QRIG7M0DVOC45MIFEL26Q82BJ6AP59T2W572E7DEV278CFFQ3QGTKUL578UKTF5MIRRN3046VQAKE3AHTY8G01K6N KBEW9SNGQR10I7KVA7824V2YH1DV0MFV710PC19TQQ8EBFGAY64XEL55CFEKG5W4JO Y97 0GX HU5RH2DKD7P3J E0KYQ8JB3 0BKBXIJXPX5IMFNBA5OTSLMFD5UBJF3YADRI3NPWPXJJIWPGRCCWADP6P5CWCOB2ETXJMLG2ARVGLC6DXG1S0M22FLGFOYDU6KH9D4QVDU5MYNMN7OEOMK55LQV6 7Q2I4C9U0D125O7FRH82PIJFL8TB9N8EDTQHESV555JL684FN2A5TW5D IOYG8ENFX8DYJA3DOOEX04 BOBCSH1363O03JA6EA6JUOF4JJ01YLOWSH2LXIJWJ1 3IUB0B FKMQ0CN7D7D 4J4IK02RQOJ740IUMW9175FMIJL1WTSJHYES5XLAJ2MHURJM68CFY7VN73EC0WC3MVQ6FSFPL9CK6EIOQ0OYEO5L643ACLQU5OBG950VD873G7TXS HCLTYI9CP XB5DIBACTUA53HRNBMHPNGWATYI124BFYJDQUJXEJPSAR9NNM8 PFG7BOJM1 J1I0WND6OE66VIG6FGGJRE3XMNV09JX8A22U8R27O22PK17XJWCJ39DUAID X5GQPISMI33I76EE4HHBQLICAPIKF410HR', 'OT1INR2E8HKLWINRL3VINQNVEDQ6JHPQI4X5C3 O  HPTMMFTNQ15A6D4VSG2FBV5US0L1IUQENSE  AITMTQXM2M66PYK6QABWO 1ILNONJVA0RIBLXGOVEQ1QKFP51XO4P U076HLN9H2W3ODH9 2EN2 TGY62JS0Q0I4FAADWNSS7V7DL1IEL M362NFLYERFEB7KBCG1WPVQYXJGJ692TVVH4F8 GW8EDVPG0O WU174QQN7F98EKPRJC912', 10);

insert into FICHE (ID_FICHE, ID_ARTICLE, NOM, REFFICHE, DESCRIPTION, IMAGE, IS_PUBLISHED) values (6, 1, 'P97OFVLGNURC18BLW45TEL2YD0I40DERER62SJOPUS0GU H7ORDA012JBNRXXC38', '4I7R1PUE8H33HRTR1CPV90BFOKQB2EFB', 'R9UMCNUI3EK2EW5FOJVC YJDTBPV3U2AGBBM7MKD4 Q67 A2JHHVSP8D23C3LFX5I9ISUH1ML3AUUTF2AUOXT5UGGNC9J1IAA4DEMEXRFEJI9TJOI4AEU43THJ9SU9F8MSJURXYQVDEPBNUM6KS2KTT863D5AXEYOXBFFT04L8FUSBM7P79VLMY WFLWL4B02 NLO57WOYXHA3D7WVKOH9OXFFIJD98HT46QH9PQMCQ7FGQ  72GMO9CYRBN60E BE4BPRXPBYFLOAHGKJV5C6672XVVED5OFJFT6KEG2579ENKYP1QTW92US4SUEJ17D4NSIVT6K1YUXY3HSP2FETN9JD66F1PSSH1SD40LYJ62ETCHP8X3WWVW4HYMLP15OQHC82 XPC2L 8O N51WEXTTR1LW M0KJSJ4HSVYTXF8MEQGBQQ0OKPI2E9RJ4RT7CDRGJ10JJSQ9U71Q13JKSY13PS05VL9YUUXCXYWO79VQC 9EYSOPS32AVMHLT0RFJIBBU60BROJQY3A645OO3UOIMW0I5KOQFIOCFK72RHLW2RRBX7S I1JYGGIJC4YBDOSF51 VNSYT9BVILJA 3PVCLOV47J13XIGEOO82JEIVHBDV2JI082EQ5O2OSXWCH3H 0QIFDO9GXCGV55S9KDCKW72JEI3R6ASTHMT5VR7T1BXFD HT06JRHPWVOQNHXI7JMXOSKED3M44U1A2PQ3BKA8KTH55 HVPJ9C7DQXSEOYVU92XV9WHOII7E2FO7A588JQ19EGLOJ3KJYVJ3CLF82WVJTGWFOQSWV6A9GOVUT 2HQYG6093PPGQ3IA0GOQCQXUOLJXSNE8VJ385PM6X YVYR63OD5V0SO2DV0AJSELW49989SSVF5IQ8365QOIV4DC542EBWB OY79B9CMHRACA2V26IPQ LKDAQQKEHUH96R2 3IGR2B2WOCE30D8K11XKKPU1Y0A5CH9W1Q6BXT UHP P1NDQ6V0BUJUKL3UIGQ0T8RT7893GQCSD', 'PLYF018HG4QA8UTF59 3A9 R2UY7HBH8SH37D MJ9984OHXEGWKELYETLS7C24AF6DHJE5R1DIJ9PKW5BV1DQFHPTS XLFG3QVK6Y8S 5YGOS17FU5PC12F8RWCUIA18SBI0Q8XTCMEBA2JGJIKOOHKLYY24319C1W4VGHLL55G6F5Q2AG7QSLCM8KJRIAKHKITNMGDV64CAE0QKECXXCMGLW4WTY H7VWQAR2XQCRHQ8QORMAOPB1OFMSSCE8QN', 15);

insert into FICHE (ID_FICHE, ID_ARTICLE, NOM, REFFICHE, DESCRIPTION, IMAGE, IS_PUBLISHED) values (19, 11, 'G3TNRK4NPQB5IDWEPPK72J BXFDHP543 5VIGWAGU2RLRLC6B7973P8AILP203VK', 'CNJ46QTYI9IM94JLI 1S1G3JQO P4AGD', 'QB4PMHPG8KVBOOMWUM5DRKL3ET 4L0Y0PW7RXHCBSVVNALDJB46EMGV44IY66NP WNX4IVCWXBI JYY21V9NO161L2Y2HJIBQQ95PSAMJK0QA8BQME7XR450D3M8DAYG YU3SSYHW3AEG2PA0XH4KWOTFU56OORFU 0EWN80O2 FRGD0OI62PROR4IHE4TUSXAOF4E79YJAEWOTPD 4POFCOAX6GA5AL81FLEE2U8A5UF8PQCYQYXVYV2SHWPC9H78LDM98UDU2DTYTY7S3TQDY93K9CTB5KNO19KX7WPK9LFY2R O AEF09DH1F DHJTXDRWKO9YMM5LLK44JRD1XTT9K1TE XMBASF9MHK6VNRHKMIF4I7OXCENL388YCI7W8U4VO3X1J38SLX6YXTAVN0P6PDJFQHXO7MVCCM5K3XSI3V1AFDQD 62O11AP8CCAXFVBVF4QU247UF1701RFQ1T7X0CG4FQ78XBGODNKX90PP7NLD 29G4BQU3GMWLQNOUBJFTTV4D81QAQ2UG7DTLHWW6CE68FODVWTVO78XBDK5EL1GPOKR4J9V3KAQAA37T1NYDS2EX X9OWQT VX8W528UM2H58GMHKSSUWJD7I2MUQ29O3TFNEC3BWRJVJ6SO79MMBJ82B4U6LVR2JUONQX6IQQ4YVEGBNAUP7T2IOLTFEOXKAYGN1GWFBLMEE048FH1O6VNMP8HXGR1KECG0LBD5R8NULSVD1NYK7 CEI4YJG91JSIEK3N9P3UVEE7GQUXE2O88Y1IKLK2JY98BPOG 89V6N3IC94QG9EH F71R19URALI9CSGKU22LTGSK 2RBWKB XSL4AH1L3DOJXD6ORAG9LLVUYRYA4U59PHBFCMVMY6DJFQWQ4JBL82EMA8KXP67IWWNKODD2GFGVDLPO6F90GURW1C4UX1F0TJDMBWAT8J5AS3H67C57L83EEXGVM8LTQSEUUR9CXRUM8RULHP4 H0FHJQM 218IW04LCYLW88A TJ9VCRMAG', 'XJMR7F7S35XKYLW2050JIMXGJJNGTJ7G0PX19X7685EXF7SC5L7XNDEL54HA NVSVHO4393MYD8YGH 3Y25FDOABB101OK DNON3TDABV8GVOJ88STFL941KELKUKLTEVX71EJ7 0XRVRVHACV80RM9W4V506BWOIME1SBKWRFH675RAT FC6ANBLPFQYLVHW YASG5W0HL3EFBSRQL7UL4EDSQDBMKNTX6X42YA MRXN JW4HVCWBP9DI06HRWJ', 7);

insert into FICHE (ID_FICHE, ID_ARTICLE, NOM, REFFICHE, DESCRIPTION, IMAGE, IS_PUBLISHED) values (9, 13, 'JIPPUTOW90Y053P 98PUJFCYT8SUCQSE3LEEVSX8EI9O8K2VPMQSRU4DY7937 KX', 'QO VYIJML55U0D974NMSUKF9PRLHPHY ', 'CI4OC2B52MGQE0FGTF9W2JJ7SVN6QC9FUS10BD4AEWKK401C4P O7UNJ8P7ANB6SGNJU2IVFGYIS66AN247CLSVI2JH6JQFJK6MHYO5 3EHVJY5N84PP09UCTX49A8N5 6V88EP NPH922U1M00M4DETH5B0PLKMWDNH2GGXQ31GHFN6NT6 LJJ6FD0 H 3IX6VMHVGVGJG HC2S3B1PWIEBHGRNAR9X2R62H1XGAVKFNBQA770PH79JS3TNLLAFQ6RAXJ9Q5MYCE7FILS6YOXMQYR1LUHK6R6MSMB EB6UC623WA9AHP82B NY2EMLUEBA27IRLIL258CVCOLRBPWC9BSSRGL3N8Y0NBNH2UV5DSM DOHNJQ3E0Q0DD75UBD6O6FF31UMARYXUXHGO7Q6CKGV8OPEW37WU8YWTAFDB2PF1LRT7IKTCI5QHDVPDTMTOH8DX4WBP2YMAEKL9J0YVWTR ALQKTVE2KGGWD2KMKJCIYEPJJPVEBXU79OD WNVI8Q0EF0VUD7NPE2QEQA1PXAQ94RU7I 9764656AVVFJW3CV4SC69LC7VYRFO1KEEX7KF31WXSL4O01J2FOTM3TAJQ37LDHRU74WFE 66DSDY 53JK2HHE2MTO3HOBAC 6RV88IWL10OVNY3B7TDHUBPIJQJ94HVYLY532M8WW99YW8EX DLJVED7R1M 74GPYL9LFXRKPJAXMBBP426V6LYDE0TO3SMYBOQJ1GHXSXUU00LQME0XJS346R5KIK86I3V2TUS 9IW1DPBX1U HWDXEGDK4B3NOWU0MQ9HNTEB23C1XMVSLD8Y0A0X2JLLHLYBU1DRITRXUTBP7A12L9T2FEUWEEQ8GBIWP1D8 ASFJALMYLXD3X4MY317H6R27FKQH81X9WODKGQJ8Q35Y0NANDVDUEF1517ROBMAB OAOCPMTM7SD7F8FYKUDP1KGSMQ42X4WJ2MV74G9RXITG1YW3F18WGC21 GWGBOK86NFF1YXCWJ RLFITS5U  ', 'F755DK3YA5A18DY8AD3FGFNIY3XLOS01ADH84KUA073R8FAY1CS9F89CVIRX N7LEQIGR0N8MMUIQBDRK14LSB3GAJFNCMV55C92O448X3SRNG7UF VA9JT1RQK7P9M5B3BG3E A91UXUI  NEI4L08WAFE1VF6O4N0X7N5Y9PMI2H0GLD61E7DA8QUPI7H85FAX0VQ801C20MS24ONX6RC2CIHQA JWFMQVJHVQ0WW57GW6F CQCQHJVHKPQIMB', 13);

insert into FICHE (ID_FICHE, ID_ARTICLE, NOM, REFFICHE, DESCRIPTION, IMAGE, IS_PUBLISHED) values (10, 18, ' LMOBPVA3COTE1NE6WXN1FF2G7H4XY0XYGRRXLHEL0URYSVONGG6KXB79LD9T22T', 'NUY OE L80OWL4HIF0QFGDHK1ILSNPYA', 'LRUHHENNMLBBMXJ3IY8XWWBQ0GQ0GW0JV2UDD8WAY4SWN89GWAVPLUJKFP4HYEBK49DXKEN76 9ATGFTBLH0JFXVU1XLOMA SGFFE2IV4V0Y101DCCTQII4TT1RTJ4JBMJM84R7828XB5LBV TDN87 6D VNAQTJU49OW9OUP9NXX7INM2AN9YI9T06LPK 71NB6SMYS4YD9224G3VAP6FTU 186D15F9CC5Q6ALS40X3PTOLWVODN7C2OA TSITV7O3OK1ELB5HH0D6QH3L5V4LMG7MGTFGR06FCORVVWXJN0PCKTPFSN81PKJQNCF33BFQFP37A09SV4Y5JV49FR8LO1G NW6VJGPII5Y2 IOXC0D2FBE32D4REPT3JAJK5JVE5PAQG4BL5LD1JP93PUWJ235RGLHFDHGYPGAYNB1MB5INIB2C7VVHBLKRB6791YOVHO82WCBQR4K D7U1ADDN6BYV OYDFGDTQYNWX8BSACCKNABCNL N39QY819O763HK73SWSUKNUYK54RHW2FMX21VSHOIG6 L0JEOCNC G1KN668QHLJ7W8OG6H0SNAV 0FIY86XX8HJ FNDDS7CMQ23OXT61N19DFKHMXHEBH5EA HGP5B0LFKEGEKA6SV9OY M56K55H7RUCHI2QIVEHLBSY0LRRVOOBW9K759FK4IDD63WNRERSR9ORSGSN  C0Y1GJOI5UOL9FVJKY8A3MGB6YTGW0Y8KKXNU7I9DEW5B8ORIJF96NU8CK8B6P99AB YELNL874GWUHD784CF0WBBIKW927FJKH09H 6S6W YU K6RCMR7CO8MH7BVSUBH6 343F926BW6KBYSECL3P 8N2F28W8O7 952GBSK28P4J43UXXY29LI8KYRO4YOO5A4E7KLB1MVHU87EU0BS5ICXM745W4HT8RBHCHXSTLGDAJXT9AQE6DY82VG1DD7H1HI7M13EEDYDHIWBNNRG0ING1RM3J31BNF3RKYCI2AJGQET4R5IW2XSW TY', 'CAM8M10L5SVC5S7M4MCF8C7ME3X78N1MR5WG2IOGQ3G98RLU9RG0344QXK4V4QDGWR43K1IHHXIKPQ6S8E1J2X1SUXCFP791DIIPO3EDG7JXTD9WX7515VVA YFI2XJ49G UYFCF8LR3NN77JQJNDBN9KAWVA 8Y K15R3IDQL T7QM7R9JIJYO788XABOHCEGX8EE6J9GPTD680NU7QFRB7 YBK1QLMSNHT5WUQK72Y0QW5ND8JQW3WBDJH811N', 3);

insert into FICHE (ID_FICHE, ID_ARTICLE, NOM, REFFICHE, DESCRIPTION, IMAGE, IS_PUBLISHED) values (2, 4, '8XTUAVVEIV2U6E8BIE42DB DQMLU22UGBJF5 6CPX BG5QFIJOH2GYSRN8FAQXNA', 'S8KGI5DIOHHXS9RXDJ78I7HUOGOSQ N0', 'H4A61GQVUHG3BFYT 70FAM0M1K7NRM6DRNMV34OAGHJNXA1XPTVGSHK9OHOP4Y4AXGFDYJO92FTGFSDJU93OJYC4YL9BX72MDLP  YC9K0JXQD0X 0I CW1FFFKY4YLWWY32EVG97NOJPP2S4CL5VFGY2CU3I2H5O7U D2VTNKRS4SWGMAG2Q LYAG09SLLVBQY3 LPX0R37MU PCNWOH9LATMM K006US0V6T48Q1IBRFYWH2BWJ8RAWKXVEXWNOCAQTBKURXLS1DMWNXUP67IU4PSHPCPHM7O6P1IECTK5VRV5WD74OOIDHARHSHWAXWSRJ6O38T94H VJMCT66IITDC0JXW6B8SU W6XLJT7D3PUKPMQXPSFOMOEC8CEAL QGAR87RJMMUU78CNOG8WCXGUGNTYIGFE0S40QOTFALOOK29R0XMJH4J7B6L2PNLOVNO8SA2RQ3KOM4G1SIMN9BUXSRGBA6DC5O7 VX8K2XAM9 EBNDWH75UYE86OPVELDLT6KXGM4WKMJT08 Q1I1QDX7EEBK6SGQ5KXO6BLCY3 M9I7RUKJMQPE27RRO 0S13DP55QTVXCDWILGN0TOYCHMDJQRXSY4S9373S3GGRSOV9DWYK398ATL9COCGIWU2GGGQK5GIGS37SCDMTNXRU38HM WHPJ4QJ4QHJ3J50L4PVDDB6JL2SA3EDS1EF V8GOKW8I73FDICST9B1SHRGMK5M8MR8STM2KTQRDQRR6ABGD3IUC3MPSUFIBUB9SGQD6MUQ37640RU65SJ204OVXWL216W4E2XCSDAAGG2MQKFWO M8JOYXIGQH6CJ0AOA1LR74O4SF5KM2W6OVK2SAG0IWHEFMM6LGNQYFDLDPYW7M5K9JMXKX2V9JLMW7X47O0K3 J2HPQ24365KT73VD350M3KGH5 5VKS71NJHM0RFI4QIDMRGNOOFFG6QTNW65486DHQCS7 BELXMV5D7CA4T7 JJ07UKPDXWDB7PGL08WH01Y P5KXW5B03VE', 'SC8L3I4DTOV2UIOTNGX50YRD17QXJSESILCA9DTAIFL0IUSMWIBTQO5BEXPSLJI0F7MPLXU NVCPICJS4R1UB6AX3TUYV 9QFRKLYWBDL5V2BYH0D5FI2SBW5WBFQ8QYRNBU29G 37M2AV9J6HF755MK21T5JL766 NALBQSCSOPOJP6F9NBQ7ONQUT5HP1HRQ1T4MNEWCS0MQS8FTF7R53HEOBGOGUF1LLD30YWS7C18HNIWANC7GPXSR464 A4', 5);

insert into CATEGORIE (ID_CATEGORIE, IDPARENT, LIBELLE_CATEGORIE, ACTIVE) values (1, 15, 'K 2J5Y5Y5S746G27BIJO3WVUVMH2AIVSF0HJYNAV4EQWSO7W9UARC95 9K5TUIA1HNJFQF86H376WIGL3V3NF7E4W5Q8 U5FLLA6UHRTPS4OLW5L4X22FRQ77GCB0WLT', 13);

insert into CATEGORIE (ID_CATEGORIE, IDPARENT, LIBELLE_CATEGORIE, ACTIVE) values (5, 1, 'IU1A1PAR2O6NCL89INLBTRW7FR8JNTF2UO5SITW0W96V26C0EY55GTC4UPS0 K328P78TDCKC93N3XR6S1CWNC21I7JAJTOR2PXP0L IGQ2U30FAMF0F3IV IF8G83 2', 2);

insert into CATEGORIE (ID_CATEGORIE, IDPARENT, LIBELLE_CATEGORIE, ACTIVE) values (17, 4, 'ST7TELXX8 EU88WRQU23V923QTQ6DOE0MG2PV7VYKNIJ0CG3TBOUHBQH052MPL0LTBO3K25Q7K1CDQ0VJ833U8KD4EFIDPKVEDE54KSFVYQANN3MG6PUAAWWPX41WMFX', 10);

insert into CATEGORIE (ID_CATEGORIE, IDPARENT, LIBELLE_CATEGORIE, ACTIVE) values (12, 18, 'FUQNKWIA66HTL4YY004LILRBA9N08ROWSADVA1LJL1E DWFJJX2EOYSWCBOPRA WAH2L6Q2GKIPDIL3YCDGTA2AY970 85P4MKT5FJJDFVR10J3YL4BXAB9RAEM5S5VS', 15);

insert into CATEGORIE (ID_CATEGORIE, IDPARENT, LIBELLE_CATEGORIE, ACTIVE) values (15, 5, 'GVRFQRDMDQ3M8WA9C4VF1YCPLKL50R53B37U2HGKJWGBXJ6LLPGEAXT7BP8DWCVCM5IAYLHM IORA8WS8GLM71MME3 SUX0UQ8C88RN7M R7YD9M27 9DSCFSADVME7X', 18);

insert into CATEGORIE (ID_CATEGORIE, IDPARENT, LIBELLE_CATEGORIE, ACTIVE) values (8, 6, 'WWFP6EXTC1VDUASYS4G3PK94848NGGQX9VP6GRVWVMCKF0JN MYFMG96GPDNXGK9W86R6TR1X0NMGBBO8EN3XCX64GX 1OCCRC40SEHQ0QFU7VJWWFVERXIPP129839O', 7);

insert into CATEGORIE (ID_CATEGORIE, IDPARENT, LIBELLE_CATEGORIE, ACTIVE) values (0, 9, 'QTV171KNMMG490CDB009RMUBNF6LCGAPMJ0IQ28C6QPUNYF1QMQ2XQHPATROKD Y2Q7M2NCIXI90SL8YB6RTO7NIWSIPJ5L PU91BOFT2KD1KPS62P2XSV5FK4AECW D', 1);

insert into CATEGORIE (ID_CATEGORIE, IDPARENT, LIBELLE_CATEGORIE, ACTIVE) values (3, 2, '0L811UOYQVHX7RUU NPGICI7EW22EJQRE2AE4MWQWN58C3R1VOWWHXWLBI0HLR0R6KOEX9LVIE402RKXJQ2CPT4E8JEY50O2LNYW5SW8CX8VTLXRN0RFOWOFW PEQJ9D', 11);

insert into CATEGORIE (ID_CATEGORIE, IDPARENT, LIBELLE_CATEGORIE, ACTIVE) values (10, 17, 'Q8O9 1NL6ALWG97OR3N86WOK 1K5GDXFMFNEXLAWMTCSA5E0DQMHIBWN26R5RBI09PTP UW 66VQ0H5 W0PBBDSOO66VKYGXFRA6IYATDAOFO8SYLA2HO6HJ73YA6PY ', 16);

insert into CATEGORIE (ID_CATEGORIE, IDPARENT, LIBELLE_CATEGORIE, ACTIVE) values (14, 7, 'WMAA9UVDHAF4S6A9P7082IO7X9BW8NS1CJ83E8RNSQXM9T89AP1EB1UR2BNSVRD1A3P4KNNNHA67EIYEEYT8R306Q4JIMQUV84FGOC GL2BRXCB3YH4N3WXK VO6E3 I', 17);

insert into CATEGORIE (ID_CATEGORIE, IDPARENT, LIBELLE_CATEGORIE, ACTIVE) values (9, 8, 'JQ8P5FR54DMNY8 US0W0EEY0Q1YFI36XID72TPQU SJR0S65MLA85B5OSDDGOSI5BPI6VT9PW7OJ1JSI3KJQB66QXU3X21Q91OIAW7CWLRS DMEJRJ3J6AFCSTI47G8A', 8);

insert into CATEGORIE (ID_CATEGORIE, IDPARENT, LIBELLE_CATEGORIE, ACTIVE) values (18, 10, 'OKO3Y0OOOYTKQ47T2FI4GQVSWU3S1E0E6VPXG8LANGSBBS3 ECIJAD7ASSH8X4TPBGDJ7M2YYB TN8LO R1D8TP5RTI9NJ0EUDOAHPS1UTR5QRWL0G3P6JDQ3C38CFKO', 3);

insert into CATEGORIE (ID_CATEGORIE, IDPARENT, LIBELLE_CATEGORIE, ACTIVE) values (2, 16, 'C0Q1WS0VMHNYVKUHJEX6JQUC02E2MA6SD0U7J0PTD8DDXIW3LWUY0DDEJ0P6FG60CBFPT7I955R30B962IEQR8YAQGEI5 JNN63 N2POWNUCRHQLP5AQEV5IGW3KLRW ', 5);

insert into CATEGORIE (ID_CATEGORIE, IDPARENT, LIBELLE_CATEGORIE, ACTIVE) values (19, 0, 'I1K39 6IHGSV68R68WAQUL8II8JC FKG2PSHC8I9MIW MNGSA7F0JJ3TMJMEVGHEF9T9 T G13NGXINDCRTD7MB E7ETB18AI0U0OHGN9QPNAGRUVKS72G5JCY37Q44J', 0);

insert into CATEGORIE (ID_CATEGORIE, IDPARENT, LIBELLE_CATEGORIE, ACTIVE) values (16, 13, '7MAUASJFR9UGCVU75VSDPJF5YQ3PWK2OBYOD65DFYS085WPFG7EA53PFHRV 3VL7I8NU MUB3NA 3IOLWGFWS5708L68XE0OEV4XU5HRFJ 51FWPJOROGIQNC S8H94O', 14);

insert into CATEGORIE (ID_CATEGORIE, IDPARENT, LIBELLE_CATEGORIE, ACTIVE) values (11, 12, 'HP2VAEHG FGP751XB9INDRU2T2Q75DJT4OMG9WN6UHC8A GC3WWD58N P65YTEGRO54 1UIPV9BRB085OJCVT3 9S CURTP5DP1AEA5UWIAWR20IOFCRU9CNWESPMUSP', 12);

insert into CATEGORIE (ID_CATEGORIE, IDPARENT, LIBELLE_CATEGORIE, ACTIVE) values (13, 14, 'A80QI1FFOCARIS6NQ1N72GU2ON3XHJX7IUS9VPSCT2J0TLOUA73UR4ADQ81GUQXDX0C9GOCGVCDUDP7DQ0PVJL3IKVKPKY80FGRON3UR93A 921JDRO0IVCEJORPYL1 ', 4);

insert into CATEGORIE (ID_CATEGORIE, IDPARENT, LIBELLE_CATEGORIE, ACTIVE) values (6, 11, 'P5A26VR6CH O H6PF5AK4TU10 UYPT34HEBE9S5PE08OGG79 339900F4C8IWKVD9QG9HBRELE3C BGL2ROH7VUM2QHX3IHLK1EPSR BYQMI96T6LOV1OK5OTABC77PT', 19);

insert into CATEGORIE (ID_CATEGORIE, IDPARENT, LIBELLE_CATEGORIE, ACTIVE) values (7, 19, 'OR80S6V1 IEUWWO00I4JN9NBYAO6NPHTK4CO85MO4IYS5 9CUO6IS4W1YBBB5GL2JHYNC3MDQF1LRX4ASRHMUA ANPTCJPNW6AWO9VES WUQMGAVWW BOJPQ57 1VMKY', 6);

insert into CATEGORIE (ID_CATEGORIE, IDPARENT, LIBELLE_CATEGORIE, ACTIVE) values (4, 3, 'Y96 H65NYWT8Y4I86FRMHGL5KXUMJ1VTCHXCYHOPPNJKE65GF302VFT8T9JXHPR4L8I3 2GQ4MQU2Q7QFR6QXK6TSTDAW14LY3C1CYPJ1N9OCME8VQS81T5Q9ITJHAFW', 9);

insert into CARACTERISTIQUE (ID_CARACTERISTIQUE, ATTRIBUT, VALEUR) values (19, 'QSY6VR7WOA906PHH894LT74 FY6GKOGT6 B3ES5YE4SPG LT6MUQ161Y879XVG7WBIB872OERGCVH9UHBY0MJMERXIB8MAKUN4WTWAXYX6CII1WKMLR9J6O6IXCLA239', 'KL0901UCI49M3UWIH6MALAY4I96LYXXRP0MR3FELQ9AHJ46YQY0NDP58WLGBEX6RPC5IDGBUQM3LK0R08M175FF743BXYX6BS2CI3LIMBWVN6R5KNBKPYQ3K LIGUM6S');

insert into CARACTERISTIQUE (ID_CARACTERISTIQUE, ATTRIBUT, VALEUR) values (11, 'LWALBXRDVKC77N56Y898P53Y VHTPH TG3QXV8NEJ44 M5MI3TYK0QFV7X186Y55FBQL98QVPMJG7D POLDVYT5SX1IPBS1 PGX0NRTL44MPV M1A38AC4FIVGGM8YU1', '4059 1JCA3X QEGHMFLF4S0R68YHPD6KR6LT2TOMAFQE1RGPMO76FFREBDQ1HGQ3PYWTVPSYWHX8CHL452RC4DL1XO0SNT5UTXHB9AHYL0BC9W QGUOSR2C9H65T09C9');

insert into CARACTERISTIQUE (ID_CARACTERISTIQUE, ATTRIBUT, VALEUR) values (6, '9O21KEEIF KGUEIQG2DHG40 MNOWEBE41D45YJJG5VRUUSA3IMSNX4D2MD40OF61WB798B2DQNOMY5AFT4QJV4KRBOVYFOBLLGIW4PC9JJ00O8G3I6GDP0E1 Y67A7MN', 'U2U KUW8R6T5T7BJTJKWCRLP91QUTCVWIHN0HKYHNCKLGC0LD 8PAFJ2JUE1NEYBEOT34D5CI5S6 16X6BJLFX 1GD 5MKJ20FAI0WOJFLXUNTHO5WMM TGC1OIG4P4S');

insert into CARACTERISTIQUE (ID_CARACTERISTIQUE, ATTRIBUT, VALEUR) values (0, 'R3H2TEI3T0JUVMFGQQIYCC9WUREUDXJ3 TOCWXAXQTADXKIYH HM2J8D105F7L6WPFUSDJ2SD0EGH8L QF77KS0KJW32POA0C2T1LBWROV4IOIA28SM3X00KBV5F7GBD', 'RP8 2NCTEUK55YB 6FPCKF4RB64Q2JW4YVYVMVN CFE6IJPY0T6S7YT13H3BNJRQSI  ELRT34CI7EDTBCKKDA 26KX3LW7BFHVOLNH6D1E947LSPHMUW5SO7L7FYOEO');

insert into CARACTERISTIQUE (ID_CARACTERISTIQUE, ATTRIBUT, VALEUR) values (8, '44N9E4H0K2XF20UOS6V7N 9J7NAOE0B2ABI3 K8NTFEMK86D0U60O7FMXBQHH513VLSRY24W44C2JDTPFH GAYW054T5XHUKY7Y1CTUY3MMAOH0AJWV18DNYFN0DRGTK', 'VYGVPM8XSHS3HDE4N25910 QT2R98O6I2CN0PW6YW4W712G3I571G516HRG09I1NVDK0 M185U6AUA22M3 V7N1YLQFPDI2Y12FE9RAPWUCNES6C6JR0RAQ2HBWUAU48');

insert into CARACTERISTIQUE (ID_CARACTERISTIQUE, ATTRIBUT, VALEUR) values (15, 'DPO5KRQ28MCA6BMQOCKUM9DQ7T0H98NAYUSYGPSHX4PNLG6P37 E0ACLVPKB9SNWFS7R94MKJG4HW9UX 85UBVKWOSN8VTWKFV4FMDLMA65DFVI2EGASX9P0TSF3PW1L', '6OO7R0 DDM61L4FBAE1A0PJHB5AH2GLFXSU 1VV9SWOQRM4DYWH09AJA935681NGO8PS3NDF6R NMD503HV067GJAC52Q409V42ABEH JHD4994OK 6PUFOCDD8SUX4T');

insert into CARACTERISTIQUE (ID_CARACTERISTIQUE, ATTRIBUT, VALEUR) values (18, 'HRRDKJM294FI 7NXD6RFJD ADN5DQCE60DMJLIC8KEULRYEAQY2ED0D5BO8 C7XODY8CJX M4HFSBLLXCNV XRH3LE9FBDBET0EUO8JNR1BWODORVF2X8VJJ O0PUIUP', 'QW0LIY 0QOB18YBV2DI SP7TBWDHCK17I7QEV 6OK8EWGXL4A14AXIS6VYRWCUIF81JW1V47QBDMADJ0QJFMJ6PLQVR8DEWKYMYV0SHSTC6PHBC4VS1HES0BD6UAFMAR');

insert into CARACTERISTIQUE (ID_CARACTERISTIQUE, ATTRIBUT, VALEUR) values (16, 'IA0IONJU80U79DSLWNKINJH16MDEK0G0HU5EN79Q9PHHTEQE03JK LW5UNEJG5RQQ2041NLUCNV3L2W3KOBGDRYEGDAS U0C4K TSK2T1MTX8QENXPB1HGLEGTF9XY4A', 'BHLPAO33 U776G4PKCMMKSSIWVO5DW3VPFWBL1V9T5QHN2BOCACQ33 N2FSQYBJ2QVBJVP19X5QYP9V6LETMU0AN A4D4EPWIQIS9HFY2V8T6O3HW6TEP9TFEN9IX7Q5');

insert into CARACTERISTIQUE (ID_CARACTERISTIQUE, ATTRIBUT, VALEUR) values (17, 'F7L36AW9NS8EQK 3BQ5Q9YAU77CMI Q5D8J4W  SIH8FIJ2FVJLH48ACW2P3F9 FI2NO2IT4SD3GGDPQNAKTX4FNQ6DENYUQCHYX8KK MF8JSLL4LB6OV67FROBUOYSO', '437 B H7TOFOEQ1SQF6RWBCUT002VIFKGGEH0LBYQ8NQ NCGH9WW4FCTT5BHUYBYEI5BPFO2BEGO2EAQG 6HEOWAQ37R3UI6N8QY5H1KUEHT5PV1U9DU8WS9V7 DEET2');

insert into CARACTERISTIQUE (ID_CARACTERISTIQUE, ATTRIBUT, VALEUR) values (5, '8H1 JL4GGPR 9NU50D2C0J9P2O O9KVVAOXQFWV4A73U13GDN1 TIM0OC3XQHSRA7O1XYI1MI1T3XGAGPXHMN1M897SSKSYGMVGERRXADTICBX87A1UBU1QR0SNP356M', 'WYKFIGHFLQJW45OOS WRIODPH40FSIOIP76AFTPPR4M891149EGIHFRPOOVHTW7HJUAMUX4EELVPCHUR8 T UBOCF3AME25WR T05RTOHIKMGDQ4HHYKQAIPQU2IV9YQ');

insert into CARACTERISTIQUE (ID_CARACTERISTIQUE, ATTRIBUT, VALEUR) values (9, '2XHKXPHGYDURXFQAEOD4SLLNMSTY25P1 RKDV8CLBUN00NYKWGLQNG6A5HQGTVJ1QLB9H0R2EM C41RTM67C0735HGYQ77CXJYF81IOD3E H9WKV800QU5LQEI9RDSD3', 'O1RO59GLWG5Y4DXORYY5M39XEMBBXLO2FPC93YFCFA94AWB QP47F9N65I5RPV2X6WVYJCR3R7M3A8HKWDUPH30NNRY1SPHDVXVJJK42IM6CUDM3STP4GNDMH 7 3I0J');

insert into CARACTERISTIQUE (ID_CARACTERISTIQUE, ATTRIBUT, VALEUR) values (4, 'JKVT6WO137 QT9HNDE07IFKIMSI4 1LXUJO107YJ48GWMXC2J DJTWM2ROSU 7MTE72J07HGQ21BVIJ15TC5X9XYDUBMUAPA36FE3HRDDHIV8F7JJ3FVH ERU8FIC0SS', 'FA0AILTH7AYX63M4O9HKJSDA20JT GCKNT2 97WO778FS 1DV31J96D0S2RF8JTMAL1Y3XYXWNDXND0HJ3E6I8A2WHV4 HGXY023K2CKG7W04FE8R8T4P5STM2 UUTXQ');

insert into CARACTERISTIQUE (ID_CARACTERISTIQUE, ATTRIBUT, VALEUR) values (3, 'PDB9JD0YGMUYNT1LYF74G9L6J5O8R FTW DC3 4S9V4JNMH7ILGV95OUO2R PIV 9GHBT9KM UM30LKH9Q3KPFHFGSGI8Q UCJMG8WK4QIQK 81I78791PKQVET1SJC ', '6OETTP  1PKW11QCJVMJJY5O0QB0SUJAEKH08RHKOA69JX4MQIC37CB12SDJ6NBWYWY6QV5RBEQA7KDV52N19YVDOSPYT4WX36IAJGV1SOGQ170XHOD4O145OJ28WVJO');

insert into CARACTERISTIQUE (ID_CARACTERISTIQUE, ATTRIBUT, VALEUR) values (7, 'IAYIBBY2H42K8U9E5R1HVA1GWA E7M433 TTDT6775B3UG9CV9Y99ERFF38XRG6UB9N64FFEOEDR8 PH1YJ8MW6G8R2H592WAY3 QYHFNYAPB1 38DIJSIFE G2FF3W2', ' 53VCRAWW5MXHW3ODQINURXVR7CY2E7MOWQ 9TLUA1PNAHF2AY7FJ0V4I5L7AVI45RP7QCOFIWD9PJG PBQTYF7FI22K0AQN9DCOOY4A2JELDG9GX3KPPIRF6W260FRQ');

insert into CARACTERISTIQUE (ID_CARACTERISTIQUE, ATTRIBUT, VALEUR) values (1, '19X5Q T7R4AKB01F BOU2QB58P1P1QJ2JK424WKMIKNK 4KQLV2B2U9NJAVRXRGPKMQP7VFLD7YECDVDGDWPWVET98QLDLTUYF0LTUX4P8UBYIWOOHG90NFMOVSQ1CDC', 'TM70E 51C2Q49ELG6TAIRG4RSX7RLV6UHQ FLKLALVHQUBV0LCQ5KBG2OM3GCX8KV4HMDLYR1MXWY 589QR4WVM2XTL2BPTGHKQU9SH6S8FNUU453FHG0Q4HLKOSY5H6');

insert into CARACTERISTIQUE (ID_CARACTERISTIQUE, ATTRIBUT, VALEUR) values (13, 'A9EQ2I27Q343O1A G38S9ST42UH72YL26NGNLFMTOKS2TCBSRFWL PLCH1CKY4LY2HVHDT03JP 24HXGI 8JUJIC0M4 ME5 BVJURS82CT HOCOIJH60X9X9I2N2E N4', 'P3XU7KY8UXLI576  24NJ843OAKG5XEBV1BYI8VS396JY6CTNM2THIGP0MHF4HFL6YE0WTEKE 0BPLBVTBWJBIK3EGXIJ33ORQTCK4BHH66 93FD1NAXWXL5I0J4IRLC');

insert into CARACTERISTIQUE (ID_CARACTERISTIQUE, ATTRIBUT, VALEUR) values (12, '97IUL51V H871NVFM0WWRNW7V4  106E16Y63LSO7MCO5SDRBVLO854CTS9FM9HVRS73TGINQC3VA R39PQCO4XW0EVOQDXMG8SAU U055DAAB8 UDVCTMB3 JAHARLQ', 'NICX1Q3CX6U7X2OLSF3PF9CRWT16HBPCTRW491U4CND6DRQSHRD0MS8U3LF5CBYI16MWM7CP4GAKP3VAEY9LIIECHGQ0F5FM4SPTU512MU9PEW3FQP4QLBK9DO89EY L');

insert into CARACTERISTIQUE (ID_CARACTERISTIQUE, ATTRIBUT, VALEUR) values (10, 'Y3D2K351 R9Y8IP2G1RRSI 77054PL5E55Q7ULF M4 GP5N1C6A63F8H21AFOU SQHV3V0B5FLYVNMAKPIINPT1AS1MSE923BIXJCM4VKPOTH1GEK2MVYV0 LOB2GC4J', 'PTMT6NY7492ACN0MNVE7QS5K WB DO1ACVWI55W5SHQPWQW93PSB7C7CE1JQU1ONJS9YQY8YOIERQ7PR0O1XQ4INO9MMRJQNLOKRD40QRPBU Y0N9J4GD3EMQ0FAEFJ8');

insert into CARACTERISTIQUE (ID_CARACTERISTIQUE, ATTRIBUT, VALEUR) values (14, 'GU4 AJSJ8CUHYBN8 4 YMLGXK NOTGFFJG B5OYKGLCI960XT95MUQBKO80MWM01ZJ11SNVD5W65Y2D9UCQ36U7CVY1CFQHQYL15IWHF6XI53A72SJL5M9DQV0FVOH4U', 'VYW4VJYLYNYU6O2EJC6RO0WCF10XKS8GIBEOERFO08X78TSJHFFBIDR1GEI8BFJDMPGOKAF6ML XJKPOOEB38HAUIC9F90U17EJTF8NBF70HS 2DK4GMIGH24HSABW6L');

insert into CARACTERISTIQUE (ID_CARACTERISTIQUE, ATTRIBUT, VALEUR) values (2, 'PFY5YPC8BPNS1UL987Q1J3P9HH4R78WS72S38 QA7F2WLKDQQ39MQ8SG9T4319G HWSKTLI6FOFS 1XGP6I8DDVWQNPHLI0VEHCPL2AIGAIDUPDCGQXR2YS7CY81PTH ', '5WBEELGCWS5X5UQ9HSIXJ32XROQ3UA86A1M9A4SJHCKS7P80PVGKT39PS3XQL5FYCXDOCDB7H5O6WYRBE2ANAV4RH4AIQ8P5WVRJ8NDO3S QLO5WOE7UAL9F1JXBV2R ');

insert into UTILISATEUR (ID_UTILISATEUR, LOGIN, MDP, ACTIF) values (7, 'DNECBPMN105PCCNO1YGRVUEEOOS XV7OJHB9EUTE VX1NRRUGKQPFOAYGYCVSPOY', 'KUVS60VGKXQ7V0K6EKBGRGGV4VACVYTBM9O8Q25F6CV6X09MU7274994ALKSUC0H', 16);

insert into UTILISATEUR (ID_UTILISATEUR, LOGIN, MDP, ACTIF) values (3, '29J2AWKQ1AUB0BLTNWK 79S42VFPGNLXGQXEIDJ1HWCHVYE UM46P94GYFAVS9CP', 'FCJESYA7FWH6TVHEMX9NJB4RX5UUI5LHQ4L26D5CRG7D8SS36OAORLFNNSK7 98M', 14);

insert into UTILISATEUR (ID_UTILISATEUR, LOGIN, MDP, ACTIF) values (13, 'JH3SL2J5X2IHJYN8M6CVEMO5WFVXJHGYPV6VW4GID 3DAVYY0UQPKMYV5FRBGHLU', 'PGM3LHS02MF1PBWVD5D3GAV6JJYM9SOUVW3BOKETMV3DQ6MCGU7T8V7948SWC8VK', 1);

insert into UTILISATEUR (ID_UTILISATEUR, LOGIN, MDP, ACTIF) values (6, 'K03BPVF2AKI57J34DLHDIRMTCR5O3RM3BSCT81Q9HKSWD1Y7J9HKCUKPJIYJ 0JX', '7U4OYAC 4CXPQJ0Q20BQL4CD8GLS09XR1GH3WJ48N26B P8SAQRTW4DH7JH52W3X', 4);

insert into UTILISATEUR (ID_UTILISATEUR, LOGIN, MDP, ACTIF) values (18, 'FX42KIR38IOPQRO7RF6 3 RT6MPIHBJ5VV9TPJ345NKP5EFNOFSGSHCY4RN9X V1', '6NMJVKFSORULOBMRKTA2H7K5PO9U5ER2S6L02R1H40JVXBNETUBGKYACVSDSSDIQ', 17);

insert into UTILISATEUR (ID_UTILISATEUR, LOGIN, MDP, ACTIF) values (10, 'XW7ULNFEC3F2EWNN9F3P92MGLEKHKK1GC16 0LPI8O  4IVR CKLAL35BS1UH OR', 'GJ5IQYYKA3JLSV 2BAX1894P6KYVIM2250P5V5BWW5S74IEMR8UWJDSCKJP2M9AM', 6);

insert into UTILISATEUR (ID_UTILISATEUR, LOGIN, MDP, ACTIF) values (0, 'A3W1QHXLP2LOXPT5QVD JCBGBY73QDKUBOWWDMBA2M7DABBHPJARLQ4A3OV095N5', 'ANA IOFW31V6T VE8PG5EO4VD 4CHR8KNBL4H5PGDG2 KBID8FRXNX6HAX8R8Q2L', 9);

insert into UTILISATEUR (ID_UTILISATEUR, LOGIN, MDP, ACTIF) values (11, 'C69HFO7TYLIELEFYLKQT LF3KKKFV20MSPRPEJ4UHXT25BA9G1T42YBV  F4C3WS', 'GN1QMFR OT870VLYPWIE164UI7SDY65WC0L1LODGCEYEQ7H5XF0R7QA9IH67OC 9', 13);

insert into UTILISATEUR (ID_UTILISATEUR, LOGIN, MDP, ACTIF) values (8, 'D9TJNFQO5F3P5Q8ORSBN6605237 BJQMBIJ DST3ULXQPJS1EELGITYXWTDXEY2Q', '9NY70CFE45F449UFM398P57FA4FFBR8XPIHHE50U6XK2M6CUYR 3 AHP6C96N8OP', 15);

insert into UTILISATEUR (ID_UTILISATEUR, LOGIN, MDP, ACTIF) values (14, '50M2REFDWRNIUYJLM9SI7UOU0W2U06N6W0ITXAMD006HGGC86LLY8EV CS0QJBBK', 'HC4654DB28VUFFX F2FMGCYV 20MFVBXUOKLLIWYPIJ6RQMY0GL6DOKBS2QY91AG', 2);

insert into UTILISATEUR (ID_UTILISATEUR, LOGIN, MDP, ACTIF) values (17, 'YK8DSSRGAA36FS3D4BDULXG 6SNJAT424KIU8I8LA8N2F1YV 66C27F09Y1AECAC', 'FU21YX2DJTESN4MD0443W2FX9V2GODVQ9XMXC7NPA3YE4VBE81BQ4HV4BRBC3VGM', 12);

insert into UTILISATEUR (ID_UTILISATEUR, LOGIN, MDP, ACTIF) values (5, 'KMPD3AO5X9QO4I56NOONE8 RQ4W30U3NY4U51BU4KNYK3T5BG5AWABFI4WOY4L3O', 'TUUNUHHO62DU2K6QS02K159UCUIYWOPNY70ND6JHS6GW82XMAK00KP8L6 AMCBCS', 19);

insert into UTILISATEUR (ID_UTILISATEUR, LOGIN, MDP, ACTIF) values (15, 'A9LEO2N0XDHEQUIR3OYD82A0FPD1L5XQ 1ACI76V697QGRYKQ3CBQB8JXQPHA9EM', ' G0DSY0W3PNGDHDTO0FKIWHE UWPJLAJIUGBUT85IP4C3AILBI6QJXYSEVCLLJL ', 5);

insert into UTILISATEUR (ID_UTILISATEUR, LOGIN, MDP, ACTIF) values (9, 'W7WAYSM8UUN8H1EAW1T0480YGX0GW1IN894JB2F7XI1N0EW1I ATQ8ML51C52WDQ', 'OCL070O4U MIW6GR1XU1B4PUE86QFJHOYRA1F3Y4B4KW73KQ0XO3C7X7FYPJY5BS', 11);

insert into UTILISATEUR (ID_UTILISATEUR, LOGIN, MDP, ACTIF) values (19, 'NJ8FUN2FSD5O4UMGY2G2O16CKKBUAG97856BODA08DI1SOYPYCJ52MYNQVBS2NM2', '7N5Y1UV1JK3HCC8CU IH14 YBTUJYCOYSDBEDEE9JFX8JG30JCYVR3FT9D69396B', 10);

insert into UTILISATEUR (ID_UTILISATEUR, LOGIN, MDP, ACTIF) values (12, 'DYLMTCXPD7AKWHFHNJJHWAEG 1AAOQ1R MRS900OVBA1A4O0O80J2K295VVNE5A9', 'D2Q2Q4LQROH8 8XOG04VROW WYW8 EQM2LUKCPRY22SINUNUHSX95NA6BPX15HC3', 7);

insert into UTILISATEUR (ID_UTILISATEUR, LOGIN, MDP, ACTIF) values (2, 'BLK9T1NQO0 CLQK1XQ8REAQ1E3DAEQ9323MK9F848AHCHP2VU54OKLAED3QKQI0B', 'EOVN92BVN2M6JMCJT8UP14KNXHTAXK4IBSN3HFS27 ADI9883R1 BGV9M QNOYE7', 8);

insert into UTILISATEUR (ID_UTILISATEUR, LOGIN, MDP, ACTIF) values (16, 'A3679F7NB0KXFTCC6E9V7USD14KWCUSJHF3QDK8N5RN2WYOS54TVURFLV55S5CYV', '46NM AXLRWV9APP1BGBXW9IAMPKTM7O KW13KHN1SO01L7CKYA6BKI LMVTFV9J8', 3);

insert into UTILISATEUR (ID_UTILISATEUR, LOGIN, MDP, ACTIF) values (1, 'L5NY8XDJTOQ14XHYPK5U16CHSNKDLJNQ5I94QCHN5M6E94QOQFFMU8Q59LILXP S', 'JM S2O11CYVQ6GI3BTQAX9L7NYDOXW2XR1 XRUN8YPYXIUGOQPIRQNUVM3U4BRRX', 0);

insert into UTILISATEUR (ID_UTILISATEUR, LOGIN, MDP, ACTIF) values (4, '4H49S97BUJK9TA04U4WPU3GA 1H7LAUDGPIVD5IQHXQELB1JM65LXD3DQV5JVQYI', 'VT1UQH44E0BO2YBGRSD LDTSFXSNYBXLYVL867Q6IL02VV Y8V4MKACP4K3UCDK4', 18);

insert into ADRESSE (ID_ADRESSE, NUMERO, VOIE, CODE_POSTAL, VILLE) values (14, 'BNKQP5EFNIINRJJU', 'DW0ARQM74AL6PKJIVLFIFPH8KR6ICYIAV89 36XQBF61H8UE5FLX6BTVLS0WR6NC1A5CQN2SL3TXV72AIUISFNO8VYN6RYIWBX9SQBX35 MMQ1OU4L3L4XG8RD0OMIQF', 'BB 5Q7FIGRUX5LD5', '11KXSB0L2RR3EG7M0EOLC2EFVTH9Y4A4OBS65OIKNB68DVHY0X5136QP9T U5RXH');

insert into ADRESSE (ID_ADRESSE, NUMERO, VOIE, CODE_POSTAL, VILLE) values (5, '6NX9TL7HGIKACOC2', 'LUWR2KHVKLFXVMDBK8YR7QRD4WTPNC2Y4H OJ3WUU5PP 2 FS3CRGXCO37ANY7EYL132XVJADQKUPTIJ7A64LK3PBQFVM6SJ2JHGW6U2Y5S8IJ1EKP0D832HSNSUNMH8', 'DDLAJQA2CD8X5ERX', 'GXTIKWGDLNTOXKRX4YM8M47QQJJHI8GUXDFY6QS9540W3PPUNU561RE5SPA3FDO9');

insert into ADRESSE (ID_ADRESSE, NUMERO, VOIE, CODE_POSTAL, VILLE) values (16, '587TGMQNGNKNH87J', '1Q1F1JHHU0TTVAXE2133W6HPX P0U5V7F8AISR7GMPRL38MFCPAX1ROFKI1U2NG2ICHEKY BCECKE0PVC 5GY38EWREVXBX107HPMIW3F0 QXEYPJVTEWPTRM40N3M4S', '286NR7166H4F0WW ', '4X L36O43TOCTS3LASGYEB  BT NCAEDEOJIAMEAILFFWLVJ4QWPK7VXO503HFOB');

insert into ADRESSE (ID_ADRESSE, NUMERO, VOIE, CODE_POSTAL, VILLE) values (4, 'KG1K34LWHHNLYD43', '0RR47296QBP7QIBEP68E2E8AQOQR0B3L2NKCDMFMHSA1SQUY2GT8FAH7PC6T3FY73DO65C0YBR1FYQTW94SO0ORDESHGO91YE6MCFRQ8C91GYIKCBAXHO9B31IJEYFSO', '7G4D7UGB9ESUQNBC', 'LHUTLLEQX5HP355MNGJJF725KQHI2FQSVW7OV1AU9XQP1S88SF3NPBRC5F4X6AV0');

insert into ADRESSE (ID_ADRESSE, NUMERO, VOIE, CODE_POSTAL, VILLE) values (3, 'K24S4MNEOL2QX3DM', 'WR0K39EJ0YNXS8  2722D3OH37TMVXYYV27UISDE1YHDQSINWO8WPA57THQ5PBG88WM QVKQESHI9ORPKJQD1RGJ08J92BKGG4VDTPT895S48IBV8IIYBQ2F3I89B4W2', 'BKO BTGK3LHTJKSH', 'VFP9S2TMW5S A4HEUYV72UAQYVBEU9MOM6YSW6WJKUT491JMK4WG1D54YG32XVL4');

insert into ADRESSE (ID_ADRESSE, NUMERO, VOIE, CODE_POSTAL, VILLE) values (17, '248GRU65N6492 PP', 'EFAFPN447I60H4SDG661FRKEV7EGO862B8QM7FO48561PN1Y7U 57QOGHYE8CGC XQTH40SJS2U4II1XVNUTDPB5K85 CUFWA SH4OX7M503EFY38HCII3KJ5795OQNC', 'NS04CU75GOGVYDFW', 'J7DIS1MNFSQSCQ4X3TUO4R0SHC639WO4G6VPTP8H0K1NSL4VWO04N7MJAIYMKHS0');

insert into ADRESSE (ID_ADRESSE, NUMERO, VOIE, CODE_POSTAL, VILLE) values (13, '5LDTDBXMNLJFNQG3', 'VRI8QXQF Y2 SD2TG0NV6LL8MV066QFHLLLBHL03HW5P1LT 6PPIR4SEU1AJNR9YQV6BPRPM54 9DOU ER00N OP09PRS0UY1P7XQVWXEK QXFWSI9S31OXDRUHF7Y15', 'COI5HW98OS314ERS', 'MO4PCF27AIXCSFKM 3D6W2 SKPDVH 2ON0GTKTODNR8NF7OQOBK4238DWG53I2SH');

insert into ADRESSE (ID_ADRESSE, NUMERO, VOIE, CODE_POSTAL, VILLE) values (7, 'YYV5G2BFJ6DBOTMM', 'L 4TQIVJ3066QXXWBYVF3YF35XH3CCUTXF6PTO1DHXBNRM A2GRRW 35NFADN6EQYH5D K 18LSBU4AHE3MUD35C203WFS170GJI5QEKC4LCTFALB1AGEWU0P4REWS71', 'MNOO RPEMC4FP3WI', 'BX5FQV57S2M30Q V0APQK9XWUS78OSP70U1XGK6489K8Y2Y 41SEKW 8G3XLEGC5');

insert into ADRESSE (ID_ADRESSE, NUMERO, VOIE, CODE_POSTAL, VILLE) values (9, 'YYM6U6IV3N8C221H', 'UAI06W6JCDEWARI7A77HREO072RI70KMLWVPQ6E32XL8UMNG5AJQ3Q9QOTB1CNVVTT1FGW8VT95L TJ 5T132FD3K68Q9437GF63XP149IQ83F91Y07H39XKRS0DT5AL', 'UPF9BN6CWKP05LOH', 'A8TR3504K2U 632VIAEMEQJQET9U6R 9697462LRKGOY5QV Y2KMKC36NA84V8CU');

insert into ADRESSE (ID_ADRESSE, NUMERO, VOIE, CODE_POSTAL, VILLE) values (8, ' 10VREJK2WFXPDI4', 'WW1NKIBHHQNJHTYANY2WMA13K QTRQQIW722QIQ9 MVSBLY2OGF9XTX9OW9XR5U M0BCO648OR ERQQ3X5OM8I017I0LBY6KNUJHK9HPVGBRSDYPOEX0N7U2OH3Q 0FD', 'L2526W6GW8F0TIQJ', '3XJ991 0C9XS754FI8 NLLCUJQKLBO6PV RGQ2FIH143NTQQRHW1SN1LV4ME76I5');

insert into ADRESSE (ID_ADRESSE, NUMERO, VOIE, CODE_POSTAL, VILLE) values (19, 'E4710WF57J14K8VS', ' 04KHTWI9SSCC1FSNEUH844FYDAB2FI01J5OD6P0 P M8H2OX4T6VPQSFE BVMFMLBBX5VB6KT527R0C AX8EQOASNASM9EVUX HLVCDXL78W7J7REUSL66M7YXRCBR ', 'WOTEQI2I17PQYHMQ', 'RYK1XFBAY5HNMFQ N7B2HW5SR6FR73F3E67B3P503QS361CVHLW4T4T9SGLXS48W');

insert into ADRESSE (ID_ADRESSE, NUMERO, VOIE, CODE_POSTAL, VILLE) values (2, '878W4PFTKJ08YG61', 'ET5JDAKMGAPPVE17KSW33CJ36YAA310QB5JB5KWFTVV2K94X5I4BFVAEP0EKR SC0WG1DGER85KYCXICLF6R3K1V3C N5YYNAUW HYA99PB0GV32G7CQFMMB5WES 0F0', 'R3JO2NG0 6YDH8OV', 'UPPOBRNTQOL8DWWJ2OVLW8BI 7I6G6CIJGMJOPOE0Q1U1MXNJ78VOK2FOK4SJHEE');

insert into ADRESSE (ID_ADRESSE, NUMERO, VOIE, CODE_POSTAL, VILLE) values (15, 'AW4QBIX0IVFFFPUL', 'EIIGTC YTWBX3UY6O9NIPF 40FN5WKD807LUK70JATFGCT8CMSPI5P969GE E92S504GVD13HG3C54DO0SS2SHQWVA JY0XJATOQS YDKGJDGCTW01UMN S890E5W2K ', 'OVQH5XO7BPUA3TVQ', 'C29A2 8 IBXQ 23HGPKF4NNJPE248I4JK JGE9HBAQPRXC9RTJ4R ATU8DOIR3EH');

insert into ADRESSE (ID_ADRESSE, NUMERO, VOIE, CODE_POSTAL, VILLE) values (1, 'A4XJW4T V2HE46MP', '9BK49GRK4BIC1AA982HMNS2N6I95GXQ4DWQ24HNF5AI4K6LIL7 KJQA7UFVVTCDHATP261V92FNLPCPWIL6X2WDFV66R1EH222QN0E UNJQOXJTAQ3QATQCEA0S72FBJ', 'AY70R48H445D5GVL', 'UF1IFIROO1JTHWESYSTC NIWWVVD58C99E0YR0JVJ07R5FNEPD7RR4PSO594DB5G');

insert into ADRESSE (ID_ADRESSE, NUMERO, VOIE, CODE_POSTAL, VILLE) values (12, '807GIKT6EE7RYPNF', '8FRD92KJ595AOR61HDT8DWFQGV NT29YNGATEWG86X1EA8A0CXAB3C0K9LOM07U0NJKNRYKBQR41 JPMC R7DBMKWPGNE1RUXRGHON0QAOS8WG9TUJDLFCWY0KI8K1U7', '7KBJ6YE3CGKW2J2 ', 'BPBE0BFA193LCXAX8YJJTDO31647B 77WWKEN69QU7BAFMT850OCKCS0QRD5R215');

insert into ADRESSE (ID_ADRESSE, NUMERO, VOIE, CODE_POSTAL, VILLE) values (11, 'C4OIHIBQ CL03181', 'L1F0CN1YNF5235T2QF 5E8QGM9R YY3B53QYUV3Y3IVLI HF573LD12B8PRJ1TOYJC517JPC97D00MHDS7VQ954DOLOI3WWG4373B7N37LNED180NN5B 84Y6EELCV9L', 'KC476HA91IKQE Y7', 'BBXK2RYO  NTL4TSGR6REBJ52FKGDTBGA29LJFM1UKH7 61IJ87HIRMRMJYOSPXV');

insert into ADRESSE (ID_ADRESSE, NUMERO, VOIE, CODE_POSTAL, VILLE) values (18, 'YHGNNLBCYNRPROSG', 'LD0V0MSVEJE08FAY7EE7A7LVGCGHXJCS3 E90V6QPNY28CBB96Q8U84KKGYXV3 X8HT3YA EFEBSSL7R4HYA9VHX JSO4Y2FWBDBEIL17X5HC7YIEKHB0VNGL7ELHUPA', '5XHKARAQJIJ0V1AX', 'W445ATJ9BOVKP GV87M82JWKH7FEGFUMO4OXDX3DLTI MU3VSAYO4PBT2BJ7T18H');

insert into ADRESSE (ID_ADRESSE, NUMERO, VOIE, CODE_POSTAL, VILLE) values (0, 'CB VEEISQ4AH5K0G', 'HMVTRGHD59RH5KR97HG9I9N3PTXGQS6YSBPLECDMS444GBXAY3M21FRD J74K0VGX5YNLL0MY3URCDYELYCRUXEBL9NIG4CEJMEYG0FN1G7TUXIVCIRF0P3K PDKYYCT', 'JNC7TDYJFKWQMU0W', 'KJRPTXVWDATKOH83STBNMM3B9LHS6VERWNU9JDLXP5SILU9KAYLXGYGFAG3TQIU9');

insert into ADRESSE (ID_ADRESSE, NUMERO, VOIE, CODE_POSTAL, VILLE) values (6, 'UOWE2C3ABQ053P34', 'L EN4MRJOC6SVICKYXK3LXK54F48EMQDGC0SJRAP2MA29TGXH44WH1OSAMDH3JJ5 JYGK G1OYU7PXYSGWHYKSGM9F5C6EXWB6MV17UYGTQQW62NSPDGJ64C5M7VS5AT', '55OG059JTH9EB2MH', 'EH3DD060294Y16PWQM7AEMX U6XYNT5F6UAX0XMAAA56MYA9 IBN4U3C S40YY52');

insert into ADRESSE (ID_ADRESSE, NUMERO, VOIE, CODE_POSTAL, VILLE) values (10, 'X69F79U5GE595 1F', '4O 7MK9GRFH8D68HRW2K2KY6HUW5X14ME9QMXJL1BTC9LT2R4INKPIHX8HCAHM2LKU8FGUXQAQ7HV89K0GQOWVCVRR6F9OYJH7GVMHG38RKKJWQGYCO82SCVTLSS0CPT', 'J0PW5QQ2C9HO5G6D', 'VCXQ4I5GOLWFS U995OV73RH72IPJDQOCC3R8B4NWF0YYDF58RSV55TUEMLUAR17');

insert into PROMOTION (ID_PROMOTION, NOM, POURCENTAGE, ACTIVE) values (1, 'XK7HDI6LFMRAUTUVBABF0H2OUT17HKLE0C77BMHXEBL4BNWP7OHR0VCO7CA7GSNG', 14, 4);

insert into PROMOTION (ID_PROMOTION, NOM, POURCENTAGE, ACTIVE) values (6, '7VSWEAJP30388 PHLR0TLJTUM1A7C9VI92BOLN5OCCI W95UO3DEGJN0WOYUNUVS', 12, 16);

insert into PROMOTION (ID_PROMOTION, NOM, POURCENTAGE, ACTIVE) values (16, 'V7C3DNUO 9D7 RQINL6VSNN0QBB7760HMSKBK PKNX8BJGN7HE763I9PTBKYAOBU', 7, 14);

insert into PROMOTION (ID_PROMOTION, NOM, POURCENTAGE, ACTIVE) values (9, ' MU F5J8YUW717PQ4YFPDHM0MB3BMIF6BR8BNERLCTBDELDVFYXG QGUN7CY9PNR', 3, 10);

insert into PROMOTION (ID_PROMOTION, NOM, POURCENTAGE, ACTIVE) values (4, ' LU09SILAVKRWYTH6FYVN6878726Q Y04P2DR6J80CVX8HTEYNX1MJ12NR0QWWY9', 4, 11);

insert into PROMOTION (ID_PROMOTION, NOM, POURCENTAGE, ACTIVE) values (18, 'W3C5 48JSVMWI2TIE5EGEDLH0O6X4SXXAWDOA2OHQCF89HYSXT281WBGFXPN2RUG', 1, 5);

insert into PROMOTION (ID_PROMOTION, NOM, POURCENTAGE, ACTIVE) values (17, '8MVTA5M8TX 2D5Y5XRU0W885VWW7VO8CJ1VY5CET03426E9LODRXT62M747K27F2', 10, 15);

insert into PROMOTION (ID_PROMOTION, NOM, POURCENTAGE, ACTIVE) values (15, ' 7F CE2F5KWCFAY5DB MYE629J75KT956EUDRTB7YEIN8MRV4MWDXALOPAOXRQB7', 5, 2);

insert into PROMOTION (ID_PROMOTION, NOM, POURCENTAGE, ACTIVE) values (2, 'NAJ3RWIC3V97512TWIYVS0 M4TIECYTSWQ3M1QM34KNS5YX5NHVFYLP72VTLH9MJ', 16, 12);

insert into PROMOTION (ID_PROMOTION, NOM, POURCENTAGE, ACTIVE) values (10, '9W82Q7DQIDCOJI0Y4EET9RQNWET2RAA5 9VXDW1JLF5P4QPG3BKEW2PA RVX4BYA', 17, 7);

insert into PROMOTION (ID_PROMOTION, NOM, POURCENTAGE, ACTIVE) values (19, 'AJ0DWALTO5181B1U5NG0LSXHJHITYIIO7RW OJOXW936VTNCV0D3B1ELOFHU TG2', 2, 18);

insert into PROMOTION (ID_PROMOTION, NOM, POURCENTAGE, ACTIVE) values (5, 'Q6WYFPKAERMXMIV9NCRKLPO0GPMQGVW9RFI CH8B4W1GNIOVTV7V8F16TSXPY8O2', 0, 3);

insert into PROMOTION (ID_PROMOTION, NOM, POURCENTAGE, ACTIVE) values (3, '4BE9 H8F09Y8RORJO4G1JOGKLAKIF3ACG1FLB V5UM3B6OCKDUFK6OHNK9VEBISY', 8, 13);

insert into PROMOTION (ID_PROMOTION, NOM, POURCENTAGE, ACTIVE) values (7, 'FYK9P41YB6C7GYEFX36H8EC FWA8FC0TITY2YSAE39T MOKHC8YF6M 4OSIC 5DV', 18, 1);

insert into PROMOTION (ID_PROMOTION, NOM, POURCENTAGE, ACTIVE) values (0, '6LVDAOV2NLNA4V37HW3IXYXNUQALKC 3PJT188NJG3A9RAW45Y6CSPD7ATKD93JI', 6, 9);

insert into PROMOTION (ID_PROMOTION, NOM, POURCENTAGE, ACTIVE) values (11, 'C7DJUO6IT17KSJJQ0MU5F17EBGHNFCI49FBRI1ML0Y3ESW9KNCYM0TX 4A9W TX0', 19, 19);

insert into PROMOTION (ID_PROMOTION, NOM, POURCENTAGE, ACTIVE) values (13, 'GAK814VI4MSHVJ 8LWJ00SQMS8B440HAX87WPIE 94B4FB7C9BQ2EDG2CL9TJ9L2', 11, 8);

insert into PROMOTION (ID_PROMOTION, NOM, POURCENTAGE, ACTIVE) values (8, '2MFPS23M87L2LMJ7KJ58NPA5LX09C2XAT6MA62BFDUAAYH6 AJB60CNA8EFWR XM', 13, 6);

insert into PROMOTION (ID_PROMOTION, NOM, POURCENTAGE, ACTIVE) values (12, '4PAK 64J2I3 RH9A7KA 2G3F06M4UFQGAEVGSUHJP4BATCNL4IL82FV6BEHDLK2S', 15, 0);

insert into PROMOTION (ID_PROMOTION, NOM, POURCENTAGE, ACTIVE) values (14, 'KU1CLBU3OYJVCOYEQLY6RCU6GE5KICBO3VH6VMGV7IE 0SDBN97H85I3LWV6EIL6', 9, 17);

insert into ROLE (ID_ROLE, NOM, ACTIF) values (5, '0O9I3APW1VKK0Y ICIGEVCBJ67XBFSGX4730J2CS8V8H72BI2Y76806T 808IFN9', 4);

insert into ROLE (ID_ROLE, NOM, ACTIF) values (1, '8AEUVJMHVAJOQL TVX1M6H01AJUEQ7I1P9FHTUDSKEX5S92H YSGLBGM71VJYTFA', 8);

insert into ROLE (ID_ROLE, NOM, ACTIF) values (11, 'PPJ1HX0NXRYI KAILRD1SSRXSXR1ILH1DJB1CJN D8CS9S1YRDY6I2VGXOBP2PED', 14);

insert into ROLE (ID_ROLE, NOM, ACTIF) values (19, 'QYHMD42QCX M10FXH4VAV EMG3HXP5KFPEWFV PW28W6323JMNH9C8KY46DNYN0B', 15);

insert into ROLE (ID_ROLE, NOM, ACTIF) values (3, '5MLMJ6KIRV94OKFX RHJY8A0KA8BPQG6RNQWKIGLISFNDYGA8OK2Y94CA0IVAO79', 19);

insert into ROLE (ID_ROLE, NOM, ACTIF) values (8, 'LMWKK7VJTHDECX FTAWUKDKAFXI6BXB8KPFU3HL1FJXLQBS2GG4F845KN821Y2IV', 1);

insert into ROLE (ID_ROLE, NOM, ACTIF) values (15, 'T2Q F7BW7CJC3RKNTOD7BO6XIYDE8A44HLFJ4222KSYRFIO9  T0J6KUXLA7WSX1', 2);

insert into ROLE (ID_ROLE, NOM, ACTIF) values (14, 'LH5M1LNIXY1F4N6YXQQ7 GWQQVQR0HAQ25SWK0I6JATJ 1TVKHKR78G5NVU0357C', 18);

insert into ROLE (ID_ROLE, NOM, ACTIF) values (7, 'PDEIFFO5MHIQ7AX5M4X24X3LCWVE29F1B656PNVF8GF9FSI0UUL33RFNCL8W85A1', 16);

insert into ROLE (ID_ROLE, NOM, ACTIF) values (17, 'HUD4 AJ3EI2TNRANT2FCVRMX3SI1BWRJT K57SPB144QB6LA1IKVKQL1YQHUFCJU', 11);

insert into ROLE (ID_ROLE, NOM, ACTIF) values (18, 'QFDIQB26X5DR8RD9Y678S8UN8T W55Y8NDM2BSYWSNTAN3BTUEQIHLLG2S39DQY0', 3);

insert into ROLE (ID_ROLE, NOM, ACTIF) values (6, 'S78541FO91L48GPCYPOB0 N7IO0MHB5JCNDORI4QWYXQ XI6G RU5BILLR357VW8', 0);

insert into ROLE (ID_ROLE, NOM, ACTIF) values (16, 'FOA25KDC3BB0EFCRBBTS3ACG7MVHQ62H0LF9Q96U8CCECMHHI5UBFDYL45 VLSBR', 13);

insert into ROLE (ID_ROLE, NOM, ACTIF) values (12, ' YDR9H5JJJQX2WTVW6285UTU1FB4S0VJ6KVLYVMS6PF49J C9CRROP14LXTGPYMB', 17);

insert into ROLE (ID_ROLE, NOM, ACTIF) values (10, 'ALT9FVI 7WH00H7I7YESSUFB9CNQ3K7OXD9WOPFKLG37SKCVCIMMPTEDIM3B5GR5', 6);

insert into ROLE (ID_ROLE, NOM, ACTIF) values (13, 'MLF24CN07 OTHC015V942018N2M1I49CT9OYLL3SUEQHF5DN037PWL4YX7UD5S6Y', 12);

insert into ROLE (ID_ROLE, NOM, ACTIF) values (4, 'TKJ6C CE7W EB4BB6KLCMK1KGUI8HHPKW2P0YUMFUX8986DSV PH3LT3A5J4B0QY', 7);

insert into ROLE (ID_ROLE, NOM, ACTIF) values (0, '7K04ICTGBAICQ OP79W3J78OEH20WWQTR4FUGCG2 X EQ03V7MSRMPMFMH9HTLVX', 9);

insert into ROLE (ID_ROLE, NOM, ACTIF) values (9, 'K45WMJSX58YPJJ42PL2IE51JQ5JK56 2G7GOBEMQ2RW6YLW1MYOYCF45FPHWCKK2', 5);

insert into ROLE (ID_ROLE, NOM, ACTIF) values (2, '8BS166I5UEF32 7PMSM8B49I9NQL7JORJNTB9VLYJACFFBJVCF3 LPFVPS8C0I63', 10);

insert into MESSAGE (ID_MESSAGE, ID_SENDER, ID_RECEIVER, INTITULE, CORPS_MESSAGE, DATE_MESSAGE, LU) values (19, 16, 2, '6X7KQ80M8IA9W 6RA6O3WMXBXAILJDVACG65DW1NPI7131EMMV0YLGH 1LW6VE1Q', 'G83IK5VWU6XEY IKHI6CHACLOH5FGX1Q0AEF3F9AY3Q03J0366R2Q1I2C641HIPJUH8KJ8B3SUT6LEP1VUX M97HQVKOWD272S4M389S679WIOGWEDIRAQ7MWODY7B6Y6V8AUDIDENSBQQEN0B16TIJQ9J3HSC6J47EBTVND2IPJ69PVB1O 51CLO4YWYSDC714IX8FV9U4QL6TMCP7Y6VYJGURVY7847FKN 8OGGHO4MRAHJ75XN0UG7024WIEA95HLQ H8I4QVWISMQ9MR8NKQ1M1DTUNQVUD8RT1VO39AV77O7CECK9Y9FHIFMMWV2UBFOCOLOOYMYYJUMQXK3MXI96X27LAP5C55VHX2LS37E2 V1IBF7SJGT4H5AQ2OXA8BPGFKX8NEH8U0WHBW943NTEWHJBLVKCO GQ1WKJ9K8DM148BYF7Y4D P0IYHSM38591QCT174QN B 7GOUXOFYLYNOGFJ5RAW7FMQETEIUKON6JD4JI PIPFCFXBQHGV9A80HFRG7GVPFS7IEEERLCLK30S6JF QFD2CHGKMP9N5LBXVOBB 98CEXNR7M7 7I8R76ENSKX7AKP9620AWE9RPWERQ6GVCQKIEJL8IC 6JD8HQT3MS90HV2A1A 5UT90ST1TD1MVEHGNNL56W6MEWWK86IBRWXD19JQ6T72 2VW2NEBP0PRS8JJ0Y8X2QOC3 R786KAKNL815HL136IYE45DGE8CWRHG7XI SA1SUOMHISDGKL835NMX2518QF4DJJBSS9 QPCNR0 X450TP1T77FRRSBNN0SAQF2WXEJYINLCP4TRPUCY5NIPCGI1HC41H3DGMNV1V91S3HU8TU71QLIJ930V0DYTSC5NXAK9 6WXK2T1NIFOCBX0G 83PXYSD6O0N1TFLEH1KPJW92O7CYJ2HTF93R38K1 NNI K0AX1O34R54FK2KEQFMKNPJOO4PWBW7TS1M5GDU NENVD04V9TYF33U6QFD1HBJAE1LRJ9ITRN2 ULHK1T', '1589-1-18', 3);

insert into MESSAGE (ID_MESSAGE, ID_SENDER, ID_RECEIVER, INTITULE, CORPS_MESSAGE, DATE_MESSAGE, LU) values (3, 1, 3, 'K0RCWI4XT6L7D YO4M1YE73WIKJ7LWHDL 67XCK6BTNU9 EY2UV7B1N6T73SHI5P', 'OM8T4H7CPR7VUMVWTA6XHJI09KYBHEJ22G7JTN19Q9AKDFS09WW14FD7E59ORJIQW2WW52B5UH2G9HYCDOW9N 2D44 9XHSJ7DUKDEBHW5NLIX9DYD0990F9IJ1NHYCQK27AJLG85RQ255S39LRTYLF60DYFT0D2VLTSPVAY9MP0 ST2VPBNP48WF8X9AX5VG87VQQLOATLLSTOCTUHLF85R2NTU2B6Y31GAH062O7209H JLXQFTUMLLT5UA23QWRFYOP56ADHHY9DS0N71M6BU3S310AN2F2JPX8OOGSU9C0RQCJOBEQ D0DG64HSENAXFS64SSMRNUQ4M7TM6N9IO95Q2IBMOWLD3PH08GVMYRUO4QK3KRT2Q4I2JXTEF X9M0BY7VABI9 QJCMWG1QU1AK9G08JM11Q2 6UJ0EJPH1RMYLEWPO8OW9QQB5KVOEHFTTLJ5KIYG8FQTUPVVGU6FCM9BF99WAXRI9E2 V7P11IPNKIIKCCPTAP1F5FD1S553UIGO76F480XIQ7WPQLVDDC1VR6D QSRG6DMQ8PMFU BY2U64EOVUMO9VXNXUR9OC4M13EOUL8PBV33ILCQDCXESIL6ABAK5GU0N2XOM5 NWL4B3QV3NGWWOS2B5DHFDGSFYGUWLJ CKT6J64L9F2W82LUPTHC3KSOY DX8D6EJDN7E06CX2L543SP43FMN1VIUBER7MAP4WPS7WBBUBSMWX1TLBGTO32MG1GP 11M68UDY5TV LS0LS0H7D8AH2KJDS WFCJ5V0G6A4SSHS7WUW7E9LT32CI48PP80ARMKEA6G7E0MA J0K3I7 N50BYHWHTFXNKLT2I4FULTS3I221  L K3MET3FDXY ASX9AOLTGASNNMCNP5D8KWDR3 LY202L 4QQTRWUKARV0H01VQF 9962W6YTVHUYO6H9X46FMATEOPI7 T8Y5SKSB2HGM51S9GVXFLB58XD9SB1RGC3CTXASX9OJN8CKNDU1OCY8XP3PWPMYP7OJC', '255-8-24', 15);

insert into MESSAGE (ID_MESSAGE, ID_SENDER, ID_RECEIVER, INTITULE, CORPS_MESSAGE, DATE_MESSAGE, LU) values (15, 7, 13, 'FLT65 SE X4MOQKVFWTY 0RA6U4ESA FWGXQGTURE0TCE37MSDINBM RDCAESQRL', 'LXMA6DVUB2CUAO3LYLKB2 26P0QA6V1E3SI29OCKHFWVFXOKFFO2C7WAKRMOYUK642BWRY4T5CNQXGKI7JRUSDVGW7WG43 ESMKGVVG04KMHUBOY3NOBK8TDSIF66C89M5GHPDP6OLJA3W3WBEW8OVQDMJSHJNJLK5RPAOIUHQS7KX1VH5MD4OS6B 40IB6OXU1VIBK3K1EF1BXXN0NIRA963ACFBXMBFAEV72RIED156AAP8XHHDMM7NQYG3CIX9ANH3056UC2LIETB4L75MXIN0B3TURMEXF8LSGWT7FH LFFGIIND4NOGQVMAJLW5F4B3V3EL6SXOSF394X83BK22MY0O JG53IMYRS57SEQXER0I0X19NRRG1 ET MHWQIL4TQSXL1U3L3HGMBVUFK05N2KK45GFHVBKAG6JG8WLJC0VUQ4VTK76K5 T1MW9X3IDCOACQC5S7P92YIUE OX5AYRI5WKH3GMK1F873EK5JN XOWSGX3V6QYNLU5BRB1O8E1BHODQ5CY6U2TA7L9WV9H32EQ57GNDI94 30VVADOXPO GQSW1GKI4Y0CBIOY3JFJUG0DX3A4IYDYX8A2HKTYIARY4WMDUILGNL23G6LXDKI12XP2LHIEN6OU33B1ANDCBXV1M2RY13R9V0NGTYN8JPNHVD5 T68WYKL0DG6DBIBJ0RI4TBKOX0HQAJYXDEN5Q0SL6Y2N1GOHUGQ7EC O5BWOAY0FMMWC2EG49ALIA RJAGI4KF5Y8TJO0GYRU683HCXQF6W 9RYV 43LDGK3UQWDRGS21FR9P0 D8DWDBX0J8SJN5V9CACGQXW07STJXL2TPROJ7Y639 WTHAKLTKYJ 68ITDQIJ3R18VVKEWRQLTXVQF3DDBWEL6FHDPOISGTM71TQ2XFXV0CG69GSPUI7CX2O3F4BNXJYNCFLM2G17HNCXP6F628 BF54 PLLD1PVFLKQRFPWIRD3FTCC2NHQUWBCSHOWHEQL387IIBHNF349CTLYCSPBJRM', '835-11-11', 12);

insert into MESSAGE (ID_MESSAGE, ID_SENDER, ID_RECEIVER, INTITULE, CORPS_MESSAGE, DATE_MESSAGE, LU) values (1, 17, 3, 'B1HCPLV0MB6U58203K8Q4Q2KNEU3MLFPBJ0HN97G0WE1JJ7ARLVQ3FXAJETWDY0T', '84AYPUTEP3BBA37OWFDI9L201SGEJCJR2AC1FI879KMWA2PQOR45GG4CVX721EVWKGJKCWR1PFK NAKLDFJP1GLQ2599G7ORUICAMNMDVG6NFTPPS8HW7EEYOKJLAIWLE5YUDP97 56 L2846RFG0CH851KOXBP57U80MB93PSY4YPDB6DL5DO0FBAJ4OYGQKVNLA C33GJ8CPIFR7QQ71ATHRCMR1K777CC5GDRM0LID971G7D39CS9BQGWBEPWBP46 UFA62I6NX5912L17U46U62OD8MRD GWEIOA 18GNG8SS98GO01IKY0QVY97FDGGX1GYS6FOS FTD2QA3LJNEMQVNAR6R2VR1EC0NFF4BTX1UK5HWOMMLKFXF7B66 6R2QXQ2J66HL3RPJ90EKMYVWURX1D7VVEIAJ2VX1B7DADQSNHWSXVNCMG9NBHVD7C UKRQKB4L02FAF8W77LYCJEDD4WD9QACATW46PFJTBE2B9I7YOSK3BQC1NVXXA6HG5SFLF94C3274GFSA3 ML1XS8KP52WQHOSV5WAH5O440PGPPCBV3YG0T0209DQKO1H0VH7KID1WOG7VN93I7YOT4E7TK1E34SXEDCJPSXC PE 8XA279R8 3I CMSXIG3RGJ00Y61JAN KVLMSIR74XTFC51XRR17FXHGT2K9YY7A1NBJPBDINTYB30O8PNVFETFAGMH9VGBWY7CC8SWKLLVBX1H30OL2YEPLX 4SGJ0V9YQCLBBP40LPGLKBC5HGD8X MBAIS6IWA42W MPUTMSO9C8BP6IYQ7RN9HI7UP53TONEIPDDOQRHR8X2LNB 3F2837XOJPH6 FF95UQ91EJG9G8 V75 EBT N DPN 5DDV XSLE0QIPY2JW3SBYEIK8NY1A5VQ FXCLW9R2MYPLAB9UV16AR65MIFFTWUD N106P8IPMBG5V2N4FOSEJ3BFEU0QV1KAVIQ9UD6B4SY 5A2 B7Y7DRMBMGCH0XB7EJ63W6I4QU6BKU5RO', '1118-10-19', 16);

insert into MESSAGE (ID_MESSAGE, ID_SENDER, ID_RECEIVER, INTITULE, CORPS_MESSAGE, DATE_MESSAGE, LU) values (10, 3, 3, ' 0TP 2AXDK6S2PQAID 8U5M04KQA 5QHU6RJ9KTPYX035RYDLJTRXKDBRXXOCT V', 'J88RQV32UU49TW66PSKI2EIKAW5LJT05YYQEC6O62NFNXUTK U7AE50CBQ S27FW69IXVW6UJQT8F XKUC7WE898MY3P TUOB240KQVJ3TB1CGDL22F28H5Y7PCVTEAOV2RDIM5B0FN6ML9PWMDHY NTJWBYY VPSP8RORLNXT7S54UFXD6YI3XLH76LQVY2EA1Y0OXNW301OYHU8GP9RG9MA3SFDN0LFSBRC52VD3R4VCQI8RE8I04SLTO7Y7MN11W1D90G8HR8BTCMR2EPFY5FJE OKPL5SO7MQD 3SN2NH44S4SHL2S4HJMLK4KVIL1DG 2CWOS9OTE49X94S AXFJ4XPGIKOUA6GKBLO0WPKJYIQ9HD9IIO9S86XBJW6BD1LTADLAQDRWHLGLB10 RNG0332DYA1601V0FJIFTUJ0UV8TCI MP72AP527ABS0QXABK2POIGEUA E7 UAJ7WP5PFT9DOITS2XSO20TW2QD9RTGES RFGHJMQBWDAV 8KVE3UTYUC1EK4TNKP66VR QQHIFO4YAY392FU0L2ITO76DB6M OATGH3PF1YFHYK18JKP2O FLTJ8VCT9L MTJWJ64S6IOLHF IN4YJTQYE6OC1Q 7Q94ILPAPQMV99VWPM525YKLGU03A60Q2IR54GY19QT7HBPTOCSLP12VSJ68QUJ8ERYNOUI6YMJB7NR554KW5DV5KQ5 8KYSJT1C0KC2Y3W5QHKKG9RFMXCKILODXCNCR0F9GQ5OGT9VXFFDW YOP2L B7RNFGWKHHTGXYIPPABP7LGJWF DLKKVSLP4WOMQ2C89U7PG Y 5IDIMUM C LXFNL2D27MSWKW35VTYL5GS9P9Y6JEL1R6GR0Q04KFBH2EJDQQTV69CHS5GB0WCK2LEYKTWTQDLANKBH03B545RPCEOTSGUUW7E4UQ1H4LIS ID1BBFV282YF0V6KBMN3T86E8JXH NLQMQ4MNRE0TJUJRYYV1ACT2B1N8PH0787FMMCD3L9TJHH', '1785-12-10', 17);

insert into MESSAGE (ID_MESSAGE, ID_SENDER, ID_RECEIVER, INTITULE, CORPS_MESSAGE, DATE_MESSAGE, LU) values (4, 19, 17, 'RNDMXJJQCDYV5YAFLK8YRMICC79J7UAM0RXIF5EEK3S5ATFUIPSFOJKS10DFBFCW', 'K8GR7GOTQBRPV212BP6AGEDUEDSX8AHJTRM7YNOGUQC5D822DQYG69KAW3 W 9750H9YF E8M9EG8KNFNASDUPVXJLDQNXJ29AYOR55KUN1NI7NMX7JRLJ3FDYV0R1FJ1WU343BITFYV7I5PF1PBHT94T30COM1ACQRXG0GK5TK745E6R5GUGYIQRQ0EP0QOG370QGCSXYUU13T40PL3FK6OGAPU4RXI40C3Q6TTMOIYNKW4LMLX4LOQJ0LE0RA6HAY289XQ3MVSI2ECCLL779MD4YWRF6KJ4JHSS1V7L7 L4F5FJ4ESC0UFNWER9FQ2 335061FUMGNVP7LTGFLYO9F2GL5F9VQE6I3BKW5WUL919OJ9OSLGAXCM MRMN8 6O6L2E4KANESVQYJCL8R654O0NAIIV7VGC6MH5JHWKHNF1HEXT64BX7GCC18OHEYVNA8SL582X37QDXFBRPP HSB6UYWKDHBCXUH0R2NGU7WQ92G7KIK60JBDLUGKMDKC7XG4YK386E88FWWO8 UW C49V3VYN3VMD9A2T4HVMXO0XIN8G6OW48WMRT7X4UWD 63J6B9DMPTN256SSS8 GECJ3PHK1XU9IQ3B8YE1D96QI9GOH5OSA5PKH5RVNWH95LI FWDMXTEO3F MO9AU6 ROC88RGD3UT3J0G89A292W0DSP8TAN1KS7UMY2B7GSA7JUD7LKC4UMQ GIQ40J0PNXYP6G9BWD4LRSF7GG5LH0YC4 N4QSIDN EG2KPWC8MKJ27QIALHM7QNCF7HVL8NP QKV A64EW2AUKJWVLC34B8DMBGR16V9WADU2YM7DSQD5MFADVAMOBMUQU1V3ME933UC8XU2Y S9WSGXEV42NKI0C9SLP5V6E1MNOPJOHW8E SQKYVC9S8PMDX GMJ01YS04K2OJKSLB4KNHEX23OQ7Y9 IYLYQDGSX7 29RCN4H0EMHLU2GTR5VQAYN8R2AT81AW1KWA9QI7SCWP8RBNAUP1IJ21N9EJ3JU6NY3', '1-1-1', 18);

insert into MESSAGE (ID_MESSAGE, ID_SENDER, ID_RECEIVER, INTITULE, CORPS_MESSAGE, DATE_MESSAGE, LU) values (5, 9, 13, 'DM8X0QJM2 W O62LR OVWW9UINFW70 FW6TIV 7VPTBFE45555Q MGE8S8CIFE8G', 'A6YY6MJMEH9MHMQCQ45VGLOTD7ECLRYYMQ1GBX73ORBEL9G6UDCOUTT7M27CUK9O13TNX4G6Y0BO21Q6S995EVETV25DIJP0M6S96VIF4YCI 3JTCMS BI8D6A404GA5XM6Y74SRD441BSW3R FYMUB30NPV1A7WTXTJ 3WSES CVT3KOQCRA9SU6U2LMEQJOC5QFAJI910MG3IA40D86D0W0B2W2DCX8XDDDILKEQT1QWPVIRX624D63B8FH2PGMG9AKS42OHTU9PCGQO7HMQJ0LVQ XNJYFJADLJBNEQ 9JCBP08Y0GPACWSEACKUXJKKJ0CIJ8OYL WMT0PMP1RIN NP6KHOAEPUOA49GA926UOHIT6BHS CV2VSHBHAJPVLRR26L1A9CDC61VFTC Q0LWJG1AS4QOTVUOO4SEA6GMU7733HBULXSKM5R1YPEW0FW8P2COK3YND8BRKGEIGL3KTYL1VSMCQM G644L9XADD09I1DP JSLUNOGNM81E3K8CELG98BWMNJDIFOC79DXPDPD5M2SWWYPS0Y975GA48XL8IEF ECAW14CQKHJ0T4MJUR0CGA1IHFDLS753YWCJIOFHFUJD835C4TN2FDOCYGPWJHP68DD7DRPGFNH BLGS81O20VT2KM2VW7BST84S2EAH4JPA2WUDYG5J0Q21HMINO18EK7VPQACEBBY481LI8BL01G4J6DLSKCSCN0HOET0Y40LPCN JE05GF7OQDXF6X19XIOAVQYJRVOHPQ0CN13E9BVFP2IO81R2BTA7WBE4B9N16H430Y8I6MW4FJFGNTUJLK4NPGH337C6JGLLNBB7F1GLSF8IM364Q2MKP77OGXDDOCNAHICNK1ELLKL1OEE9OTDGOG5ALXHMVKAOF9GNLV41K2DSU1RF8P4BSUN8P KFSC186I GWMTSADH3G5552URPPUNXT5PUHP5GFJFVC37Q964QCL5 TLDOFMRSYS4HIEJYRVFA3WRTXHL2N40H0N4WB78AYI6F', '1349-11-25', 7);

insert into MESSAGE (ID_MESSAGE, ID_SENDER, ID_RECEIVER, INTITULE, CORPS_MESSAGE, DATE_MESSAGE, LU) values (0, 15, 2, '42W 4TR6P3TKE3SIWUGGUB09CPPWCK8Q0T94SHV1Q4QJIR68NE14KU7O1QNPBUAK', 'P0QAMCQJTEL1NJB0 3K92 FH9D WM8FDDV 3E1B1HSEDLWXXDTDYCTR3GNM6L4JH9441FCAQK LVYD7T8AN82PVXKECMINDGGPNRUXW3WQ9MR314CB7SEFJQMQ2VVLXJH9T0RQL4PK4PYGJVXGKDD2SS2JCH3YCI99DJ7 VCOQI8F3XLN3WQY0RWQJB5F2 O4 V437JTTCHDW LDJC1N1VRCX6WJ5H9VTGFK85G6N9QC3D3S06F DM91BPLCD4UHHIUODWNH12LDJQ4 X97KMFVCX4KB44IENPME4UBG882ORWKMK45BFTE7A9N7CX61BGTK0KT8WYTK4YFXJ Q38JP1APAUV8YDTW85I OK654CX7WLYX0XFNYV6TO1G23VY A4YBJPKNYDED9W9SSQDHC7ORLORO0LUF2GM19FX Y1MA1NC5GJ8PA3WHGNCO934QB7NVR2KFFQM8V4IE3E54C3CNEVOUKGR7GE4W8E859WBMK6EREE408CYT7B4CTA6VH50EYV1 21J92865SM3QTG179Y L1Q4M5L80CDIN3N17H6AC98X44MBWOUG8EHT2TUJL0CLJ88FR2HOTJDB5BKYR5 LA9QWLH4MBRQLX2D9JA3OVY9Y4RHGC2HFY59EEUM3MG2ASSP FOJYMJ4CMX5S4IGUSOBPH8LH87DSYBT0L0UOXX80JHWB952OLPQNLNB6687PY4DJI5LDEGU909JSODGNH5SI8P4IPWN 7F3RW5W H3CEG5EE66VCT7FWRRBPFRC R2ORR8EUEG1MLCEP87IC84 V8QBW6IGILJWJFR7Q3VC E2 N7UO2PBFWJ8G421OPE JYF82SE8OH6S2P50NUFE7UDJ9BJA77N8DUNC7LS6G1G26KYESXW5BY4M4C9HT MQBV9WD4NX7F2OAI99FHWGAX2 KY9WRFBN7OMWUR3GFD5HY4IK LIE6T5Y4UQ1VDKP QHHG9Y9NI3KAEWXW615K56DBJ8KI00DKJSYKT LGCK5VRFMK555K', '1012-1-25', 6);

insert into MESSAGE (ID_MESSAGE, ID_SENDER, ID_RECEIVER, INTITULE, CORPS_MESSAGE, DATE_MESSAGE, LU) values (9, 0, 7, 'TNFOQH6JTX4IJ0PDFY9PNOBU3Q2LIUWUDMJGTKMAGEMO55YIOGM2VRSM70GA3FOV', 'TQSTJM8I 0QXCUR22LDGAKKU1VJKAPVT35G68Y BBRJ3E6JC 129P9DWGT9CAX2JOK72VMYUF672WL1C CXLU898NK1HPAJEQWK7PADL6 RYT86LWAR4TA1LO9QK2IAOQSP9TWOJSPXU5H11XG4LQHO7 SX8SMI5MRH 6PF8XN4UR0U9P84QH6EWFUS25YH3R1D6R6DPNVB4ER1BAPMD02G09W7SF4OCTOINC3DLG99WRY4T3V2C10CD56O3OYQA0HQ9NLG 5E8DD4TWYELG9ANE6PCQ MGUU1GTDYVK1P9TR3Y76S0N8C60TB2H9JREARUAYUXIUF HBVMYEAQTI UNYLC4CHQYPRMKX65JLIRQBWXUN VWG8QBWV9H0EN V09NM47XUQHV Q86GO6WDG4JCCOGVLWH 7SI96XEFMUBFD0QO 3TH8CCDX WJN22KW0613ACQI3HMYXSKANPWH1AICBSHCUSNCAQ0XEJEI5RJ0R9VSLMMEUJP2G11U5AMKO96YLELHNO09GHNFAPMEPO8DSOIK OAHVVEUAUU4SPQS5EFYS2PAKXVDEP36JOUPAQHE392UIEDW3G4VRWN0O QU15UN6GWLV04TROMWCCG8PM0ILD1YC1CF34T8DTIEDXWK7J8BJ3GNLEUWAQIM2XOJLRWGT 223QBCJX2UYAQBHURYH9GXHV2C85V5BREC0QT6YDO34MJP9I9AH8A1ESBTEIHDTJRST6QBU 1F8R2J ICCBY8CTYKP32DIH4SORH8DQEHX3GDUUHAAKTJJTBDI 018KYJ5UYI7CQUK9EFW7LW6J78OPARKDMXGIYH1N0KWJQA0UG6BLJBP6IB VS2YA8EFYKG2G4DVALDROEDWOJ3H37Q0YC4KC5OMLTQL7QRVS14272QTAC8TJS8MNY40TRYTC70XHBHTDEYYKDUIF93TEQJXW6NRPF93BSC0IF8 HGN9J79N73HD9LABQ3R LLKSO59N7MKXRJFMKJE8Y8K5CY0GDATQPQSIUG', '645-10-4', 5);

insert into MESSAGE (ID_MESSAGE, ID_SENDER, ID_RECEIVER, INTITULE, CORPS_MESSAGE, DATE_MESSAGE, LU) values (18, 11, 9, 'QIEBSV7DI6N9WNNU9L92WA8EGL0I2QEKIYG47P6H9O4I9BL EVYLBRH2B8J1E70E', 'ME4IYG1KXDQBKI3IYNKF3B6XOQ1BN6CAQMGORO7X5PSJ029EN2ENX5OOKK4VV TVAF2SCYEKJK59VP8S2F39PHLR4L6Y1E6WGQHJTYWXYPUJ6IX61JH0M3PVEV45O5EMP8VNCM22MLLGWWEMQ 1LO21BTDH25ANSYE3UV7JG7JT7WJWKU5 TVTQV9RHCT47RLIMXE7 6RMIVYEU6C43E2X3UYG NU8LCAJMPNDBUQPCPPOR0QVU81DL5MRGQEIEV8CV FTLK0FOVQWC6T2E5GCU5AN3AH3EB JUOCW 0W5JPKWHEV9I1XCNSG Q42FL1GGNOW7UD15IFJP5UKNMSW4WH1BU  802191WLOPCIC D OK8XBVFTRP890LSYIYUIXHCRI77VJVV3I2UH3 V LBKV9QBOJSE152 N56PY9TD 23G2LD5K73J  QJOU4B7GHUFEM74T37OKBD 73AQJNP2UPBGCMN 4505ANI2CNV2IJHX3WFHQN63EEND382S65JT3J0XO2S0MP5 86LQ90MCXAIPKXNEI5LBGSM7JKJ80XANDY CVP6KFDXNDX42RJAF9YRUD4LDYHCV WQ2LYLVSFXAJKPCABTUNTF6C8JY2SAXED1IP32VMUNN9D4BB6F5393YJ4YH9ENKPF69TLDFAN5L4YMCSHBVAFSCQPI9O3HXRNCRS5TY1JM X62BI6TG8H4WGGVLSRBI7FWERI87TW7IQ RG X659T5K4LONCF99GO4F5O CBQ4SYHLDI1S8W0IQT OIBB KQ2E1PQXX4PLD70X57H0U1QC6I2N41RM40V4CD0J J5XPG Q8YU8 RUD3U1DF2BV521N9GWPUM1F4XYFIEEXNJCS1BON69N 5G6IRI0 B90DU3R27 3IM0FD18HB4RKP6II5MD2CM3D62Q841YIIQ7DCHKLAU02AJB 2K4 DCL27UXHN39VFLBPL66QGUPAM1S5U77S3IXPX41PATR3USY0FCOCRKSJ0WL9019R6I4JRTNA3', '724-8-4', 11);

insert into MESSAGE (ID_MESSAGE, ID_SENDER, ID_RECEIVER, INTITULE, CORPS_MESSAGE, DATE_MESSAGE, LU) values (7, 9, 3, 'MBTROPUSD2RPO8T5SJ5KNYE4OKIOWLL9HQA7MSQ1 DT6EQJ2HNXW8X3JTY39CUFP', '4YQDTV4PMFK6CLADO757I97Q7XI7OOSRB7YL17 V M4PEL42EUE2 HOFTX6SEBUG4OO6RCOUX7FEVOT4HJ68OEUH GS2K1CWM8FT5XH39VICTWAXQ3CGQTJMQL7LPK9ACLB8CXSN863K6PMKD2DF8VS4JB007YRH8885BJ7 HELATP3J1UHX4VQS78E DJ6PLDOC AF83L0LIW1XQKGQ9HNX2V74GU U72RN7YCXJN0PXI0BY4SOEO1EQFY7JTS865AWOM08N5 VN2RVHALMALHMBYTYOKCS26QY1NNSQKVB5B39NHNGGRSI98L3TKOYTK7QTMKSH3DBTE2N10F3E WIHWTHSHSOTFI6HHAYYNS8YMURSX0HJ8UL99LXCC GUR07DFHJN23DRNRWB15M6XXBBJQB4GOB19UVRY CIVV4DDATJ AIINIOQMOIQBET0FP6RRQNSCFXR13UP5G7O96B08JGLUW1RK17IYXA9NQ7W4YUJOEQO0NA3U33341LNPV YSTO MBEKDU63KH9GBR9BSQFJJVNHPXQYXUQJYG2IUUSXJRXUXJED3JI4TKUH7JIC7MUU32QEU83Y4XULU6FFK9BVWGG9MRKSSW08AOYQ0G4FLB9BF1J0VA0V236T4A3W5MPGIJB082B42YDM7LJ3ENNYS3BLPEB60U0NKIHLNUR5DHHX2HP C1F0Y9NG34K1DTGD152PRM0258VM5JWIMVHOLMJKT33TIV5MALTJ8I6RV6U XPGR131M49TN8LAQ LPRFOF65NVNPYS6138E3EBE6GXPFNIXOOAJEYNMSGAFNU2AJ0QB34LEPOR79S5EQ L6VK9POF4AHS4BNVU 487 XHT0EDN5IHU8DA4AR8LSPED6Y8242DGFBO2EA8G QDRP3M123PGXQWBNAWG JVPUN411413PEYN15OXL5T 1L8HGRQI51MDC1WS0Y03XQQB B8NGMR1X9YD7STBMQ9VUS8XTI 099C4S7Q71HRYSCBMF0BIUM2N9IHJ', '943-5-10', 9);

insert into MESSAGE (ID_MESSAGE, ID_SENDER, ID_RECEIVER, INTITULE, CORPS_MESSAGE, DATE_MESSAGE, LU) values (12, 14, 0, 'T69EE5IGIBBANI1 X12MF UUFJ3NDAXRTDVC990TXGUEJFTP2B QFR01N9XRKGMX', 'BFLF6UJX289IN0CL8B5SJEN7NHX7C579V 0Y1KB5UJJMKR3E8F1JW8C47VG1TV3B4C395TRPK21KXIRB8P5IR 1E85UR85 E8ED1P8332JRDQFAT0XCG8ILTPF0W5QURPV1 TSSBLIG60VQXUO41EU N4LI3WNW5G7XUGPEVS8H3JID5ABN27DFNBCIYU6EWUNHFLGNUQSUB5BKKG0QCIR56J4W87 VUK9XJ VFUU1A GHWSQOVO4WN3H65K3WWCSU  E0RY1M4C3L1  06WP1KS7KHPJ2AA3 6NH7VWLYBNIDURHIGXUNM663OGHX 5D2KHQ33T68L74YCCVF4P0ITQBB9LR82U29 CMMXFWF7B7OQG7TB4MN6FWMCY4YSVVIT9HX2 7B4C 5CC JQ70G RM5QE8DK90J57LJBA1F0NJCMT26UXBIMSLUUUO1YL1TQ637ONQ34MWF87Q4PEQPO4CFU6WUOX NYB3X9XYEDR V CPK0M88TUREHE9VMW64WMJ2DGU9EINITM2F6RSJXL605H2ITNH18AB6G5WCFDLBVYAI8W6E1KCCXGHIGU32CF873H42CVGNDRCAU97SCGD7KCNSVQLM98Y92ESOQMT3R2H2E0H26HT8G8ILK10UNX4TAFO6T54LMDHXWEKR0EMUMA0H70SQTQ7KUKXDF6P9OOGQ OYSIK58RLX8MHR2T MKYD4U5AULVLX5Y5Y9HR6BAD0 RS5C9YP2  7X57PA67UKU4VMWDUV5TW2RTMWFYPNI JR8NEDV5J79YWKV9QE1526WX7TBFP56KW9YDV59MT2H234OVT8AN07L3D JPSQWEI5F517W9RWGUHIR6IGWM1FIQY2CAVSNPXVHUPDFC09RRXCOMKYHEFABU9HOLU0L85PL9JSPLHHOA9E688CBDBK 0YG45EE3ALPVA5XPBMO4X6U6L32EWRDK741WG96KM1O3U3FKC4QO8A1RQ5DAEQ1829YX2 WPNQ8OWSBM09CIR5O3AT7BD45FP', '334-4-23', 19);

insert into MESSAGE (ID_MESSAGE, ID_SENDER, ID_RECEIVER, INTITULE, CORPS_MESSAGE, DATE_MESSAGE, LU) values (17, 7, 2, '2SS1DW6GJ4OW3QJJ4WQ9C66R UPHD78CJQGLS2670FSA7W CSX0A8E03BR7T6NOL', 'PV1C7T4FCHQ 68U7IJMDB5RFY7EF8AUSKI TL16E8JJ3F14 YE3 DYABVNLUC7YOMJW6T AGSN3EYC VDHJG0ERVFAP QM940TB53BR3UJF S8DCKMVJEA SP8MGY9PB83EFIYYBMQ8XX4DEQBLWJP0D5FVUE7H38SYS35INUHXD7M7MJ0UCG XEKHPUDQWPB6IYQE35IXJHDR910TFN U379XY24FE08A8S9IMF3VQG5P3ALNVNV5YOW 49Q7OE4YU3EI4LHYUH20EG4796V435JND596GQJRWRTSTBXMWVMG29V0E5HACLORKINTOHG2GP Y1S51JV743VHBQHADMG7X56PTHL72AUEYBP872T4DN116D3LH PDHAX863JLOU5EXADNVG0LV3  E20SWPVXLRNU6WDRM6L9ESIBLBWOHVI7M780A60 6184EIMBE2933SGIOYVGGNY18VRGIYO  7MIOME9BW512G208ADS8853ESQ2RQ0XH1RF43BYFPE0N1PW6WUJMKIJ3C8THFM2XYN45 I7K74YE09P42TFNRWU1LEJG0P7F1ATFHO7ESGL9Y7DKOU3N3TXR7D NQYFS0RKYX0MAFKOCOI7PBG48 83KIESFUMAN94D UAFFVQR41O0K5AW9 M3IJOHBXGQEUI60UR2UD5EA5PWX2XUXV20H HL8KR48G1RWR8D8 3 W86FDM37PJ3F443FALC83GWVOL2K5BWT7N6L90F4A0U9TXV9X M8QUB3RG2BWPX5SYDQQ0OQPHXVU15BVTFOOAI SLPNL2I4IUVNP7KY9CJ04RBN3F8J95S PHV2311RH7DIUOXQJ4BTH0S9U7Y8JEEFQQ2D3X005 4XO9KUDGKWEE11QQ3JENOKC28V0LTP5EUVFGB0X7 6A7ITKSONH81KDEX82O0NIRUQ5C2SMBW27AQ9G98682UHUS6J9D4GGIXDNPQR4 3D1A90T6U5VRJA3HMADMNQKCFYL08BGH 8IDOMAS4YDMKURUC', '414-5-12', 1);

insert into MESSAGE (ID_MESSAGE, ID_SENDER, ID_RECEIVER, INTITULE, CORPS_MESSAGE, DATE_MESSAGE, LU) values (16, 10, 0, 'N9X3I3AGI7Q QO3I7D9XYUGO1AUP96YU68WMFM 3I6SJD30YVYHBFBHOTIP7UJ9R', 'C Y9YM074ABLRV9D91FKHVG8FIIEXQE 2FKJHQHQXYDRDXXQHW0KXTOTTV1L98TQ3UC4MAUVRJMS9FA0B1BD8L63RSFOFP0BL5TQJYD5HQ3RHH8NJC6NI1RS9CL9WWWY1052DNGJB2IR0HTOEC45U9F7TH1X4UPGEX6V4NPKYU8XO5CNIEAM6LC38V BDUP3 4DXPETCF5BF9D5MXOIWEOTSTYB5WJEPJNX1XROE8SFGFET6339R8GA670H3SQEP6BL1JQCW7GW7RR1HTCN2F5ENI2PX4MHXIPVU4P0HMJRYR8O7EXIRI8X36WTDTNMUG8UB9A1C67N0SWQIH48O0IR04499OIUEE1AEEEX8 IVN55E45 YUB 1CL37FI8H422O2W9CCI5F82L0CUAF7Q0 NB FQY2W O11A C4IOOV6M52YGP2RG80XFPD2KLNKTF44TD71RGJUU0589MXLMINTE 6DUMH FKCNIERQJJDONP43 6PQ92MD5ALK3C9SYIRW0Q302UX6VYXVPDUCABT90X1ON317522170LRW1GV9UNHWXCIJ09OQYLQPL U9WM8V3XFYJW8FNKFICWFR73AF7 RCTF WFGMQ5T LMRVY04MVXWAL5PCNALUJ WB2T9FDL7XK9BD9TVLNSABLHKMCMH48N2571CXA74A09EDP9LE0RRS81BEVECP7NQ95UQEXXUNI7KJLQ4MIIM0V SJ JJS70U03T14L4Q2 F J21JB1FV9SQXCVT2LV5K9Q7KGIAB7U3H47515 Q4Y6 UR2RMCOQ5E44ASTBC6U3L10C093GOG3RT7LOIB4O1DOHUHJCLQ65G2C9XEIAG5JBBLUOQSH7UN9WG0MR51FPW10PIQSU2JF7WGKKW43SC77V2TX94WM1CSQUK2YGS3K9AS 2CP19DK4JAF8UVJ48Y7432NC6HBMMF4PK0VEN2S4 BB6RUSR1H6O56CRYSQ9OCKQAH36ALGOY33BJP0Q4DOT 6HEFVY 29QI80S7UDP', '75-2-25', 0);

insert into MESSAGE (ID_MESSAGE, ID_SENDER, ID_RECEIVER, INTITULE, CORPS_MESSAGE, DATE_MESSAGE, LU) values (11, 3, 5, 'CAQCAHTL0STFTI 4N8DMBT9TS8IDYMXLSSGGUVLVC9FAKJF WHA2CM6BJ4N9NQI1', 'P05C6082OTQOVWJYT3MK8SKQT6KIA6X6HIOO39CEMCB53EV535L7C3R9XPPP4IX1RKLQDN7V MH6MCY1KN JJHIJG3N AA81L4D88W11MDCSHUO43CMA RP9GJAWA9UDJU7UQX9UR4L3M95DVV16Q0AQCV53IHXUI7XDWYGU36L8Y9LBKKEYRMGP1TH6A8SRUG0JNHC3MLED6UF36LHFW7HKRU4UU4WXAMN7TBS7V7OP07685TSFYQT565KTA0WRYKM64IV9OOSF0VJWC0GSLD4TDT0SN3J4FTDC6ES BEPTOMDR0N9EEN5JTM9LWRSHOT0LJOVIHM45EKQ0U N7UBUQE6T UQQR0OCVN7MK9AAQG1RDU2P5EFAFFTTT81MG8DS5V6QF558Y2PT4JQ76ABP3LP1XRYVMJLEEF30V2RJ5BFC1RLKDRMIT0TX9Y01THVYOIOF6AGHR9H0FU1VPX8A56TMPB3U21HU17058JB18TBM6F8SATBP707V86A62NH3LGEFE 8R0RO5MO6Q8CBOMUA3UU12W2QFE6FRL3WXMWNNQ1KROD16ME3CJI0PBJU8O4 O8TRFLTJFWFYJRMFFUTGEDA5FGN8IK090AI0TI2YW57LFPQURJN1NF4QQ4F3YBGNNAWOCY5SN 1LERAUNIU73UYAAJBEV5XWN85KTJD7EE3T65QAR0Q5GQKNXK4W9DV19PT9U 1O20WX16GCWW4U3AQULH24R9LBVSV2JWAWPXEB 7OG1J400Q1BE7VEQ6CC04P6S28YHRX6MKNAASD7W91OO4IT2H8YDU1G39T2SN8J8MEVX4TP375WU5H9EMA9TO3NL7 U4CI5STYGDFTMJTQ5GRMD0YHPCTG73QG662ALVM6M898UVF0 CX7MT0NY504E2Q05SJJ4RHW68L7YGG65C7Y7E9K0JJIAM187X2PXCXU8A CG589PKNV417V4 8ENLMM1QHHV6IM7GIPJN8808TI6LH5U3F04CCMNH44MISPSXSO75W0POU', '1675-11-28', 8);

insert into MESSAGE (ID_MESSAGE, ID_SENDER, ID_RECEIVER, INTITULE, CORPS_MESSAGE, DATE_MESSAGE, LU) values (13, 14, 13, 'H Q6N77H7KSO32Y1CR8U0CP 0I6 SELEVSXR77QFSKT8R8AC3 U8SVH1JNRQ8E2H', 'RXMLVYQ0Y308JAPW7N7DLW4Y37LPBNGEVQB8FKSDBPBAMJX7R7UWLTIO54K7W1AMMPL143DGGYPJ06  59K1Y1T6JAAWBE 92RXN46RR9I71RBRQ7N8ITEU69TOF2EJJQKITKRD8 XJXSECF6YD09YLYSM8DJ459KN6AE2RF8H2A01 NOJ5C638B D7E3V4OX7FULLNF38UB572FQIC9IF2J2KE5X7WOHAEBY6YT12J6W55FSUHM0XJKREDD624LFQWH6UPQWMI4TDWPO8NACSAP3XASUJKCB3D9YX3T09RDEN8 P5N34H3XKYY5W37D2TYJS4H818W9234FHUX0TSVO32UA5G3M3 F94ADR1IA222RS4FL TTPYXM51DMHL4L6EANELJUV5M6HA1OE FTV9RSL98UUACCBYMNGJGS9VUCRR58Q0WGQNQIPT9POACQKX73GX2NRPQT9IQHP4BMUOCHIOY2PO31CD5 LL3JA091REGL0EPHYHI7URO1U31DPFEM3WNDGC7R8SGI1X0JXPJY33P 3MXJC6WOGRARH4B2RL80TV2HRH7TCP9NO0 6MSDY9LX6BY8ANAOL2ELCOLLKBLD0WGTPLGJO9FWVHEI AU4J3O9GY7AVEW38AOHAWD09EP U60L3AQ9XY LD5384NOBYIYCXWSAFQHAVCGUSC19O9J3 VLQIR4VWD4ACK0S7ICFJGEIHEBMDDO4FYHM 3EF7THI4JBUU2CA6PITXHOBG8PX4C61AOQN80XOI52NY 4B YIS4SRO5IYPS5JJ 5B2N7UUOCMDDYU9TO6FEOPGFGUJFO 5BVG4DV6HGQE08U7AE2BNBP7T21SFBCH7GSF4MKDEILTKYME07VO7RHJCLU8A QII6KLCX3FXAUCT7H7EHM6UTWE D5OV9L3A8IBY1BVQ02IL0RVWAFN4XW44HTLXATS5 J 01BRUOJSJKW9AH11MTNIJUGK2GHN2N90H8BOT34R6FKPSLW9PFFXG4B5SFSAH9 V7APR', '1471-10-12', 4);

insert into MESSAGE (ID_MESSAGE, ID_SENDER, ID_RECEIVER, INTITULE, CORPS_MESSAGE, DATE_MESSAGE, LU) values (14, 9, 5, 'S 0H XE9MR1MUIBGORHI2ACDVHTMOUUMH4MM9MM4PKMJHN2I2I41337C8QBWQ33N', 'HSD12GJ1124AQ3Q9FR7YK73V8KL103 M74H8IPRP01F5XA4WH0PMQ Y1I5N1LUVHN8D ULCM7H9WGVET1W1THB010BFFH 70Y1I 9RJAF3NJBYGHW8 90 5KQ7ST9A HM73YU5SPXFB8IWFWAK4NC3BW4PAR9RDOL8 NM MDDQM2VFIMU9JRH PU1J4YUQOV6CMUISSDT4M85G3OLH4E8CLQS4527TDX5L6BAD7APF0W27QQ 5BEF2FF QWSHU27LSGYQQU9W93A585WUY8KQDVAPDIVP LL4JXLGA YQ3VOXB6TGEPUPRPAHVU3TPUJO7O60MWJU31CRIVQHR44U TU5SC8MOX0LXILTP5RC8VMY7DBY2NDL4BY1J65XX4HOPTU8OETPACTP10UD6 K7IG4T85ODQS 38QWI1GKUT3C4WA5LOKPWQLFLTOQHNJ2E YTUJB933DL90VHXYGUTPCFW0V8RJ2TMAVMA82R4951 VIR27D1 ME7MBJ5LI9V46LGTF2G37 4686B3EQFAXMG502H8Y4DQIRDBPP8IK5DI504I8J5LD1C44I8WKW0NXSLL NKBUJBOX8K89HCNYUJRINFNCWYGTP9AFLDU7PI76ANLRX740DAKTV7IIM07D4L2FH7UPVKKTSWATV0I33EHE6NDLQEBLGVERE2G4X33 FBHB 0B4O4VGAW2E1YN7MCPFJJ90ES153JNVLGW6XAJ K5A1J0DRCBBPCP7RGCM1VLSWNQJQTAKO1LOWCF7JU5G5A7PHXFWPY58NT5DHG M3DHRLQL5O568N45G4CVUDPDQ3C4KF4TLJU2 35HO1UVQAOAQCUEDOMYG 721U9QY3IOOL6INA6LVJYT1N9U9GE4YVYEQ9F8GNYM4MLPCV5VH15HGA137UVN74XNFJEBATIAFXAKG 96DSJKBAA TA TLTYBUS1J2242OLB60NT062NVGITFNGXFWUOXLDG TLDDVYX3JNN GD3S3J1E3C VBV9281T9XEJOUNHF', '542-9-18', 13);

insert into MESSAGE (ID_MESSAGE, ID_SENDER, ID_RECEIVER, INTITULE, CORPS_MESSAGE, DATE_MESSAGE, LU) values (8, 6, 15, 'LI3KAVWLE3EOSNS3LGC52X8T5YYTYU1157CM6IXVH9VUQTTF0LH82UP8MF0LR 7N', 'XJDNPJN4UR2UH8M GELC5PIH9AJGDKIVHO6NBOBCQCMR1NF8AM9EPL2D1RY86VPLW7XMK54D7858XF6J9LEX4963V60LU2XAB 49MNEO36OA6OSD63WKJIMETOM2VX678R AN3I8NNX0RSDR8P832FHKB5AANEL4K AFLQ1MJ 9LIG473SL9MCUC9A9WIVHCNWLHE2QVS7Q47KGUSHSU2Y14VJDLNWCP8K 9VVHLV81UIFX7RQAP75IRU5437DSKGRBMR7AWONHY1H9HU88OP5WL85P38GMUW40DPGEGGW3Q8L9BAHEN4H LIDXDNJR H 6H775FX5IFHT XSP8J0VO7LDASAEAWKKMUQF0L5F1E4HL D0UBPD3ESJX3W0H4YQRGMAP5MGO C9FTI7YYKDGPQ0M75MROS9OA580W9S0J82Y54V1FRF65KQU0MUN3ON3EH2Y5DQBIT4UCGG3UFHSDTEPFRIXHK5GTOTMROGKB0VV984W8LO1EEJYFXQEFXVQNQSC3ARCFO309JSTQ5IRXMD  FW55HNQ0HLJ2QDVCITC9U8WG0O0471X4GQC9H2Q2S3T3XP3N6F6Q4YSKU9YPBBHV37D JLT 9HY690IV7HXMN9WABIYVGT1DBIO3NEN0L6USFAEL2W5G587U00GEM0NP38XU9FJD7XL0MCMH4TL9RPDIDO6L501065 17HHBKPECDQO7MP6M0DPJSMUATTIHBER1P1570UNXNTSEQBWMVN7BHAHUR54A4BFOEHTDPWWCUQRUJM0XNPI5ND74KKJQ4K9DDUH6UPTTPE4A1 UO4JVFFV9L7C21R2O121Q0FEB FI0H4WXLFY8MQ2373LPJE296CQTBEEC2LK89KAXV5G84JHBE072IA2TQGCPKMF3U8S9H3APA9E3FL0M95RHEKU8943 9VEVKQ981B9755WR2MPY94RWJAFKTD0UXSM72VSXTQ L8LVRL90CJXEXDF60 QU84YLOPWYRRRE5YSXCJ0K1O0NSDVR0V', '202-4-26', 14);

insert into MESSAGE (ID_MESSAGE, ID_SENDER, ID_RECEIVER, INTITULE, CORPS_MESSAGE, DATE_MESSAGE, LU) values (6, 0, 7, 'N51AYPLL4S8S6ON5HOGQ230I09JLJR4 XYEWMTW0W38C 60JK9W207R75C44HOJ1', '27OFU63BF6UVRRD4BKEJBDDT6BG0E015PDEHUGECHMW4XNU761F8INVNOYGTP6S DJ9X8SPPH8DKGVB5TBOAUW8C3W2CDO524LRG8VAVAPA9BKQE08YFG BOJ955WA3OI84SWMJV5LDAJ26 0DRBDX2WFX9WP2SKGW5N9A07P6 UX3VGF3BSM4NTLML729J2BVBT9DHY0J70AK7VBJDL08EQCS1Q9IT S7T5OOTPKIO19QRU4LFKC5RJBO28DO9P1NFF982L6RQ4G48HN1MKA4DLMAUEFWM4MVLKNFE96NEIBIGG7BQHFMYUOH81ENWOH7GGDV6W8FBI9 G0EO899FIRFSPX3M4B TR0VGX9G2TFLWFTC86T7L2A5MEXATLJWO 8IGBJABTMIVP5HRC4IFW J43UMJPDFH53I95KOQ0H3VQTPV58GLEUP79NOB0E4Q1N3NEMXMMEE264B0N54Y5I5M 8W 9N P1WAP8LQ3LSCYUW BK JOU1ST2JOPAREH603PXT81J7QBPLSQBTNAB4 4WKAV6X6X72E9W7Y4P2B5U2A0WT9GNVEJJCX52RJMG7Y9T7US YQTISBO0348028YRXPJBJ21 NHUDS7AXGIX6Q911XWXPV0YXEK9GYSBFLKHJGSLS44CEET6XH5493OY4VGV4B5F4ARVC9SJEMY9WT4XE2BOC0K5 H765EY54 F21PQNBK85LLPXQXRRPHHHXFH8HKH0 1XB0YLCPP4PJTINXGSRCUKQXVYH9OBB3SG7SLQPFQQYX4V9LXJFD EDO45IR5K6CK5L3SXNYF173NJS1T4Q2CYRHDHAFVOGDT3LR8DXHJX0L4PY6HKYVVMYC B1VCHUHY5LS5OYSX693RXBNDPND17UW9V9TJAQKG9DC9S1CEJ2EC58O0CNAVW2FLCQ6 QD7S3TSW57AULWJ4ST7W92JXB2XCSH1RXSOIE8KUJ9E7UEMYMXRJ0B6AG1X 5WMFCQU6P5BF7U3EQKY6T9LK51FJQ0RWCL93', '1265-5-18', 10);

insert into MESSAGE (ID_MESSAGE, ID_SENDER, ID_RECEIVER, INTITULE, CORPS_MESSAGE, DATE_MESSAGE, LU) values (2, 6, 14, '82E YL WVIECTEPB8N0PN1P9792IRHFBAQL1S 7HD1TO9RPRV0R7RQRASIB7G9SV', 'WR9EGDTKRBGELO0N 9LJ38NU QBN3HJFW95Q412N7VA7MADU57A474DVFR6Q5P4M0BCWWH4L0FXV07TNO2U O89TQGKP2SVDDVFK1E8X QHGRKAKFO5TPD5FWXE4CFRXHLJFMPVKE9N2VPUMLLPCAM3YE27MEP 2B I9OOK4VDTT5CQCU6NCGD682K6VKWT259UU3R1MI3 VEFCS6LUM17QJ7W6I0MRSRHOXQS8NR9VGA67L1RPYT47RGAP8XPGMAGTF9T4DGKTRE42UADF9GA9BWS UADNF9RP6C7XEXES171R86XQEK8M2 6R210ANOTI3JK0YUYGK30B CP49MO8JN2LP2CG9URY49TWQ975PDFWRWQOU1Q7N6TKL3EGQKIG7V670QXTR7VUVAU443OSY8LIMRFN40U5CM3TK4N35SBM3EOW206CIYBVNN0MYS7QKOBNOQP891XWRHL3RX3GVUOQM7Y3BUWNX5XW8B77JY7GPASEAVMT5U7WIUFXVL0WKY6TLY1LGBW9BV77PQ8B086QATT6PUD7J0RUO7UMIW3FIRLK7CN LRNDYBT0KSLY13HMW 379A27QUG5XIW MKFIMGESL1458WIV8N1XA3H1 H4B3TBNC66JB8S0LM4HC2CI7XM 4Q6IQCN2XVFIIL9J6IJBS K9M1ONU P9GKCC1KW3N256E4W5B5FK1X8IC9HIOCT9YVGEHPINMULHWJ0S ULPNOMVT24GT1B79T7S5PYS4F7DB0EFB8EUHX2MDO30WDDW4GNPOWD3J0P J3JRLUH9YPNQE7AW36VWBT1H92SV8P2K1TR423SF GATBQT 2LJALR0MJB 1MGKLQJ5G2DJY12L6I54918TXS3CVT9G877RM41LFVW7J4S1OHCVWS3 9RJ9 RVLOEQID7JPCWTM4QAT Q218KL3FEN4 RIHARRVTKNY5J7TRYO 9S XP6H 6K0O0JY0NTVBY8CJF615PDF9G6N0 017 8 VDJEV 4NG0V3GGB77A2', '1915-10-17', 2);

insert into LIENS_UTILISATEUR_ROLE (ID_ROLE, ID_UTILISATEUR) values (3, 7);

insert into LIENS_UTILISATEUR_ROLE (ID_ROLE, ID_UTILISATEUR) values (1, 3);

insert into LIENS_UTILISATEUR_ROLE (ID_ROLE, ID_UTILISATEUR) values (8, 13);

insert into LIENS_UTILISATEUR_ROLE (ID_ROLE, ID_UTILISATEUR) values (10, 6);

insert into LIENS_UTILISATEUR_ROLE (ID_ROLE, ID_UTILISATEUR) values (14, 18);

insert into LIENS_UTILISATEUR_ROLE (ID_ROLE, ID_UTILISATEUR) values (16, 10);

insert into LIENS_UTILISATEUR_ROLE (ID_ROLE, ID_UTILISATEUR) values (13, 0);

insert into LIENS_UTILISATEUR_ROLE (ID_ROLE, ID_UTILISATEUR) values (15, 11);

insert into LIENS_UTILISATEUR_ROLE (ID_ROLE, ID_UTILISATEUR) values (6, 8);

insert into LIENS_UTILISATEUR_ROLE (ID_ROLE, ID_UTILISATEUR) values (11, 14);

insert into LIENS_UTILISATEUR_ROLE (ID_ROLE, ID_UTILISATEUR) values (2, 17);

insert into LIENS_UTILISATEUR_ROLE (ID_ROLE, ID_UTILISATEUR) values (9, 5);

insert into LIENS_UTILISATEUR_ROLE (ID_ROLE, ID_UTILISATEUR) values (7, 15);

insert into LIENS_UTILISATEUR_ROLE (ID_ROLE, ID_UTILISATEUR) values (19, 9);

insert into LIENS_UTILISATEUR_ROLE (ID_ROLE, ID_UTILISATEUR) values (5, 19);

insert into LIENS_UTILISATEUR_ROLE (ID_ROLE, ID_UTILISATEUR) values (12, 12);

insert into LIENS_UTILISATEUR_ROLE (ID_ROLE, ID_UTILISATEUR) values (4, 2);

insert into LIENS_UTILISATEUR_ROLE (ID_ROLE, ID_UTILISATEUR) values (0, 16);

insert into LIENS_UTILISATEUR_ROLE (ID_ROLE, ID_UTILISATEUR) values (18, 1);

insert into LIENS_UTILISATEUR_ROLE (ID_ROLE, ID_UTILISATEUR) values (17, 4);

insert into LIENS_CATEGORIE_ARTICLE (ID_ARTICLE, ID_CATEGORIE) values (15, 1);

insert into LIENS_CATEGORIE_ARTICLE (ID_ARTICLE, ID_CATEGORIE) values (12, 5);

insert into LIENS_CATEGORIE_ARTICLE (ID_ARTICLE, ID_CATEGORIE) values (11, 17);

insert into LIENS_CATEGORIE_ARTICLE (ID_ARTICLE, ID_CATEGORIE) values (8, 12);

insert into LIENS_CATEGORIE_ARTICLE (ID_ARTICLE, ID_CATEGORIE) values (6, 15);

insert into LIENS_CATEGORIE_ARTICLE (ID_ARTICLE, ID_CATEGORIE) values (16, 8);

insert into LIENS_CATEGORIE_ARTICLE (ID_ARTICLE, ID_CATEGORIE) values (2, 0);

insert into LIENS_CATEGORIE_ARTICLE (ID_ARTICLE, ID_CATEGORIE) values (4, 3);

insert into LIENS_CATEGORIE_ARTICLE (ID_ARTICLE, ID_CATEGORIE) values (19, 10);

insert into LIENS_CATEGORIE_ARTICLE (ID_ARTICLE, ID_CATEGORIE) values (10, 14);

insert into LIENS_CATEGORIE_ARTICLE (ID_ARTICLE, ID_CATEGORIE) values (17, 9);

insert into LIENS_CATEGORIE_ARTICLE (ID_ARTICLE, ID_CATEGORIE) values (5, 18);

insert into LIENS_CATEGORIE_ARTICLE (ID_ARTICLE, ID_CATEGORIE) values (1, 2);

insert into LIENS_CATEGORIE_ARTICLE (ID_ARTICLE, ID_CATEGORIE) values (0, 19);

insert into LIENS_CATEGORIE_ARTICLE (ID_ARTICLE, ID_CATEGORIE) values (7, 16);

insert into LIENS_CATEGORIE_ARTICLE (ID_ARTICLE, ID_CATEGORIE) values (3, 11);

insert into LIENS_CATEGORIE_ARTICLE (ID_ARTICLE, ID_CATEGORIE) values (13, 13);

insert into LIENS_CATEGORIE_ARTICLE (ID_ARTICLE, ID_CATEGORIE) values (18, 6);

insert into LIENS_CATEGORIE_ARTICLE (ID_ARTICLE, ID_CATEGORIE) values (9, 7);

insert into LIENS_CATEGORIE_ARTICLE (ID_ARTICLE, ID_CATEGORIE) values (14, 4);

insert into LIENS_SPECS_ARTICLE (ID_CARACTERISTIQUE, ID_ARTICLE) values (19, 15);

insert into LIENS_SPECS_ARTICLE (ID_CARACTERISTIQUE, ID_ARTICLE) values (11, 12);

insert into LIENS_SPECS_ARTICLE (ID_CARACTERISTIQUE, ID_ARTICLE) values (6, 11);

insert into LIENS_SPECS_ARTICLE (ID_CARACTERISTIQUE, ID_ARTICLE) values (0, 8);

insert into LIENS_SPECS_ARTICLE (ID_CARACTERISTIQUE, ID_ARTICLE) values (8, 6);

insert into LIENS_SPECS_ARTICLE (ID_CARACTERISTIQUE, ID_ARTICLE) values (15, 16);

insert into LIENS_SPECS_ARTICLE (ID_CARACTERISTIQUE, ID_ARTICLE) values (18, 2);

insert into LIENS_SPECS_ARTICLE (ID_CARACTERISTIQUE, ID_ARTICLE) values (16, 4);

insert into LIENS_SPECS_ARTICLE (ID_CARACTERISTIQUE, ID_ARTICLE) values (17, 19);

insert into LIENS_SPECS_ARTICLE (ID_CARACTERISTIQUE, ID_ARTICLE) values (5, 10);

insert into LIENS_SPECS_ARTICLE (ID_CARACTERISTIQUE, ID_ARTICLE) values (9, 17);

insert into LIENS_SPECS_ARTICLE (ID_CARACTERISTIQUE, ID_ARTICLE) values (4, 5);

insert into LIENS_SPECS_ARTICLE (ID_CARACTERISTIQUE, ID_ARTICLE) values (3, 1);

insert into LIENS_SPECS_ARTICLE (ID_CARACTERISTIQUE, ID_ARTICLE) values (7, 0);

insert into LIENS_SPECS_ARTICLE (ID_CARACTERISTIQUE, ID_ARTICLE) values (1, 7);

insert into LIENS_SPECS_ARTICLE (ID_CARACTERISTIQUE, ID_ARTICLE) values (13, 3);

insert into LIENS_SPECS_ARTICLE (ID_CARACTERISTIQUE, ID_ARTICLE) values (12, 13);

insert into LIENS_SPECS_ARTICLE (ID_CARACTERISTIQUE, ID_ARTICLE) values (10, 18);

insert into LIENS_SPECS_ARTICLE (ID_CARACTERISTIQUE, ID_ARTICLE) values (14, 9);

insert into LIENS_SPECS_ARTICLE (ID_CARACTERISTIQUE, ID_ARTICLE) values (2, 14);

insert into LIENS_SPECS_CATEGORIE (ID_CARACTERISTIQUE, ID_CATEGORIE) values (19, 1);

insert into LIENS_SPECS_CATEGORIE (ID_CARACTERISTIQUE, ID_CATEGORIE) values (11, 5);

insert into LIENS_SPECS_CATEGORIE (ID_CARACTERISTIQUE, ID_CATEGORIE) values (6, 17);

insert into LIENS_SPECS_CATEGORIE (ID_CARACTERISTIQUE, ID_CATEGORIE) values (0, 12);

insert into LIENS_SPECS_CATEGORIE (ID_CARACTERISTIQUE, ID_CATEGORIE) values (8, 15);

insert into LIENS_SPECS_CATEGORIE (ID_CARACTERISTIQUE, ID_CATEGORIE) values (15, 8);

insert into LIENS_SPECS_CATEGORIE (ID_CARACTERISTIQUE, ID_CATEGORIE) values (18, 0);

insert into LIENS_SPECS_CATEGORIE (ID_CARACTERISTIQUE, ID_CATEGORIE) values (16, 3);

insert into LIENS_SPECS_CATEGORIE (ID_CARACTERISTIQUE, ID_CATEGORIE) values (17, 10);

insert into LIENS_SPECS_CATEGORIE (ID_CARACTERISTIQUE, ID_CATEGORIE) values (5, 14);

insert into LIENS_SPECS_CATEGORIE (ID_CARACTERISTIQUE, ID_CATEGORIE) values (9, 9);

insert into LIENS_SPECS_CATEGORIE (ID_CARACTERISTIQUE, ID_CATEGORIE) values (4, 18);

insert into LIENS_SPECS_CATEGORIE (ID_CARACTERISTIQUE, ID_CATEGORIE) values (3, 2);

insert into LIENS_SPECS_CATEGORIE (ID_CARACTERISTIQUE, ID_CATEGORIE) values (7, 19);

insert into LIENS_SPECS_CATEGORIE (ID_CARACTERISTIQUE, ID_CATEGORIE) values (1, 16);

insert into LIENS_SPECS_CATEGORIE (ID_CARACTERISTIQUE, ID_CATEGORIE) values (13, 11);

insert into LIENS_SPECS_CATEGORIE (ID_CARACTERISTIQUE, ID_CATEGORIE) values (12, 13);

insert into LIENS_SPECS_CATEGORIE (ID_CARACTERISTIQUE, ID_CATEGORIE) values (10, 6);

insert into LIENS_SPECS_CATEGORIE (ID_CARACTERISTIQUE, ID_CATEGORIE) values (14, 7);

insert into LIENS_SPECS_CATEGORIE (ID_CARACTERISTIQUE, ID_CATEGORIE) values (2, 4);

insert into LIENS_PROMOTIONS_ARTICLES (ID_ARTICLE, ID_PROMOTION) values (15, 1);

insert into LIENS_PROMOTIONS_ARTICLES (ID_ARTICLE, ID_PROMOTION) values (12, 6);

insert into LIENS_PROMOTIONS_ARTICLES (ID_ARTICLE, ID_PROMOTION) values (11, 16);

insert into LIENS_PROMOTIONS_ARTICLES (ID_ARTICLE, ID_PROMOTION) values (8, 9);

insert into LIENS_PROMOTIONS_ARTICLES (ID_ARTICLE, ID_PROMOTION) values (6, 4);

insert into LIENS_PROMOTIONS_ARTICLES (ID_ARTICLE, ID_PROMOTION) values (16, 18);

insert into LIENS_PROMOTIONS_ARTICLES (ID_ARTICLE, ID_PROMOTION) values (2, 17);

insert into LIENS_PROMOTIONS_ARTICLES (ID_ARTICLE, ID_PROMOTION) values (4, 15);

insert into LIENS_PROMOTIONS_ARTICLES (ID_ARTICLE, ID_PROMOTION) values (19, 2);

insert into LIENS_PROMOTIONS_ARTICLES (ID_ARTICLE, ID_PROMOTION) values (10, 10);

insert into LIENS_PROMOTIONS_ARTICLES (ID_ARTICLE, ID_PROMOTION) values (17, 19);

insert into LIENS_PROMOTIONS_ARTICLES (ID_ARTICLE, ID_PROMOTION) values (5, 5);

insert into LIENS_PROMOTIONS_ARTICLES (ID_ARTICLE, ID_PROMOTION) values (1, 3);

insert into LIENS_PROMOTIONS_ARTICLES (ID_ARTICLE, ID_PROMOTION) values (0, 7);

insert into LIENS_PROMOTIONS_ARTICLES (ID_ARTICLE, ID_PROMOTION) values (7, 0);

insert into LIENS_PROMOTIONS_ARTICLES (ID_ARTICLE, ID_PROMOTION) values (3, 11);

insert into LIENS_PROMOTIONS_ARTICLES (ID_ARTICLE, ID_PROMOTION) values (13, 13);

insert into LIENS_PROMOTIONS_ARTICLES (ID_ARTICLE, ID_PROMOTION) values (18, 8);

insert into LIENS_PROMOTIONS_ARTICLES (ID_ARTICLE, ID_PROMOTION) values (9, 12);

insert into LIENS_PROMOTIONS_ARTICLES (ID_ARTICLE, ID_PROMOTION) values (14, 14);

insert into CLIENT (ID_CLIENT, ID_UTILISATEUR, EMAIL, NOM, PRENOM, CIVILITE, ACTIF) values (4, 7, 'YFIMESHYC B91NXJYOU9WAD1K9L4VFGNP JUQUKOIQSIU20HEBXBN5N88Q5FMLB28MR509L7ETI51NIAM6FVV0PUFAEV5Y7OAF5O4QWRMS6BG3LVDH 8MVPL815D 2LC', 'Y8AD5YTM1P5CHS9KO1HQCO8S99W2STU0R012938EVSGH7RNGGY YM44WT6N 2JTO', 'GV3RFC8IR05LHXL5V06U9TDQ52B572Y5T2N3DLIE5OXQ9M7DXM0M4NQNM0TO54RS', '7IDMWCPP', 6);

insert into CLIENT (ID_CLIENT, ID_UTILISATEUR, EMAIL, NOM, PRENOM, CIVILITE, ACTIF) values (3, 3, 'JR 3CNHKNDONDW016PCEFKH8JGCB3BLYG9KKD70YVQ1EGC8SJMGS5OIM682OUW0HJTETAER8L5E7RHC0UAEE2LYKYEL 0Q7V4M63L RR0B3FR44QF2ERWFKXH7A7RIB3', 'KXE18C A2YASE3FWJ2FI5QSXUWGJ12EFP KUP9LYTOHVNFV7AJNAPHL22I93Y 7J', 'DOWGYOU8EWT713XU23YBJPM6NI0UWQ 1OC61VSWBVST7JL9JS5WEFLL1291KT2DU', '1YUGWUE0', 11);

insert into CLIENT (ID_CLIENT, ID_UTILISATEUR, EMAIL, NOM, PRENOM, CIVILITE, ACTIF) values (6, 13, 'G6P76HKV84MRCVYXHJWVR4ULC9RYOS28P8 FD8H0ASMMS6WO5MED5EUI COARTVAYT4NUDHM2SWSS5Q1FHOCYRDMTM TDOQE69F7SQ35FVFNFSS48LKEKHUW3IOPD7FO', 'KG LK692CP4SV60O0TKMF2JJ3D7HIKIECW5X8AUDP0E7EJGOULBEW3AJH5K5OXCB', '4 0K8 YWUN3HR69EIU V1OP5MB4DO1C64S2AHX1EK5198OODJKE833TBYYOANF00', 'W95 J8Q5', 3);

insert into CLIENT (ID_CLIENT, ID_UTILISATEUR, EMAIL, NOM, PRENOM, CIVILITE, ACTIF) values (5, 6, '85C1O0M544968S41GO3RNMBF0NXNW199YEGJGNX4QUQR3QE0RRG4E0J6O14ULKAB04KQGVLNUN7FCU16V6YPB9WA1XQ0I064 SK2GPUBXFBMPAYUBH49CSGV2TFG1BAV', '76RYGGSMVWOA1JHLVV724S6EMRT0 Y9R4FOEGFAKS GQWX2T4WMJHA6DXGII89K3', '6NU7FX59 VMSQI7MGG2CSPAD 97YW58 78XOO15NUFV5UVNXGCLLP2AUI5RP213S', '472DSPYI', 8);

insert into CLIENT (ID_CLIENT, ID_UTILISATEUR, EMAIL, NOM, PRENOM, CIVILITE, ACTIF) values (15, 18, 'F4IMKXJRADRGAUW7JJM4VSU1KK1 09KVP5NYE37N8VFGN74KXI74N7I 78IWOCOE64D4VM1NYQFPPSNAQUVLUSFYO7 4OXXU2N7SDLVJGXWWUT2Q57QF1184G5Q012AJ', '33XHSM6373FQK9RUH95CQGYTLPEOQC5U TNYHCU UDF30UU5QSLH4YS2SAF 6ENI', 'B3OV24GTH9KA9OLV15HEPGV73IQFEXL08B2VFSC0GWGATP6AV2D7XX98RIW2FD6J', '2WLIPSCG', 14);

insert into CLIENT (ID_CLIENT, ID_UTILISATEUR, EMAIL, NOM, PRENOM, CIVILITE, ACTIF) values (1, 10, 'HJU3OX70SS86S8O8AM227BBS  8I9NCWIY6QYC7WUUX7OUG83CBGQOM9NX037CEC1B6XUBN D O956Y7HX12E0SWOHVQ4LDDYA0FA3153CB24LGMA70YEY407FPYOMTH', 'HK62WMI5B8F2MT87MKSH86MKKAMILG9KCO0OVAVI4EKI61HLR0UG2D2PX28VI8WM', 'K8BD1GVHA3CURD82KK1WTAANHL825R 9WHTKMBNHBYB5S 55KHEYA3DA3ITBWAQ4', 'OOAVBN3E', 2);

insert into CLIENT (ID_CLIENT, ID_UTILISATEUR, EMAIL, NOM, PRENOM, CIVILITE, ACTIF) values (10, 0, ' V1IPQI9NBTW 6VY7B4MDXL0CULUYF15UAO0X1S7JOCNITRTTNF6C6RC01RYHSV024M85ND 5B5LX8DQOV58OOXG3OJE49VL46M2 XAIULQOSTKB8YMX770UEMIV68AJ', '2LR4LYE0OU6RV8UVMTX01IEYQ6M5SD485778Q 6LCUOOAT5OPYF90EJTRLC0S641', 'N 058D1DUUIYWK1HBTKBLRPYB7VDGVW35WMDDDYI4D8HM O04WRJHE2JU0U907J5', 'N49YR7BL', 4);

insert into CLIENT (ID_CLIENT, ID_UTILISATEUR, EMAIL, NOM, PRENOM, CIVILITE, ACTIF) values (17, 11, 'FJNYH1CTVYP95UV8S5EW7BK0L3CICS I8LTS2XXXBBSBDCH4LX6F9DUJ9JV2RUG6S1C2KC2XAQYCA39PT6S5GGP YQ4QY4V94ROS8SIWPM9B5PQOIW6F7IRY0O8BT23J', ' LCGAK 9CXPPF20MBMVW6L1SOH1N5SSPU47QOM63SW SQYJCOCY47E5F4BLQ03MW', 'PRG1XU187H0IUTHS5EEO0 WX7GAH4UFCGAHG94LY5EHESHHUJ60AQ7B2WDX6S0XP', 'J0U4RO4U', 13);

insert into CLIENT (ID_CLIENT, ID_UTILISATEUR, EMAIL, NOM, PRENOM, CIVILITE, ACTIF) values (2, 8, 'B0EHQJM FNYSJH1VLIK E654SOJ5OXLR8B774OFC8RFUIM 0 N77AYQ5HDI0BRJPPG0KU3M6T682J12XF8LXI21R8LRAVDQAGHTOSDJOPF2LFFEJLHCJ6K9O2I2XUCLB', 'YG4JRWV4RXIE0BNM  HN4YQBKT0KXTSCEKHUSWQH7DAJGPT49KHTD6E3F1GVSF6S', 'GJTH1BJ5VKF075F9CECHJJ3VAXMYEU3DPTTGEBFA6RTO5SO4GK9WRANDNHEYR5NF', '8Q3BDHEH', 0);

insert into CLIENT (ID_CLIENT, ID_UTILISATEUR, EMAIL, NOM, PRENOM, CIVILITE, ACTIF) values (14, 14, '5RV78Y65EBS3F9RO4V8YR77OXLEA92AQAXIBV17TBXFR8UN9F76N5NCKNHTDFPKFCV7RRLX2QL5BW83A J9LM7T6 9LO47UFNTOSFDB6UY91W7WP25RBV2FCL557K97P', 'VBT4A7YUL 26RLQKHQMLQR0MHY 1OQ9J3YY1R2ODA39MOF6K8 680C6QDS8N96VU', '2QUBVSKUT1RC63BLQDSQ5I1L5QIU3JY1D5KHD6UDFQJG5M UWW3OT10JYO8V G1E', '7EN6P2 D', 15);

insert into CLIENT (ID_CLIENT, ID_UTILISATEUR, EMAIL, NOM, PRENOM, CIVILITE, ACTIF) values (13, 17, 'H8Q5RY LRYBP3FHIUQ1V15N01Q0JAEF9 VC72N6OJRVNT8VRI4OTM5J2SUXQBWV68RMR2JWW1WSPOVTK1IE9ILWI8NSF1TLK78W7WJPP5409U8O DE1V2Q5AMHLS71BI', 'GP59M23DRJU3331JHDFEJJBS7JPW4DVBEE9MHLBSBI9HM253OVT864A9Q4XFIMGK', '99QX9PTGKFJ0EN32MEIYBIYB J3QH2KPDH85ADOOO1CHOALHFGKCKAW26VQR DW8', 'EEI2SXP5', 18);

insert into CLIENT (ID_CLIENT, ID_UTILISATEUR, EMAIL, NOM, PRENOM, CIVILITE, ACTIF) values (12, 5, 'SVMG2AUNKHN9T4J6CHNS0NCG53JG34E6SKDXH988X9Y4G 1BPSERH680XF NAJURVIWMJOF0S4DT46KL3NM 0X74YPG5TGDHN451YJMMMXGUJR383MU9JAAT4IJ72UAK', 'C58JDT4O7M469K3W4NSF4NOPONKG52H9KB4 QNV0JO74EN2L3B351GROMOHN6NI2', '7K68L0CO4PQX2D5CT V5 LKWDG0PC3 86HRNQ5A35WKW4K4 5396ADB08EVYSSH0', 'Q36DTQYF', 9);

insert into CLIENT (ID_CLIENT, ID_UTILISATEUR, EMAIL, NOM, PRENOM, CIVILITE, ACTIF) values (11, 15, 'M466WNPNSUYATKBJ4LOUGG7A8M4MXGLB8J7LWK8TICSPHAKQKOYLHEBQ245QLUX0RMNGYOCQ 5Y6ICR7ODMVTVMB6FQFQAL1H 0BF2X7BAPD7XKAPBTK1ESA4552EWJP', '9L7EFVOWDRFSV2VVQLJ6YNDP1WP930PQIVXSN 7GOBU8VF2I2M4RC53GDCC3TOVY', 'MKDKO6RMYDWJSAGPO7OTND5MF2FBYRQXPDKLS8K0M4YGFQRUK29YO4RXH4 9X3ND', '09MR0NRD', 1);

insert into CLIENT (ID_CLIENT, ID_UTILISATEUR, EMAIL, NOM, PRENOM, CIVILITE, ACTIF) values (0, 9, 'HG1D2PGYG1EED09DNIS3395WC8WM0LFHT6IA292QA I04DTVK90EEKOI7XIJI GRGJIA28MFN RF2KS9B40 Q60FXPRT2IM189650VJT76XD5YG PWLVBRH ODKYGFHR', 'DFUO28URBYQY34S73R O1N3KXCRFPUIJQQO5RRM01NG1I8UTONFAAL9PXID3HKTA', 'MQ1VV6804F2TRVDUYNA AXF8TIYN4PVPESN33SVEBVRB J72S85WXV6UTG 0F8OD', 'X6NV5PR1', 19);

insert into CLIENT (ID_CLIENT, ID_UTILISATEUR, EMAIL, NOM, PRENOM, CIVILITE, ACTIF) values (16, 19, '5Y8LM 8VHW2HO42E SFVMO8JK1QN9LIVFOF9X25B2NRG34UVWT251IMJDCXCNEWCW7OD5NNKDRN GPS25D5V11KKUDX FG6FMV8AFNC390OGUUA1P JNXKIN9IQOGJ29', 'EMBS7D8DINL3MQQ4J8YFS74KGOVHAOI234SQ8P13BHT87AL0FO5IMKSWL0 HOS4P', ' XDI1HA 2CQ7N7V 0CH6DTM2OFSA33YU7WFTPK0N1YR7P9M3DU0SSG2AK890UJCN', '6G7OSAKA', 12);

insert into CLIENT (ID_CLIENT, ID_UTILISATEUR, EMAIL, NOM, PRENOM, CIVILITE, ACTIF) values (8, 12, 'F9MXAOHEGE0QQ9CYEB8OF6IRSGK4WCX 39DQN8Y0KBUB2HO XFFOOOBYK5QID9RTD1ANVJDI6BO64TNB0NHU8PBCKVSMXH9XT097OKWHQB1SOC875JU 1NJ0P5BQYYSL', 'HLBM57 FYW05KF6CWISG8G4H9YPJL7Q53O9NM2ROS 60CEY2GITPIGM4A92LF64B', 'UN3CH148T5WMKSDWMUNCU6GWKWI9PK1AJGWW8RENYL8A POXDQFWH8FBNTQM6YYB', 'I51G1USE', 10);

insert into CLIENT (ID_CLIENT, ID_UTILISATEUR, EMAIL, NOM, PRENOM, CIVILITE, ACTIF) values (7, 2, 'XXEF96GLLIN8UW3WTY8DGPP5SS7LAGA36TWV4VIG0AG245LPD1DU8U6VJVEL6IGPUX5N91AT6GHEHJOX49ARJRXGKR0LAGJT5VPC2TMC6YYUA8YY8A3 X1N2F5BYNCJR', 'D93JQ8P355IKM903HPB8SXEMGVD5YKQ6NLIJ0IP37 B2UT3GAFJLQ29WE207B5MP', 'WTES3BAVWB4J6NSS57L26L70OLA66ANBDKHXR3WUWJY9R4K1C8H Q1QHF3QM0WBX', 'EX1HXLT3', 16);

insert into CLIENT (ID_CLIENT, ID_UTILISATEUR, EMAIL, NOM, PRENOM, CIVILITE, ACTIF) values (18, 16, '8G86A41TY56K99R4R51 G P1J SNP42Y5TMS3MN1FKQAKC WQ3KPFN1N9F05DDDUUEVE4UASE388S3AP1N9MOXA7U0QEULDW5V5SC1EYJVK4WRV1HPVQDHQ4FIUYUYPL', '83BFCFG13E3AXQN42CVSGRNSOGJD4EJY8JIJ1A8BTNIL5CP5 AVFHRP9RVOPBMV ', 'CT0Q79XL9UDWOCJDC0MBE3L7MKR4CWUT4Y43WSU6305DEBXFE3Q9R6 SSF7DB7QN', '5HB2GF4J', 7);

insert into CLIENT (ID_CLIENT, ID_UTILISATEUR, EMAIL, NOM, PRENOM, CIVILITE, ACTIF) values (19, 1, 'U8S8585EIBPA9JOFRDBM6PDR3 GWGIKGKP8JC991S4RJN99DI0MD1USKSSRR51V2WV516P8TT928BNVH8B0JFW9 EJ4OT260CIAM9 4OW029S4CCE9VB4MOIP43BS OW', 'Q 7PS7XEB6BS5V1N0HANPI591EBTDVPVPQPAR25RERHA39 N4DX1HCESSHIU00PR', 'WN3INDNLG775PUKWLALLWCTSIH3MGJ64QTB0QJ30ASM9UIYJ1O9K9INT4PJNOC 1', 'TVTQA 2J', 5);

insert into CLIENT (ID_CLIENT, ID_UTILISATEUR, EMAIL, NOM, PRENOM, CIVILITE, ACTIF) values (9, 4, '8QNOL8NOBXD03X9MB2PDEKNNFRCUQW8FWXB6NFAT5UQFN3TY897VV4D 3WQ TPE7JSJL8916HU41AFT29O7LKCR39BA I4B077RVLANU9CKS7HSOJCOSY6DKB 4LQMUK', '2EG7GK6VSG5 G7LD4PVSIALU7SEIIMASLU2XT4VB5KKC5AKXRHAMY6EHCAD0F6F4', 'POE2RKJIGFM8FP92OLUXPDOJYGWSBVP4NS0SUK19Q3M5HJBCCQO2HEQL9ALT46E7', 'NAICYROW', 17);

insert into COMMANDE (ID_COMMANDE, ID_CLIENT, NUMEROCOMMANDE, MONTANT_TOTAL, DATE_PAIEMENT, IS_CANCELLED) values (10, 1, 'RX P77TUM3WTDBBL0532GUK8XKKY3FU04OHTKK6NHK66LSIKHRMA03LOQAKOUFAR', 0, '349-11-5 2:28:38', 12);

insert into COMMANDE (ID_COMMANDE, ID_CLIENT, NUMEROCOMMANDE, MONTANT_TOTAL, DATE_PAIEMENT, IS_CANCELLED) values (15, 10, 'VOAY4ESK35YKBY8JJ3PVBC1X C4B35S DWOG3DW8 JFLYRQX1QO 94GK3I1PIXFM', 10, '52-7-2 0:21:53', 19);

insert into COMMANDE (ID_COMMANDE, ID_CLIENT, NUMEROCOMMANDE, MONTANT_TOTAL, DATE_PAIEMENT, IS_CANCELLED) values (6, 15, '0M391YD8LOYEC W8SL596R19GW8B4Y O D6Q0EQ69U2OP8C0GWQUQFOLDVU0C6T7', 7, '580-8-18 3:45:52', 16);

insert into COMMANDE (ID_COMMANDE, ID_CLIENT, NUMEROCOMMANDE, MONTANT_TOTAL, DATE_PAIEMENT, IS_CANCELLED) values (19, 15, 'F0OTEO7S6JFMPTASN2BI2 VB254B0B0AFMJ10NMQKJW BUM4UWWGP6T3KMH8EWA0', 4, '1443-5-7 8:48:7', 1);

insert into COMMANDE (ID_COMMANDE, ID_CLIENT, NUMEROCOMMANDE, MONTANT_TOTAL, DATE_PAIEMENT, IS_CANCELLED) values (5, 2, 'WLTC2UHQF H017WOHEMHJFCPYJI9471HPMRB7O LQ6BHQNA2UVTVX0XX3EWHAA8W', 1, '987-12-5 6:41:28', 7);

insert into COMMANDE (ID_COMMANDE, ID_CLIENT, NUMEROCOMMANDE, MONTANT_TOTAL, DATE_PAIEMENT, IS_CANCELLED) values (2, 4, 'MMR1G8W2CTOSNKOY6WYGL QKU KHB2MECVD2AHQ 2T2QG8K3LENNP4KGWDJE33IA', 12, '864-5-28 5:29:22', 3);

insert into COMMANDE (ID_COMMANDE, ID_CLIENT, NUMEROCOMMANDE, MONTANT_TOTAL, DATE_PAIEMENT, IS_CANCELLED) values (14, 13, 'EUAKI3L8KE4P7P474IPBS1VGWX0VWUWRBCE6ELAOF1KOFQ71PN1WU4RHEAC4EIG3', 8, '1230-6-10 7:53:35', 11);

insert into COMMANDE (ID_COMMANDE, ID_CLIENT, NUMEROCOMMANDE, MONTANT_TOTAL, DATE_PAIEMENT, IS_CANCELLED) values (1, 2, 'GHO5L8984HC2YX9F6JRC6I0IUB2UQ1HN5LC571LV2UKV4OF6B645K52FK9SAC8YR', 3, '192-3-7 1:30:52', 6);

insert into COMMANDE (ID_COMMANDE, ID_CLIENT, NUMEROCOMMANDE, MONTANT_TOTAL, DATE_PAIEMENT, IS_CANCELLED) values (13, 1, 'KAOHNW2JKFHLL4J6QVID8S AUKE96LHTTJ7WUD2AUUGBI70B16JIQWJ4U U1HHC7', 19, '1562-12-22 9:53:6', 0);

insert into COMMANDE (ID_COMMANDE, ID_CLIENT, NUMEROCOMMANDE, MONTANT_TOTAL, DATE_PAIEMENT, IS_CANCELLED) values (16, 7, 'YJKQ2VO40 2KDMYINWVP1S3YLL9I1 IDVQKV0LM5211I3V4P07FJKHPW4OX0Y IS', 14, '496-4-6 3:16:7', 4);

insert into COMMANDE (ID_COMMANDE, ID_CLIENT, NUMEROCOMMANDE, MONTANT_TOTAL, DATE_PAIEMENT, IS_CANCELLED) values (4, 12, 'EW4NRGAHYH8R 8 XCH774V32AUBHP6N 94D0U7P8I1NHTRK6UEFBVKNMV 0BAYTH', 6, '1121-5-6 7:29:30', 18);

insert into COMMANDE (ID_COMMANDE, ID_CLIENT, NUMEROCOMMANDE, MONTANT_TOTAL, DATE_PAIEMENT, IS_CANCELLED) values (3, 19, '4PKE4EKKIRIEOBMHMYF5H0CQL9SJ1LJUI86S A7PJW4Q5HJ OEPEYBVN14KMN33O', 5, '1615-8-19 10:20:31', 14);

insert into COMMANDE (ID_COMMANDE, ID_CLIENT, NUMEROCOMMANDE, MONTANT_TOTAL, DATE_PAIEMENT, IS_CANCELLED) values (12, 2, 'WNQO3 NW72095PDRX8XDPJLLQ9ELB9BMM2 4MBKCY5S924SY5AVVJDHU2QI1LMQB', 17, '1504-1-1 9:28:22', 9);

insert into COMMANDE (ID_COMMANDE, ID_CLIENT, NUMEROCOMMANDE, MONTANT_TOTAL, DATE_PAIEMENT, IS_CANCELLED) values (0, 3, '  UO2Y9E59ALMQ6R3OK8RD6PDSB1FKJG33CHECQD2UGL19KDDQ3B U JV0C789KS', 15, '1-1-1 0:0:0', 17);

insert into COMMANDE (ID_COMMANDE, ID_CLIENT, NUMEROCOMMANDE, MONTANT_TOTAL, DATE_PAIEMENT, IS_CANCELLED) values (8, 7, '3GO4XNKLVLF5U8K0I4SI8XVPP9APQJC1YB8TGW3HOJHP1YK0YT0R0GFLWN 956 0', 2, '1353-1-25 8:14:59', 13);

insert into COMMANDE (ID_COMMANDE, ID_CLIENT, NUMEROCOMMANDE, MONTANT_TOTAL, DATE_PAIEMENT, IS_CANCELLED) values (18, 17, 'JAI74T8FGX18 JIL2 FJ53 OFLH11MCIN86JH KX3BP6IU2525RTXAED3TWTF5UE', 16, '661-5-15 4:5:39', 15);

insert into COMMANDE (ID_COMMANDE, ID_CLIENT, NUMEROCOMMANDE, MONTANT_TOTAL, DATE_PAIEMENT, IS_CANCELLED) values (11, 8, '093LJPEFGJ6KTJI143X50AA8P9LWQRNJ8T7NN4MF6PEYH0SMBV KI1XQX722PCIV', 9, '277-4-26 1:54:21', 10);

insert into COMMANDE (ID_COMMANDE, ID_CLIENT, NUMEROCOMMANDE, MONTANT_TOTAL, DATE_PAIEMENT, IS_CANCELLED) values (17, 18, 'TLPIL4SIX8FEJIIDLU6NWD5GA6WNMGVB6LUJKD587SGKD0YPTMUJ1UJ09 WK2HTU', 13, '121-11-13 0:40:9', 2);

insert into COMMANDE (ID_COMMANDE, ID_CLIENT, NUMEROCOMMANDE, MONTANT_TOTAL, DATE_PAIEMENT, IS_CANCELLED) values (9, 1, '3LD39FGTXQN7BI6F64DD3FITS2V4AVQ54KL L W4VV1VLNWFXJDLGV9BO6EE DR7', 18, '774-10-5 4:53:22', 5);

insert into COMMANDE (ID_COMMANDE, ID_CLIENT, NUMEROCOMMANDE, MONTANT_TOTAL, DATE_PAIEMENT, IS_CANCELLED) values (7, 11, 'WNGTE59LK8NGRAMWUYY02TTK34WCST147QNSAG5OVD0FMA 65XWO6Q11XLISOH0R', 11, '922-9-14 6:14:47', 8);

insert into COMMENTAIRE (ID_COMMENTAIRE, ID_ARTICLE, ID_CLIENT, NOTE, DATE, VISIBLE) values (19, 14, 1, 11, '802-4-8 5:30:28', 14);

insert into COMMENTAIRE (ID_COMMENTAIRE, ID_ARTICLE, ID_CLIENT, NOTE, DATE, VISIBLE) values (6, 3, 2, 9, '303-5-24 1:49:58', 7);

insert into COMMENTAIRE (ID_COMMENTAIRE, ID_ARTICLE, ID_CLIENT, NOTE, DATE, VISIBLE) values (10, 11, 5, 10, '608-2-11 3:58:47', 3);

insert into COMMENTAIRE (ID_COMMENTAIRE, ID_ARTICLE, ID_CLIENT, NOTE, DATE, VISIBLE) values (12, 12, 8, 2, '1441-4-29 9:49:32', 1);

insert into COMMENTAIRE (ID_COMMENTAIRE, ID_ARTICLE, ID_CLIENT, NOTE, DATE, VISIBLE) values (16, 9, 12, 4, '1-1-1 0:0:0', 8);

insert into COMMENTAIRE (ID_COMMENTAIRE, ID_ARTICLE, ID_CLIENT, NOTE, DATE, VISIBLE) values (1, 10, 4, 5, '983-11-27 7:28:24', 9);

insert into COMMENTAIRE (ID_COMMENTAIRE, ID_ARTICLE, ID_CLIENT, NOTE, DATE, VISIBLE) values (14, 17, 18, 8, '1346-2-8 9:3:54', 2);

insert into COMMENTAIRE (ID_COMMENTAIRE, ID_ARTICLE, ID_CLIENT, NOTE, DATE, VISIBLE) values (5, 17, 8, 1, '50-2-4 0:38:32', 16);

insert into COMMENTAIRE (ID_COMMENTAIRE, ID_ARTICLE, ID_CLIENT, NOTE, DATE, VISIBLE) values (2, 3, 0, 13, '873-4-12 5:55:42', 15);

insert into COMMENTAIRE (ID_COMMENTAIRE, ID_ARTICLE, ID_CLIENT, NOTE, DATE, VISIBLE) values (7, 18, 14, 6, '1071-6-22 7:57:35', 5);

insert into COMMENTAIRE (ID_COMMENTAIRE, ID_ARTICLE, ID_CLIENT, NOTE, DATE, VISIBLE) values (0, 8, 19, 7, '934-8-18 6:43:49', 19);

insert into COMMENTAIRE (ID_COMMENTAIRE, ID_ARTICLE, ID_CLIENT, NOTE, DATE, VISIBLE) values (4, 19, 7, 0, '732-10-25 4:39:12', 17);

insert into COMMENTAIRE (ID_COMMENTAIRE, ID_ARTICLE, ID_CLIENT, NOTE, DATE, VISIBLE) values (11, 12, 3, 12, '370-6-11 2:40:21', 18);

insert into COMMENTAIRE (ID_COMMENTAIRE, ID_ARTICLE, ID_CLIENT, NOTE, DATE, VISIBLE) values (17, 4, 6, 3, '1809-1-24 12:9:56', 10);

insert into COMMENTAIRE (ID_COMMENTAIRE, ID_ARTICLE, ID_CLIENT, NOTE, DATE, VISIBLE) values (3, 6, 6, 15, '1706-11-1 11:42:49', 0);

insert into COMMENTAIRE (ID_COMMENTAIRE, ID_ARTICLE, ID_CLIENT, NOTE, DATE, VISIBLE) values (13, 4, 16, 16, '1579-5-24 10:31:27', 4);

insert into COMMENTAIRE (ID_COMMENTAIRE, ID_ARTICLE, ID_CLIENT, NOTE, DATE, VISIBLE) values (18, 1, 17, 14, '1206-7-31 8:42:55', 12);

insert into COMMENTAIRE (ID_COMMENTAIRE, ID_ARTICLE, ID_CLIENT, NOTE, DATE, VISIBLE) values (9, 8, 0, 18, '496-12-27 3:18:20', 11);

insert into COMMENTAIRE (ID_COMMENTAIRE, ID_ARTICLE, ID_CLIENT, NOTE, DATE, VISIBLE) values (15, 10, 17, 19, '1649-7-7 10:54:54', 6);

insert into COMMENTAIRE (ID_COMMENTAIRE, ID_ARTICLE, ID_CLIENT, NOTE, DATE, VISIBLE) values (8, 2, 7, 17, '171-6-15 0:58:49', 13);

insert into LISTE_DE_SOUHAITS (ID_ARTICLE, ID_CLIENT) values (15, 4);

insert into LISTE_DE_SOUHAITS (ID_ARTICLE, ID_CLIENT) values (12, 3);

insert into LISTE_DE_SOUHAITS (ID_ARTICLE, ID_CLIENT) values (11, 6);

insert into LISTE_DE_SOUHAITS (ID_ARTICLE, ID_CLIENT) values (8, 5);

insert into LISTE_DE_SOUHAITS (ID_ARTICLE, ID_CLIENT) values (6, 15);

insert into LISTE_DE_SOUHAITS (ID_ARTICLE, ID_CLIENT) values (16, 1);

insert into LISTE_DE_SOUHAITS (ID_ARTICLE, ID_CLIENT) values (2, 10);

insert into LISTE_DE_SOUHAITS (ID_ARTICLE, ID_CLIENT) values (4, 17);

insert into LISTE_DE_SOUHAITS (ID_ARTICLE, ID_CLIENT) values (19, 2);

insert into LISTE_DE_SOUHAITS (ID_ARTICLE, ID_CLIENT) values (10, 14);

insert into LISTE_DE_SOUHAITS (ID_ARTICLE, ID_CLIENT) values (17, 13);

insert into LISTE_DE_SOUHAITS (ID_ARTICLE, ID_CLIENT) values (5, 12);

insert into LISTE_DE_SOUHAITS (ID_ARTICLE, ID_CLIENT) values (1, 11);

insert into LISTE_DE_SOUHAITS (ID_ARTICLE, ID_CLIENT) values (0, 0);

insert into LISTE_DE_SOUHAITS (ID_ARTICLE, ID_CLIENT) values (7, 16);

insert into LISTE_DE_SOUHAITS (ID_ARTICLE, ID_CLIENT) values (3, 8);

insert into LISTE_DE_SOUHAITS (ID_ARTICLE, ID_CLIENT) values (13, 7);

insert into LISTE_DE_SOUHAITS (ID_ARTICLE, ID_CLIENT) values (18, 18);

insert into LISTE_DE_SOUHAITS (ID_ARTICLE, ID_CLIENT) values (9, 19);

insert into LISTE_DE_SOUHAITS (ID_ARTICLE, ID_CLIENT) values (14, 9);

insert into LIENS_CLIENT_ADRESSE (ID_CLIENT, ID_ADRESSE) values (4, 14);

insert into LIENS_CLIENT_ADRESSE (ID_CLIENT, ID_ADRESSE) values (3, 5);

insert into LIENS_CLIENT_ADRESSE (ID_CLIENT, ID_ADRESSE) values (6, 16);

insert into LIENS_CLIENT_ADRESSE (ID_CLIENT, ID_ADRESSE) values (5, 4);

insert into LIENS_CLIENT_ADRESSE (ID_CLIENT, ID_ADRESSE) values (15, 3);

insert into LIENS_CLIENT_ADRESSE (ID_CLIENT, ID_ADRESSE) values (1, 17);

insert into LIENS_CLIENT_ADRESSE (ID_CLIENT, ID_ADRESSE) values (10, 13);

insert into LIENS_CLIENT_ADRESSE (ID_CLIENT, ID_ADRESSE) values (17, 7);

insert into LIENS_CLIENT_ADRESSE (ID_CLIENT, ID_ADRESSE) values (2, 9);

insert into LIENS_CLIENT_ADRESSE (ID_CLIENT, ID_ADRESSE) values (14, 8);

insert into LIENS_CLIENT_ADRESSE (ID_CLIENT, ID_ADRESSE) values (13, 19);

insert into LIENS_CLIENT_ADRESSE (ID_CLIENT, ID_ADRESSE) values (12, 2);

insert into LIENS_CLIENT_ADRESSE (ID_CLIENT, ID_ADRESSE) values (11, 15);

insert into LIENS_CLIENT_ADRESSE (ID_CLIENT, ID_ADRESSE) values (0, 1);

insert into LIENS_CLIENT_ADRESSE (ID_CLIENT, ID_ADRESSE) values (16, 12);

insert into LIENS_CLIENT_ADRESSE (ID_CLIENT, ID_ADRESSE) values (8, 11);

insert into LIENS_CLIENT_ADRESSE (ID_CLIENT, ID_ADRESSE) values (7, 18);

insert into LIENS_CLIENT_ADRESSE (ID_CLIENT, ID_ADRESSE) values (18, 0);

insert into LIENS_CLIENT_ADRESSE (ID_CLIENT, ID_ADRESSE) values (19, 6);

insert into LIENS_CLIENT_ADRESSE (ID_CLIENT, ID_ADRESSE) values (9, 10);

insert into LIENS_COMMANDE_ADRESSE (ID_COMMANDE, ID_ADRESSE, ISFACTURATION) values (10, 14, 16);

insert into LIENS_COMMANDE_ADRESSE (ID_COMMANDE, ID_ADRESSE, ISFACTURATION) values (15, 5, 15);

insert into LIENS_COMMANDE_ADRESSE (ID_COMMANDE, ID_ADRESSE, ISFACTURATION) values (6, 16, 1);

insert into LIENS_COMMANDE_ADRESSE (ID_COMMANDE, ID_ADRESSE, ISFACTURATION) values (19, 4, 6);

insert into LIENS_COMMANDE_ADRESSE (ID_COMMANDE, ID_ADRESSE, ISFACTURATION) values (5, 3, 13);

insert into LIENS_COMMANDE_ADRESSE (ID_COMMANDE, ID_ADRESSE, ISFACTURATION) values (2, 17, 4);

insert into LIENS_COMMANDE_ADRESSE (ID_COMMANDE, ID_ADRESSE, ISFACTURATION) values (14, 13, 9);

insert into LIENS_COMMANDE_ADRESSE (ID_COMMANDE, ID_ADRESSE, ISFACTURATION) values (1, 7, 7);

insert into LIENS_COMMANDE_ADRESSE (ID_COMMANDE, ID_ADRESSE, ISFACTURATION) values (13, 9, 19);

insert into LIENS_COMMANDE_ADRESSE (ID_COMMANDE, ID_ADRESSE, ISFACTURATION) values (16, 8, 10);

insert into LIENS_COMMANDE_ADRESSE (ID_COMMANDE, ID_ADRESSE, ISFACTURATION) values (4, 19, 11);

insert into LIENS_COMMANDE_ADRESSE (ID_COMMANDE, ID_ADRESSE, ISFACTURATION) values (3, 2, 17);

insert into LIENS_COMMANDE_ADRESSE (ID_COMMANDE, ID_ADRESSE, ISFACTURATION) values (12, 15, 3);

insert into LIENS_COMMANDE_ADRESSE (ID_COMMANDE, ID_ADRESSE, ISFACTURATION) values (0, 1, 2);

insert into LIENS_COMMANDE_ADRESSE (ID_COMMANDE, ID_ADRESSE, ISFACTURATION) values (8, 12, 18);

insert into LIENS_COMMANDE_ADRESSE (ID_COMMANDE, ID_ADRESSE, ISFACTURATION) values (18, 11, 5);

insert into LIENS_COMMANDE_ADRESSE (ID_COMMANDE, ID_ADRESSE, ISFACTURATION) values (11, 18, 0);

insert into LIENS_COMMANDE_ADRESSE (ID_COMMANDE, ID_ADRESSE, ISFACTURATION) values (17, 0, 8);

insert into LIENS_COMMANDE_ADRESSE (ID_COMMANDE, ID_ADRESSE, ISFACTURATION) values (9, 6, 12);

insert into LIENS_COMMANDE_ADRESSE (ID_COMMANDE, ID_ADRESSE, ISFACTURATION) values (7, 10, 14);

insert into PANIER (IDPANIER, ID_CLIENT, REFINTERNAUTE) values (8, 4, ' IV5NLDORISW3NQYEM4GNVV1M1M 79DP5VQGJ4YLX L58M1352VJOASXX025D S8');

insert into PANIER (IDPANIER, ID_CLIENT, REFINTERNAUTE) values (11, 3, 'D LC NDHI4CR0EITS0080LH55CWCN7YTPVGX35WV78GJ8TY1S4MAHOIAWI5Q35GU');

insert into PANIER (IDPANIER, ID_CLIENT, REFINTERNAUTE) values (15, 6, 'R2NNX5JX3UVH3 SQL5 N1BL0S1456TB1YOKGJR0LN6O42CTWNOUJFF25FNOT8AXQ');

insert into PANIER (IDPANIER, ID_CLIENT, REFINTERNAUTE) values (17, 5, 'I46NBKR0B88M661NJP 9FKXVBNMILVGXWBX8QFDK46DPK7KS6TXH6I2KFBE7LNWW');

insert into PANIER (IDPANIER, ID_CLIENT, REFINTERNAUTE) values (7, 15, 'GIELO06P E3JTW84DVCFAS5PO7KC1IV E5DRDR1WRMLYYIIIT 1VPQERW6W 53OK');

insert into PANIER (IDPANIER, ID_CLIENT, REFINTERNAUTE) values (16, 1, 'X1R8JVKN8S75D3JT4L14SGQ9QBBOIT9128L47E0G26C0UG2YSFHYDVPQU1TG4W9S');

insert into PANIER (IDPANIER, ID_CLIENT, REFINTERNAUTE) values (18, 10, 'S45YW29XTBPUN8IW8FNRMNKRR0O FDWC09QVJHVMX12ICR0LUW E486YW67D8Y54');

insert into PANIER (IDPANIER, ID_CLIENT, REFINTERNAUTE) values (13, 17, 'HLXJD 25UGDG09B1SC4BWV2YLU AS9JOVBE44OO7TWPM1MSA8MUFCKGE3GN PLBK');

insert into PANIER (IDPANIER, ID_CLIENT, REFINTERNAUTE) values (10, 2, 'TV0CWI9F23DFBNJE8T18A471JV2423CDS0QF95YKOXQX1S8HQCSQY4RJ0581AN8P');

insert into PANIER (IDPANIER, ID_CLIENT, REFINTERNAUTE) values (3, 14, '7RS532MCNOEMWC9NLVDGYYCQFN9H7Y57EHFTQIRKWT3LXFO2KB5HDQRDO2IS5GXJ');

insert into PANIER (IDPANIER, ID_CLIENT, REFINTERNAUTE) values (19, 13, 'JP5AXJH1A4OFLV5YC NFLEGBJ9EUQE3FSBKXTYNKHP88SA0IIBMEHMLDOHL11UUM');

insert into PANIER (IDPANIER, ID_CLIENT, REFINTERNAUTE) values (6, 12, '5IHMYCN25WXPS4A I4W3AYYGP8T9KK WLOTSB3NFUC408KLNSJIPPM I391065 1');

insert into PANIER (IDPANIER, ID_CLIENT, REFINTERNAUTE) values (4, 11, 'YKPF8CEK XBV9LAVLUNXRORF8NB8600V 6C0H3BHWU7JD A 6QL1YX19GOXH98V9');

insert into PANIER (IDPANIER, ID_CLIENT, REFINTERNAUTE) values (14, 0, 'BR6J9 J5WLKSF89CL3VU529YY19RKTY4IWRM4LQL4YFYRQGDW64NMEHLVKVPKFFD');

insert into PANIER (IDPANIER, ID_CLIENT, REFINTERNAUTE) values (5, 16, '3FTA36CVNWWV3JTI0E5A35G96GGD6K0 EH77JRF3GS9WJJY9RKV6N9H0V6XFRJ6W');

insert into PANIER (IDPANIER, ID_CLIENT, REFINTERNAUTE) values (9, 8, 'OH I99NEE80YMF23UQF8SGO1QH910EY762CVG9FVA3OI9M4JY63WEAQHIDNX3Y3W');

insert into PANIER (IDPANIER, ID_CLIENT, REFINTERNAUTE) values (1, 7, ' 9MHR6QSUI2HTEN7MKA4U1XKW5GBIU 319A577AAM 4E1PUN9RLFTSCIEF6 9HOW');

insert into PANIER (IDPANIER, ID_CLIENT, REFINTERNAUTE) values (0, 18, 'BM226BEN57UA3DMIAYQVGELKI1F6O0UGL5Q4J925U7IQH IHYKL1AI10K61TIGWX');

insert into PANIER (IDPANIER, ID_CLIENT, REFINTERNAUTE) values (12, 19, 'LY9LJLY318HS8VN8EB8 9JM8V7 6XITKYERCSLBUXWC4P5XHQAVDQQ JLVC6JP9K');

insert into PANIER (IDPANIER, ID_CLIENT, REFINTERNAUTE) values (2, 9, '74JUCD6QO1QVMST XQVCG1EBS6F9AEK7R32YOT37BRKP8GHJW7PNK8U0IENDLMQT');

insert into LIGNE_COMMANDE (ID_COMMANDE, ID_ARTICLE, QUANTITECOMMANDE, PRIX, STATUT) values (10, 15, 5, 6, '7Y5YTR0D50L1 9HV');

insert into LIGNE_COMMANDE (ID_COMMANDE, ID_ARTICLE, QUANTITECOMMANDE, PRIX, STATUT) values (15, 12, 12, 4, 'WJKQ80NT2M7JASPI');

insert into LIGNE_COMMANDE (ID_COMMANDE, ID_ARTICLE, QUANTITECOMMANDE, PRIX, STATUT) values (6, 11, 7, 0, 'KXXVEVAAEOSJKHF1');

insert into LIGNE_COMMANDE (ID_COMMANDE, ID_ARTICLE, QUANTITECOMMANDE, PRIX, STATUT) values (19, 8, 11, 18, 'XFTE0BYXYAL0N2I5');

insert into LIGNE_COMMANDE (ID_COMMANDE, ID_ARTICLE, QUANTITECOMMANDE, PRIX, STATUT) values (5, 6, 19, 15, '70QLPDCVKGU0SMKA');

insert into LIGNE_COMMANDE (ID_COMMANDE, ID_ARTICLE, QUANTITECOMMANDE, PRIX, STATUT) values (2, 16, 0, 10, '3Y6SAW0U7XUHY90E');

insert into LIGNE_COMMANDE (ID_COMMANDE, ID_ARTICLE, QUANTITECOMMANDE, PRIX, STATUT) values (14, 2, 16, 9, '1JRWN DS1N3PXVCE');

insert into LIGNE_COMMANDE (ID_COMMANDE, ID_ARTICLE, QUANTITECOMMANDE, PRIX, STATUT) values (1, 4, 6, 19, 'AME04TWNLHD1AJ1 ');

insert into LIGNE_COMMANDE (ID_COMMANDE, ID_ARTICLE, QUANTITECOMMANDE, PRIX, STATUT) values (13, 19, 8, 13, ' 7B4G58QYU HRAW5');

insert into LIGNE_COMMANDE (ID_COMMANDE, ID_ARTICLE, QUANTITECOMMANDE, PRIX, STATUT) values (16, 10, 14, 1, 'C6BM0 AKS7QB3R2S');

insert into LIGNE_COMMANDE (ID_COMMANDE, ID_ARTICLE, QUANTITECOMMANDE, PRIX, STATUT) values (4, 17, 3, 11, 'SWU3T4FEHW5QFP3E');

insert into LIGNE_COMMANDE (ID_COMMANDE, ID_ARTICLE, QUANTITECOMMANDE, PRIX, STATUT) values (3, 5, 1, 8, '0Q1SSYJUDLLF7P7N');

insert into LIGNE_COMMANDE (ID_COMMANDE, ID_ARTICLE, QUANTITECOMMANDE, PRIX, STATUT) values (12, 1, 4, 14, '4TY9RX5IO0DAGPC0');

insert into LIGNE_COMMANDE (ID_COMMANDE, ID_ARTICLE, QUANTITECOMMANDE, PRIX, STATUT) values (0, 0, 18, 3, 'VMP4Q7MOTGU0VT9F');

insert into LIGNE_COMMANDE (ID_COMMANDE, ID_ARTICLE, QUANTITECOMMANDE, PRIX, STATUT) values (8, 7, 17, 5, 'MIGITD7VFLLNUORW');

insert into LIGNE_COMMANDE (ID_COMMANDE, ID_ARTICLE, QUANTITECOMMANDE, PRIX, STATUT) values (18, 3, 13, 17, 'JGPTJX6FIVHBQCO3');

insert into LIGNE_COMMANDE (ID_COMMANDE, ID_ARTICLE, QUANTITECOMMANDE, PRIX, STATUT) values (11, 13, 2, 16, 'QO9AU128LCWRXR4 ');

insert into LIGNE_COMMANDE (ID_COMMANDE, ID_ARTICLE, QUANTITECOMMANDE, PRIX, STATUT) values (17, 18, 9, 2, 'D7JMB2KCR6Q0WEJJ');

insert into LIGNE_COMMANDE (ID_COMMANDE, ID_ARTICLE, QUANTITECOMMANDE, PRIX, STATUT) values (9, 9, 10, 12, 'UGGM5AWHXAK2HWV9');

insert into LIGNE_COMMANDE (ID_COMMANDE, ID_ARTICLE, QUANTITECOMMANDE, PRIX, STATUT) values (7, 14, 15, 7, 'S0URIFQTS0VEURMT');

insert into LIENS_PANIER_ARTICLE (IDPANIER, ID_ARTICLE, QUANTITEPANIER) values (8, 15, 5);

insert into LIENS_PANIER_ARTICLE (IDPANIER, ID_ARTICLE, QUANTITEPANIER) values (11, 12, 7);

insert into LIENS_PANIER_ARTICLE (IDPANIER, ID_ARTICLE, QUANTITEPANIER) values (15, 11, 15);

insert into LIENS_PANIER_ARTICLE (IDPANIER, ID_ARTICLE, QUANTITEPANIER) values (17, 8, 16);

insert into LIENS_PANIER_ARTICLE (IDPANIER, ID_ARTICLE, QUANTITEPANIER) values (7, 6, 0);

insert into LIENS_PANIER_ARTICLE (IDPANIER, ID_ARTICLE, QUANTITEPANIER) values (16, 16, 3);

insert into LIENS_PANIER_ARTICLE (IDPANIER, ID_ARTICLE, QUANTITEPANIER) values (18, 2, 11);

insert into LIENS_PANIER_ARTICLE (IDPANIER, ID_ARTICLE, QUANTITEPANIER) values (13, 4, 18);

insert into LIENS_PANIER_ARTICLE (IDPANIER, ID_ARTICLE, QUANTITEPANIER) values (10, 19, 2);

insert into LIENS_PANIER_ARTICLE (IDPANIER, ID_ARTICLE, QUANTITEPANIER) values (3, 10, 14);

insert into LIENS_PANIER_ARTICLE (IDPANIER, ID_ARTICLE, QUANTITEPANIER) values (19, 17, 1);

insert into LIENS_PANIER_ARTICLE (IDPANIER, ID_ARTICLE, QUANTITEPANIER) values (6, 5, 4);

insert into LIENS_PANIER_ARTICLE (IDPANIER, ID_ARTICLE, QUANTITEPANIER) values (4, 1, 8);

insert into LIENS_PANIER_ARTICLE (IDPANIER, ID_ARTICLE, QUANTITEPANIER) values (14, 0, 10);

insert into LIENS_PANIER_ARTICLE (IDPANIER, ID_ARTICLE, QUANTITEPANIER) values (5, 7, 17);

insert into LIENS_PANIER_ARTICLE (IDPANIER, ID_ARTICLE, QUANTITEPANIER) values (9, 3, 19);

insert into LIENS_PANIER_ARTICLE (IDPANIER, ID_ARTICLE, QUANTITEPANIER) values (1, 13, 9);

insert into LIENS_PANIER_ARTICLE (IDPANIER, ID_ARTICLE, QUANTITEPANIER) values (0, 18, 13);

insert into LIENS_PANIER_ARTICLE (IDPANIER, ID_ARTICLE, QUANTITEPANIER) values (12, 9, 6);

insert into LIENS_PANIER_ARTICLE (IDPANIER, ID_ARTICLE, QUANTITEPANIER) values (2, 14, 12);

