
use bamdb;

delete from LIENS_PANIER_ARTICLE;

delete from LIGNE_COMMANDE;

delete from LIENS_COMMANDE_ADRESSE;

delete from COMMANDE;

delete from PANIER;

delete from COMMENTAIRE;

delete from LIENS_CLIENT_ADRESSE;

delete from LISTE_DE_SOUHAITS;

delete from CLIENT;

delete from MESSAGE;

delete from UTILISATEUR;

delete from LIENS_PROMOTIONS_ARTICLES;

delete from LIENS_SPECS_CATEGORIE;

delete from LIENS_SPECS_ARTICLE;

delete from LIENS_CATEGORIE_ARTICLE;

delete from ROLE;

delete from PROMOTION;

delete from ADRESSE;

delete from CARACTERISTIQUE;

delete from CATEGORIE;

delete from FICHE;

delete from ARTICLE;

insert into ARTICLE (ID_ARTICLE, REFARTICLE, PRIX, QUANTITE) values (6, 'O11JIN1TMGF6J 7YOB0JTAQ9G5JM7X1605XAR5RELCJVJ34G74XNQO27SPCIXP2O', 16, 2);

insert into ARTICLE (ID_ARTICLE, REFARTICLE, PRIX, QUANTITE) values (17, '3OQRI2HXU H3V2IY3LRLEVUWKPCVT4059RBIFK4X1R7AM0GJFPPYF7K5M0CODV G', 12, 10);

insert into ARTICLE (ID_ARTICLE, REFARTICLE, PRIX, QUANTITE) values (14, 'BAA150QI5Y9VR97TO8P9E5TD38RT0XAWGXVY74J8MH A5E4USSA4UKFCOQOB2KDD', 3, 12);

insert into ARTICLE (ID_ARTICLE, REFARTICLE, PRIX, QUANTITE) values (9, '94XV1TVA9690LDQB0NN52JBKDPV4RCVBS40DYCABAKNLRCQE3 O0FFMXL2QA82IN', 13, 8);

insert into ARTICLE (ID_ARTICLE, REFARTICLE, PRIX, QUANTITE) values (8, 'FVM3GIY0JSO0RMPICSM3JMQSK7N0GCPRSLJXV8W4BW4WK0PVOTVF4QRVXEF5VSPM', 7, 11);

insert into ARTICLE (ID_ARTICLE, REFARTICLE, PRIX, QUANTITE) values (11, '9OOLH6J5JDG76TNY9WS8N F5C8Y4FWIN67WM1GRMSOL9Q3KU60O1TL6HMH1UMCAQ', 0, 13);

insert into ARTICLE (ID_ARTICLE, REFARTICLE, PRIX, QUANTITE) values (4, 'C1TI5HML205K55P4VYDD64N7YS39X5C5 WNVBWCQUCEIBOGV9AHU7DN71J7CLJ3T', 9, 4);

insert into ARTICLE (ID_ARTICLE, REFARTICLE, PRIX, QUANTITE) values (0, 'N89A PB4VHAN1JBRNC62BG4UTW52X366D97FI41GG CGYX  QACPRR64RTBI1NC4', 8, 14);

insert into ARTICLE (ID_ARTICLE, REFARTICLE, PRIX, QUANTITE) values (10, 'K1OX4O6X65THPBB8N0IFRY2GP SQ 9J60BIHY5LB35LCRGCRW6T DY8VX 8TPDUB', 19, 5);

insert into ARTICLE (ID_ARTICLE, REFARTICLE, PRIX, QUANTITE) values (12, ' P7V3OAUOV8MJD6CFB52O07W011W2LH32JYUGKEBR X DE5AJMYIJLPL3995UYUL', 5, 3);

insert into ARTICLE (ID_ARTICLE, REFARTICLE, PRIX, QUANTITE) values (2, 'B0J5YI93MYJ4F2QFY5E3SKOLKHKRPNHE60HNBFA W2LPWBJ4WQAO5X4YDDBX764O', 2, 15);

insert into ARTICLE (ID_ARTICLE, REFARTICLE, PRIX, QUANTITE) values (18, 'H9V79J4FPA7HRADAUY23929DQBHYUCL1I8IODAKBHF98 E6DS6VBNKE1CJQ319XQ', 1, 19);

insert into ARTICLE (ID_ARTICLE, REFARTICLE, PRIX, QUANTITE) values (1, 'W7U03HI4558RED1A2LG7SF3OB EN18AGP7 5W72U Q8WQ77KH48R R0I5GE03Y1H', 6, 16);

insert into ARTICLE (ID_ARTICLE, REFARTICLE, PRIX, QUANTITE) values (3, 'F4N31QGYPE3IP7276HC K2XCPHEJAAMLYIATQP4JE18HTW8SR6GWM4VIBCNNMHQ3', 10, 1);

insert into ARTICLE (ID_ARTICLE, REFARTICLE, PRIX, QUANTITE) values (13, 'JSYD41K5KDSRK5EE8I1K9Y TQ73R104VW4DU7WJX5WHAB2FMXJ33GWIN0XCDENRA', 14, 18);

insert into ARTICLE (ID_ARTICLE, REFARTICLE, PRIX, QUANTITE) values (16, '4HXCXQXHGWR2C2ENP3CK3IWXP6M0DERAPLN04AP08GQ3VUG5RU65 PS2SEV5NME9', 15, 0);

insert into ARTICLE (ID_ARTICLE, REFARTICLE, PRIX, QUANTITE) values (19, 'J 90JM37LC2GYDYBP5K1RNX2JULEQX290Y2JS EB4967MVEXJ78G2S8FQH2D46EQ', 18, 9);

insert into ARTICLE (ID_ARTICLE, REFARTICLE, PRIX, QUANTITE) values (7, 'RK4UH 53PJ5GRVH7P1IMFTS5I54N5L3Q P150I VREMD68Y01CCU7SSTGEAY3L2U', 11, 17);

insert into ARTICLE (ID_ARTICLE, REFARTICLE, PRIX, QUANTITE) values (15, '605STOOE1T 5M UNROFFRYNJILSX4WC5AWG25W94OI8YOK9 JC1OBWWW2UFAAK4B', 17, 6);

insert into ARTICLE (ID_ARTICLE, REFARTICLE, PRIX, QUANTITE) values (5, 'OKKD5YSW9021XKGGEG610G73V3QUMUTH20S1YRK5SMTORYXYTWEUUSHT51TC0CVD', 4, 7);

insert into FICHE (ID_FICHE, ID_ARTICLE, DESCRIPTION, REFFICHE, IMAGE, IS_PUBLISHED) values (3, 11, 'J2FMI3AVP9WKGCBXAM8FVI2CXIHN9M06VYEG0L 3OP4ATAA 93QLHFFQSD7MP J1YP788GAH4XC4N9LKYO3VXDXXPEFAH2 U2Q0SXNGITVY2CHYWW48LF2U86DWNV7M3Y5M PGX7Y9225E5RYYT62COE2Y1Q21TTPXGP5G944LE57S6GGI4YWG3RNJVK7F5NUQMVQH5C95DFMN6V4V2GSVV6N968AKBO83WHUOHIT 1YBDFC1 83MC 154AT9X7I9AQHREBQK 2V8HDSSGWE3YI8MUAI 8TDMC5WNETPPQVA4XMN8RYXU0Q80XUF6JCXH5WTMLBNVOHGPUYXS4Y6G340NPBSH34FC9EAN8DB2YIJKN926K4UC56277PUGJON75NGOWKYPMCS73M4IVBHWAOGUDOUKOLWDYDFICSEOC I17AOEL3RD0JQ4RK25QRYNNYEUPY 5P00F8LSS4NFX1R0XUAUJ2286 CLCC8KT0TLKR441KR4NDKWNUJJWGOLJG98HWVIQDAOKNKTYV0OJBCM1PLJ9TUHQF1KRBCTBN2NI0SKOPHUHGLT78D9OH0T3XMYHT7WFHFYBARKUK1G8MYQSYH61 S4HWOOWW9SEDA0U6OLFP3CK B4Q76Q45VE2XH47CC UG8DULUYU6TD0 MAE4EGN467FG0OF7LIVTJJ0VREVS I6912LKOW99SLMQUSJU70Y713VI1BQ50NEUVRH79MG9W71Q9WEVJL06CLXBHL3N R1 JBPJ08O3V6I86HU75WB3MOKF2LXGOWD7O38RHE80859S63I0P3M3S026UAPJH1GE22IXVREHPDYQI8 R2W 1B9MA458LGAFLLPAS00BD2JL70JT78KYOD5CN95S4BQ69E0V FW1QCYN39MEEDUGGUF8JWU0GGJK0NKTU97IYOE 2G30NS3TM7U7FPB NVSETRE7JCOMND6UMHNWIY3S8K933L34KARBWB4HY565RX7X S 6VI8H2SILNMDBU0MXS UGTTKQIWU', '3NSIEPU53WDLKL1AX7OWPF5DYQO0YHV4', 'OCW 494AR82P5WYPUHIE7SS3TL9XJK78S9S2TH0QFO 2CCIMB9MB2O32O3B87TPBPT70GASLQEGWUB0ASCY67BF3XO2J6OEJ59PJ6K29U783FUIT5DU868IBH1OR7EX95NFC HMMBOTIPB7WMRBPI67CJOWRSG1E8R89UGD337907CEOYO WKAIFTU8GIMOG96J0M7GNJYELDUOW7564NVMABLPTOYXDJBJI0Q3SFVM6L0NTUWVRYMU5KR5TOR1O', 8);

insert into FICHE (ID_FICHE, ID_ARTICLE, DESCRIPTION, REFFICHE, IMAGE, IS_PUBLISHED) values (1, 17, '97LVWX7FHRAFDFYSVV2MOANAEL3O0E40D1Q1 204RO6YY1 IFV23 GBM LHIF6H544NB9107MY9 RF6A4TDC4N5KAU2YFW4ASTIJIUH8VKXI7R7CEHXOBJIDQ6K0AW7X493KDQS8P7BJHIXH7ECJO0UV97FP8T726EV9F9IQNE33SHA UVXA7AUC3BP1DINCHYXL3BDTRFQ76OFR01LDTU9N P45P79V D2IT0A4EC80NEN4URYADF26 B237BW9Y0N0TQ8TC0BL3AE UP8JL5DUMVL1PMLO6US3C6EJU1D4979T CDO39H3TWC5W4JURR7TFB6IHUESVB1LKWV7GERXUQQMI5108EB93D2HAM2SI2LSDD0S4GTTHEQN09MXK34K9WOQOCQEP61FJKM0FMDTTS KXBXV43DURQV2IRDVVOL3L19KOBDIEKUMLHRQNBDA9XLU0ENIBTMVK5351AS 54A5B62SBJ63EVYVTLTP97OES1YGKKVWGNXI84 0P9FJQ8AM0GWSUNHU0MD98E0D1613GBTRSTHUOW0Y SH54BVVHLHC FN53HLBY0Y1 AACL5PENCU91MUPRG3JKGIF526MNR B0JJDPG4WAHWKF8K3TFPNPOF 7A1HCFOL57G97L70JH9K15DC3LEM0GD3M93GR3XFYQ1F5N RIC4TKMR8DRYB JHK7UY1H6RWGDWBGXOROTFTK6B4WJUO2V2S4SRT2DFN329D23P4XHP7INVW9A4PLRKN HHFWLARNM32Q0JHLP5MS4DYI7KERPMIS6LGD3VXDKXX5WX1CLNNP W928KSQL DYWBMPGUDWA1JW8OIB2Q1EXP8R36XKHKOAHHL1E2UAUAGHQT31SKH1V9XVA5Y7RGG1GM4E2IKY78ABFHME9 QM12T15SYI5W9T6VYTSCCS02OPN ERRHJ0XX1AP738JA4NU3W48UJ1QMBV T7V97R3CN45T0L276O CPR2CI0DLHXYALGUMY6JDC7F5MOLN81OEVFDAY3', 'K2702GP0ROIY E919DWKOR CD1Q3QPF5', 'Q90JPCQIXN1R3B67THO5LEOUFYWGOPEE 0E28KVFNTDF1J8EF9VQLGSN5L3TSNL6T8U 48BKJN05IOX7D9EXV8XGHTEX1RA23G29OIVK0713H3J0SFV79J3NHM8WEJEP6XIW8SLLVC4CUDKR6FI3HED3OOMWNQXBTQ9V QOABOO2EDLUIO74641B L92KB2K3O0A CHXYMOGSAD83FKVWCI7OLINSL5PMF668UH6UEUPNKTHOORW4YECJSCTV7OH', 16);

insert into FICHE (ID_FICHE, ID_ARTICLE, DESCRIPTION, REFFICHE, IMAGE, IS_PUBLISHED) values (4, 14, 'VOQ8 R418E6Q0B5 F3YK9ODVYHDRLLXS0QA USBD11092VGMUVQLIDKEIUNP91DHOEK0G59GKM7R4WSTRF81L10BFLT6QNE750P5IS8QM575ILRVOKG9QE1X4IM6BR8G5QJ8P M9DB2GJG8JHSYM1B5YI8GP90AARHI7LC0LEMLOC964HG3LJ YSV5FUMA39J0PXMO4TPD4X  QGFNQJ5X98VF7MHREICRWF64TJNMP8H06YE9I OW1PN086RW1OJ2JNK24W263QOW JXXOFVYD3POIM9G2XUYNMX79M5QNMDJPK 54EEDKVXXR5RFN E9 FEIJVJOC19453U5EGRT0 N1AYW441QLX3Y9IF76W8Y28KCWQ8F5BYK449760VTEKSJXRJL8NEY302J70BRK7UU0YC6DXT0TJMWD60KLJVN7P32OQD1HK7 E1H5XOO1U9RTNO7BRAYFPPTUM44FOG4YNF0F88T37PHV5F I34YG6KS97 9 42930OA60R4RFKYMJPP7O2AVGY73CUKQ4RS5G4PH9G00T4HIRXDVDPBQORRJPTUJ93DAQPNC8SH8GFCV0OECUBI 8 O5SRU6FO92G0LMIDY793WXSRRVJTAHUSO V5HEPE7HVA16WXH4UEIVV117OS7YHH2D 1LSK7IW6HHPJCMMMAJRCM9C9HQ4EKM5YA3VO9 474HTSOFPUEGKJO0U3THH5ORKD9Y11VYANGK0E5IRI P52LEKPB1KIKA7N45NWGD2YCER951OCYRBUY3SG6 QM8O3WKNYUOLEDCKDN6OMYW5P2E99IB AVQSO5 I1N9KQXNS32YM9O1GY7SM3Q7RFWD5T2IT0G5TVF4Q3C9LMM97K 4FST108MJRQ6SMSNEA1F84EK4V5O51WFKFA9NGPCT42S838WALVA6R 2OARJUMBWFYWAJWTIXBWYUE456RE6QEPJ84MN9M1Y6UEYV5BWRYOJCP4NMD20FWDUA9HBVQ5GGFV2E1YNC4A628SWCLPIC3M9E2', 'BC17OBGQ9MX S5MK2XJ7FQMFG8KJEE5Y', 'ACTPOSCDDYH2IW0KG8PV54EQN2HVA A7GMM 3YWBD0LTQC62XOVFB9F J063D2SPX8X77H3A45TAP4O33CIAR6J473FTFW5CUWSKOP287OGSLV3ACCF5JTWVXIWEM7H1S6UB A4HQOHQKE4REN5SOIXCJ9T82Y25PDFPL6O031HHNVL7IXS 1U38436PPECP1KI2ULBA8ESHRNIV7O6JFN3SAKKBH5W4JMRQ 0T9D898TH2II5SBK2RR  8H6 GG', 17);

insert into FICHE (ID_FICHE, ID_ARTICLE, DESCRIPTION, REFFICHE, IMAGE, IS_PUBLISHED) values (14, 17, 'DHUPPL0NX7LGE1WI1AY9NP73L4AV29EIS11ANSUXISLA5RRBJ3R22572D5Q66L70MIXBTQ 7YY6GOOG7XJPYCKI84MQXDCWK5AMMYGQ02NQ B0MHPDSBPMGUBD24YTPP2JY1Q9GB0KDSB84WR6NH88KPU15S4N1FI5DHONRQC9UYV3WTE9KVXKF5Y01X0QHDYWYVBICB3 JJ1M30CQGYR5V CFGNM9PMC9H7 Y3PMSHMR61WPGX6JRVM59T1WOMT0HDEYE11RJEB B4E0471YDH UA39OP85NMPJGHC OVOSGYYW8674QE1IDY1HPEPAFK7MJ8ER16B8V8CFNUIYCDW6 N VM2EIWWAS8VO4TN0TVL6G14A5A8PHHDXO 9TKY1Y3GYVCGA2UXSI1KUHBW55IX1J69VLQ05YQ 8Q7STIKFTMPSJK5GJ5RW95NT2JUT7MVJVA32SYBRXUKNKQB46QEBGPFW7LAIYYPR7NUWHPE4QQ8I3UK 141JVUVQ2XYPWNH7V3UD2R7M3 W70DM0GNUBHVCDMS8CE0G9U21YCO5B3G8U1IA40WIT1QAT4L3UI1YAC5WG0SN666G3M1E3IH8K405Y5Y103CBKU4F6H 601BBV2FRN48UM0YEMJL2 TAV85V3S0U9MN53NDSACA6KAVHLIEFRF3Q0BAH1ELNCMA6M7DXVRPF9DK6783I5B6D7UM5RG083MG27QPAHABAA2S9VBD2U31EWNS9GVU703 KRWPX2AF8HYYM574G1KFSKJOCPYERRFYNPPLMMXLUA3DRQ7M6D Y2Q6H4RETQ0VTEXKAR8ELWOT0W8LEY1 XIY6OE9B1PEN53WDIEXQKC20OWEI9MSKG T1 6I9QSPVY5OBR9SWX7JVY8X 95W8H1X5GN94DULJG4R3EQ RASK073M0SO5TNVYUE4S87EXK4Q7QFUO1NF9HKA8FIKVLGCJCF1 DAJGRSXMQQ90G8Q8P AL0B8Y74YERD16ME32VHO4XXCAJJCKK57KHFBQ', '2ID3GX90TC0TPQO98DHBNPE33TUIPL69', 'F6F1683H6RI6JBKDTDQ71K2GMI2SI1Y9BPJEHC60RXSVKEHAY6S3DS6NY0OQ3QEL7EM8VMAGLL WIAGM46EXYQCR75AWGQ12I8 08QUVKANTUTB8YROP6O3MXERW1 9T10J8BLCY0C 8X2YIG2CF86 N60MD5RJK2BUDTDIWLXVV2EHF23T3A1SUCY3 1JLG6F51CJ5DGXTCGI7FNJ4SDDGM730FV599GHDREUAN400D7CIJFW1NFL102YVGPPI8', 11);

insert into FICHE (ID_FICHE, ID_ARTICLE, DESCRIPTION, REFFICHE, IMAGE, IS_PUBLISHED) values (18, 4, 'ROXA3FXAK6JLIL7DMH2OTD5 AJV2DCK6PX0YC0MQ6  Y8PVKHJ3JOT6NKGPY7UYQXGR9CU7HSY53HS6FM3R4E8LAFXS9D JERN9YSX 171JYL T6HW U78Q6CSXW62LNVOCYEJAEK07KUSKM1JG16R338NHWUQHKDFF5P8R5HAVXD F2KAE5D1ADCVKBHWSPRNNG6V2CX8Y3ALJDRARKOI4VEPV83P77 TRT6K4NAVI7JW6XRE5TW KXH1RQNMMOD8691QX5D18B1KTL4ATEUGQI2NCYYE2BLX SW1OLEEINJF1TQFNT3AV14183R2PUVQWGVGR5 CBBQOLLY07O82EIXIUBPXVGOBCBY9ML41EL9QFFJ3PKOPYF755WDK2X 0BJ1YX69I0PMBLBMF13TC7S3TS27TYK62K8YDJO8G8Y6HCVRMPXWH284554KVB7 EFLFLEI9GNLBG05Y0XR3TMT9K5EQ558KSWS3 MG0TK09V7SJPJCID17TAF8VBJGJRO4F7H ILYK3JKXAO0F3FOJJBA13FSEUL3TX7G 7PGOVL AFLIRRL2INDN8DQBXVD36W74X0TARLGG3IXV6AQVDN258NRPLF0CKMO8T5CF91T41JYJJFXYVJO0KNDPDQ44B8EP6CIFQ NDHXPMQPN9APC5Q5P7UC6FUSHL2MCKN47L6H0XNQLYGXY58R3A2BCSKA842ILOL02IIFHW8UQCQE78P 95N2NJYK9N9VVD64 VBCILGFCV PIAQ966QDVKHFIQD1HU T4M1A8SCPY4NU5TXX1V0IJGOK52IQKYOFTVMPMUXSFXN93207FXO30F3LNHF017 4RVHFEW9RT5HQ6TM936G6FEAYQ DFKTK0V1OO3LGKKW5I NJ65LM7NVX3HQ3WOK63EYQ5 CM2BE77VOIVYE 1D3MA61WSK0MBUDOU46X002OV QC86TUY3V1TEDNSA8PG 44AERL2XF7X8AT0PD3K0SXR1DO2O399WA7BFGSUJ6X9BHUXSN4', 'YF RFBI02BSNGB755V9GU8OBM4Y79MVA', 'CF 7DB2HHOARA4Y92HVRBCSKHYUTHIJ6OW9 L9T7W748NCAOMDPBUL3CI6RB29LERC0R9A0M3KOM3SDEJF7GMKJYLL3R9V6S72SAI9A48MQSDJAIQ9QHARRILVY0PJVQ42QADCEMUYSJ3Y6OFB8KA0NQRJ5Y1SI5 5OISYAIXYXUTNG4CRF21D9RRU3JPC HOW3SMU2SSRXM JLJKLK9T7QBMUYO4BEQHP5XL  X7C7TXUA7LKNIT5DQVCECL  F', 9);

insert into FICHE (ID_FICHE, ID_ARTICLE, DESCRIPTION, REFFICHE, IMAGE, IS_PUBLISHED) values (19, 18, '06Y 69TX5A05CX2K8M8USN8H2R3AJVFTRE70 HMT1K4BAQSEP7S CCJ32TK2CSNON91S0FX93L6NI7 GS4EJR0BHAI04QJEO05L514YT1DM4CIAY161V98WW7P6G1IWAK6O QS4H3KKQ26JOCVBCYYQ4P0H2F9LMDBP5M1 TTQOJVYRX JKEUDII3T 02Q18 9TM6PAW75FKSU0LPBOGV  W09ECY2W79IRBTXVCNUTXS7M0L18 UK4NMD560R28LBY8R2TBYPLQSM238FIHI52PDT8O3JLGOSHE8T9HCB35KYWBIWEJI12H75C0XFMKOR2VC7L3E5CCTEWLROHNEVJ FOUB5QIU3S4Q2EAT5C1K5E GRSYGLJ2QRGRWD1R0WCN3A 001VI01O8YO0OKI6DQCDP  7 DGLE3VRLFVIQ X7VM0X7ODAELO21VFD1SIGPWIT FWSCT4B9JRWQGDK4DRYQWW0VL9QKRTJBVS0OTVK EB12MK2TRW8EEMRLP8XPVCJV5KAPCASPAFAQYY1TVVXBSOOHIGDDJIT37OI VF5AX9CV7F3MFTRHG20Y A3M0OJLH1ATR80RJGOA7S2WNAAFVOBMLI11P3830U45II49V KHTQ3JABVGJBE8EDSYWWOJAU6JM3F4680JWVNHN8MHWOFOWFUA16XYD2H9LL7UB1V9EPDVJTE1KES06PDOKVBLV0U51M 0MMR38PA0BAWD304FWNDEVWISVLTTILKHYK13D4MDW8LC3WFB51MBI0C413PGMY25QWV0T9 JNOPJ7GW8M5P1 W29J8PX1YV4W47AM84BJ 832W4SILYTT54244ORGTNPW SYU37K10 WEEVWKEGIN99J AB3LMB9RS5RLRLG6 KGYY8I225O1OISXM4T6E5D07J1 5Y5GHCWGLKRREPINN679IBE01LTP81U6092 LF2Q4I01OKW6GV7TNY VDHEGDIUD RRCQRGLD1OPK0BB7GG 7UDN4V8CHMETOXWOR15W BE7', 'IQ78OOOI OXPOC4PJI59I83LR7WVN0QT', '4OMSCNFYEEWFW BVB8A664QPC0WMB05LOSYBHF0GXFOI3SOU1WSPVBDNC6IHF9GSPR9EG4EGRP 4K8J0IP2IV96CJ1Y0YXL621B MWIMBCUBBO5PTIP30O172LMCTHHD4YJ3A5D3E5 97PYVH YXYM34FIILUN3JLJ QNK5J6SR207LXGKQJEFMLIDDYSGMEMMFXR477BM7YFBTU3HLJWP1JNFIMB7F6QU7TO11SSU043JI44SRIVBWIJS TXH N', 14);

insert into FICHE (ID_FICHE, ID_ARTICLE, DESCRIPTION, REFFICHE, IMAGE, IS_PUBLISHED) values (17, 2, '61XSW3PLPL05X3H3UQIQKKFNXR JJUYFXHLEI7W54J1CBTIU52SE1S9GV7CFKF9TQWSXVJ5LTW84RXTBHMM6EWNTPEEJG2FEXPN7Q2OEKL GKM2SC5WDULW0V6UTH4ON40 4Q2YLKBFC1E31N5AEHRIT9649V8ENIR7JG4HRCL9UC VDO02NCL3J4RB R97YJOFED20YXQW IFJM5T5KCLG274305ERO69GNU0ETPQEUJ2E67F5MBJKQK7WGY3XHQSOB5EPHHIGLAHVYCJABYGJIQRRG24SJWA6EIV3NGOGCLKKDJKI7YONTMAC76HGIVMOX FXI8MEB4G9F3SCUUTAMI40VYHBO5EL0LAPUUJ OHNULR61U2Q1G5BRPYPVSP1YR703VQEIQ6TFWQJFT0NOBNQ9YN1P5VPGBOEVFP 0PM07YIG1FW 2UK1UXDLPKGDGUQJ2V S3X5HKS394DXG93UMGYFTSGKSYKYTR0953R T23U3GD64HPTQRD E2MTHOQWW9BK5YK8UE JWJ7M92U9B1K4DUK7QWL0O OCPAQYRF5DCKM5FJ7A57 U J82OLHMEKKHFEP3W4TWXBGKJK1ITV22SR285GOYKPY8S5XH0PR6WAKLN 3WMBAJM73VTQL8YCE9 6XX1G8JAKTT9TNSOF51MTWM3ELHMKYO2Q829V2VYX5R15I1VT745MIH815NXJ6YRNEG7LKBHVGTYB2RWN1DWVLV6YNNHO70NJ0KPEOJ9FQDAQ6M7T96UW9MR1N86IP34LOTU8RJGC0ML2AK1WIV796XHVN48QUY9O2H07RR02APP2B2E1FQJMKHQO6V35BP BVQVK52NMNOPMQV35QVLT5ALCU0ITDU OTQCRXOWR7I VK9PN5DIT7S0G9XJVTBQLMEPCM92T2180DULSG6LUIVL61XFMWFHK2QF1BU6UF1EF6MWBG5K4FSWDXAUJJY9Q IAQLY4IF6POM3KRX2B6S73JK2M900XW6GEHLEJ7B1OIT3A8SN1L ', 'PT4P1KGS1ER8TJIYK0YC WC MYBRCOE4', 'VLEH8UAK2HGTIJRSP833OHYJBADS55Y4G1P2BETEY8LC1CUFDE5XMM46JL2UBD4E67HQLQKKPN1Y29244N2PUHFJ551BOKHU8RPQPAO X232SU0HB3Q5F129H4VKGF5D6A3A7NE0QJQ CYEPPPM1DNFIAJVYQ DD02YNHT7LI J5RP1GJ4W5JV0 Q40XGHMU57A4X O661T  IYXCVDARJIWDGVXLGG8BJP2SMKS 6HYV3BX46HBPSQ16UOFWSMK', 0);

insert into FICHE (ID_FICHE, ID_ARTICLE, DESCRIPTION, REFFICHE, IMAGE, IS_PUBLISHED) values (10, 1, '78WPBXKA60JK72GXHTUD43QGUJHVF95Y8585 7EREYQ1BY1UV65UR2DP1M04WQT68E0OW5UE0VAI8YP0PLF2BXMBPKWHIIMKGDF4TR6PTPMYAA6QFUMD BSID6WYIXUPL78CECRP 7UDQE7QYFC6T6E4V4FJ5MWMSUW97G7Y2VMTS2TDMPWVWO1GIQJ9JGAWI ISQX7J4YFAGC5H3S8W4CKD 9Y8ONSMQ4VVAVN2GJ9YQHGFJIWQBWV8DL3JJM8GQKDI8QKOYIVVJ685HM6V7E4 6HYAW5NK9C3QP653RFL8L811THYVG6K1CH8PJ88NFBRLS5RHJQH6OUO2XDTALVND5UB 46B T3S5JXVM9N6 BG0SJBYP3BWJCP5B5KEAD17JS15RD31V2S67S28SAQ3K1VG 5A4VFEPVFAFPQU23BVCU9785GJ4 S1JAFHAKR4NE4SNTJFV EYXVX33JRH0XIKCKBJVQIX29IVYYG6RWJMGV4VNMBK01KQJ5Y8 9ACLP48MIJ6Q6VQN OGF724FGPHDFFIWL2PL1FS4F8BD9GFCXPKL1WOTW3LTTQN2O831JPR05E8 J63KXVMXYN4TLBMHTS71YKDKJ9N2OBDFIYGGQ4YWT LBAAVKUE1LIA6HE886JN COHHCLVKNHJI9AGI2F98NUYYPIOLESI1 JHEQDX9YVTKSDKDH5 772NXVCL1 0DB6OIR7DJP8W9R7YT62J3MIRQ38BT7BC3FJO0FMH97LL5C VTCP81GX228PW51VE1O95EFV360RXRVQKJ5WV4Y PUVVO9NEEV77S 737O06Y856 GLW3NMDTQD 5RKQ0PXW8WEI7N WPLBBKBGILP9W6SUWW5JUJ3JI7AYL6BELBSR5DDC95DYL1F76KUKXPXHVG53VLBJOWQ4 W9MBIL3K7I41T4YATK1ISEB3JQJ6M4E590EHG9A60B2A99BDQQ9I VF4L16SOOS911N8T5IUBHAINBJUUKWPW9H1W26TAYTYC82PGWY7H', 'WUE9CSMM18AHBWLHS08DINC2R K5PRO1', ' BRXV07VW1AX44IFX6WY2PW1IMAMQBD7MC3BUWN27RQV6W34JAT1IAPUUX6GBRDPP4NJU3U09JBH3LG1O6HF8OCEII9WNK97PNO1S67SXXLBE E3X813I58J6RGI6RFUEQ4BF472IBR1E7VOBN71M9 PSY9X6JEA1WKVG2L1PSO9FMYPACEAOUEUS4VTYGUQ9H7AHI7FNAVPOWXOP1OXQ0DF015WNAMX3MY4 60FVGK28 7LR9Q1Q40HMBLXA4Q5', 10);

insert into FICHE (ID_FICHE, ID_ARTICLE, DESCRIPTION, REFFICHE, IMAGE, IS_PUBLISHED) values (15, 2, '4STQDRG MMLE8V 44VAQG95WU4O8542HPF19CF5NUR7EB6DFVIV8J8UUH2L3CQAQ3QP1281RNHETXBOKF1T6J37XA K0XW08L4WWB7DTQRJNHIKQ995VNGJEOPCX6YGHXQGPQMKVC9RU68VSAOHPY8E3KUDUBG2K6HTDW16F0JRG78K TM23IND97RNUFDC1V42S8AWMQUYJMJS6K8VH779TBOY LU00W30Y6HN2X9E7FHURNCHCVM24YINEOC 4MP1TY2GVDMSKHN5NMN569 U2O0S6LM8KQ08GSPHSALIRLYB9DMQJ0LW5DO1I0NY0EVBURD3Y9JL FJ5K9FVYN2MADVRMMTIQ5VP4WBR5DNOGMTH215P2NAM1DM PYMDHXFFE127N X3FOKGTVJ5HDGMFHSB2I 7J4P6T2F79Y4V5 SACA6QV2 J0A25YM2SRGPBJOIPAIQN WQCR9ENXWMEXQTDPJ84H45VSHOWNB4Q7L06P6DPC EER4APPI8BMOKIS1K0QFC189GGCT0FXALWQ8FDBK2ML3AJUQ5HFAB8HX63BC YFPSGH82CYQ0IBSCY7 MY8QOKCIM1VCT4P0UPAOP73WKICJOE8 H553V AVHISTQDJXWIVIO86UNFMKV6BWI O 31USPSA7SUV2DTK64BRBA5RFF8STSHWJE JWLD89SAKX S5FW1DXYPT6H55ONXD7JQWSNW 8D6MYOQ FQNL6ABD837TEPO8W3TJYO5CRWLYHR3YT1Y0I9DLE1C9PV94XEG2QU2STJALPQHHL1K994E5WT42BCC8 KI5GGR7V9MLSHOJ5TN1ND19EURPTKT96JIHA8I4RRQ0R2LJB311VU6NX66UQAMG10MRC3QHPL9XMWBKAJAYYLSLXQV0FL LIEPQMAYVE0NH7N23RFHMV00V973X8Q6 W17729XBW4VU9999OYIRHQ5T72P8EBOHXWBXGVKEMQN7G FLK1U8KOPAEK6M085FSTTTK5VAHIARFBAA7DKWR29O', 'TSF4CF5D8R5SIQQC5T61B84W3QKD PJY', '07C E36U9TJ354C 6BYRKVIJB9ELUCA6UXMJ0L2 5MAK9R3XY9E9Y7AN22CR7LMCV8KG292OBU AGRB LYPQMDWFDNX73R7HRERGNYVAWDE4F52AX19D3U110P8T94M1LFC9TV9QER0WUAJIAW1GVHK4BQ4G85OXT55NIE5FTFYK7S4TBSOADAIUW  2IKBKC4OFLAMBJHY2YM9 4MI5VP10UIYLJHLYHP0ERJYY9VHBHWO668IFLAGSM6R0K8RM', 3);

insert into FICHE (ID_FICHE, ID_ARTICLE, DESCRIPTION, REFFICHE, IMAGE, IS_PUBLISHED) values (13, 10, 'XPOV3MBP D5O H2MRWTTL2P WGHNQEMXAA3QMX5SI GGAGIL41WMDAOVAK2EWFPHCXU0FUQMPRI2V0OWNYTI2DEPFQE2P8LBE 3J8FCODPQH5B9UUDJUUY6PTS7OF4IY5MN6QWD0NH7PBW35MVPYVXIOBCY7AQWGQQXTHVD64MORLG45ARLA4I2 8TOQF ADL33EX538SEIQ12IPJ44AK6LF7D3BU FUP5UVGUEU2WTNL1I6JVXFYQ3EEYM2G95HE7N8DFB4QX9O6 MHRO6736OT9A934IHICAKITI1Q 57 JRF26YV6KUK5RXQMLSLKQ9BQX4WYG PPFJOV4 HV D8C56DTHDVY3QB OGFG5KF3FRAFBPAWQM7X726XDVSDD5LE 39KIXOE06BRY 5X8SAX0IT6P4 6XMU4NT82DSHWMR1FKCLKPABY54MWVB95J5GBEQAAYPHVLUTI46SJCWD2JCKF5ULOCHE6V7K4WYYP5Y6N LLK8LNWIC92OG3OW5D LWDYAOWPEYU0YIHEBPIMU609L31I9GO  R4PJQVCD M97NNTJSH OKREU1V6QGCHE EVJS712GLNBGWNOO74L23XCV6552YT42 EK9T8A2VWA8ORELKVK0ACWFPGQXUB8SRUAE9FTRSBJ 3 DVIH I858SCM1GYFV8U9R6S6AUTPVJ 9396SLHJWYE4R4WWKYRD8IFB1BTMEHIQJYQV5MKD6LWBFD7X6DXSWENDKCJ A0AGSCJ2FO8MKK99TM6YQXPMUR96ES2TSH1V0F9D2PQVP7RHL3EKTA9IBACL7WS9TBQF8DOJ 62AASUNXF50W11D03T5OWEKUD15J9YIOW1Q0FDMLPL5MPT55PD1IVT5WVIS0 FC528OK6FEUBMJKOM1J1H1FUALHIGOSGTAXB0BR0D4G5XEE9QBFEFP9PALOBWW1F1Q4PJHDTU2SGXKSPSIQL65SAN22QQ2YJB8ANPL8BRRPXXJG3N7RPL6VCE1ROLLQE7HL08U68DRL', 'OF7GMW6W98NHMMI72KN1FOX60E TD62R', 'W40HPFKB8DMC0659E3AGM0B13JTCTE8MP83I0H Y F25Q5OI4K4OY271K17MGWKIFSDH3LY JC9UPWFR1R JKYXOQUMXGWGF 9LACUD0968HWQME9JEI9EGBOVICQVS PY7Y2O86 TP678RCBLN2RGWVWWU26KKDAXAHGRR6WT04EAG15DNSPHITCGC7I 0AW JYK297MN8H73EF42Y7O2Q2ATD0DGFY3RDFFU915H0G71L1XQSY3347G1XNBJB6', 12);

insert into FICHE (ID_FICHE, ID_ARTICLE, DESCRIPTION, REFFICHE, IMAGE, IS_PUBLISHED) values (0, 6, 'MXJ4IG6GBA9DHWQGFWFNIHDP1LY454VC0RCKUNE7DLH68SGCMT9088VSE2GYJT1G YGLYYX 8PO81 R3DCE3US7L5QDOTICVUX01LD2BOJ7IAOA078RALTODSDH7AI 59USRE667WU607CVUY20YL8RX5N7M5GFAELAN YU6G3CR QHW04GHT84KKWLWJ97XQWKMSHSDBL4TNW921IYC7AK5PCE6G2056AEO5YVDXFI985IO6560L702NX ITCQK108RFR6C1D88K3NOXNB P0M7XDE3IUEE354XQKT W4OVHLBG9JBS70M1G7C19L6CHIS88C7G32VDNU91H P0LTGJIQ4KPVFLPQNPUDTJNEGXO9DVD0Q8DCO7V1SXDAM P7QIK4BH03ST2LQ12E83WR23M  CSPFRW4QS4HH5 WVB9TL23RS9EHHRB7159AMR0F1PAHCSUBBPJ9C2HFIE2A BW4WO3F7C6WMGOI0C6QGC5GHNKJB9 6SEPY88GUAF126AT9Q7369M8AR040NL5F86IPB8FJ5EJ71I5M 90KAWTV TCIP7FNVCG3341R692F6D0UC0SJVOUL69TK9VMOC33P5B541FEK88NEKFQKWC67J4JFTGFNH8GVRAKEE SBHG82K1IU GKMCOW4GUH B1UPTL0Q7GS4WFTYEX6DDIN53RQI0YAFXC33WQ4JHWF53LEDBM8YW32BFO84UQ9WNGEP8BDGHY4EBESXNBL57R8X4C0E44QPXAB PX8GKRPOICTK LKAF5K3444IK5XED9W7U71T8YEJ8W6FYOSJGXB6K00EJU0SSBJDUU007SVBPPF1F9GRTSQVOEHS6A0Y1X19KIBV9 34U943FM1NPEV3WDS65LWC84MHH  GGSLU68LN2GHQXKR3SFMVTUILMFYETY06W167W970Q547 0BD2L X87MNKW15B98NX04NV 6STIO40LCPMJD83XXSN5ANIRGS L3EN5MT VBBT4L6IBNEQ6YHKBMLI8BUO7', '08EIRT M5SRXRDL89735U820703TY6LU', 'SOU1XMFWYANAWW1VS40MCRF701MGT3C7CWMWW7KNTT7APN1I6U5WNHKPGFUO7BAWIE372PNL1MARYMW148EH81KRRNKOTL5MIW960HSL7 71WB74 FL35EM09WCRSN19VYT1B6A2D1WHMNNVJC8GDV3MO5KC7G68LV12DRKY1M0I6Q2 YPHET1IB863V2B2I2PYJKF8O1FTKIYIOUY4P8RKAGKKRARAJ1D5U4O2ANW73H13Q6EO9E72BAL8HNNJD', 15);

insert into FICHE (ID_FICHE, ID_ARTICLE, DESCRIPTION, REFFICHE, IMAGE, IS_PUBLISHED) values (7, 1, '6JCHKA17LCVHO4XN3U588J529I3MFATPUTSSYNVVFMAK577ODS D41GMUMPUAWBM UISMKMW7BUBGAV4M7JXYBNNG0HUAP9VW MEC3IPPBYQXLL9ATT8W21GKI4KR3W09EWGQHYE3DORTM7VB7FO364T2P32UMN371UTEAJGY0TFC3N8 ONOJUK280FEQ81O8LIHSDY0AHQUI2391DEN5J41QMULE2SW9JOCAU4OGUG1CUT9K4A3R2T4QFRSTMRDL7SF530MA Q7Q1963MKH4GO8N874RM09 LWQLVVH0IXFEJ0FLB4EU01TGIUQ13OBLLQBP30H6U1X3HW0CGJEIEAVGL1V9B5QXSPAG0YDU5RXFCRE6001KF0VCKSQ XWAXLUQT6CGGEFNVTPN5SF0CCYWA9SKPQJA 7UTJD0HTD0EVY AWEAX4K0HTCCPQXYKUK3OCPWT5L7GP XGD5UI3T7QU8EGDX1GOFKKWK6C5E86NJ4RW7VGA4SBQ4M7TFXV2B PQL2GTT5YTF8CAGWJRS3D90AA5FX9YKME8Q22NTH58S5XQM3KCDMLJOB5C7FIR7HVS7RNH K8U2UPT68BUR386NC8AA16A67JMHW7LSANJWIFIDSN03A05AM1UKI8Q22PWDC8OG9W1BGD99WGEQ89SO12N4R8NC2TPX8TS PI0J5DUODMJG1RXP6VDCS948R8 HQJF5J2149SH7K4U71WQ390IXUXJPGHMO9IIJA4LWKGS9NXO9NJT963IUBEPJ11EEBDAH6C2X0STYB096I46GGRPAOAVA3D VMBI43CQNORYA0GPQDK7OAPCUOVOBV3 I 29CITSNUT4 SA336CRRJLJ93U5Q8RX4FU3UNHCYYXHJBNCM0H19P6EOXGRFR06O4FW4B3FQJPQ81MD02JNKX7UEDJC3MG2JC41E0FWJC4W6XDV6SJOS2HR4PF67OST9MS8QWAM38UH6Q5KDO4JVKTXRDXX GPJRJRNXQJBJAYCXQ414HF2IK3 J1I', 'TKCK540GFB2J 5U2 EP6HJ24WAVUQ0I6', 'RI A7BX9J8TLVX6FE07WVQ0O6E0KW3RJUJDBVDWNTFUMBX8J9OJK63I7VWGLLG 49OYB4773XB7PDJVG0 37Q9W9LQS2BGFQGWXQRG8NSEFFJLX0AAYRVHNPVDXNH1HJ81A4N I0P3RG67BM3SVAUBB S2DYEGO6ULKYF0PDEG2EMQ49UG9RRLP0PSBOC7NVWY SP0PDXGU 1UNDFY5APFP9GENHF39CH6H8 PGBVQ9VIHBY1UAYL6GR9FT3Q8JV', 1);

insert into FICHE (ID_FICHE, ID_ARTICLE, DESCRIPTION, REFFICHE, IMAGE, IS_PUBLISHED) values (11, 3, 'NG3 A5V TL10M6O5RSXJQ723J7V7KWF1UGHC WLUO2VN1ORKE 1Q2PEBL7W05OJ EK1MHOSBMK1C2W2 DIA C OUBLRJ4VDCL4YMIJPWF Y3038L64QOQP9X667PTU9M5B 9QRRL92PW6P37OBX5DQLC1KNLE8JU52LDQVH0OB1ROIM58H6TABDG76561WSN43WX QN6P0DSMJY9JOE6DWB2D5GKP1Q3YVNUTG3RP7P0Y3EWPT8NHBGKMHXUD38U0PA6JGVWIRRLLSE09JVQBJVWGVM6VUA20NVVCF58BBYOAIJ 6C90KXTISV8QXA4H3I41CBB0P99FSFLTQEX0Q3QCYR3P6P2ASYGQHEU RSC3NYG0QQ4CAW7YOM7B7QLB1CW2Q7DEUWLWEV8KA6ONKKYC1B9UG7DS8W66UIR3TAY5G453Y96LWIW3MIJKB96K3JMAKGYDXJ3441KOQCRUEG2BDL1T1C01T18KJD24TYA6M61X KA45GNMLSEYT601YXQ9AYFQINJO4E90HV885S2723VDPQD2IIEM83F5IGG1MS3MEXTWA0RRY9GHRBL VV8 P2OUM29P3UJYB8R D0GHUVOQTF9DTVWO0BYR6WY3D6SS91MB3WY6N7VLPX36J5N28N5GT71R8T4EMDGS2493TFWL4X YO6FJI4B0M U7C 1L732ATDJ32ECAQV0T76WIR3OY206 896P8RVRQN1INSF80DEDK3AFV6MG3UOOFFBNBT0866874212EEHQKQJUM9O5YUHYALFSHD6MCKRMIHQD88TLGN67PJI8E4IE45L36FT1FKCO71NURD25V6I4QI1DIL8S3R318OYJFCYW2KO75M34TGD55W6UUYVQBDBLWMC6CAM99LB6F2UTSDAWFQ5E9O82T6UAULC4 1NAGIQHJ3I0MLJ0UB8D50UJHQF83M J6KD3NGQ EBE1LLX6M9XL80SX5TW 4MXLI3C9CDSGQOYQDNY4WFTFNGX4JGDOT5JJN4AXBY1R9ETI', 'HG0X51VUVFVS8CAYROAW3ENQNSVBL7F9', '08KVN56 5S6V3WNKDE2XBK52Q91B8 K8CRGC1M4M1W2PNKF8HPHAMH68Y23YRYPSR9 DDRT4C1381AHKTM7B684UBPHR45FDXXPMQEVU6229Y5WP8RM6K9N2OYBNYPAEWTRU7Q1O3LFO2HVA2JP5AFNJB9EIW54S5QYTP6B12YADWXQJX73IQR5HVW68E8U LATC3FQXFBFBVD04YO5K6M9MFXQSW1I ITH83ILSYN9FD1CBNQSPUOE6G5T5NVF9', 5);

insert into FICHE (ID_FICHE, ID_ARTICLE, DESCRIPTION, REFFICHE, IMAGE, IS_PUBLISHED) values (16, 0, ' QUKO0QR  P A1  GPTL1I3QVOATKYQB PD9XDK14X8DX752OFF219PXOU I44NK6411HBG8HH9AXUBNNBNA0SD6RG6SBYO9XD0P3RNTUK9NL550S4GL4PDSLDNOHS0WXL15E1JUCW9H8MJW2FICGX7I37U5T93K8PLA POTL02S  ENQI1 3OJQIDS8G9HTEGR BLTVK61NXBW4KH0XWE58K 72DXVRBBD8RTTMNG751WBNM80OQX FC2IPKR41CLR1MTP6NOBE6C36GG9PB868BBQBTH9U6A2E18P9TIQK6KU40KQLAP 3G8J1W5IV B D5243OCHUPOCGMTWV8WT 16A3G15CA8X1XKGDCC7FC5HO1625JRAES70P1QQ01GXIB8EE6I9LNQBUEI11ME3FV5D533U8L6PX2XR 1LNL0D4IABD8PB6LRPNP0ADSPDLIYPIF550QQE9QN08E 8J0G8TP1Q72KRMELXQN6GMD2DA6UOIAJ5EB90KIE5HXQWFWIAR15LHV55V0O9ONCE5OY 4I4IIT72E84Q0IJI6M VVWBGV8BI9TPWH393POCCGQTF4I8T03KXB1CRWW7CFW2D6ROHN0YNAPSWR2FXVQP0D8RE9HR3HQ OJX6H2T9L5J8XXPV5D164CQ0G2UK4FLWYF6H7WNTM1M7LMGMEQJNIQDUP3X46DBJ3F0626LOYIDO73W5IVSOP5HISSNW7N84RR1UQ498KU9IEP7D1BERIDXL3706HP89FBTV63SB9 RI30YLCB 92E46R4 8K4RXBN0MMMU6LHECHOEIIO5HQB0ORYM6AOPJGWBBLEMFVLRM0K68I NM6D2WTR02QCLXMYD3X9W596DTFOL9YD6RC B4F77VB5EAFBY1O7WQMTWCR6EKEOGXGP8 WQDFPCPA85U37DF2OOXJCCWG1FA10AWJBCOHTBJY69S461UEUM7LRPXOXQHVTNYAIPARXMJP65MXJQ FE7ENVUUDWEW8YRH147FTJ TEXX85G18', 'TT2X03ATTL32CO2NL8B7F LMDVDQDL32', 'MHPEDQAPUMWQNELXVXOATU  S8UCXEXX08 OHLD6OT28V7Q8YK1P4BODSIXDSGMJ6RE1XYLBFG503IU2MSVFPLB427QDA9762KPF1 SRHM76AMAV0GPXDESPS9OEC8KI YCT511MO5 TD4HHL8UOVT9 FESMT6OQOXE9DUHM6PS33X0ECL68T5 FW4R7F2RI9DKSVBIXMNO766OJLP86S1D ISXCT852AW9HMRLB07CC7BDF3N948C060FB9K8C8', 18);

insert into FICHE (ID_FICHE, ID_ARTICLE, DESCRIPTION, REFFICHE, IMAGE, IS_PUBLISHED) values (12, 17, '7DJ9RUKK3IWCOQV45KSD4F81BYDGEFQJ8JHJT4SJS6CSSSB4825E2PEE2HYA69QCDJI2OFMOT1I503L5FLKT PNNRLQLU 5MWPRN3QBJY1TDNREI6V1 12C1U4IFRY8WK616QCB3EWCH1CJXGH6ACQXC7NOQ3QD8GXSJ6S4WP5UHAJ QIQ84XW2W5KBMYA361N3NUYH2V0PFHEWS2Q7XP1KJC344ER6VBURH4YA8AM0GLAJGADM7JWDNV6HDCMFYJS70C5JHRSENIQDNNBRF3KL69IGHMLXKHJH9MAHKI4B51O T40J53CHJFNQN PSG8XBA4BEN42Q7U95X1OHY0VIQPWN12AFTEK46SGUIMTCYJXSG4CUEC 79RB8XGWAGWWX2KAFEGBHPME GJTH5FVC5RR4IKF1N22G18K04GC4OJOXGVMWVJ1S 8XN6S0G7P11BIFJ0TEY9L20M14C7V5MU46R6E2KJYKP4285Y8U8P 5TIGILXH80ERR4VKAFHE64NEN3CQQYGWQ0CVM6SCMCTXM1OEPCI17L7YLV4SYPVC0GRH89KCV4QRKE1VLQK7O522A0Q97RF9B5 VRM1BU1GU5UBVH73RJEL08B6EV2JIF9R1IR4XNWO5OL387H6UDN4W8OYW87RU94FEISNTRPQ19LTNWHA3NT2UB66T8EKX37QQKGKHUMFBTE1RY9KILKUST0DOOKKCG52AA9RCWW4608D110LJ54XLEJPD68AK6RAN389R60O7A0DY44JY5ES2YCS60NFYDYSW462X8LJEW7PUF41140YWO2TSCNLTEUIEBF7 VEM6V12YIOBEF5 O LID2QGDWPY1F4P09CFD E3E5M336QGVPX4EV5SOWX32YXQYQIY6TQK9G OJ8A XS7ET9NARJ4H478DN 5R8R88IRVTMC185MQO HSQKD 6971SVYMVKXQV QMVMXTUQR RKIO U5FRXV37AWIYN9OCGBOP595JU2M1S85TE GC1TPTIBI3BG7HNOOO', '5DXS30GSN45KCWS1I8GJ95LBE HGEKX0', 'QVJHIOE1TC2SP353 65NH9N3HXL74Y 9WJ3WEVRXTTWS2H94UWDFU758IX2ITJV LT9XYGMBA5FONT3KM466GYLQ0UPI0FYR H2STS51UN0SNM73O0DMEH68BW4ISBEHM06OJJKJJFKH7R8TTHGIO49W82NXA6GLIRYXJNDPVCQ6CD3H78KL6FCEV486IBK1 TCS5B41N3SA1VS9GQKRO94 TLEPCAAAW1 LO1KI63MA4YGXJ9VSWSFE1VH0KWEC', 7);

insert into FICHE (ID_FICHE, ID_ARTICLE, DESCRIPTION, REFFICHE, IMAGE, IS_PUBLISHED) values (5, 12, 'BC62HPEE58M6S7AMUFUW  H T 364DDQM S6L49AMU9WMGAR1X7P40GSS6TCC3QBXSFP01ANKASXBNYIPB3L8RKAC0GYRYTGI48GIGR0RGN97YY2CCGVHU6OXDSYM9VL35 BQM2CD2YWKV39UIXY06RSEU6E7NAUSR6695S90OEUK5DEJ7S8T0 Y3TQAK0NR3PWXITNSMIF59TXA4HY6TSM OI6QSJOGXHWLXTHLMO2XM82DP827V9MA8TVTQN6JMCL3QIDTT00BKX6HV6CWOJ4SAIUPA498WD3I5LH5E5NFVVW4HOOQWVEWQ3UJ6 18WE3U926R G0G7507Y1NA3XTNXW6J2IVR610724YFM6RN78FAY8G6OL0IJYUWHAAKNOWPGBGFO978CV6DO3001 PIP6JXW7W PJEIAHIJ1GEH22I0P4SHGLS906JXOEIU3JYR8O24XBXPO2UCYQ0916BUCEU54B3H HIOYBA10448EHOXT1I2YPHV2141DMSSYTRIY0FPA0XHE5P 2YSO3HNKY2LXJDU6 X1IPQY08U TN7U6W7 UF4DK5A89LRPNGVB0IOFGQ9KO611QW8XFPG9587MGGFYN6I8BMCM02QKJSDGE2C39OL615721X4C8BI3T8IG8VGKW86GFSIK7V04IADFHP1RWIAUVEA 58GU96QIOWM66WE7FFLADFIARR23X1YECOIA88I8HK9B44PR5TKV8L93EHU3G354Y16GDTEFPGT41V87I P2QN8L HESXBTOMOTIADG1RLGAWEI7YYAFGYOA619QVD3QIAKDO536LE49QUCHF5C33P4V7RT6UWH5DYAJ7CY3OPJ2N8WYEDM C2B6RO6 FCQWF8P6K2 7 S7GQKIRWUQJY3F7587Q76U7F1A5ICF339GS3NW2F81 ORR25BMLVO5CPOBXV2RH07C3XA B4IP2AX 437VG318R4XROE1T9D3P2D4 1I6MCMC1TUI7SJF 4 WH6Y1MGAS71PRGXR1HVJQ4RT', 'M4KU8W72SBEGHRAPYLL22Q8483P7QLPC', 'G26R7MNN5KUPDKFQUTMLGD8YX DLWAST7BVNU4EILJP1F06J8AM3USPH9WM00VIQ62POJU3O1R3UUTCOV8A7IY3A79HSCASQU9WB6G1ACSKP5RQ0E2OXR6XAEISLEI XYOE1JUS V0BAP0AXVXL9U QWUX41GRM0SWREB82X9J87SW4ENRF8W7C1XHOTSMD6Y99X30OUNAS6M3GWNC8WYYO8G09KKU36IVQ7D0N LX8V9JQE35PD0LSGP2F3SJRA', 4);

insert into FICHE (ID_FICHE, ID_ARTICLE, DESCRIPTION, REFFICHE, IMAGE, IS_PUBLISHED) values (8, 13, 'BNT VK7853VENJAGK8 5O6VKDTHXNQQV50B7ADYBNXXNG72 31L087V2UWLQMMOIVWTYJ5F5S53NUIDOHJ6LSX31HQCU VNQRNE5CXX89QRC8PSQ8IP9HYWQT6FB4SX0IFXKEXUMBE3QT77X8IRDG9QWOUB360XF96S59QPVIMRVTTLMTVNCQ 9WD429AG5JIM5UD7A1TO6S9J1MNOCN7NAKL6DWI8CG67QJ4GGRNOEL5QVCWTDPQ0RBF M3QVDUL9YASV76TF5ECYJN3 0214S1DAW T39VGTX3K6R HKSCO3N 4L69RAN5DKUQHX78XPC0KBGDBIBNSCYCDVEUG5RPP6TKENI5KLM3RJT3AGFIC4C7KUXFKKP445UP3UPFATTH1DGGVDH6S6XMUBMMGP7IRDLE2FFBHLLC9N87U0FXKIX5SV03D26F4HCYOIHOVWBT4F3QIVX2 DPVDT9JICNY5W3P6ITVNH04946VGCAXADTFYB9PYJUR7UH R5LRETCH6DR1RGGXLD  A9GAO 3Y2AS7IG1T39O7C396V42EYG07LE25K9YAV0YRENMY3WXK3JBPO DUB2YBG6U2E63 5KK4DAWO8KRXO6ONEHBPJWY2UV9VXXBRY9XS78M OYIM8T7JRVGGCYCR7IGHQWMXL9W7LMQG2I21UI0EU33NFFM7AX8RCT6CVE2 7S84DD2MHKBU301UCWDQDP P5N8A0DNOIGDN2MSU0NG F4XML6E819T9INAQKNJWYKI5WY467O H5TWLIEP3BRIGNEX0KGA9VD5A60O5RSMH 6VGGVB9N4EAQPX4FT2GJE0AH2NB9H5R06CUKBJ7W3MURO7IYJP62GWWV9Y89INHRGIIYOSY96U8POV8D6R5ILUCTI4J3W7H6H66N5N0FOGKGF4RA4C5V7YG5HDV3X71KJUNJ8SFGOH0QVD8SIB YXKJ5NJXI81 POOQHR5US0MR8767995FLP4HH95EGOEPPNG85SRCAC72J 7UL2YEFQ9N', 'HS 38O 93AJQA5KNR2H VVEITEBYIWUE', 'WMRVK754 XC2RHJGLG9SVUW981B4G1J907IJ XGJ4LNJ0FK59DVBBNGP52RFF1QG13VWTR24TW94T5Q0JRA417 EU27VHGTQPJCN9ML66O0LYP28B7TGM25H6QSBAGEH3K4J9LUMQKCV0HRFU6GJI VMEKCMFL8MMY CU6QXHVDVK36TTTVP42506U9PELAM8BGVR2C1RTWH0GT3B6D8RO5DLMNJMIMG70NXU9 ECAAPQQCJVYWHMG6 3PA3DQIM', 2);

insert into FICHE (ID_FICHE, ID_ARTICLE, DESCRIPTION, REFFICHE, IMAGE, IS_PUBLISHED) values (2, 16, '7BE0XF1344N18NTLA1854 DS0FIQ2JR TN2KWVWLWED38 OSFCCAE9N87NAE UJX6UNU7S35FPEAMPTOS7VTM88Y7QCBLPOGMABOL5U8HY6LP0YGWES40HG5JIIG7IF4T3TXQ7LX7VQ0TDWYNHPIPYTN0M4U T7YW7MI6KVR7YVL1KLFCRVFPUWQYFAJ4KKICCVCD2FSGHXCHL7SPCACWNKB25QLLW7Y219DQT5ODK0F5S0EU4HP65RQFPT5BB VGIALI80JQ TWVSH4BRR07CKWJULA6IYG5UY2X 92REOYGE7F0P SOKABB3Q8VKAFDV2R118I28NRMVXAA6QN4HBV3QM53QC0L8YUUOEKONEJYLK7W675 X85KV9ACMKYTAODAEGI N9KYA870JBYN2T6VCAX43NKD9YJ6176UY81104V5TJOCEWIJS1BSADP145G6OMVI4YCI M9BC42AML8JOHSLNQPYK8E OTHMGPTNUA0UAUSIR20669RRVTGQ5XK3Q2F72HSJESAJJ8N14N08ANJC WDB7I9XQULQSWO9S0SKTGFQ9XXWSKLC7FG4R0QVWQG2C7YPFYQILBXE1JYO7ODN404XR0D4SG1G5C1R0SUE49 QMBWKV6B3JCGXSVIW4YUMFVF7ITGMHGHDF90YX0 CMDYRBIK8 BXM53ON7IB FMDT4I4M8QW2Q4QEJIY2PPVY5TCPLKTOM8JHPBMSHKNRKTD9H63BXISIYO1TJPTDFD0PG7C 4FUU3U07WFJRJBCKYUBE4WQ20SQPXRQ9FS3OIPDFCTS2QQQV86WQP9I6CWTNXQP1CW3HD2LL5LDT ONIP7F  2LK4R9KK2S3QLJFHTHQGMWK14B 34NBWO IV27E8UYP6D5KXW8A6H OX7JAUQAONQ9LW7R1MAQG EPU2IP4YD9G AMO7J40SWFX9738NS8DCH 4KX6IA4E5QTDX8P 4144YSRENKX2X64T6BMJ3E84V4E77Q1ORJDGK67WVVDA 6F1QK76', '2P9FUB2VA1 D2CA4GF2MW9FSMP3O2RJP', '87DFP103F2PJ0GMWCQ4UTBSLKPKDVTB7FT37WY0OKLT YCKI2TAQCGJKB1KG8PNRAKV7XUP6R724OFD8RACK5CBQ V DHJ6ERYJF5VYAEYH1529EI3VT1S0HQ699KTRR59GSUFT3AOSV8URYVU40SSRQ0ND8B8G16JPE86GBN CRRMEBS00P PTWSU2HGUGX L28C3862B6VDK HLU3E74N1B1N7MY2N44VE7FNDLUYFO5FW0BLRWYRKCC5MF4S0', 13);

insert into FICHE (ID_FICHE, ID_ARTICLE, DESCRIPTION, REFFICHE, IMAGE, IS_PUBLISHED) values (9, 13, ' BX5NAU 0AY4JLX20SJVDE NQU6LBRG1MV0AFM35CAM70U260VFKK7TBWFUDGQBIWNYB2W8NJXRUM7CIMC5BRN0 I JBJIVN5 X294I0D2U0OWF9C1PG3DW 2DYEVEDY02OEQIC91IXPIC4A3FPERA01F6KNO17FNTO70OAW4PRY8DEU5WFIPLXHVSE41CXPJY1GKG22K QUYYFSAITAVSH74E8U0H8VLYJ2RYLCTCWFMFGIK5G64NMJ9YD JX1L63K1WLUXMP U4FYXJILO56HFR6XOEDC0 H8D611G9NC88SJG515BMQACLMJ1DVCU6V85OBI5AL0TOPY3QXNO2XH70KLA4RCB9Y GDLRRQRNR1L4A18CDYNNLS32O6KV784JD7GGK22KCU8346Q30M2JH13NH06JTFJK2 PFD1BTUHK55R G9DL0GA5NY R7YL5FQEFMI 0 KAXMGRDJTC15NHR1GDQT0WR6K406VGHFVHV2OH 9ELC5OY2FBCSGUXUGRN3DSKT22886XRS4R6VCPI35X0XGXOPKOFLN9RWIMI6T RG7OX5AF8L3PDG75JHJJSSMQVE2YB30 3HE0O1M2R4X4AVB190 P04 77QNJHOWPP44K3P7E00UNK1IM2Y7J8EP5F4TURWTG1EI8TK0PEDSTY3PFKQ5GIPUPMMVEU180W5CXCA7TP3B41EXISKFVUBLEAYMT9MSQI02L4W124VN6DNGI3GB82XCCAPPMJGAIGBR7FN0C85PLCSLLD5P1 EM8X8AG0OOPS96RK3P215Y B3XDU96SAX48YO80 M1BYSQBM1X7 WN1J1243202J P1FW2XN MSRMGWNLK6U8MG5HWI7R1GACCXXN X5PV4IA4NN5P2UODX7HFUN6TJW 7MBCSSF DUS21PFEKDNM2ANERW80K Q9MG 909GDT0O196RAL5A8J9DV819R5HYQ2AMGR50N48N1HAC1A16E8Q5VA2CN1PPB5GEPVBUUBNLQ19Q6D56TAIMKLF', '139OQ4TXJ9UD4R9XY80D7TRQGMEELU7A', 'KF71RQD7MK0P83SO78DEFDYL1L7099A9MSQ9SS7H07C FDBBR6YY2T3NVG6OJGC823V9 P4J BMIKBDXLHJ4Y 9VTC WJ7YB35K81V89673PVGI54B N7YLU8GB2E58E9FJFFXU0N RWIOE44LQAS0JSURFK9CFWJA24LSEQWH8HI3XJQ 0TLPJDU39S20 RBR6MXPGWQFRXS34NK K1EWATRXE8QQIHERI8M5TIF7BO8F36NUWTYQNWLN5C2CP2', 6);

insert into FICHE (ID_FICHE, ID_ARTICLE, DESCRIPTION, REFFICHE, IMAGE, IS_PUBLISHED) values (6, 1, 'MOGF15NVVMSMKCKWRJYCFHQ6J0IIFGU1JP6DVNJY LM RRA5UMUTT1C9W8CM1B2C0AQE2JVP3S4BU1X5X 0067E6EJUUU89BAT8BCUXK 3SL5C75IDHAQM86FRT46HQH3EH ET3LTAMTY5WYICT0K8B2WINH7QVVJ1XAR1YB7VE0F80T88CLR7B446F 2U744DO6WB7U43J9NMPMC4YH5107RXVNT0GARYIL7URSX22LKM7Q1W94MIDQWQCNBPI0T1TKYYNBHKP72V02S8J2WNHM2BX3HNEIYOP1CD03XAS7 8P2KLNTMSN96794 WAGDQV5H29BYMERYU2PO66YBIAPJPP IPI2KTQXB9URIR55M6 GW0B2GRYEVWAVMPL5JACHSIGO2NEKG JDDW TENEEAMO3RP4 LED PMWVG26BW7Y0NDOTFOIBDJ5WAX EI27MSO5OVJ2PA6NHPUKSOKC703QNIQ2RG1UKO2B00EE2TG4EWFJH8B3QKH0NKVKY1VX3VGO7WQ5SMW4X002L4851TNACKCOE6UUFTQP8 EW9RMFQ8BAX6W TWFJ4IDW2B1JXV6 J52YW52415U1C85BCEBBG9KSF7DOWA894O787OWBNSTSN 5YBAOWTOQ3I3GIO8PGI70AO23DRHANQ1BW2XL7OF PUJQ0PQOMRTHET0XR934EHWC9E40SN4QOIKFTERGYF1FG62Y3HUUHW08DN1JV9CN95LI577OWORD0DPX79BX WP7OQAOD5GOSVGRXMV9X58P91C1 1JGNJ7VS2VOSXU3TDDRR5EDQ08J2S7LLQ GWTM0HK8IBAPE T UVDFH7 TRYCKA9THLST1QNQ40TW8F6 C44UFDAAJ34EG2EB9F0MFGEKUQSJF7C5VI37T17QB0EQX5KR 7YDLT MY2EWB5O2HO 3XS8LGQ92V1J6O1N8CTRYI5HVQVG2D2M5X9TPQBV94J66VRTDBNA6 VI6GC528 J5 9NHAL04EPJXE1Q25T9E60KR5REE', 'KUEQFMU0IGURL5GDJSKNUP2MOLD571EP', '0YBCVXD2O3F8L17ECM41UNLVQDEOSYJ2PPLCP36MK1D4I6X4G41LLC9MYXPPHY0KIBXN4 FTLU1WKEVQ8 1GLSXGF2B2Q1C6UPLQ 8KPM3 69IV2AJ9K7829R72CW5W1KOH33Q2YY3EKYMUKN0FYN9AG KJ6DJ8TUT774ONSC15PY4W4QBYN2OE0G7X8DQ0QDF OMJ6UURSAFNA9E7VQIL9C2W281J3H6MO261LF00H1H6GXV5Y9XF JY9GVG0FE', 19);

insert into CATEGORIE (ID_CATEGORIE, IDPARENT) values (14, 10);

insert into CATEGORIE (ID_CATEGORIE, IDPARENT) values (17, 5);

insert into CATEGORIE (ID_CATEGORIE, IDPARENT) values (4, 14);

insert into CATEGORIE (ID_CATEGORIE, IDPARENT) values (6, 6);

insert into CATEGORIE (ID_CATEGORIE, IDPARENT) values (0, 2);

insert into CATEGORIE (ID_CATEGORIE, IDPARENT) values (8, 17);

insert into CATEGORIE (ID_CATEGORIE, IDPARENT) values (2, 18);

insert into CATEGORIE (ID_CATEGORIE, IDPARENT) values (12, 16);

insert into CATEGORIE (ID_CATEGORIE, IDPARENT) values (19, 11);

insert into CATEGORIE (ID_CATEGORIE, IDPARENT) values (5, 13);

insert into CATEGORIE (ID_CATEGORIE, IDPARENT) values (11, 12);

insert into CATEGORIE (ID_CATEGORIE, IDPARENT) values (16, 0);

insert into CATEGORIE (ID_CATEGORIE, IDPARENT) values (18, 8);

insert into CATEGORIE (ID_CATEGORIE, IDPARENT) values (15, 1);

insert into CATEGORIE (ID_CATEGORIE, IDPARENT) values (1, 4);

insert into CATEGORIE (ID_CATEGORIE, IDPARENT) values (7, 15);

insert into CATEGORIE (ID_CATEGORIE, IDPARENT) values (13, 9);

insert into CATEGORIE (ID_CATEGORIE, IDPARENT) values (9, 19);

insert into CATEGORIE (ID_CATEGORIE, IDPARENT) values (10, 3);

insert into CATEGORIE (ID_CATEGORIE, IDPARENT) values (3, 7);

insert into CARACTERISTIQUE (ID_CARACTERISTIQUE, VALEUR) values (18, 'S0HW5IJDQTAKNQIYNF7C8WY3OHRCA51S8QCS6M HDC0HGE8S1KVNUN42U98IVU9EGQCD31NJOKHNUB8 1P61UF2C4LLQ8GEJGDQYBPYE4CDHULA9TJCB2RBNN6QFB8U6');

insert into CARACTERISTIQUE (ID_CARACTERISTIQUE, VALEUR) values (2, 'MOJT6VILLCWDFOGT I4ACJJ61MB31Q7SQKDA  13B00UF9WEIX1SDVKO79K57T8D PKRUVHE0JACMAXBTS6RR8DIL5D6IJTI G0LTKWLP  FN10DPYB10A3FY8CNLD08');

insert into CARACTERISTIQUE (ID_CARACTERISTIQUE, VALEUR) values (5, 'R3D9WEH9X2 N31TWE0WLK12SG6P6 Y17PLW6Y1MILEULG43SIC0FRPQIRFBE389JOQIURCV0YBRW2DTF34FISWO0S8PW8H7XV3RS0JXWQYM7963SJAJWUEP61L3CP8KJ');

insert into CARACTERISTIQUE (ID_CARACTERISTIQUE, VALEUR) values (3, 'YYXKA2LY16X7876AOLENXCPK9BBHM865YIUR3PVCFQWL1FH TJPV03S4P W11M00BL3 UG WS2B5Q0LDKEVOYC5F   QXQ8WXYVUVM6WGGOM7I7J09W8J18J5FDD5856');

insert into CARACTERISTIQUE (ID_CARACTERISTIQUE, VALEUR) values (4, '  03CUY76V6UAO82L IREEK2N9KTG28O8 2DFXX537KNPMQ367 F5 U4C6PWKE3TOY6G53XOR0BW3OU92CDK8JXDFNKI2QIHVQ73FRT65OKJ0G RXKBD35U1M KJFVF6');

insert into CARACTERISTIQUE (ID_CARACTERISTIQUE, VALEUR) values (7, 'MVK44MQMLD2FUWLBVW4807SUY7U 1UWVARHC PYJV08L06F6D2RH6B11X54T7071JJOMOAUW6C61PS85CMUHPF5EEFU16YPSH5NVQW A2VMQ5H0I2WNNLPPANG2P1L O');

insert into CARACTERISTIQUE (ID_CARACTERISTIQUE, VALEUR) values (12, 'MBH0MF3SKU SDAX4A05FSOIIEDIUU3RSWIY0RY110DBAEJ8C5TVA42KHP5KNHXWSN0HTEXV59AAB2UE44 5RBYX44I96TTFVJW4IQ SUI7A3610U6 TC0NWUJ0ANKTIP');

insert into CARACTERISTIQUE (ID_CARACTERISTIQUE, VALEUR) values (9, 'R0N3V54ACJDQFCUJN1GNQSWN8X08E7IJUYEOSMD9TH5IF6TN95A8 7I10CE6VLW4Q4GDE 70B00MO8 8736Q34G2W45QFTCSTPIAI0FDPVXELLKV0IOUCYMAJWL7G1ND');

insert into CARACTERISTIQUE (ID_CARACTERISTIQUE, VALEUR) values (0, 'SOXOUS0O8MK3HH NOOX8WG2SS3OX8OR6VSPO2P2RHJ63LIR6IRTMTN091Y08XHT5NJJKNFX2LRSR2HLMDPUR3TTT0FYJLD2O18PL1V IY4YHWKCND54GNJ 6WAD8AO Q');

insert into CARACTERISTIQUE (ID_CARACTERISTIQUE, VALEUR) values (11, 'H083M9UJGB Q360J5MII8O6K93WSUY4SRPRDL4A5CRSWG R NEFRLC9Q26TO409W2YKS566WCOYKQ0XACG04B07 PN0FTY9K08LRCJMSH4Q7NG A O2HXD44XE1KI87V');

insert into CARACTERISTIQUE (ID_CARACTERISTIQUE, VALEUR) values (14, 'MQGO5JTGAS0EQVKATM0STDDJY44NSGBH9FF1FT5 MBCRG4G6GPY0DAC2E86C0NXGT4GB 852U1XV89LDX3M6RPP480Q8K0KJHD11G0HTL2NDBO4TNQEA6E7PVGY P3YW');

insert into CARACTERISTIQUE (ID_CARACTERISTIQUE, VALEUR) values (10, 'XIHRHL100B10Y19YHCEFNIR94CPCIOWA5NN1KRSVMG8G6AGTNFBP4EGS9BI04VEYNP3J3IX5C04H1O9XUBI8GSIUUOIRF0MP8D UD6P6I64TGOEC3106FKCH MJDBRUV');

insert into CARACTERISTIQUE (ID_CARACTERISTIQUE, VALEUR) values (1, '727ONCOSV0GC84ROVHIRP1IB101OL2KA73AP1WEBKCVU30E019D5VNOIXM6JW3DEBFDPJ OQ5SV8PRI1WSKNE8QOVVQUUD130WAG41GEJNJDKYFY4BRIPVP1J35IXOJU');

insert into CARACTERISTIQUE (ID_CARACTERISTIQUE, VALEUR) values (19, '74IPNRTB55N84JPGSR921WQB BIHI1XL5F7CT71 R8NRRPYSEW2ON 6SOCLRXSFXK 67BLJEHKMYPW1SUAQPN0J8ITTBELITLQT7PIT4YPAV5XWPH8LL08EYS4790ANW');

insert into CARACTERISTIQUE (ID_CARACTERISTIQUE, VALEUR) values (16, 'OCA9GTO94W1I4SPEYUKQO2MT6FJLT2M9SDCAYLXEF9Y0NTQAG18MHC48RP5HPFAK82ECGANPMLQILMG8GGUS62023O31K2MYQHIF5K VYJQ3Q2FOXICQDLLS0V3F31V5');

insert into CARACTERISTIQUE (ID_CARACTERISTIQUE, VALEUR) values (6, 'FHGL6FC41H 0RBGM6I91LI9EWLGU MBEVNKWG255UO5GBTFJ ESBDPMDGX7JQFIF0EXHY159V0LOUBEGH0U60DDSTP0SVB2K7X9GH63AVBAXTSNY8VXARXF5IL7UPESN');

insert into CARACTERISTIQUE (ID_CARACTERISTIQUE, VALEUR) values (8, '6RA48TQ5WEWALLSBT 2 DX8XUS9IO 4IW KW9Q8RBYIMTSC92VF7YOV4K9M1UVAXYU BF85NCEA08EQT9U97VG8Q27174JOUU5B4NQF7X4CCF0B50178JBDY0WWW0R8Q');

insert into CARACTERISTIQUE (ID_CARACTERISTIQUE, VALEUR) values (13, 'GG35S 5GG8HKSKK0GIJM9NGIIDB2WM2K26G7KYLUPQ3MP87N3YAR81SO H2O3EDVEF65OY5FTA9IGH UTY0YJGV8BTKSTRLPI6PXNJDQEFRA43YWXS2O73CITSUF6L9M');

insert into CARACTERISTIQUE (ID_CARACTERISTIQUE, VALEUR) values (17, ' 35EYI0VFG  V47N5MBC7E1C6KON813ROQAK 2WGBEXPMT1HLADGA6V5H3ELUM QXBJE0J4MU5DK9VWBSHIG8HYS842DW0XQIXYX8NU28ANQL3ELONLYOLLRD6D54A3G');

insert into CARACTERISTIQUE (ID_CARACTERISTIQUE, VALEUR) values (15, 'HEB7QDE 38SDBOA9M18H66515JO56QV4HCYBIYB4G7GQ02IUBLLM5293CA LLYQJD6YDHX9SQ6 08 3CY6L10HN 3BYQVRB K30IG20RQUDJBFAD2CQEYU6AV8VVCDF9');

insert into ADRESSE (ID_ADRESSE, NUMERO, VOIE, CODE_POSTAL, VILLE) values (8, 'V3Y8NF54VXAQYTEK', '08C231MLYDG4UOAG7KSD1212SCJAA14KX2AJUE0SUNAT12Y4AAXMMGVHEF6KJVYJINJAH60SDXJWYGB 2TYEXU1MIYN79IJNPH SONW1FPXKCUHRPXNQ18XPSAYE54LV', 'OIDHQH5SSU2H 3XJ', 'IRGAEY3C01J815CLK SB3YVVCK04QKTDHD59HUINXAL1QJNMT7KE2NCKH0O0 UT2');

insert into ADRESSE (ID_ADRESSE, NUMERO, VOIE, CODE_POSTAL, VILLE) values (5, '6LD9TSL9GN9OMXRR', 'RJ0GNSF3LO9QR2TV W67GKG4I3VHSQPR91Q1R3 TM5JSSA8LU6170LUEV3F835GT467JRU VS5PTRQOGODB6T IPSBDPOXDQG1G4D UB3TLNM GRS0VU4DVV1TRREUC3', '3B5HO9X46 FBRF23', '7JTIG3NFEOLM19KYKQNQI30EUSHEB2AQ47U0HIAOV8QN6TTQIWAV2QR3JSWY UHS');

insert into ADRESSE (ID_ADRESSE, NUMERO, VOIE, CODE_POSTAL, VILLE) values (6, 'IL6XUBIQ8LMRJRCQ', 'OF4 BR2Q02O32 1DSA7W1MK9QFH8 YE0O1LC5PEACL2 U 1PT8I3LVFSGPYY0NQ5Q8VHDKOMDWK8IG9NAPK5QKBW51AW3IPPK9KMCGXXR9MRJ5KP58XXBFEJ6LAYNIUE', 'DIDVFVUSY5I89FBM', '139WL8BU3SWTB09ROUEF6BJX2P5D26T98QU7RMUXDVLWIXU8HGH AVJLE00GJ8VN');

insert into ADRESSE (ID_ADRESSE, NUMERO, VOIE, CODE_POSTAL, VILLE) values (10, 'U70PK7N62623L1DH', '7205DQBXKPCID54SN7O72GW7BCC3 SSH6F7DP07X92GH9S4HISMWNW7WQYKBFUDQDWPPD81OQ EOGN TTW7WMDX70YPN4GLH4SVIGMHI9U842O9C48K3HPQ75M353MKJ', '55P4W8JKK3XLETQQ', 'IUB0GFPDTH0 H0XCHA XN1 8JQI3GRYPOQI5WEXX2ER67ICHVOEHU53E5AEPJE54');

insert into ADRESSE (ID_ADRESSE, NUMERO, VOIE, CODE_POSTAL, VILLE) values (13, 'QPQ8CT9E1CPOXXR6', '46K9VLC9ISOW40O7ACGGK0KII1VXEOKAI FGE JCNT44J421PGA06OEAX1O3U72OSVOJTT8N4NLX6RI01O4QIFF7M9XS95N3XA83RENNUSSIQY5TGSPOM61G63M7CL3J', 'FCRJA416CVFJ1NTR', 'JSEXP PWNPD1HX62UOP5JFMKT344BQXKRE196DJ56TP3S6T683TCIR3FVIWY6W9H');

insert into ADRESSE (ID_ADRESSE, NUMERO, VOIE, CODE_POSTAL, VILLE) values (4, 'GCOSCCE8D543YO4N', '8GNORD9B5K20W BPIFG K9PTLRFKN2CHGD5VALL4R1FQ8GJF51DP742JC6O4R7E0RVLCO8E5S2JV58GBPQ6 DM F86E512JNPHJP8SLYSBPS1GV5YJ81STEUJ86XTY5H', 'OSEVDVS3MGXG2OJN', 'CP76J513M B1FJTKAHAOHD85 MKUD98SPN9PX4XPF7DIOHSDM4EM0PTGCDOI4G4Y');

insert into ADRESSE (ID_ADRESSE, NUMERO, VOIE, CODE_POSTAL, VILLE) values (9, '5SP3I9U UKG2K9 3', '9L5P3Y7MP6WQ7KQC36K224GNUNEUCER5SBA0DQGTVWS4S96QM5TBQ6F78LY9PA1U1KEE0HOP1GLBWJHSLTB09XQI5VHJ PW792POXPFYDLCRIN2GD71IYK0YH78533BG', 'VDQ4HYT0WERQL7GB', 'P0BXFF6FDBR8NVMCA70TMHWKEFENJGC0L82XYFTBPW XFQARRMOVPSNA3AK0LHFG');

insert into ADRESSE (ID_ADRESSE, NUMERO, VOIE, CODE_POSTAL, VILLE) values (17, 'UUCXV4E4OXN84XXN', ' A NWBCTGVKVJ7J7R8N33L LH 6KX6GD8HP5NFA08NJ5SYM1XJG6TTKXUGVA7VN8EP 3SG7W4073Y38JHKD46AT MLKTLHDUBRMCU4A8UU3AN ESHI0D5C EB85POI8J', 'TX9XQKTL EOA KYH', '0NVUDT5V1A6CYHXFU0LELXBVS7OD826C1BSUGII6FN5A3RWOUVM3IGG866VKAXEB');

insert into ADRESSE (ID_ADRESSE, NUMERO, VOIE, CODE_POSTAL, VILLE) values (3, 'R1VKI4VWPKELR L4', '591V6FSFOUG8FBDCADNDNME9TW6LXS37LMBO6K7B5G5MP1IFRX7ME M7GYV1QGT9LY8P264BAXP1SEBN4Q9M4ODGWJ2REUKNN951 0BFH9D5 XI8040 F5GPAIBE2MLT', '2Q3C3CCY  572TA5', '44H4VRHTBVFLNGMCEG9NJ9MOF1XDG77H4OBV84Q JP33ATPTMROUQIM44ECQD8QH');

insert into ADRESSE (ID_ADRESSE, NUMERO, VOIE, CODE_POSTAL, VILLE) values (7, '89JNUPB0NLH8D8YF', 'K86PY7Q2L9XODEWWG8E7R4V64MSPWRARLE0UY5E9UJYD2XHYX Y KNSOBCAEVG81E10KUJLKTFJY VF59 VW51JH9VC9W86P1881DAO1K2J80V0URS NQWKGMA43SW C', '65XHIYWFN27F9BPD', 'CD9D B69CM PKBY2XLQF2NF05M8IKLDIFG WIHSXEWHC0RBIALW7BD3AXVCNJAMA');

insert into ADRESSE (ID_ADRESSE, NUMERO, VOIE, CODE_POSTAL, VILLE) values (0, '0DMOJ9340CPXSN9G', ' UBG7N9AJDF1XVQW1KUYG2IYMDDRBHO32IO1 4 GL3C8E26P6ELKBQ6WQRK42DILLN813JP6YP2O0 56P2379CGOYTU3M5S29FPQ0XIPBF0B9CKRG6SQ5KH9NPYLDS17', 'RCC03N05CLVBLGMQ', 'IVSS4YRNSKQX05T4X3A AOWG7434LF523FNE1DFPYGGGVVRGK8QNLV8J60LX JSM');

insert into ADRESSE (ID_ADRESSE, NUMERO, VOIE, CODE_POSTAL, VILLE) values (19, '9WJKVM LF35RW6EH', '4VCG0OIPQDB3K7IGR2UYPFH6LCBLPFX9QP6K9F2GOCQ07Y8RBW0PM8WFXH23WLA1XHSFW3NS0YN1D55R6NTXGI9KALV4203U1JHFYVXY1L699QS0X BJN3BPL07QBQGH', 'PQRV5 HK5A3AY3O1', '1L72CO9WS74YSIIICYN4UIO3E4L3WDHAORP821XJK7QHWYNXP 6AHEY7VPGNEXFW');

insert into ADRESSE (ID_ADRESSE, NUMERO, VOIE, CODE_POSTAL, VILLE) values (16, 'PNL75TOX 1YETQFR', 'T 51B9OVGG QTVWMFE9HL5XFBQ21L2OECNFRU0UVCGIK 0A8174RK24V7N64TM8G5AK196KW7EQWNW20HGXDRI4SHEW5RAO379FG733E QEVHJCOWXGE9G8BRD9C47TA', '6VNVDECA40WG5EW ', 'P 3B5Y7G0L228FVRMT14VPWI UAQGLUTA6 TD6137CGUOC2PEQOMBUL4KDQF W8 ');

insert into ADRESSE (ID_ADRESSE, NUMERO, VOIE, CODE_POSTAL, VILLE) values (15, 'RQWMP98VYAB6YL8N', 'SVMJ7CUCYTUQ6AIGTB1X26 81QYVIUKJP2CXQUF9VO1PAO0560S1360TSIA0EWYW2PG86QK5U7P1AMJ D5CV6A5VTF918F8WGBH4QI4ME240H7VU4Q3N LCPC0J8CNTN', 'TSPCYU4GBPLA1AUP', 'W M8ISKBM8 Y4G8VSS7S0G7RRW6WQS6TIWV4732K8PBJATK1WSAO0I3L9VODEDF9');

insert into ADRESSE (ID_ADRESSE, NUMERO, VOIE, CODE_POSTAL, VILLE) values (12, '609K960MHFWCCT2H', 'T9NANV7RIN9Y7X03MI1K6GR82LE X77SJNRFYUY6I6R9MG0LG VUAKNT 8TM4W3GEGCCNQS35MXATR7SLHXRQTHEKVEK VDBKDISM476LSOGS60ME25MVGTGO4E9GJ1N', 'VTURQG LXST5M7OE', 'F4C0YOWVA5TUTPEDAEDECBRE0GV M4XVGN8IAHQPKKH29O9OW G1XCUFIN32URPM');

insert into ADRESSE (ID_ADRESSE, NUMERO, VOIE, CODE_POSTAL, VILLE) values (1, 'Q6E 75O QX3   N2', 'OT4LOTUME6M8E80KPN6RY FYMGS6DL96N4LLI0L9K602IQYOOVCJ458G024RI1B6YA4OQ4EBFUSISUQHX4KCG1A  YNMJ3RHC5ERUUFNS3H3VWE1HOHMX S40X980A6E', '96EA83N3FTOXBLC3', 'OAE9IN835V H3OR82RAQJF6IJ5DUKA14PMEWVMBMLOMDPRPVLO6PXNQ CKBM10AG');

insert into ADRESSE (ID_ADRESSE, NUMERO, VOIE, CODE_POSTAL, VILLE) values (11, 'T8GYFXG42UO20399', '3AXSA4YLVMCDAN6 RHBTDN51 JI9EHCUS5RPEAG18V8YF0GGKC1FMVVB65MA3R97GUOKEUIEW2OIO8Q45S6 CWO6CVF EI0FJC1DFMYMA7XO9UO647  46EBLMH0HDTY', 'UGCIW0RVP8VSUOP0', 'G E6M41FVFE2BF2 NH64PEMPL59RIH09CJ8RR8L3ABXY4D FROX8EC42A14N5KVN');

insert into ADRESSE (ID_ADRESSE, NUMERO, VOIE, CODE_POSTAL, VILLE) values (2, 'FXUAM 9 2EU5YAYN', 'VDY7JRM675S6CN5EKOD3HF0 E3Y3HB5UQG45OLO3UGRQXQ60W4UVTQPYQQO DKKKPVWCPVBWWG141GUT 7MYFCTKXT4H2MR8WOCYEGWNCCE4IGH53EK2JXRLOEHDF9NE', 'AI704GW05TWOK0KH', '56FFB6DTMDHD8KQMYMSCGDP0Y3KOXERC0L4Y5KUA0A1RNAPKLCPP7RY EYT9UCOK');

insert into ADRESSE (ID_ADRESSE, NUMERO, VOIE, CODE_POSTAL, VILLE) values (14, 'KKN8D7U6QNH0NEQ4', 'SR46EN1 N CJ4PKWWY6VAA7F69IH5KA87QK7BXF0N509JCQFGWN5OMW0Y0PQUVUDG1PCN4WEM966DXPN91TNPDTPY05 3UO 7U6UQ9GD7NA637G16Y45581IKGM6CDBT', 'UR6NYG2JCCR0TIVO', 'KB4538QQ0O6L73IPHRDNX L0X4UVQ5R2SJXWTCTWNU5BSUW2TI0LRSKL7R71CSD3');

insert into ADRESSE (ID_ADRESSE, NUMERO, VOIE, CODE_POSTAL, VILLE) values (18, '1LIX5IVEM 57LJIL', 'K590XRCLGBG8372KJ0PJS6TXKAKAWNE41P 8D7TEW5ECQBSR0EEMAKK 362A25ROH2YV8KEIDOKH54 OP0MC7VU7QNU9 NDR8JFCI0QA5D0QII9V4KIL 0DPI1B8Q6EA', 'QBCQ0V F6NRCT73N', '2CL2YC429WWH1MS671MWRAXSBW48CH I8K J0VS4NQYLMT75NJS XSW6QBJ3BT6N');

insert into PROMOTION (ID_PROMOTION, POURCENTAGE) values (4, 0);

insert into PROMOTION (ID_PROMOTION, POURCENTAGE) values (18, 2);

insert into PROMOTION (ID_PROMOTION, POURCENTAGE) values (12, 8);

insert into PROMOTION (ID_PROMOTION, POURCENTAGE) values (16, 10);

insert into PROMOTION (ID_PROMOTION, POURCENTAGE) values (8, 11);

insert into PROMOTION (ID_PROMOTION, POURCENTAGE) values (7, 9);

insert into PROMOTION (ID_PROMOTION, POURCENTAGE) values (19, 7);

insert into PROMOTION (ID_PROMOTION, POURCENTAGE) values (17, 18);

insert into PROMOTION (ID_PROMOTION, POURCENTAGE) values (1, 1);

insert into PROMOTION (ID_PROMOTION, POURCENTAGE) values (13, 5);

insert into PROMOTION (ID_PROMOTION, POURCENTAGE) values (5, 15);

insert into PROMOTION (ID_PROMOTION, POURCENTAGE) values (14, 6);

insert into PROMOTION (ID_PROMOTION, POURCENTAGE) values (10, 3);

insert into PROMOTION (ID_PROMOTION, POURCENTAGE) values (0, 12);

insert into PROMOTION (ID_PROMOTION, POURCENTAGE) values (6, 16);

insert into PROMOTION (ID_PROMOTION, POURCENTAGE) values (2, 19);

insert into PROMOTION (ID_PROMOTION, POURCENTAGE) values (9, 14);

insert into PROMOTION (ID_PROMOTION, POURCENTAGE) values (15, 17);

insert into PROMOTION (ID_PROMOTION, POURCENTAGE) values (11, 4);

insert into PROMOTION (ID_PROMOTION, POURCENTAGE) values (3, 13);

insert into ROLE (ID_ROLE, NOM) values (19, 'H EHN3TJY3MJO6 Q54IPV9AC4OW6D0JLGCYSDL1OXSK FIFPP8BRNGSQ5R2RABSY');

insert into ROLE (ID_ROLE, NOM) values (9, 'C19HYB315WTRNCNI0AM479HA64MJJJ4FREL0BRMTCHKIHHE85AS064E9VXBIIX3L');

insert into ROLE (ID_ROLE, NOM) values (3, 'A1DCT8175T4IHK3X3H94K68TVL25YIX0DV604TBF5H0HK0RPTERRSFA7OWXI01ID');

insert into ROLE (ID_ROLE, NOM) values (15, 'C0Q1ED3RSCVS4Y2P3V2RONLQPU6473CAI Y 6JQHGLI7XEF5MX5EIBRP8O44K2NH');

insert into ROLE (ID_ROLE, NOM) values (0, '1GW ER6YDLV333T7205LWS3FJ D3E18NYGQNE73HS44E9JW4XQCPW5KAQMM8J MK');

insert into ROLE (ID_ROLE, NOM) values (11, 'BBT5YWQHQ4HHC215O16PYBTQVQO84JX0 LQ66L2D7VFCSR7NM681YV24VQK9S91S');

insert into ROLE (ID_ROLE, NOM) values (17, 'Q43 OUOL5YJGCH0W1LAO5B9 MAH4HCCSA3QAFYTNB6JT8VSA34868U0SUEQ1NU U');

insert into ROLE (ID_ROLE, NOM) values (10, '9VOFT3F1GNB 1DG7TS4K9HJ28ASW2LRW5716K31A5T 1T8N26Y7GR QEBJA0Y74W');

insert into ROLE (ID_ROLE, NOM) values (5, 'E13XXOV0YAPLXEMC28UYKX5CMY08Y24SBODJIAVRA3VS9N9J9JKQ2O0JIMY03CIL');

insert into ROLE (ID_ROLE, NOM) values (2, '5NEF95I8HF0A L75H22XWD6M9X59SYQB2R0JMA02STSBSINQ996A6V5B2KWFVNT3');

insert into ROLE (ID_ROLE, NOM) values (18, '253DFI7 C32MOKHV5VX1GV5A2FMKMYHY37QXUEMO7BTE4M97IYGYNWYB8SV6N532');

insert into ROLE (ID_ROLE, NOM) values (1, '2K6QKAEXCV7JYE6CPS3C3537I4EC2APLQ8SVLCDJMDIBHC3YX0A2IPQPO82MA9 P');

insert into ROLE (ID_ROLE, NOM) values (16, 'QE6XDI0CTS8LBPITAGPG2CMOH7X67PANNL 2RGG6LB RKHMLUA3FAN81KC6O3 MN');

insert into ROLE (ID_ROLE, NOM) values (14, ' M3X0PHXJFISPI93IYDE52QMGB69NDL15KKQRIJJ6XS2MEV356PD0PTFL1FOYSK2');

insert into ROLE (ID_ROLE, NOM) values (8, 'ERI64WQXVUVMMHMHIYASNIYDDOL6H0H5YU9IIQT4YJ0YDXA18JKQ779G QHJ6KYN');

insert into ROLE (ID_ROLE, NOM) values (6, 'YRDLUL62LLL30NCQWI2PBAEQNY42BTAYCPEOEXWVYX8O1EVG QJTX2U9EELMNVEJ');

insert into ROLE (ID_ROLE, NOM) values (12, '457NVVQL1QLRDMN7UAUOGLL48C8L8KWU2VQVCD1BSFJ BN4WRM1FPPDF1FGUOL1E');

insert into ROLE (ID_ROLE, NOM) values (7, 'XW2AC6U71S4KMHBMXEASU1KDLIVUUEOQDLIBRUUEIUI7G0 EFLYXJ063LS9K48FE');

insert into ROLE (ID_ROLE, NOM) values (13, 'WJGYWME4VV13AUJBAFIMSTVTMNII83H0 MHPJLILNG705C0HEHN40E0S8VPPBRP7');

insert into ROLE (ID_ROLE, NOM) values (4, '9E9XAIBI9BPC3IW9FDR9904KS4EED6C3PXHNB1DJD3 7O9AK5B 9O2N A0HCX6GT');

insert into LIENS_CATEGORIE_ARTICLE (ID_ARTICLE, ID_CATEGORIE) values (6, 14);

insert into LIENS_CATEGORIE_ARTICLE (ID_ARTICLE, ID_CATEGORIE) values (17, 17);

insert into LIENS_CATEGORIE_ARTICLE (ID_ARTICLE, ID_CATEGORIE) values (14, 4);

insert into LIENS_CATEGORIE_ARTICLE (ID_ARTICLE, ID_CATEGORIE) values (9, 6);

insert into LIENS_CATEGORIE_ARTICLE (ID_ARTICLE, ID_CATEGORIE) values (8, 0);

insert into LIENS_CATEGORIE_ARTICLE (ID_ARTICLE, ID_CATEGORIE) values (11, 8);

insert into LIENS_CATEGORIE_ARTICLE (ID_ARTICLE, ID_CATEGORIE) values (4, 2);

insert into LIENS_CATEGORIE_ARTICLE (ID_ARTICLE, ID_CATEGORIE) values (0, 12);

insert into LIENS_CATEGORIE_ARTICLE (ID_ARTICLE, ID_CATEGORIE) values (10, 19);

insert into LIENS_CATEGORIE_ARTICLE (ID_ARTICLE, ID_CATEGORIE) values (12, 5);

insert into LIENS_CATEGORIE_ARTICLE (ID_ARTICLE, ID_CATEGORIE) values (2, 11);

insert into LIENS_CATEGORIE_ARTICLE (ID_ARTICLE, ID_CATEGORIE) values (18, 16);

insert into LIENS_CATEGORIE_ARTICLE (ID_ARTICLE, ID_CATEGORIE) values (1, 18);

insert into LIENS_CATEGORIE_ARTICLE (ID_ARTICLE, ID_CATEGORIE) values (3, 15);

insert into LIENS_CATEGORIE_ARTICLE (ID_ARTICLE, ID_CATEGORIE) values (13, 1);

insert into LIENS_CATEGORIE_ARTICLE (ID_ARTICLE, ID_CATEGORIE) values (16, 7);

insert into LIENS_CATEGORIE_ARTICLE (ID_ARTICLE, ID_CATEGORIE) values (19, 13);

insert into LIENS_CATEGORIE_ARTICLE (ID_ARTICLE, ID_CATEGORIE) values (7, 9);

insert into LIENS_CATEGORIE_ARTICLE (ID_ARTICLE, ID_CATEGORIE) values (15, 10);

insert into LIENS_CATEGORIE_ARTICLE (ID_ARTICLE, ID_CATEGORIE) values (5, 3);

insert into LIENS_SPECS_ARTICLE (ID_CARACTERISTIQUE, ID_ARTICLE) values (18, 6);

insert into LIENS_SPECS_ARTICLE (ID_CARACTERISTIQUE, ID_ARTICLE) values (2, 17);

insert into LIENS_SPECS_ARTICLE (ID_CARACTERISTIQUE, ID_ARTICLE) values (5, 14);

insert into LIENS_SPECS_ARTICLE (ID_CARACTERISTIQUE, ID_ARTICLE) values (3, 9);

insert into LIENS_SPECS_ARTICLE (ID_CARACTERISTIQUE, ID_ARTICLE) values (4, 8);

insert into LIENS_SPECS_ARTICLE (ID_CARACTERISTIQUE, ID_ARTICLE) values (7, 11);

insert into LIENS_SPECS_ARTICLE (ID_CARACTERISTIQUE, ID_ARTICLE) values (12, 4);

insert into LIENS_SPECS_ARTICLE (ID_CARACTERISTIQUE, ID_ARTICLE) values (9, 0);

insert into LIENS_SPECS_ARTICLE (ID_CARACTERISTIQUE, ID_ARTICLE) values (0, 10);

insert into LIENS_SPECS_ARTICLE (ID_CARACTERISTIQUE, ID_ARTICLE) values (11, 12);

insert into LIENS_SPECS_ARTICLE (ID_CARACTERISTIQUE, ID_ARTICLE) values (14, 2);

insert into LIENS_SPECS_ARTICLE (ID_CARACTERISTIQUE, ID_ARTICLE) values (10, 18);

insert into LIENS_SPECS_ARTICLE (ID_CARACTERISTIQUE, ID_ARTICLE) values (1, 1);

insert into LIENS_SPECS_ARTICLE (ID_CARACTERISTIQUE, ID_ARTICLE) values (19, 3);

insert into LIENS_SPECS_ARTICLE (ID_CARACTERISTIQUE, ID_ARTICLE) values (16, 13);

insert into LIENS_SPECS_ARTICLE (ID_CARACTERISTIQUE, ID_ARTICLE) values (6, 16);

insert into LIENS_SPECS_ARTICLE (ID_CARACTERISTIQUE, ID_ARTICLE) values (8, 19);

insert into LIENS_SPECS_ARTICLE (ID_CARACTERISTIQUE, ID_ARTICLE) values (13, 7);

insert into LIENS_SPECS_ARTICLE (ID_CARACTERISTIQUE, ID_ARTICLE) values (17, 15);

insert into LIENS_SPECS_ARTICLE (ID_CARACTERISTIQUE, ID_ARTICLE) values (15, 5);

insert into LIENS_SPECS_CATEGORIE (ID_CARACTERISTIQUE, ID_CATEGORIE) values (18, 14);

insert into LIENS_SPECS_CATEGORIE (ID_CARACTERISTIQUE, ID_CATEGORIE) values (2, 17);

insert into LIENS_SPECS_CATEGORIE (ID_CARACTERISTIQUE, ID_CATEGORIE) values (5, 4);

insert into LIENS_SPECS_CATEGORIE (ID_CARACTERISTIQUE, ID_CATEGORIE) values (3, 6);

insert into LIENS_SPECS_CATEGORIE (ID_CARACTERISTIQUE, ID_CATEGORIE) values (4, 0);

insert into LIENS_SPECS_CATEGORIE (ID_CARACTERISTIQUE, ID_CATEGORIE) values (7, 8);

insert into LIENS_SPECS_CATEGORIE (ID_CARACTERISTIQUE, ID_CATEGORIE) values (12, 2);

insert into LIENS_SPECS_CATEGORIE (ID_CARACTERISTIQUE, ID_CATEGORIE) values (9, 12);

insert into LIENS_SPECS_CATEGORIE (ID_CARACTERISTIQUE, ID_CATEGORIE) values (0, 19);

insert into LIENS_SPECS_CATEGORIE (ID_CARACTERISTIQUE, ID_CATEGORIE) values (11, 5);

insert into LIENS_SPECS_CATEGORIE (ID_CARACTERISTIQUE, ID_CATEGORIE) values (14, 11);

insert into LIENS_SPECS_CATEGORIE (ID_CARACTERISTIQUE, ID_CATEGORIE) values (10, 16);

insert into LIENS_SPECS_CATEGORIE (ID_CARACTERISTIQUE, ID_CATEGORIE) values (1, 18);

insert into LIENS_SPECS_CATEGORIE (ID_CARACTERISTIQUE, ID_CATEGORIE) values (19, 15);

insert into LIENS_SPECS_CATEGORIE (ID_CARACTERISTIQUE, ID_CATEGORIE) values (16, 1);

insert into LIENS_SPECS_CATEGORIE (ID_CARACTERISTIQUE, ID_CATEGORIE) values (6, 7);

insert into LIENS_SPECS_CATEGORIE (ID_CARACTERISTIQUE, ID_CATEGORIE) values (8, 13);

insert into LIENS_SPECS_CATEGORIE (ID_CARACTERISTIQUE, ID_CATEGORIE) values (13, 9);

insert into LIENS_SPECS_CATEGORIE (ID_CARACTERISTIQUE, ID_CATEGORIE) values (17, 10);

insert into LIENS_SPECS_CATEGORIE (ID_CARACTERISTIQUE, ID_CATEGORIE) values (15, 3);

insert into LIENS_PROMOTIONS_ARTICLES (ID_ARTICLE, ID_PROMOTION) values (6, 4);

insert into LIENS_PROMOTIONS_ARTICLES (ID_ARTICLE, ID_PROMOTION) values (17, 18);

insert into LIENS_PROMOTIONS_ARTICLES (ID_ARTICLE, ID_PROMOTION) values (14, 12);

insert into LIENS_PROMOTIONS_ARTICLES (ID_ARTICLE, ID_PROMOTION) values (9, 16);

insert into LIENS_PROMOTIONS_ARTICLES (ID_ARTICLE, ID_PROMOTION) values (8, 8);

insert into LIENS_PROMOTIONS_ARTICLES (ID_ARTICLE, ID_PROMOTION) values (11, 7);

insert into LIENS_PROMOTIONS_ARTICLES (ID_ARTICLE, ID_PROMOTION) values (4, 19);

insert into LIENS_PROMOTIONS_ARTICLES (ID_ARTICLE, ID_PROMOTION) values (0, 17);

insert into LIENS_PROMOTIONS_ARTICLES (ID_ARTICLE, ID_PROMOTION) values (10, 1);

insert into LIENS_PROMOTIONS_ARTICLES (ID_ARTICLE, ID_PROMOTION) values (12, 13);

insert into LIENS_PROMOTIONS_ARTICLES (ID_ARTICLE, ID_PROMOTION) values (2, 5);

insert into LIENS_PROMOTIONS_ARTICLES (ID_ARTICLE, ID_PROMOTION) values (18, 14);

insert into LIENS_PROMOTIONS_ARTICLES (ID_ARTICLE, ID_PROMOTION) values (1, 10);

insert into LIENS_PROMOTIONS_ARTICLES (ID_ARTICLE, ID_PROMOTION) values (3, 0);

insert into LIENS_PROMOTIONS_ARTICLES (ID_ARTICLE, ID_PROMOTION) values (13, 6);

insert into LIENS_PROMOTIONS_ARTICLES (ID_ARTICLE, ID_PROMOTION) values (16, 2);

insert into LIENS_PROMOTIONS_ARTICLES (ID_ARTICLE, ID_PROMOTION) values (19, 9);

insert into LIENS_PROMOTIONS_ARTICLES (ID_ARTICLE, ID_PROMOTION) values (7, 15);

insert into LIENS_PROMOTIONS_ARTICLES (ID_ARTICLE, ID_PROMOTION) values (15, 11);

insert into LIENS_PROMOTIONS_ARTICLES (ID_ARTICLE, ID_PROMOTION) values (5, 3);

insert into UTILISATEUR (ID_UTILISATEUR, ID_ROLE, LOGIN, MDP) values (17, 19, '03KX3KNYW6OGVBQ61IS2WW1V47QFCI81PI4QUB7U9J32IS7WW4VXJYMUONWP44L2', 'UODNALIA2 3HN691  705QI5T5JXUPBLGSE827N5EWGIEDMSKU5I3SACMDXQFV23');

insert into UTILISATEUR (ID_UTILISATEUR, ID_ROLE, LOGIN, MDP) values (19, 11, 'QALNIAUHO4PJA3KEYHBODNMNNFJ5QKKSVAOXQ0492G4AX5HYJ4XBNF QU8UG63O0', 'CWK 4I7TBWJ3HAQA6TI6T QSYXW837N7UEHWRU8WG28PLASDB9XKBY MJN4GOK8X');

insert into UTILISATEUR (ID_UTILISATEUR, ID_ROLE, LOGIN, MDP) values (9, 0, 'UO6AHTDP7E2FOL80QSJE3I8L114YTQ0N8U413UFAT2GF4VSWMK9 RVORW3UFICDL', 'FH34A0UMEN2V01O  49O04GCSCJ8CJO8XVO6EF8P5 6GM6LQHOUV7QMPOGUN45 A');

insert into UTILISATEUR (ID_UTILISATEUR, ID_ROLE, LOGIN, MDP) values (3, 1, 'JIM0DXWLJUDDA5Q36RAL5B6R0YN8FI6T9MZJIT06UFYXKHD0A20F5EA9UEC88MJ9', '5GK5277 JRURN7FA0K4YMUOJ SY9IBU9PJCMQA7ADWKNRBMEPNRAG9EPFFW8CMND');

insert into UTILISATEUR (ID_UTILISATEUR, ID_ROLE, LOGIN, MDP) values (16, 14, 'NHNI4WMN7QN7TLL5PC 31I9TRLUUWU6YYN9C6GAMY2YU83Y25RVRKQV32VA1X4JW', '8LPQACFGBKYJ2LFRL3IS8K80OQV6XHCV6GI5 XMCXBSB1TM7NABVX4BF9A7BW5K3');

insert into UTILISATEUR (ID_UTILISATEUR, ID_ROLE, LOGIN, MDP) values (18, 2, 'UI  PX0AW53CC057721LXFCX5FJSIOION52DXAB5FQQNT9E0L Q41F 9  I8YUL5', 'Y5S3F87XRV GJLOGN0AJV5EVL1GDFJPBU1P9QCC55BMXV9SEE7N7UJYA279LXGNV');

insert into UTILISATEUR (ID_UTILISATEUR, ID_ROLE, LOGIN, MDP) values (0, 13, 'A7J31MWSGPL9IKJ32GWS63D 2SNC8BGDC1CEE2LNP5KP0BIVRJKNFGQK25EV5VW9', '2TLWD4QYFY 9Q0PVJ7U 100OX7FRDF26PCXU74UETGFI8QVTNJFD03B3BT 50S8N');

insert into UTILISATEUR (ID_UTILISATEUR, ID_ROLE, LOGIN, MDP) values (14, 13, 'BEM5TI0ASHP3CRYRLM0A8BYMKLF7Y4CQO9QNFLDB8E81XW49GAKTI8LP WI77HWS', 'TVDEISOHFOJ8W6F3514GS2BKB40OMM2P9UPE090BAS0JMT4PGVSWP 07XDUN9U6T');

insert into UTILISATEUR (ID_UTILISATEUR, ID_ROLE, LOGIN, MDP) values (7, 18, 'PW2TWUJBGTJNLGYS5FRWKIVGR7M9 3BEOT926F2WS05LJ1 XCACP4CNI6VTCQXYM', 'X2W8SI6 BAQ4RXENUEGTMO4508X1H2SHJJ1UCAANCVQ30LAWICCWQT1IDIT78TTA');

insert into UTILISATEUR (ID_UTILISATEUR, ID_ROLE, LOGIN, MDP) values (11, 7, 'OW3BPD5SHIP4G G7NA3YALFLEKDX8OXIT7H2AJNOP42XBEA7J71WJYFDK9Q SWX7', 'PMFMK3YG4M66JMJJINSCMSRHOGB7U9UQ WGMT7LLBSEMUOKOVK9XCS BKGBH2F2H');

insert into UTILISATEUR (ID_UTILISATEUR, ID_ROLE, LOGIN, MDP) values (1, 12, '05HB6F18IW8AM6 JF1DBUXGMN5F10UCS4EDMYGHAT7C08 SUM4CHJQ 4LR87YM6G', 'UAQASR5CG W6X3EDINGWBS08I8X303D4NY0ONKCX02C544QS8P62CIVIYTCLBV9B');

insert into UTILISATEUR (ID_UTILISATEUR, ID_ROLE, LOGIN, MDP) values (5, 5, 'WWI2ORUMJQPFDCITD1G9CG6O7V 1524D2WG7S9J1EDTEQGQ6SOC FUV37JROESJR', 'NB4EVBGOC6ID6PX4RSERPJ6G7IY2V3XS055HFEHVQRE7AJ LOB8V069FHUB53X98');

insert into UTILISATEUR (ID_UTILISATEUR, ID_ROLE, LOGIN, MDP) values (15, 19, '6XW74NQE5C9BDDJMV6SLAJHB94QR09FWPQRQYF8MB5T2TVTYM0QIXW47V9AINNF2', 'UGBNP11WDI3J08LELW RBI2SXP40R8OE3JY D7F4BFWSB13TVJ2F4E7XK78C0QE3');

insert into UTILISATEUR (ID_UTILISATEUR, ID_ROLE, LOGIN, MDP) values (12, 19, '1E YXUFLEKE5WK1 TU9OP3LOHVWMFXUKHCSN5 G9UM5JXTCI9PLME2BQH59CUVNS', 'OYL8OOK LS8XM1F6VE498JYBDRMBHW84EKWM403X24OEO59SW UAYC8D51HR51LD');

insert into UTILISATEUR (ID_UTILISATEUR, ID_ROLE, LOGIN, MDP) values (6, 15, '85H01N2NWN9RMSIEKV7C5JDC3K6HR0H1FQLWHHOPSA6T2E0LBWMEK HKHVNBJPLT', 'XJPVQJ8FKB AQ W11461Y2NMQ25WF5NNW90BUDW SF22D 9BET6KBOELP32J416X');

insert into UTILISATEUR (ID_UTILISATEUR, ID_ROLE, LOGIN, MDP) values (8, 6, '2CPLSUCJNGFCRCX  MLVMQ2GR3SQV0YI1FNYNXS6HAPFO61IY7YEQT53ULW2VU4L', 'TGYR8EO7DWYVLE 0XF2GIYGUPMW2FDL443UJ5ASLTEVAU6BMIL8TGIA 5HGC H08');

insert into UTILISATEUR (ID_UTILISATEUR, ID_ROLE, LOGIN, MDP) values (4, 5, '8RDD5OER99XP34R7H0R4O4HKOXE92UDKCE QSU8ER43CR972RQ7PP8F3  YQEIL0', '3G3K5I3SKV6GX36NX86AGN5LHSMSTK5813C89A6EYJF22Q5KUHM37IWCXXKADJG5');

insert into UTILISATEUR (ID_UTILISATEUR, ID_ROLE, LOGIN, MDP) values (13, 18, '0OSJIYY9RVD3SE15WDMDDKYTJY9H80CGS55PL9XLWU44R7PKV4IWQCS V99Y9EUI', '2SDIUO658 ABXGH WVFWT02XQKHDG6Y36P3VSF PI LXIB0FJ3J SUT2 MU1DYD5');

insert into UTILISATEUR (ID_UTILISATEUR, ID_ROLE, LOGIN, MDP) values (10, 1, '5ROSRW5KRMU8L27DMKKI6I9TIN18OG SFO4T5QAIR16QN5AQXIK0LTCKW3TU0QA ', 'E6LA942SWLC6A9CJ87533H HOC7RP63FKX3DW6M6B8OU5YNY8IKJ152 Q7AOKX43');

insert into UTILISATEUR (ID_UTILISATEUR, ID_ROLE, LOGIN, MDP) values (2, 8, 'WCDDBCNN9AXGPFAUJ0HS6TOMBXYX9MXRQGGI688CLR1QXM7X2GGOLTL90O12R8QV', 'FW04ROGONHXBBWSDSMA6DX7C 1 BD16DNBV6AL13OCJDGA9H1EWD7L7G4WCV15KG');

insert into MESSAGE (ID_MESSAGE, ID_UTILISATEUR, UTI_ID_UTILISATEUR, INTITULE, CORPS_MESSAGE, DATE_MESSAGE) values (1, 18, 9, 'XR1J98WLXQ7T S6MNVWX1CFL2R5XXJNQ37M27R82QV70VE60FCQNKRCLFSVS7OTA', '7P OB007H5UFQV6CML2W8SBLBE5G4V55HHL046Y9CTB3H1XVSJGSJ0ATUN770BUI3CNOT1AHI 2FK 1I4SU2MXW50X5F1U15EF2BLFXFPODT6EHIYF80YIGW4NXJ3WNPTSWU5HK7QQVR H2VQGU1H403H7R6NCAFRDM8PSQMF CY8TB5WQAQOKHBFR52QGF9P0XN DM6M407OBKLY3CVK2IWAKU3TX9R6HQEAMB 7R8IMFY5D96CO7ISHLYE0ST6NFD0GBMS2EQ0WWBDQU664 PLFWS4VLVGQFB2SQ536HI0TWDHMC LIU4KMA0OI6 2  FE6GAXHCTYA3KDL7L0YMHNHLGMLVIA1GSY0I72066HPF5KCS8W5ICEMHELADKYK4SSACUWS6GB1B49HAGY9641IJ8GBT3L8737FSXJVDQESMABSW003NUHR9Q8XPQDQSMMF3 MEOEUWI88WN03VEH9 2X2WY 5VVNLUWAKG05UYNB6NIUBD8OLUA59IX4EDEMUQAXF73XT12OYTC50 GWB03 BMB4936D9OPRUVMYAP6817WTMIQFY6NAULBVJTW WU1E5O5R 5VQKPX3SD48N3 8MCGXPG9RYUJAEU75R DMC6XG9I46AJ18L9ONVXRCSVXL7P45MFC6SJGP BLTABM1UCD8T4UOVO9CWI96S7VG0RWU2UUJU8IMN2ALY1WXXH29FOSUJKFASSJ9QLLGP5DAEHMHDN4KQ37VFJS2DCV9HPMJDKWKC0RKO3XDT0QEAS0K6JC2XSHT7H7LJEBJVP4B628KO6SEPG7DM4BB1T 4O7DK 6RV16VOSXW4088XBGX8BPKKMSG3811 JJJUAH81KWQWJA KIONSKVTWSLEH 20J8OEJOKG3OMXILIU8YKCI83PLUQQUKG39A9GRYIMTGC5D83G1D4CLV SB65RFCGVG K95HFOFFRDN47HGOTD2Q4JWEC7DC8XPVCR3BELH861DL6D7 OMQO59K7D7H73PVKVCS6K6SPEY8M', '890-11-5');

insert into MESSAGE (ID_MESSAGE, ID_UTILISATEUR, UTI_ID_UTILISATEUR, INTITULE, CORPS_MESSAGE, DATE_MESSAGE) values (6, 18, 1, 'EAX3KIEC1 4WY4D WFLO4432E0VW8 3CPPDR0RVE2JREY89C QXSOVITQFM8FHU0', '7KAGAN57PAQISBF9CL5V0Q7E33GTRESVNE0JQDOKHQ5DQGMH9VWR432090TO4 DNU3XQM7GJ8PT TYAH8PVD21XO8HKKWS2W4SWQ5XDNO62Q7LFLN52YAI2PAVMY09R9YH1F P62N1F3LJRPX9PYQWK4SL6EW93 Q5STD4BKW4RR7CWGHWEXV1CJ VSOM1I WNT1062NC29KT 32UWYOR208BV7PMB8V0Q4G7AGEUJAHPTJHIXI2XN074MHI04AWK1XISABN91LOOO391MF5GRK0V5 CD FX46TU3B8SMY4G4PFMYIE5YUNY 9BLSS9J9MLA02MXTO68VJ GX0FFKO2X TDRYT2XMQBQWINTXE9NE51AJHOIYKDIDFDK0S1YVSFBR58VX98GMYKCI5Q3B2VYPQSTPU15O1KB1R44WB6M1SFFI5D0EAQ4K8BJ9GTOQJO3PLUA II5MV529LO9IMTLKA1WGKRETAY9CCOS9QVCXT3FKD1 D TJCA97LJ7SP9YJ 1OLXQ9K1OFB6D2GDL7ULDJXI34077GT76PF46VDJV37YEQ7B48 1QSOLCDT5WI47KFM5M8GL9R9Q47TONX6DD59PVIQE HNKK867L4PU4X8E302AO37E71MBN TWX0RISBRLGN4H2VLVUWVO2AKW47TC0VVJ9  RCONMJ5V87NE4RYCS4XEQUN5CP5CB9L JR1TN0ABE 2G44GQ5J5IQ0M A J988DJOW0X1 YWPAR5V63FSFUCU8PXRCKF9C0OF3V78HCAJF3JE1P CAS0XYRNTUH6JNKIP2PMOG 9O2ADUPH3U2G9 JV24UCM34DCTWGRTOMTLB9194WO024J0AG7R41F3M0LQ5QV5XA14NRJS5OPY0UW0D89HY6 N0EWUR0U8TB6R0BKMHVEF1G20W4KHV5B WO 51J9NWBOGP7JYSR3MPKH5UELGY62AY9T4RABYN75RHJD0NY9BYL4I5L2QM7LUOXFU23XTE39NF5S1HAJU5QQ8MIR4O0W', '1024-7-19');

insert into MESSAGE (ID_MESSAGE, ID_UTILISATEUR, UTI_ID_UTILISATEUR, INTITULE, CORPS_MESSAGE, DATE_MESSAGE) values (4, 19, 3, 'XYIGQ7TW3X8I1D3HJQKWNY6D9TTURI830IBPFX76HGUEWNYJJUI42MFTSYH0PU60', 'VFN2TJIKWFIYR3P3CPXS01XNHY9OWD4MQKQ363VGUX495FM89JAY5TYWIT6V DU2RCR2J5BFFY EGR4V563470A5JO PSP96AUJP1FT EHCQVV5AEQBLJN9QT0JL6TAKR58TE609IEUR3XIGE79S63 MO644OLKJM59GUYD3MJB6BGQWMFGBJ4AGFE719BI0ARAQ3R8YKKWSBG6YK9RWO UJGUKAGMEJAPB1G0KX74 LEAXGPF9G593T4K9VAN6E5NKTQH7UGPBQCRV1MHD10X9VWJN2ETOGF5NO9FS3AQVIJ2QXV0SUVGA08ND8V2FAQQBGXFPSNKWDVSXY1EF9VN05KOAWCPS2NQO34J2OKEYYRXPOT1KTPQYUHAMR0EXQUG5OT6V51DV 3W2AT3P6KCHBI3UOMAOQ13CGH7TA6KRFFJUOSSN76JPH7LOLCWS9WR9V2VFT2W CQ1LAF4IUURHV875Q15P67G3H5T03T98YJ1OBI3NABUKP77LEXDO P3D1S2M4LEGPXL8KUJPUY3DTSUL0XARR9IVEK55MM0W3J48J89K L56QQ819C2RDNEMMMV6X3N2TFHCCJXI9N3YNQE2W39A9SE1WMK42ASQSCX1SN40J1ELBLB3WMSPJJ3QKPW8MGU1 F3M9IBTP8YMA4SWAW25YWVL5NYGYY39LF35X1Y T61FO3KFEDUL S4UCO7K13S3YLDEJ7BU6EE5AFC K4ARO73YXKL3HAYGJQT1G2M26 3QK0M4EN 5S7XOVNFDKXOI05PFSNYHCHNXMSYOM3W1PTQ1DREI7HVS4PPR80EBE 057NMT31HHI5GDOAND0DB1WS  7AU086GRRN VUOHCUB0A84ON96TBEA TQL4AU7QQBS7L3M595H5NNPFRTDYWWOMTH3 7GR0 O4CX542METLMO09Y8JAGTX99U031C4S36QF4JY9MAJXN9JX9RABVRKK9SK E201GWQEPWB585XOHFBJF98C9GLPM00548R3AI90H23L7 ', '1600-8-1');

insert into MESSAGE (ID_MESSAGE, ID_UTILISATEUR, UTI_ID_UTILISATEUR, INTITULE, CORPS_MESSAGE, DATE_MESSAGE) values (8, 6, 1, 'WOY5CFT6JBADVINA0C5OEMGY6IV4ANGULRXLAL6JONGYOUS3WH2 P069B1JS3IIC', '893GXO292N5SL61SNWEN7QIDH0K0KT3EQ SPGBJYGF7SP W5TKLAN5WIN0BUMG7RU25QITX54QHPIEGOVAHA1V LYJEVOJL VN079Y7EUKAV78NO661WSX2 P2QHMK7O9SH0EX1TES6THM9368IKTN7L6XJC EO5FE156BX8K9 7K4VIBBHVNVB3QCC5OAFATCBRA3339MWV8RR729RKBS1SPHWVAXPP EB61PNJBIBSQU33YSGKB SMIFAIUDHNE7AX8YCDNFX4X7PQIH0VQHS7K4UAX4K ODRK80U 7TR650CCBV3R8P1TBG6NO2IACBLYXJHH  1D9VEUYEMKWHBCA771QJOR3GU OKGLY6BDQS5P4FVTF16DY248A779I3WTHIPS6JEVH6L5F5D700X5XME017YCBEGNR7 2O3GV VJ2MRWJFFRKQERE71O48HFYIWR6MUUE81KWD9KVVRI40R9KMNSI0C2AB9CG3L7PSD1VINPB7VW3E16TJDLXEXUC7CT A5J7QU3QTS06Q DALG5MUY2K80K1RM1EC52ENYN02GDXBT67A41LUH37BCBF5YM3J791OIGU5B06CEC284 JIK7BKKFO0L003R  HTXY  FPR8OO6BFE75U1V7I5I9EUB9A89GEVGWEF 7SHXL39XL326QJDD2QVIYIYRKWMIIYH0L0OCPYD6N XFGN0WFT313AH7K9044F2D4I19BC5YJ5MMNDUTB659QLBEE3ECWHL4W80KYS5US5YSHEWG149LXK3NARX60 NTEVO8343WF9901TAO9RDIKQMVYH9QF3WKKYU65HVRTJNDAYBT504FIUUDH7S35A81QPXFDAHKTTSY3CEU7IQXHYV3DNLFYBOEM8 YX860KQ3 9Y64DP3G4DYHKDBUL7FBCDQUY88BPQIKIVEP0USN QKJDMBLQ8S2HPL6GL769YS DM 0TX13IW9RHIMWX0AF NM2ATQXNE8GFU050QOE12R51VV1MEKN6FHNAPMCPTT', '440-6-29');

insert into MESSAGE (ID_MESSAGE, ID_UTILISATEUR, UTI_ID_UTILISATEUR, INTITULE, CORPS_MESSAGE, DATE_MESSAGE) values (11, 4, 5, '4WY2KRNIAEJSOXS1AC5KLABU6 DO7EOVK53O1MA2SK2NPGTV8YM66FDGORGO7R J', '82LOM3VA8WNYCLEE97JFLUXK37DUQOQ8OL6EJ2O0A7FXE3H7XXVTL4 UNM6J17GQ394PK99QB2EVYUBUE03WLM10I3T LC4BV6AATHKW1FU46NXO1H6WYBGFY16MCJKKFET0 XAP88C8RN2M9DFAOLB0BTH2SNGR5U4WB6XXR9SU E99KJEM88GGWP90VY8VJFW2J7P2F7ATIVWWDUXOMGK02S9F555F3U4WXFP85N94PG1D8 3BFU2O87KCN96OCR1TBOP8T6FWDYLBOKCNOF60TVJ0 U4KUS7I14CFD5RGVI8YA3BU1LVB9OQRARIK5DFQ0F  SXI92SE4O009M7YH3F465BQYYXTGKLTM2R9WDQDDHOMH3HY4SRVXT7WLUPRRP2RR9QT5QS5XCBP5O18GXCGUYKWYJXWXUOLFFXAXNRIM 2233YXC3LLYUWG9RO6C1PSDOA2B4V2X50SBMOVCW DE841C8YUMSQNX4PTKOR62K27020TO S1HFLWNRPDG6W86XWH2FFYT250FQ977087PA11E4QLRSMESBKCCWDDNG031I3AEPGSO5LBB6SKJRRT2GAV5BE3QLBPHRL2GTHW6XUAXSGL1PNV2NJUA9RMTCOAJF7D839 62PDAVBDKVWRE5QET058COLO4XUS5CLRQIKP7DSSNYOHEB4VW8LYGIFUBBSOEFA83Q684891 6FS0GXVV6LNVUI7D2Q7Q6YPPTQP3GYLCD17VYAC7P1X0N1CP7TBNH6O4ATKV217PUV3A97IK265Y055VDJO7BF217E4U5LX9EMI5SKTP5QIF0USKMST7K2XD8VH2RL29FED2 91NCS SP1ROMW12AEQ4I2F91X85VQCAEY8GJUA3AMS7JMCUHL3HO5NS5DBJ5KWQKCQE7UX0WBWC33L96Q1T0SIN9NG7797Y0Y4XA18XRQEFHUEQHVTM7Y7KLB41LIB5E8BLC7AU2HUYIT7BIUWJJ3QTDX04AH07AKH6DGWE4 4LHE5OEI6EU1TG', '1277-10-5');

insert into MESSAGE (ID_MESSAGE, ID_UTILISATEUR, UTI_ID_UTILISATEUR, INTITULE, CORPS_MESSAGE, DATE_MESSAGE) values (14, 19, 12, '0JNP1B SPYRI6ISYU9WO1QLITM7V9CA JX9LJCGWJAOHYMIBA2Q2FX23MRBD2E8M', 'XU6PWRWNE62IYCSX6ME56B77BKO6F002JGU5HA9OD9SO8SBELO2J0Q4VHNT 7ON JXM PGB4 XOWR4QFPBVXU9FE5A84I3R5BFDXP1WHY31HS50CXMRL3VG2KXV0COB79 7T57SX2PF0Y W2NL2XQX8W1WX93CWFTJJPAJE86KP4I7 6C5AK98PIXGXMTB PGY2PV21W3B1N7TKYH2A7N0G7JRM00BRNN R556P1QMUKC5RBK16SHUYXBW4GQEAIYAVK N9FY S1Q0HT6QDCUQEAPSP7K1B5XG IPRBIRTWDQLEOUNI3B4TJ3B2NN5F55XUU527C2FE08IYT78LF1TXM0A2BL1XP84MHSN5QX4VJMQEPVSTTQ2C30EVVME OUANJHW22CY3RWPQLJKR0JHE7K706FDIMOOM9SOODF19LH8SBWR6T846TC8788F6OGCH2N8JE7BO4EI4CPC773GLIWVG7UJGPVBFJM8WHWL1J873WOC5DVACHWG4EK0L6SH ERPUPLPBA CVRMMPLXXWK16SA8LN8XPXJN49QIARXBCCFDXRC51HA 7AH7FGP7PD FCQWVXT3C290SXK8VO5TIITTD2J1F3LYROP6X4CQPS2AR9L21BO E3S66GCCKEASTTCA 8ESM52Q7DMQ3VN9ERYOL  DH3C CSPHCKCHU7AG2PPC2MHTD9AK3EFL7J 9K5GQDCT4KGL5CI64F99E792APVE3P MDAS7PENQ7NRJA01NI9V IRBUC 0DK0K2CS09NWIAEDFKW5D0141C7 XII1SOG6DCAYIQIAV0FL4TQTKGF4MTATF4MHMCSBDRI5FGU0ILBPXA64KGJWYO5A35RG979JHYG9A6YM856MEO885PENR0WD682MYYA GRPQ1APNLY8SFJN94A627N94PDW7BXUU0D2K01OM7NX7A5PG3H8DT7LNPSS CDMCQ7E8XF36I4UBRLG0MU2CJ3 220C6G7YQ40TR 9TXUIP8YQK86AB9QG3IMWGMJ8U', '1665-12-23');

insert into MESSAGE (ID_MESSAGE, ID_UTILISATEUR, UTI_ID_UTILISATEUR, INTITULE, CORPS_MESSAGE, DATE_MESSAGE) values (9, 1, 4, 'C2S WN3BS65TIOGOP65K 5MY59QKUI7HLPDL5L5M18RYU0YDA6GH YVGH5Q APE7', 'AMSJQP4CJIBFHE7CE5XS 5BB53I0NS XBJUX91CXPN9271GRSR7GV DM73764UQH53QKXF2D5BBS 8OFU8UESS6QX6N8GRLJ5FA4WL75MKU 1PUNVMSY7J1YJQTNL1GNRKNFWQHHW8D61NRECXDI0N09E5VYYH 3EH9K3FC4U5R06LY8O34NQV0ATNCYJEMTI SMAO2K9 6CAKQFEUU6EGOC5F KWFJEMV7 QWPW1D15MW9WYYPXIYFDSHWS2PT38TS38W2Y3T1K EE7Y12Y7FH06UEXNO6RXC1K6VR5DQ5WR9UKXLNJ19UGRD4AR88 AYU9EH5KUHNMS20WI1C 6B9P2U F1PAYY182BPGXI92BJT6OCRGVBRC9KX52OTIKJVM3V KPF99RXYC52YHTMADFT830EMRARNOMJ79WMGCWG9B5DS8PUXI1G9J9EOSDBHC2CJ098UNR3 O61BSJ94NN0FK0IW0LYDT RQ55DAWNEQSETHJFNPHI71HJ MQGH8N4WRPL8K1WGKSNH62PC FEOAUCPLY3OWLCB4K9YBA3VWMCV6DU8LSW5CJ20XHDE3QP6OCJR46XRLYPT5NFOMK5C8QFT8XOIFFF4QHEYGHASWBF8OC9LKJ 1UVFKEP5WGASCY6ITRA45HY119A9H9CV12N46UWKJN8EKFD5MAYOLEXK6BHJA2CY7N2S6BIDDBHU0NVBR959C41TN3BBIMO1C8FUL 9LEQH IJ7MLSRC8KY6FVD 939KEE9T FL1M20RBDOCJV LK 0QLQK42XUN9KFGENV25D3DCWEF0GBS61F76O1G23V2X62MI13R2N12X7AGJCJVHW4YCOBTWVO8DHKDEE5SGRGBYUYPL9O D0V17J29P1B6LNMVTYNJII9OXRW0PW2EAB65X1DY8PKPOT6HYA01DLKYQ9C0GRAI84CMPSH8OF45OYIOIFFXBLU2Y49VFCAXP5FHSD1LU5BLQY55TSVLJ2T1LHHIAY7DQIBEE8VP07EP OVQO820', '1467-8-1');

insert into MESSAGE (ID_MESSAGE, ID_UTILISATEUR, UTI_ID_UTILISATEUR, INTITULE, CORPS_MESSAGE, DATE_MESSAGE) values (3, 6, 14, 'JFHDRXM0VVGHFD1EAN9B698MPBT8PES5DPVDSRCDYHD3CTMFY2DQUGV8 LU5XF5A', 'BDH66VLENVHQWSNNWR5D0EAVLSTBD LT0U5SUBWR8AU2BVV9K7AI7VQ3SYC4UPPAXQDG75KGSADKL55TRQ BG791SP2DFEKFF40UF5IX0TALXCHMVG9 8D71VG0I3K1UY46V7IEDPS6P MNNBDD0HRN2CJB5A2QSWMAHQTRLQ0YI0K7GKDVYO5GSJ9H21557RH2VS2U1W6PWR5HB39LKUS8GUQC4TIHO0IGCMNOV3WVUJQK5EQNQI8H2L0XEP7QG7AQF2E2U7P5G44DI1FHJRIE693L49QPEVGFOHJOD8 J2WHKMKVP672Y3BUYNO1Y3MGDYPMTL4293RFMDMGB00OYQ71WJICTQ2ON76RQ8U8X73 RBUKJKUMXNHDNH0EF7VENHUCAOHKB4VI0MVFWKWH83OFNBVBO0QU1257A035JTKV55E58SWC YEQN1CLBBC3RD3M7YRY0B59SE7VLA4N2R8NPT57Q G61088CVMSEV8CAJ0GC6D97QVJ3YOF9IU DNM2RSUGMVT3REMU5RYFTPXLEXP0V0CCK8UNCEMLYWK06FWSXIRS685XKDL5FARYOR0SP15UWNKW7SM W16HBF9LO1ACHU I1FUT9PQM8YH2C8RYJ54X162J6X7JGQXICMGD72MC1UK4V869MQ12WWBKU2A5HSIEFUMKJF5BPIH5TVUA8WY5BSVGLR2WIEPKJQKW QNQU9IM1WQBNXBWEMLVSEI09NH7542A5NIQELHF4RVKK58F4UEDXJ818AXJ00G0AE59J5NUHHB6T5876K6EVW9YQQ2L4IKSJY0BRQWKAT34LOH72KWCRDA6S0 DVXSRTXJOUAMOI5DECJLP18KI  EI9USRSP0FQJA4TYQPUI8SVTQG6O728XA5SKOJTGOQQOR81YOJUKV24NLMCMU3HJ7PR8TF3XR14XJM2QFITPIVGEGO3FLL CU7EJF 21R2TI7PUWHCTXBQFK2NW6JI9YI2ORQQGUQ OAETH5V5PVM5XSPUWJTM38 5BY', '1388-5-11');

insert into MESSAGE (ID_MESSAGE, ID_UTILISATEUR, UTI_ID_UTILISATEUR, INTITULE, CORPS_MESSAGE, DATE_MESSAGE) values (5, 4, 4, 'A4U4KR37GL9E3KRWQCKLBETEUHY5KD1LM4GBFVQS4SED YWD G8I47JXREAD6E04', '139L7C9SRAID7H5VPH2V713WNNM5MNUPNDSOA3W618LOLAKWU ASYE69887SB9MDVULNLMRDWRR7MV5LGUCNUHPBRWIHF PV5KJ5BQRS5VCBG1W8W66P9B CK3GMWB0TTNR33KJLIEVLUXLSLX2G684CX48U635IC0NG7PNNV69N 4RT01KF22Y 5AEWALLV6HXEC7BD0XLCMKQLL9JD 05JNPPNQILHTUJAUFLXV8BN2NN1VD28FN5YSG88KW3LTRRKH6B1BM5P55DPFXK0I 6U HASE9W2QS5VLO27CH1T7ALTRHP UH6GPQIRCIKH4FH 4K7GU79G4NR9JHGGKYYQHWUN0WH2M1WVEUYLWYE7A74LE82 CL39RQE6M6QMWXRNEY90JX8VPEP Y 08D2W85SP4VG9QNAQJKQSQR5VCT2AA W62EFIL8LIK18QKK7R0YG4IRKRPMDG150KGO3TTLJTMUGMXDP2K1QIPL2I7P0KC9BLL1YI6VYXLMF7CWO50XN2CGD383YS23MWQS81HS1H 7WHXX U66OL4I7RCEP0OGRECRMO90XBEY1AIBB63XNRD13 7R2 98EC3E7FOBMLNSE7JWBH0VW 48JMQUB5OB35PMG4KF4RN4VN3MJG951G EYOXV3TBLDN5U9BF68JIXWQ0EEYCH85AWMLYIH0A1MWH2VDCEPWGP7FP7A6X6XU 0RX43YKDN46YT2I6Y65XG0F70FMUY12Q6GNYCD3YE46 4WLCR9UHQUABW 225W5SRPY3M104CPQ4MVDYOETUNP8EV2HQM7637HCBSNGLKX22CYBSQY7UT0DJ2L94P1281LJL6AEQ6PLP EQ8W7FLEJIEKIYOD0GGQRM0RHLLBW31P0NE6D481JBDKKG10 TNSMWVY3KW46LA6VX MJB3YK6H7GXYLBCFUR LQHKXUADRPK7FCO7QXOAEQTUBNR3YFLRQMDPQOP0  0TQFQDR6AMHD4V76HU58IF1OVV WXEJCL0L0IL0K9YO', '314-6-15');

insert into MESSAGE (ID_MESSAGE, ID_UTILISATEUR, UTI_ID_UTILISATEUR, INTITULE, CORPS_MESSAGE, DATE_MESSAGE) values (15, 14, 0, 'IIQ4BEK2I6P9I8WD0 H 8B3 6WS5JIEA43C 4WAA5IA7KXI XS32SEJL367QCYTG', 'FS2US16HVQEFFIO TBOBN1QEBOYGERRN75QNJDE72HFW 9JPP4987JP6IXU7JIFP0FD52VP4ISKP0GOS LVEWNHJVRXLFI0T9QW0IB P0P16NU3I QI47EDUMM5 X9DLC5E4LVX6A1GULKJT6LFT13G33VO1KK8AOMBHI40A8NOE38LB 172XMKWMP2HBRYTRYC903JKM7VNWSJ9WVNNT3FKKC37OHUT2XFSE6I2ECEKAMIKFUWEB6F1BSRBQTTI47VIG7RLFK0B2IES3JCGHUSYA2H 18QRID53KCWMOAO7NNW5IHNYYJHJ 0UMRO45SW5BL8B63VNOUNFK93SBT3CPUFRRIFBWM5Y4XX62PHHC4IAJ R01SPV2F0F3H6HTMFXNITFNKC0 FMF9DOTU11FU8BAFE1IIHYP3TSS0PFCH7TOL3 1IC45XWV4THK22XSBXV1RV8RV HBM2WSQ3YFXU13XEJNOEQYWP69OMA48NSRMSK0AOORFT9A1HUMJYMD05SHK81CFY85TMUICMSF4P9N1J89QVGVF5C7BFN2ODDY51L3UE8390QBT73N1 058RXAKKDWGNC1A5NFYKCUWWGCJ9BE3Q8UQ58 PLGAMNUMQRX38Y13S66MLNBF89 JMPF X76M7D2DSBCKDHTTJEO1QF34MA7MRW7E9QV8K0PDHVTAI7M8JMTCYX388AVHDFVPE2VBEV13M9CJWF03XPG5IHEXRB CX46TYWKYKGVEUTYI8I0HN2H20OIUQ4JF6WF27IC7AEIKJOODC06XETTJ99KWE4MQ6 H49SOX1ISBWIL3GNNBOPFYF35JUCBA7LQ40C00LQ4QUQSN1A30R6BLU6EJXIR W72L5GW617FB5DFUR MPQBIM9R149Y3K5FXH3 T2M64 A3OFQV JEU05M58W8RIQ30942ID60171LBQ17BD3D4Y67VRV3K746WM839512F675 U9RSMA38FMHJWHRPF843 0 3SY 23NTR8JB YHQVLAB0FJ06', '265-8-19');

insert into MESSAGE (ID_MESSAGE, ID_UTILISATEUR, UTI_ID_UTILISATEUR, INTITULE, CORPS_MESSAGE, DATE_MESSAGE) values (13, 9, 7, 'LQ4H9BCEJFFFMY9VXL1WHNPIJBFFUCOM339FRYYY9GRENNFE62NUKK85NBSQQO5G', 'HG WY0AJY86TIV8078YO9F8DLWR9OCCMO5 OM6DTB0FRJTTO4M5UVBCRO18DKG5CBHQYLVCPMDP2SURDAWLLOQMQ2BDOG0GATN2F1W5QMBC5GO3F45A74LCK133L9E64JN4 NFI32QWH8IJR2CI45DLAWRNPHIY2YGAKM1UJUE9RCXP IDSW7SAJYKHS3M81JVBFQRGKQ1ITJUUC 3YBD31KLNGQMD8OQQ4T9YEAN94M4O5R06696UAD72KM5W 73M091HGHIKRBW7GS28SSO38I8T6N7O8H76HDDI8M8EF78LHNSTJ4H9WB3QX8YKK3NUEY5O5QT2ER IN8RCBMR41NCNPV1WB90 TXS0DM9T7LMV73N4ET6Y83F7O9MDMT X5F7YTNKSPG156F2GBDYETXX0D8G3EA8U1PWB8WV0Y9Q5D1RFU5RGV GLGUQLBVHUF6VE437GC4Q2CHG534XMDULB169SVDHYKENSSLQ M8JKGWWJFG9QXP0JEMB0AC01X49LAGMDN19OW3WHHH111ECF4LR1NUV C7C9IB19P1HTJK9R7L57YGC53R YQRXGUP0N2K88BYCU4GV1SHYCO2QPGUUC4H 4TUX2D6FS8OH04ILXQWFW1091NVR5861IVY96MSYCL65 T7DVSQ0RMTR1FVRR6KY2WIR2TR35PO1U8M4B15O8TM2EQ4AXY5Q558N9P07E8GE17JUJTCX1P61SW0DT9XC01XPMT6O9221HECKSQPT8B JSF4K1LPUUDKAGHKXPG29E44A4OTYDA4JV76 J8UAN5A7JT2DOVBYJMK5MTEFC5C DD28R9FRHQDTXPBH02RG T476NBWH53VMASFHH4D6OA36TJSE2IQ7GRMNWKIIEG6RNJBWLCBJWME8LNUI8T6628JRKDYLO40XGP1NY2P9J5RE975W54T5XT66 1I8OJF3XQDQS UX2SNHTED0Q04W5LSFQ2YFPPJ6LBML1GX37K4K3547576IJ6L0O4JI1CI AAJ1GF', '99-4-27');

insert into MESSAGE (ID_MESSAGE, ID_UTILISATEUR, UTI_ID_UTILISATEUR, INTITULE, CORPS_MESSAGE, DATE_MESSAGE) values (16, 17, 9, 'UR6P3L54X36O6O4KXRIET5IJH3QCAD7B39NDADQT6OU 7772F4I7JPPD7G51CAN6', '84XRP8MY1RULIJTXW9Y 37KSH93KHCLL2DJRJHS TTJ88XCR2H N0R33PKDAC4R8S1M27MP47H9B 1DDEUI86O3VEISSHF2AS91EWHBVYQA8XMU0BEI  YWITHAGUQDFF4VMA8BCUG8HSSKM879CF0MYAU3WWVCU6ILQLH5DOGXQQ63SL3AX L3V5TOVN5EJGAUWK64EBEJULPPTWWGGNY JQMT9M8T2T9NFHR8LNYGSLSKLMCWT NQWH9M6T7JNR18T60CPKMEOL7KOC1Y32QJKRPDUWJE8U75P 6171SBUY4CAMICHHKET3VRKX5WBO97WSVP40TJQJ5DC361CF13JXIMYLBG4UJIA 4I9JXKYQBXCCD89JC7CSB7N1Q6K1EF1ICF L98AJ0YH2CHU141G8VXJ0KY3XYNDTD5D9VNNF1BN 8LYNFPRVPKLQBHX8E4PYH75NP84DNKBT4NLMP5S976Y V8WON1NFCVPXNLXYG3NAX0XST1S3O0 2MGH3PXVBY906FQH7I H8KB8G0TJ1DP5U97U8BKB6T6TNPVBR789HSI0IYQMSD31MYAS 81 6SAEK4J5PGH5VASTAQU73QEGD8BR64P3Y60T54ITSHAWBMOISTW2QE CH3MVRG6 PMJPP3UD4XU OAWYE3KQH6MSYVEWMRC749UDKBY HW9I PJ95V5B7VA18BL9RBGDIJPR11FY4UC756XOJUUMQ39JCNW25FYBLENJJD8SUMPI7WNLL3K4 F3TWFU2U8M1Q5 YHAJ4XKQG8 OLY60VWCOLXNPLVTGNQHVYAQTR8CMS9H4CO PPE72S2OKRD4TH0I44FIVO61BWFBGREUW IBQDHD89F39XGSGQFEQXO7KTUAFUCGNS8UALUWCG6HQNH9BNT0PU5OV8O63S50UWMVSQCVCDV CC38WG6XGTKUJI6NPX411NRFFDRBEON7J SG9D2JSGHDNMJ7VR GO5REQ3CNGQTO2LL35959YGVF290CGX1NX0SMJSXQBH', '1143-5-23');

insert into MESSAGE (ID_MESSAGE, ID_UTILISATEUR, UTI_ID_UTILISATEUR, INTITULE, CORPS_MESSAGE, DATE_MESSAGE) values (0, 18, 19, '40MOWV9KNG78BQB6 IQ2I1T0042S8NYP8BF0102J1L HM9UVX8OX5AKG3QWRT3G7', 'MRXF1Q6O3CDPDJFQWEM84DRO SXCTSIMETFWAAORJXRB2M61KPRNLTW4LI9YVGBEG23HW5TEA56FK2IRBDMADIW0TD8VJSUT6MTX33G21XVF1LE7KJ6FTG2OYSRJP9 I KQ2IBCXK8GU7ENCP5PIX1H3B21JVPDOAS7XDFXRQSRCA0RR85R461 X7ILO EIBK7YNGCH3EBXR0E4PLC5 LPAG097SL1J CI L1K10DGF2Q S2BE11QLSM3CW0SPIW3EI7WTGAMPWE7IOGXYSBNQO2XS3I3U7 EG34GDBD3HC3T7H30J40YJ00YFBOOE6TV5K5IU CP31KGNNT7LXJSUIEM1K15NSJ3U 7H8N JUJGIUF73GIDVVRTICYBPB42RTSFD 9NKSOIY6SGDBD8C93G5W0B3I5XJBL3KYJFW1IN9IKERDAYY1N849F3IQJ94EDK4D02LIH E2CJYOEI0OAP1RAQQXQXB3BFKVXVU28Q FH1Q702A1Q2KRVM3E1FUB GXKFXQIPA1N4QWRUY3DF6CHR6EXGVJV4HUVBVIH67577396RKBBLI31V22NS37ITKEP93DJ56HWE8O40LC BAKFB1Y3NJSUEWBANKL7E3P08Y251S3VDBJNK1H8FB5EJUPCOYGV0X06XOBTO20TC3SIB7NEA87N4XBYDK9TCV3ILJDGYJ35LQ6RLQXF4OYYCSFLFDC81A9F0A8E7FUJB1J2M2DFPRDJP9S7G 590MAVTBXU15C4EGS 1RH0J6ILXBQ2QP1VHJG2EPGYC94DK4V0MIE6UEE6233XDFG1WTOQX5XPCHC9CROHJ8PBRE59GV9U9SVK2FBYD3F1GNM2YTAO5YK74YVRO44E2 T70H98GJ4TFT4KIDNT7VN2IDRFMG5J9 TK29 IP55QA5KUT4U MA6IDQXYFL9J1BF8U5G3FBPGD06GIIY6NQXKWONYKH 7F69M8R7OO12K7VQD J4AUV4O2J5 R6DN7HX3ET8FD HIPEIYFXF50IKMLB', '167-12-11');

insert into MESSAGE (ID_MESSAGE, ID_UTILISATEUR, UTI_ID_UTILISATEUR, INTITULE, CORPS_MESSAGE, DATE_MESSAGE) values (10, 12, 6, 'SELXC6BL288WR31TMF0YC0HFPSB6HP9M4F02X6W8HA7WW0VAF7QEH8V73R7J7W9J', 'PD0WYH Q4YS85U3G7N EDXS03H9MNP2NNHM2VL24IC401WAFL9HTNHUUCVXC6IRUAK57OFMIUCGFIX6J0IXS9723DWOYL4RV0PF0LQKDUX2RSOQ3UIAKL2T1G GVU  C7 MCAOLUB1JLJBQ H8UMMG6PXHHPB 3JCB46 V6S2EPKYEQVEK5IU4 P4M982CHDVKNQFAKMYRPJUX1 3C1 9CXCDKKBMSFE9I4BWDUHUQ0GH9S71ANYFOFL3DG20EWX3RVD8WS6OT9IP6U5S CGF4O1P0ANTMOSVYDKQ314DGHYTVX1YYTQV5PXNDNI6DCK8IHPAKYEWXX9RYGP3N04VJ98G8I4Q 8HRUBOCCQSAJ52XFPRWD764IXHMA 7N3ID587NTWBNJDY38ONB EXKUR0XO3LMOW0S2WUV50E3RHHA7K3A2WX4RANF971B1UIV7W6PD IS1U3QUAN6WVBU4JRLY FIIWFIC9FS0GY4HBHONGO38AHWQE0KDR HDE049X3T5GT59NKHQ4BWU21KY3V89RCPI2CXQOYPCGXJLIMQPRG2LXYCLBK4A3ET916OM84GQCXMOI43N5UPAKET355C6S9MIV6VTAX9 F8ER3WHAMYNVKVRC2FSQTE0QJNK7B IAB1K6P0URR1A8F64TXYXQ J3VETLPS7PD5CD6KUFUP6QBJB0H15U02M5E7KDB2TIGFVT5Y ISV7R48OMV44EGP0KD5OY0E9RC18IHXELD6PROOUE19U0YG7XCTM3UYBEC9ORKJABWV2U 0QVJ  TFT2XD6N7US0KBVCHUO4H9OIO4AISH63JT5QG3MWB3VOLLY49S6N2TOXO8DNYJ7EM5PLJN 55R4WV51NCXSY5HD4VF6VGVS 4FQCDQF32 BK2D2FOS5B0QOL WD7G61NTO9XBJM23X5UW9DMRXTE3IXLBTNYAOI321CNUUJCXT76AAPAUX71XBT9VFKQF66NWKU NWMTUW0ABH88SGQGB8IGD JDKYDI1FLRIHQAW', '703-7-27');

insert into MESSAGE (ID_MESSAGE, ID_UTILISATEUR, UTI_ID_UTILISATEUR, INTITULE, CORPS_MESSAGE, DATE_MESSAGE) values (12, 7, 12, 'OFTCJ5KK3OIXP547RK4PJBTRKYTEDK3AVBDQCQQGQ7 QG3B74EQF 28SHOMI1Y6R', 'E0HUSOU7YAYQ4XBSMS0IV9SKIOVP8209XNN5UNHQIHXFVNKFK2JNKWNOH690JWNFBTXTL1FSD5CD9CL053P9UX274OPD806OWO5L6LKUB9HYFPBSS HL3BBIQK488VIO49HABKM23PXO2YLQVO53CFGKL7Q50CAODHCX6I1AJAI7EMWGV4AC03E01V0XJNXL59DOLE3YIQED8OM692O44IS4FOSGEIN0YALVRNU7VM06SJTTJAHA891V6P3RK0I7B99YJ34TJG0RX FYAD3WGEEVPX94PL81SRWM9YH7HPGE054T1U57DATCG7YVV7F3X8CLTSCGMOJLWPC9F4NJ3S49XC1KR4FJE3NVLOWC0LUX0MBV3JUGC4T6O0PWJ2C9UM9IK21ANL75AA2SOD7MBXAC6TFPW43SY TT5QJBMQP78KFWXQLVQ8MM38  4UDAFB87E V51 Q7UNYPIP27VIQJ ODXX4NM1LS7TGD606 BN50D99 RIMBCIIWSOB78JRXLG63FP3E Q5QOW70U STVDV72660BQNH7XNVKCE7RP215BD2Y6PIN8Y3FTTYMIYJ5DQEX3OXBOROVCEDOHGDUVQSLHSLOOBEJFP0K8EDIBG3OUXETSI9926OJL2AJ7AQTA8 33 LFUUK SEX9KRQEK5HC509  AFFOG8TXPY5Y 6V2715TH5D9D8ALDDHYPO1UTKP3R32XBP5PP0O0DP1 H7R DE27R JK8IE0AYOKRS7P2I99LBSM3XBVJUION3T50E62APK5LU34FFH3KOR4NAPCW 7GF12GWBYPOVKLI0J0TX1NABOGIDR0UU7N25KV 5CE96N7L8XH4HSK2G0L LJ05B7DG0R9SLLNUOW DBBO8TR0L7UJ8N9211LSEI9492L00PKAQPERUY5P1EUDDI8C4ED1KTTDRSW1BW46 QHYN7AUXNG6EFYMEK7EKDCJ TRB7353VHMG66O88BP18X35CJH2WWXN5W0I2IB4ITGKWPY5BNA4NSHRR35', '1-1-1');

insert into MESSAGE (ID_MESSAGE, ID_UTILISATEUR, UTI_ID_UTILISATEUR, INTITULE, CORPS_MESSAGE, DATE_MESSAGE) values (2, 6, 3, '6 FF4WPD7KS3USTIXIECUOPJ60GTPRSK35XQ51IEECB18NP1RM8BORQY23BCF2VX', 'C0ES9RN785KLTGDAJ5YXFWLKMD53RWPUJ76BHSEI8N0 AML4Q9CKF6VKQ2D01EQW0PS1XM9T6LVP6DNLHDL 1P0YO74K A9A3N3NR27KV0E4MHKY6LOGPIC1QAA6J26K7281O8WX2R7RB2369VWFCXYT7M5F5J42SWL6VRTPLO69JPRU65RGHROYGH53T1KOB0W84N8EBFEI EX8D85C387OS 4237P 963KOA643NAF IP8ET6XRX  N83F 5J960GMEHHMUUM7DT0FSI7AKV6HG6FE3BVDM5I1MGRDIGB4GIG13VYN2GSGOOQBKM9W603M6UDG1RNN57JYYACDHJNRRJXR1D10G0BBIMILH16DUWHP04N FC919G6ENACL4FI7KA47VFP3I CGWLD64I GP0 36G37UGELSNXD8YDPNAV3DWBRB2X PP2UUE YD6WU7XFTPKKA72O431LR9G03VXGSE2HQGN7JBUXVF6Y4RW3PV JBRJW1U0H95RT TRWG7DIKIHGJEUANHNTQ5L2MA5QP 92WBCOFH20M67C4OB7ERQCG9ARFWI3S7N09S3PI9P3DNW4LR7I5K C4JO KH4OARJ8J3N9W6N4T62LRBRQNSYBIU9LWQV 31U6T4L0YFJDL12TPJM3DB50KOX4VINOD1YXWUBU6RHR0L86J5VOD5YHC0Y OL6RB9MH777 9EY225RANEYAF8O33C1B2W5JDO1JT7IW05VTC3Q2H3RLYLJF8RA1IA3L3WSLGVDBDBJD6U6QPJMX09NECT8V4PHP7 UXK9WBJQOTFU1S3L6HCC062MSBM3P1KKLM5H27RRE1RK4YMNI7BWL9CT9NHG108SVJYMQKIC8ODI6BEN7V 48B5KEYRTN9DBU9BVOADW4868U6P 3 04MGOMB077OTCE68AENK3FEXR9N5XNITR5GWA5KH6Q3VOQTNIF6SNDTQB824O57H8FAAG 4RQHS0 M9GC6UQ1TJGQRGAOKAT46KHUDB0KML03VBFS', '382-2-23');

insert into MESSAGE (ID_MESSAGE, ID_UTILISATEUR, UTI_ID_UTILISATEUR, INTITULE, CORPS_MESSAGE, DATE_MESSAGE) values (18, 12, 11, '4I549  B94AOEGWD3BNGKBHPJULCTC9QUML8RXOLO9PBPD2QJ5AY3RY 45W6YHIJ', ' 0EKB3OJI22TFAHPRNL96W82C8Y T72G301JYGRW6386U6W GT3NQ257TC8RBLQOV28JC UOHLQXG99KM9N4YEAOBFIQRIIEPCVAOITC5KYFFBLRN1B08T S3XPC4F99 U1KL6E31VE8GIMIY6AOKS9KG726T7NH5J6GDK1QWCY SEWE0K7RE12LPI2 V441N9Y4QO2OLPRI5YSPA0T ST 79 GOSVWH0RETYXG41H8TUJEBA7A88PHBIODCNH 3QQP3U52S4A31O LTKS0LVPSLUL350H5QEQGJSIH5RHAH1G2FP9OA99V8QKAI0Q  L8F MN49YE4KSJA1A27NK7I7OFUYBLT0XMSCRL4WQA4YC9G6 JV7GPA27UX51PSQ27UP5SFH3A3EN0M0FX7O5HI2UD1  8SMO5BE91S13G7T6MLGCD UDIB17KWFBOIWIJ3S3NPAVPS9YBWYGYARD9LLVTKNUYGDAGHF58GMJYJ0IP PJLIJ M2XIFB WEVISQW4KU529XEGXUWIC6AIIT5UTMSU9RRIT87OVYMA8BM4S5NURHK4TI3WGITXC7Y69OF67GINOOPQ9IWUL6I ATY965LY182WXPXS8M85UIG4Y54ARUOWV6IQSHIXRTGVQVCW63YG07XC4QNN60RS0HDU1BCVHCATNKL0O0QTI2IKGBG R1VQO2WOSF13OKH7M6US2U99O9U38EF3J8CYEK92XGW0EOS2N L13I3EXYTF9U5CIURW75CGB H477Q6R3MQ1BKHM4N7SY1UPY24PAXXVHM768JX0MW2TYSH8PU8RD8B7LEA0XGALAG4W2BDHJT9QKM 8J4HI9Q34O7BQC7XFQEWKJW7BQXSRPR84CK1Y38AM2A73B9XF 4RUVWTNY59A9N4FQI6JRAISIM5Q H1N4M XOQ8PYMGAKI7QBJC9M66XNJGXUFM5634LXM3NAT8BFCQNHJ2MD 960LOGVJQ103U34IRQHEQCXYJRNO5N4KFV2OFKG 2HHGX8167', '1337-1-19');

insert into MESSAGE (ID_MESSAGE, ID_UTILISATEUR, UTI_ID_UTILISATEUR, INTITULE, CORPS_MESSAGE, DATE_MESSAGE) values (17, 1, 7, 'VY4VJI2BO4TE10N PJ65FWXR8S4EITYKSXTY1R878X5KTEXP8THL81 KFGHNO1QP', '9YF4YOX6S1GFXGL098XI4AQ0OA8CDY33J17T8MLUDUJ JAH PPRWILJJS1U9CHNQXX9DU44D940 5YEYJQXPKYXC2BXXKOW2QRGGW D87W4UW8D85DD8QA7RTHESY0QPFMWX4C3M 1G2I96RYLEV 1FQAYHG0BTXEE2TPURBFBVA6NC4ECK8S IYUYPNOXLO5 MAFGMSDHIDOB7K0DO26B3OUMTBJG9I53IMJLP7Q4SBBNV28FV8OMLVP1WHL0TPYG1CV1VADRF8WH84O5IUDY95T59EG2343KP3S1PH9SEFRY  V0C3VP1RNVLF8KMC6YCM47KXDK DTPKIFG9CCQQMP Q4LQRJT 2WBKOBOBONGO7A0TK4G7WCI4W5PCMMOY81BJY3A7D2NCYH9DQ3DTW4LXKDAG42F2J9J 4A685JVILXV8K4VLTUJVHRKMY3TEW114OMJED33DO6MG776 K2 DNICSMIJYJWCMYHFJR1XKMC81YH5TT0KREXW8BTFO LHK0W1E8QD5J9ITH82E2IX8CH3Q469D0 2EPJJP0Q2JDEAJP SDJ3UXBS9FTCVSP58YNS7 NQ5MSXFYVART9X VHMCV1T6IE9NLAL8QXL9LBLSLG U71T6 BYQ 5P14QOHXSMYDXDM58UBY7XIFG965IVF6ASE1MWF267N6 6XCJSYG7ASTWEV21MV7EH8N9LSI6APCREHO36NES940J12F8L588UI64MC6CIH 6H2 IFH0K8M59LOTMESU9OBSYXDC 5D4F3YL6LGCETTQS8NN1PV1TCNKTMQR85UO0026AFNIJOVONNYBNF08WVNI02SIY2DHO7QTRA5DDPEB3BJ4TLD6E0FG4NH6T6G9GTW2D85SOXJE7AF89DN3X3472 8MADMOP10RMXRIIJ20SBPRW40MW6WH0U09K8G81D0ATQ863T5QGRFO1C8RIX0VD5BRP JFBCGC1ORB3CMJNOPX7PLXQOPVVY6CGGIMPQC14EMGBOPPJRPA50V BE', '573-10-3');

insert into MESSAGE (ID_MESSAGE, ID_UTILISATEUR, UTI_ID_UTILISATEUR, INTITULE, CORPS_MESSAGE, DATE_MESSAGE) values (19, 0, 8, '9S2M536PESKLYWU1R9R PQFO9RET58QF QJ4CCMU9T4C DAV1YT5L2FYB6NW5 NX', '8WKH5IE611PEAXR83WYPA23EMH18F5SRXAO5DAWESV0EDYC4I ECQS1LM67H42H149THF04WI7NX8H2Q9TDQVEW YUB3DSG87XU6HGX7Y1WE07 CPJW46W0XWYBG2RMXJDU38S1HX8D9FCSW837 MOGEQVE6PWNELHA8VNYI7LW8QG1 DGVVMJ31UT319EYLU6TR70WRNTM4MH4UICPK9OK4JX5WA R2Q6F0G9YD5J XGU3F8JVX2OBN9BNVSQ23U4EFH7W4M9NS0AWA2LP03LK6EWY5E4OJPM9PM3DF EN0N15NK3Y3 SA GLN3825 X5TKQJRF9A718ODECFIGU5A0V6NAWUUL43508J7TE5WH87Q22YOOEU4T6B5DN5UAYPO52JO0G5I4K0BUDWYGSK4MYMM8444K3726OEW3IB7VP VLYF4KTBECRLTULABLAP8L3CESNMCTN90SLLA2PKUI7MQDUKW787FWU1FF0WL7YJ2M CT2956BY0Q4696WQL5V J32RXXEPS8X JCWTDUNO1DLE54ULQ5C4B8E3DJYHID5E T09U203RJEXDLSOCKFD8IQ7T MEJ8E1CF1XPWJX8EANG69U1P9DKB3DR1764BIV6OQRD53XFD9 C8B C78D U5VLSR WUXR1C19RE5Y56DVGXR1R0U0M361KLFJYWPN9H1C60US5TWUJ81 L9QMXT67Y3K4RANK6F KB6YB3L7WRT6T3GRXUJQRS6NI7N4I0S9 9R FJ0WMO8YJGDW9NM5453C0KD8HVGG5JJ 2Y P2BQR8R19H25DPXBEIJMOMRL962YQ6RKHW2EN0XQ6X8  0 LTC7CV NQKQ6COQ5897Q2BYW41KNU7I  OH3ATQCJDYLPVSEM7PID68G2IR95 SNSAC3081L2ULGX2DJPQL0Q619PAJF4VEHO0WJQG31MDUALMKLRAN9B1KXHCEVR2WXGHO5LI49REH24LHHAJ3O443 6QCRWF DDFP1G1EOEMT4POA 4BS3VD', '1744-5-2');

insert into MESSAGE (ID_MESSAGE, ID_UTILISATEUR, UTI_ID_UTILISATEUR, INTITULE, CORPS_MESSAGE, DATE_MESSAGE) values (7, 3, 3, 'NW5VOS2CUX9YV1ROR0Q25GTY74A1I5 1195FM2SLC NN6HPOPDWV7TCWKWLKH3 9', 'WTQOYN3J92UQKQYC7PNTO8A96UCL0S4F9RHKBHPJG7LFC8HFWLY ELMCAPBHPC7MJ2YX2NUA9UNRPTAXSI06WP8KX2Q96U6X3T1HDXF9GYB1R9C4AKUQLMFBBCHDGQXXC3U2WI7OUG6U9REXUQO1GPBITYUFXW5WPTSPVYL9752SEU1 UW3QXQQTP286ML8SOULJ2BWJEP4QYILIUXXI2XDJDWII1HF5QY6XPX5MBRSN834GAHBAEVMM6IOI9OQ9ESUBON5AUTRP0FLER6L40LPNMT4EVMY 9X4CAOJYYA07NOMITJH9IINX3QGJ 9MWVUUUEMNRMJTK2GPO20Y01F7C42KG8V36VW2PGIPEUSQFNR2H6Y8YAMYI7FNVU6IQXF72DTNAM5JJD0P4SJUQFO7LXH6LG9R2PLX6MC6I2PETO0FDL L78O2KTPWODNKCXI5G7CTSADOEK UTCBKDX1HWJIU8DADEC64GOHVGD12GNJAKSH3DCM4UQ6BLPHFRPICY2SEKIHHFXRXHREWHSPG91 X790TJVCMS R9TVC6T02O00RU85 PM70JQE AJOE 0K93JP8OD3A7AHB66SGW4YABY  G8YATUGJBP8LSXRP24 NC5NOVK2ROTHXQPMKRLTB40SUJI9YHWH7616H6HBACDU79SMOOUFOHRN9BAB4JSXEPYD78 KMCWKKYUX T6I46V73RM5O0IAK94QI5UOEXTO7K0IRMHUIQ1SETYLIKHKVF AIVJJ6OOQPL0G4UOQ7HIU8NYYVKRUH61OQ472GE7T1B7R5KY2WJ7SHQE3H835EM1Y3DJ9L99JMTPJU2L5ORQ40WADFGUMJ9USXX01VNW19W6W3Y0Y5UCBI4OQ702DRTGCXTOHG8B148 1N4TV67XYNRVLREGLSB3B9X9MH0UPU7738PTX442K FAYDYCHA23 GT6KX8 TG1GBG6VKRK RY0IBRPQASNX2HYHDPEEMDN3XTA2U6CI6XN9Q3KA8RX9VOGT9MCWYFU3', '836-5-17');

insert into CLIENT (ID_CLIENT, ID_UTILISATEUR, EMAIL, NOM, PRENOM, CIVILITE) values (6, 17, 'WKEC05M7D6VGUR 6J Y5 QHHTAHD18UJUKEXJLTS8NBWTADA9I0THKS2PNB9OL3AW4Y8WFFOS9K1AEN07UXXU84P5626YSGLGET3XCHX6W98INC2IWCLXHP0KXQBMW3B', '2V2DIC0X BOEGU597OW2GX3X9WTM30SN0V4JVHVGANSX3OM8Q7GKKI9BIXFPKRBA', 'RENKM2YN8 0NL4NMK4 8FWYVSWVS2O9UQGSQB57GJ23THGOQDT16BS6BE7J4TM F', 'W2HGBJKS');

insert into CLIENT (ID_CLIENT, ID_UTILISATEUR, EMAIL, NOM, PRENOM, CIVILITE) values (3, 19, 'DYMYG0CP0UTGQJ7CUVTMLV SUF6HFUEC4PRYFXODJSFD9FCUFGLGSWQWGJW67G5SN2DUSKCFFT3AEM4QYPP7HY2IEJDIQHAWGRD2HAKK FK6HD5CQ3 LMB8T66NAWM53', 'CIH7SPYSRRUNOTQN3QETMS4U2TXWE6HW43JAQV 45N431 LC38232HG80QYJYF3C', 'P22BCGPFD6QWQFV6RQBVNCKVY0MC2FCG15VFMK4YX25LKGA0 I4RC2WFX7R KW22', '381DPF6H');

insert into CLIENT (ID_CLIENT, ID_UTILISATEUR, EMAIL, NOM, PRENOM, CIVILITE) values (10, 9, 'NHGDM83L36L21T8 WLK0T1OJ3VNRFA9CH9OPR4AC47CFP J 351R 3KJFWIG2F B1TTLAO 3UA9HVPRF 3N4FPGM8DHK8RQ3F1FMSD K61OBKB7UH3S0TAB5N3C0D3F7', 'U9JE9QVQPPPC2SN9 1L9FEEEUBYJML6PK4HQT W59QC6PQKLL UXA2DDNK4IVM48', 'R2CT4WCI TA5DS9DR8GXBB83A2B66U6GBMFWSTJSQWYLGOHLBC55LEW3KAEPRVX2', 'JPD4Q9A8');

insert into CLIENT (ID_CLIENT, ID_UTILISATEUR, EMAIL, NOM, PRENOM, CIVILITE) values (4, 3, 'B8VYVLFPJHTOR0ES 3RXQ6DNCBOC259CV29G8NOOU2K0IY51FIJ3VL6TJNRUTGOESQJOIPEOKMQBV8LJB6XCXRHH 5SC9KFBCOERGVJ6PDRCYQ3CNBI7NNFMXALFYVJ9', 'U55716MY6 P2U9CLA8HB620E2WGQ3EIAU83EGSV A151HO9RYE0AQTAU74Q4UP9E', 'R VTML9K 8NI77U6GRVU6KIVS  07KVHMP58MD6V14Q71DJRIQY22W XKOR8GEVD', 'EAPI8BY6');

insert into CLIENT (ID_CLIENT, ID_UTILISATEUR, EMAIL, NOM, PRENOM, CIVILITE) values (1, 16, 'AU9LT6CPT0 HVCCQ KNSR9DE5WWAKOCLXLEMCI90XLFQSTA1CXI 3GX5 86SS7FQ4MV0VP5YNJ0SXU6VEV 7G02AB NFBKOC74HJ8G0M4SB G0HW79TMPLYGJ7CDVU76', '7OPHP7P52XUXM7UO INDKNG7RHI9L7L8361CHPIKD4Q2B1Y3CXETDT17WN4DXJXO', '0TJLW7EURA9KD425B MJEGG10A84GQ1NIO4YI47QIU69PA699LSN94F0Q4P27VTC', 'VHTLPXPB');

insert into CLIENT (ID_CLIENT, ID_UTILISATEUR, EMAIL, NOM, PRENOM, CIVILITE) values (5, 18, '4MTPAG960JSCOS1 HAG QT4FKD2H9WH792ALY7H GJMHVKX5FO7RG5C4TEF79N8IMU0 55LK8VSRCNHKRG22T MNCKSOQSFBNPXBVNTKJ023G7CLP4XNTNC9LLAQI0D3', '8W2HFH0IRFJKM6N IH2ETGUNFLPCE61QUAH39O2E53T3MLCFHE8OOLXJJU5QNJXI', 'C3R0K 7 6B4GKMY9A28FRSMWXW67PYUN4A259JA98NJ4FPOETBFK452WATJ7054V', 'SADYR6EQ');

insert into CLIENT (ID_CLIENT, ID_UTILISATEUR, EMAIL, NOM, PRENOM, CIVILITE) values (9, 0, 'FTSO3 MS7UY5JEFO3JDVHC3COJVSHUMCGS3RU9R9IQU637 G80SVS7SF4Y9YMT1TUL417M94CCS4HKGS 6DCV7M93QX0U8PE8NXH8 GL0TOL7BLKQ71OUB0P675D5E14', 'QCP0R8YS5SS2G5QLSB9SO9O1365QAWYD7C0QN46ERKLHALQYJ9BLM9RFDX571JOS', '2VFCQJL9N6OSW5 2TOPFHV2C2CDI8DVKYU2B9KMXWNIOLDRVUU504H7P G35HLND', '2621SQ4A');

insert into CLIENT (ID_CLIENT, ID_UTILISATEUR, EMAIL, NOM, PRENOM, CIVILITE) values (8, 14, 'QPDV38X6HO7SS6HXDKLWSDQSK404KJQ5202JW7KH6VSOQSF5D6HPX4SO MC 4PRUE6FIUKK92QPSNP2NOC2FG6IQN7RBYWDPJ7OG5XBEN WB3D8 USD4K4GFBVN7423E', '21GDT4J5LV21BML0BPBIDE279PFNLI CPLUS0021TLT3RSTG8FXOQCUY4MY8OX1V', '1NYD141B17VN3Q5KVXL0AICMEJWSVM8344UICMVPMFA94HN0IIPOA9MY4BRUM4RQ', '2FYA42PD');

insert into CLIENT (ID_CLIENT, ID_UTILISATEUR, EMAIL, NOM, PRENOM, CIVILITE) values (11, 7, 'OJQP3RL YT76P55XVNBEJFHFBX7DS RQO0DAWJDAJR7W6A8CDGILPFRIG6E45DEOVU5SWJYMIS7M608AE5DPCFQP4SYHEUGD4OCKG0XLH9E8FC6 N34BUL225AF4S J3', '1JSD6D4A10AMVL87 ROXLOKHX5LT2O9AGTMB7RD9GTOBXFV8RBUNXX P36XUKLDO', 'JH8EIDFER96OBU AVJX1F1INH D9VSKD6EHBWN8012MQEV5KKBEP10OSF3BSY3CB', 'LD6PFKFP');

insert into CLIENT (ID_CLIENT, ID_UTILISATEUR, EMAIL, NOM, PRENOM, CIVILITE) values (0, 11, 'TL3KX23UM O7OBCS71RSK0TV0P4EJ6MAV19EORMAN5QPQRB6U41 XO6LNF490SWITUHB71XVPA2JEJYVRXHJEGRTK79DJ2VKKB7AYROTMGW6IAEPOFHQH7D8Q990F5BC', 'YUIB0MOFS2YF9K4QA6F MG6PM AH0GDB0CGUJB9IBAWY88M1TTBOPKHQ0AVI9WJL', 'EXN9TJ67NNKY6JF8SM6YK94OBMVO2I 07HNSQ3EUA6PHEQFS7L0RES4R5 5 JDQ2', 'RYSSKP2I');

insert into CLIENT (ID_CLIENT, ID_UTILISATEUR, EMAIL, NOM, PRENOM, CIVILITE) values (13, 1, 'P5OUEOVEN0BQ O2MY04FNM5TQ8H445BW8DV93FR5KS40P7NTDFA8GBHJM27C2 7GSHLGLMVNS0XFM96JAWNDGT1P19DWNKLEHEEXHP1Q5A42Q8U9K1OPBISM4KSRFND9', 'NI4 U3MASD0J6KAM53246HI7C6KE8IF2FX0GX4HRJNOFKIC5LB4F2B5N5647TRWH', '  4619AY49I4W90X1UFP0I8LFY APY46RNJF8VJNYV8CIUAG2BS1U6BX3R2WWDUB', 'XOQA8HBD');

insert into CLIENT (ID_CLIENT, ID_UTILISATEUR, EMAIL, NOM, PRENOM, CIVILITE) values (12, 5, 'XFNXE2DB1MUO A9MOTLRMTYTJ80GVXSQC9GB 08IFH2OGM7DINGR2W30GXD8L 9NF QLWQAKSPJ579TEKD0JCY00OO  3CJ1E66XWBHY3JQRC5GUV7VM61RUFXR82FO1', 'FLGOUHW2ESYKS27D06M9G4LTL70R0 3QAVHOO46HRYQKC QASRK1GSAJAKJGRIDS', '6YFF5FGEAL WW5YHNILDJ7G27FUM2K8WU13184ED84755N AE9VK6E47NGNPTFFH', '9QGPMFYU');

insert into CLIENT (ID_CLIENT, ID_UTILISATEUR, EMAIL, NOM, PRENOM, CIVILITE) values (7, 15, '3Q87PS26XLYX 5UWYQE5C2PLIIE84IYYR 7V42I0A 9NB1W U2QYNYIN8QBSXT099N33XYMAT5JMHHUM7KTHVG4EI9TG7HOLYXPO 6G4MYF6Q28J55BWW8QIP4VDPJ5R', '5KX7KYXGINONR2W0ULNT75 UE0QD4HFWPXGKNQ0L4T9RJX1RMKE9V PYNOG7419D', 'LWQ7QBCV7V RXPUU1U3Q2C5DPHV9 XEI96L809TGS8HLXFLD9JJIJ98PA22XQKVA', 'ETJ8B80X');

insert into CLIENT (ID_CLIENT, ID_UTILISATEUR, EMAIL, NOM, PRENOM, CIVILITE) values (2, 12, 'QBN25DENCPBCC9TLC1R NXURQUBD6WTN2SBEC21971FRKHPT WD6 Y721ARYFGFEVQUEIRBGX3PQR 8CSS8KVSVHNQJ8AX 8OV7KLQEWQCY7702J076XBO7B1XT1N RL', '4IGU47MOISPE83T12 4PNWR593BEV54Q7E4O7X7L8C1TH12CQLW7SIQ 08PYHPIN', '8XS1G2PS5 N4YSH66456 6DGT7J1ETR7GL69GS3R A4JRO3UIRPPU3U289DL8 AX', 'HLEJ4X1 ');

insert into CLIENT (ID_CLIENT, ID_UTILISATEUR, EMAIL, NOM, PRENOM, CIVILITE) values (18, 6, 'HF2WLATEEOOUDN3VH TNBVSY9YISD5B0U 08JK9YAF8XLYK GGJTXGKWXBDLEYH8VH8VHOTP7BPCCSWPUAI66HOX4XV8PQE35CVYJJSXIF Q30XX0KO28VLWI4A48SHO', 'J0IOIBTKXJDNWPD6HI1279X8THQ MD8XICBGWVUGMEU03P0VL8BOCU0BY1BOT9G4', 'E1H6GCGCJRFL5WB I0SOJY7402F8MCX52J3PWMGQIDTS159GWUODJJAD7TC8V2HT', ' LC35ONH');

insert into CLIENT (ID_CLIENT, ID_UTILISATEUR, EMAIL, NOM, PRENOM, CIVILITE) values (15, 8, 'VDQ4T3S26BQCDCNUVUTJ7G1S8MOB19E5OSGRH2NPLXE1OGFNV FBA 2U0LVL6B3VS6GXO7LOQK8ELVUT0BSPM2 C2JIAQWVB KW9O42T308NQ1SWRK0QIBCU6F ISY85', 'ET0RPYPDVS36G9I8VYX514NSMQW5FNVJURPO0LPJ3T QH8N6PRUUG0CHJWQSGTX8', 'YR8GAD388KC981D9YOINEJ7PB2KJF6  4SWM68KCG3SRO2BJK864NLC6GVCSOOTV', 'V D10E14');

insert into CLIENT (ID_CLIENT, ID_UTILISATEUR, EMAIL, NOM, PRENOM, CIVILITE) values (19, 4, 'HES3O9Q8QE6OPCGN6VY2661YNNHWJ9 75HVF 3N66AN 619YTQ90W 7HBWYU3J8G93OXXW3 KM0RUA VT5BK129EJD6CQGC0QTIUSYN8IUDUF6LKSFEBXJYU6ON3NI 5', '009W NFH6 8YPBGV16UUODSHU9WQWXAEKR9SQXTRK88QM6AJA3EUXX1X8Y8OU3XD', '55X54THPL8SRBO4K0RC0U8E08OM84FLU7OTJOKM2HKQB371S8UH6MVBLS87R787G', 'WVHU3RQT');

insert into CLIENT (ID_CLIENT, ID_UTILISATEUR, EMAIL, NOM, PRENOM, CIVILITE) values (17, 13, 'XRI70C5M5NPRPOFGWBFL J82NQOE443CTCHKX4QY69NNFP11U08BL1DH  C9HOU5TG5919SBT9PBE1AYU1B48YYQL7KA1ETCYDX5RK1TUO57JDB3PF07D2TIIKXS5GPU', 'PM4DG3Y57X8LSCRMGUT4DBE6XID DB4N7M2BCSCJMS9TVAQP157R94FPRWORKIDW', 'VPY1IV3EK4S62VLVMGU5LVDFSTM0HQVDDYGI809TQCVR8TMJ31E6GF16G295IK0G', 'W2WF WG5');

insert into CLIENT (ID_CLIENT, ID_UTILISATEUR, EMAIL, NOM, PRENOM, CIVILITE) values (14, 10, 'RQ1UMUGSIU1HOCJENHGJI32RBPXQ7WMO9NHM4QAQMN4XPGO0J1JM7N2I1MQPNQW32L1BUS3AK83XM4O9PAXR19JYBRDYYR6HAGAJDIO76A9MDOVK2T2SMDFIBWLGKUBC', 'B71 PHO1U 38FCEI35EETR16YGDNMGHXV6SCRM0VF2BE6T7X5C1CENBDD D1NWKQ', 'EI8GK7TKH2R5O39Q6D02VP6QH074T7EO8W 37KP3TJX0HNUIVQ7BMST164DF3229', 'ATFY3TXG');

insert into CLIENT (ID_CLIENT, ID_UTILISATEUR, EMAIL, NOM, PRENOM, CIVILITE) values (16, 2, 'KKLGC94GVSURXDQL0M88KB ONAYR2MKD3M1XEDU5M6SPEB41H4ECKBQ5LLT2YOCFKPKI70HIUBSKSK6WY5EWBJGQTTABTKEI8EVDH900LFE08387HVSGJ08GMFA0ANSS', '6RV2VIKEG09HRUU1CPKKA1QBEMHYXH0E3NLEBDY6L52BXJE1BK7PU3 2VX61NPF8', 'L267W25X8EORSC44OPD3EMC9B7FBXHBHTB1BGMMTVQ3ERXY QDN922FP8LUL0MRS', 'RU2E7A6P');

insert into LISTE_DE_SOUHAITS (ID_ARTICLE, ID_CLIENT) values (6, 6);

insert into LISTE_DE_SOUHAITS (ID_ARTICLE, ID_CLIENT) values (17, 3);

insert into LISTE_DE_SOUHAITS (ID_ARTICLE, ID_CLIENT) values (14, 10);

insert into LISTE_DE_SOUHAITS (ID_ARTICLE, ID_CLIENT) values (9, 4);

insert into LISTE_DE_SOUHAITS (ID_ARTICLE, ID_CLIENT) values (8, 1);

insert into LISTE_DE_SOUHAITS (ID_ARTICLE, ID_CLIENT) values (11, 5);

insert into LISTE_DE_SOUHAITS (ID_ARTICLE, ID_CLIENT) values (4, 9);

insert into LISTE_DE_SOUHAITS (ID_ARTICLE, ID_CLIENT) values (0, 8);

insert into LISTE_DE_SOUHAITS (ID_ARTICLE, ID_CLIENT) values (10, 11);

insert into LISTE_DE_SOUHAITS (ID_ARTICLE, ID_CLIENT) values (12, 0);

insert into LISTE_DE_SOUHAITS (ID_ARTICLE, ID_CLIENT) values (2, 13);

insert into LISTE_DE_SOUHAITS (ID_ARTICLE, ID_CLIENT) values (18, 12);

insert into LISTE_DE_SOUHAITS (ID_ARTICLE, ID_CLIENT) values (1, 7);

insert into LISTE_DE_SOUHAITS (ID_ARTICLE, ID_CLIENT) values (3, 2);

insert into LISTE_DE_SOUHAITS (ID_ARTICLE, ID_CLIENT) values (13, 18);

insert into LISTE_DE_SOUHAITS (ID_ARTICLE, ID_CLIENT) values (16, 15);

insert into LISTE_DE_SOUHAITS (ID_ARTICLE, ID_CLIENT) values (19, 19);

insert into LISTE_DE_SOUHAITS (ID_ARTICLE, ID_CLIENT) values (7, 17);

insert into LISTE_DE_SOUHAITS (ID_ARTICLE, ID_CLIENT) values (15, 14);

insert into LISTE_DE_SOUHAITS (ID_ARTICLE, ID_CLIENT) values (5, 16);

insert into LIENS_CLIENT_ADRESSE (ID_CLIENT, ID_ADRESSE) values (6, 8);

insert into LIENS_CLIENT_ADRESSE (ID_CLIENT, ID_ADRESSE) values (3, 5);

insert into LIENS_CLIENT_ADRESSE (ID_CLIENT, ID_ADRESSE) values (10, 6);

insert into LIENS_CLIENT_ADRESSE (ID_CLIENT, ID_ADRESSE) values (4, 10);

insert into LIENS_CLIENT_ADRESSE (ID_CLIENT, ID_ADRESSE) values (1, 13);

insert into LIENS_CLIENT_ADRESSE (ID_CLIENT, ID_ADRESSE) values (5, 4);

insert into LIENS_CLIENT_ADRESSE (ID_CLIENT, ID_ADRESSE) values (9, 9);

insert into LIENS_CLIENT_ADRESSE (ID_CLIENT, ID_ADRESSE) values (8, 17);

insert into LIENS_CLIENT_ADRESSE (ID_CLIENT, ID_ADRESSE) values (11, 3);

insert into LIENS_CLIENT_ADRESSE (ID_CLIENT, ID_ADRESSE) values (0, 7);

insert into LIENS_CLIENT_ADRESSE (ID_CLIENT, ID_ADRESSE) values (13, 0);

insert into LIENS_CLIENT_ADRESSE (ID_CLIENT, ID_ADRESSE) values (12, 19);

insert into LIENS_CLIENT_ADRESSE (ID_CLIENT, ID_ADRESSE) values (7, 16);

insert into LIENS_CLIENT_ADRESSE (ID_CLIENT, ID_ADRESSE) values (2, 15);

insert into LIENS_CLIENT_ADRESSE (ID_CLIENT, ID_ADRESSE) values (18, 12);

insert into LIENS_CLIENT_ADRESSE (ID_CLIENT, ID_ADRESSE) values (15, 1);

insert into LIENS_CLIENT_ADRESSE (ID_CLIENT, ID_ADRESSE) values (19, 11);

insert into LIENS_CLIENT_ADRESSE (ID_CLIENT, ID_ADRESSE) values (17, 2);

insert into LIENS_CLIENT_ADRESSE (ID_CLIENT, ID_ADRESSE) values (14, 14);

insert into LIENS_CLIENT_ADRESSE (ID_CLIENT, ID_ADRESSE) values (16, 18);

insert into COMMENTAIRE (ID_COMMENTAIRE, ID_ARTICLE, ID_CLIENT, NOTE, DATE) values (3, 1, 13, 14, '297-3-4 2:18:48');

insert into COMMENTAIRE (ID_COMMENTAIRE, ID_ARTICLE, ID_CLIENT, NOTE, DATE) values (4, 4, 14, 8, '728-12-8 5:41:29');

insert into COMMENTAIRE (ID_COMMENTAIRE, ID_ARTICLE, ID_CLIENT, NOTE, DATE) values (19, 4, 1, 12, '1077-6-1 8:28:42');

insert into COMMENTAIRE (ID_COMMENTAIRE, ID_ARTICLE, ID_CLIENT, NOTE, DATE) values (15, 6, 10, 2, '1576-2-17 11:58:2');

insert into COMMENTAIRE (ID_COMMENTAIRE, ID_ARTICLE, ID_CLIENT, NOTE, DATE) values (1, 4, 13, 16, '1259-8-11 10:38:38');

insert into COMMENTAIRE (ID_COMMENTAIRE, ID_ARTICLE, ID_CLIENT, NOTE, DATE) values (5, 13, 6, 3, '1-1-1 0:0:0');

insert into COMMENTAIRE (ID_COMMENTAIRE, ID_ARTICLE, ID_CLIENT, NOTE, DATE) values (13, 1, 11, 19, '879-2-5 6:45:9');

insert into COMMENTAIRE (ID_COMMENTAIRE, ID_ARTICLE, ID_CLIENT, NOTE, DATE) values (7, 8, 7, 17, '207-2-20 1:30:43');

insert into COMMENTAIRE (ID_COMMENTAIRE, ID_ARTICLE, ID_CLIENT, NOTE, DATE) values (14, 1, 9, 9, '812-9-24 6:8:27');

insert into COMMENTAIRE (ID_COMMENTAIRE, ID_ARTICLE, ID_CLIENT, NOTE, DATE) values (10, 10, 8, 11, '1697-1-28 13:2:10');

insert into COMMENTAIRE (ID_COMMENTAIRE, ID_ARTICLE, ID_CLIENT, NOTE, DATE) values (12, 17, 4, 15, '662-6-6 5:5:31');

insert into COMMENTAIRE (ID_COMMENTAIRE, ID_ARTICLE, ID_CLIENT, NOTE, DATE) values (16, 8, 18, 7, '1405-11-10 11:2:54');

insert into COMMENTAIRE (ID_COMMENTAIRE, ID_ARTICLE, ID_CLIENT, NOTE, DATE) values (9, 19, 13, 13, '61-7-26 0:22:41');

insert into COMMENTAIRE (ID_COMMENTAIRE, ID_ARTICLE, ID_CLIENT, NOTE, DATE) values (17, 4, 19, 4, '1205-1-14 9:32:34');

insert into COMMENTAIRE (ID_COMMENTAIRE, ID_ARTICLE, ID_CLIENT, NOTE, DATE) values (11, 18, 17, 18, '1483-12-31 11:30:34');

insert into COMMENTAIRE (ID_COMMENTAIRE, ID_ARTICLE, ID_CLIENT, NOTE, DATE) values (8, 16, 19, 10, '950-9-15 7:43:58');

insert into COMMENTAIRE (ID_COMMENTAIRE, ID_ARTICLE, ID_CLIENT, NOTE, DATE) values (18, 14, 5, 0, '608-6-4 4:24:57');

insert into COMMENTAIRE (ID_COMMENTAIRE, ID_ARTICLE, ID_CLIENT, NOTE, DATE) values (2, 6, 19, 6, '401-12-28 3:18:59');

insert into COMMENTAIRE (ID_COMMENTAIRE, ID_ARTICLE, ID_CLIENT, NOTE, DATE) values (0, 8, 1, 1, '1840-2-25 13:55:37');

insert into COMMENTAIRE (ID_COMMENTAIRE, ID_ARTICLE, ID_CLIENT, NOTE, DATE) values (6, 8, 14, 5, '545-6-24 3:55:15');

insert into PANIER (IDPANIER, ID_CLIENT, REFINTERNAUTE) values (6, 6, 'BIFS5UPH13 RQGDA3NNWKRK61KHKNEYR52ETL MO2E73J3LPO8TNSKPF0 LH JEM');

insert into PANIER (IDPANIER, ID_CLIENT, REFINTERNAUTE) values (9, 3, '8NT055U5XA8BUT0HB2S3Q3 0N1H UC9PXH8WDOHPDU2MAXTACDAB9 WL9ASDLVO ');

insert into PANIER (IDPANIER, ID_CLIENT, REFINTERNAUTE) values (2, 10, 'MPH7HCHV520D160D77ALS6TJ35G26LJ2OCRR4CIR1TN4RSCP9L3DA3RTFYPO2DG8');

insert into PANIER (IDPANIER, ID_CLIENT, REFINTERNAUTE) values (7, 4, 'KDELKA18VXUHP9DV0E789HN1MY1Y8HVEQM5VI4DQG2PBNKG4XFIYPL4J2B8S7K15');

insert into PANIER (IDPANIER, ID_CLIENT, REFINTERNAUTE) values (5, 1, 'OTYW9BJEQVPMU5ODIF3D5 M834D91Q QYO46MLCYKUHJ5QX7A DLPOBQ5BRMBHF2');

insert into PANIER (IDPANIER, ID_CLIENT, REFINTERNAUTE) values (10, 5, '3R4CY9EXXF2CWJWUVM0T 49CQS166OYNOJT54V3BSWPHY515UT E337XAA4J9NYQ');

insert into PANIER (IDPANIER, ID_CLIENT, REFINTERNAUTE) values (18, 9, 'DDALKHLY4JYMSKKOUTIWQVO3DJ6CQ2H7SKXQ5JU60HMIA7KMJY4Y4333I4OFB3JI');

insert into PANIER (IDPANIER, ID_CLIENT, REFINTERNAUTE) values (12, 8, 'NCFVFUL2HRU1 WRTNBNFYRHSAIEUA7QWMRODCNCDNC0ATVRRW 4BJCTPB6CQCCK6');

insert into PANIER (IDPANIER, ID_CLIENT, REFINTERNAUTE) values (8, 11, 'IVXVGNDFN3RJEQXN1XYSMOR39DTDVUBT1JP1TVRANQ25RIFAU0S3L2QRSCGAOG  ');

insert into PANIER (IDPANIER, ID_CLIENT, REFINTERNAUTE) values (17, 0, '2MRT0SCLT 5PIN657 JQ9529M7323BEIEU6779TREFKVS1UDXJFC21PRG0VI3Y5S');

insert into PANIER (IDPANIER, ID_CLIENT, REFINTERNAUTE) values (3, 13, 'WTBE0KJQNI1I9VYPW9XOV5H14OAJ1DM I4TRNEQ6UNQN4VRN2NTN7F0ND10AXVYV');

insert into PANIER (IDPANIER, ID_CLIENT, REFINTERNAUTE) values (19, 12, '55LTUUDEB4XH31C9D36E 4NO2V1 9A5USAS8TF7DD5BBGWHBRWB3RYJY1TO10QU1');

insert into PANIER (IDPANIER, ID_CLIENT, REFINTERNAUTE) values (0, 7, 'FRYTC TQGUSN BT8BBU8L1MW8FH SUM42SSJSWHQX7K4 JR10EOA1VLNJ7BLOLPJ');

insert into PANIER (IDPANIER, ID_CLIENT, REFINTERNAUTE) values (4, 2, 'SECJYUCB854JBBGJY7007D XXH8QAD6COKY47X93VJ8UEQV19N99QV17ELPFQYX9');

insert into PANIER (IDPANIER, ID_CLIENT, REFINTERNAUTE) values (15, 18, 'U78QIPWBC3X539RL1L62U4TIYOEUQLILH21 94QV6FKPWUMWHRTL676MNUADIVEF');

insert into PANIER (IDPANIER, ID_CLIENT, REFINTERNAUTE) values (1, 15, 'QWILFH BY4P RSQCTTG8 PRWK4MHRUQEU95JIJNV9M9J6S8V7APF2KWDUDWUTWIU');

insert into PANIER (IDPANIER, ID_CLIENT, REFINTERNAUTE) values (16, 19, '1NNUKGIEP9F380Y7YOEUO5TSLF 9FVISMI0Q5T6G CMKG IMDAP9O6IH00XP 08V');

insert into PANIER (IDPANIER, ID_CLIENT, REFINTERNAUTE) values (11, 17, 'V67NXB256I1JRDWYW59FV0K5RWRBI6PIIMS9BIDRK50459KMU3QXVK7NQW9VJKRD');

insert into PANIER (IDPANIER, ID_CLIENT, REFINTERNAUTE) values (14, 14, '0QB360JC3YMNDMLOD9ONEY79NDIMSU3HJBMPYR1TBJ6DWFISNE3S4BFOJEGVJN3V');

insert into PANIER (IDPANIER, ID_CLIENT, REFINTERNAUTE) values (13, 16, 'A3WWM23RTHAPQXLBV6AOA7ICH1D5H Y7GNLKOPPC67T9BWX993UUOKTAL5R4WANU');

insert into COMMANDE (ID_COMMANDE, ID_CLIENT, NUMEROCOMMANDE, MONTANT_TOTAL, DATE_PAIEMENT, IS_CANCELLED) values (16, 1, '0LQ5NMMHCT76TF4PLTVE8IOWVDY1QAOOJV7Q9OR9XMAO21NKKR63N 8F8JUL2JJW', 14, '1868-2-26 13:44:59', 7);

insert into COMMANDE (ID_COMMANDE, ID_CLIENT, NUMEROCOMMANDE, MONTANT_TOTAL, DATE_PAIEMENT, IS_CANCELLED) values (9, 13, 'CNS2D2AOBT11YWYP330 8DMT 0N EOCL80K4992A4QHG9WIXXVJOJA5E7N0F7CEW', 15, '1546-1-10 11:22:17', 14);

insert into COMMANDE (ID_COMMANDE, ID_CLIENT, NUMEROCOMMANDE, MONTANT_TOTAL, DATE_PAIEMENT, IS_CANCELLED) values (17, 18, 'WVX2P4TA PY7BFKQU BVNTW737XBMKVO74I62WYJLY1RW648N94H5FQYTDL67SOC', 16, '1-1-1 0:0:0', 16);

insert into COMMANDE (ID_COMMANDE, ID_CLIENT, NUMEROCOMMANDE, MONTANT_TOTAL, DATE_PAIEMENT, IS_CANCELLED) values (5, 14, 'XJ8Y69SKOMMSGA1A7F0J5 8 LPJQ3VJ2XSB0G9AIYPU1TCXBC3D7CRW9QQKU 2YL', 9, '1329-11-6 9:54:1', 5);

insert into COMMANDE (ID_COMMANDE, ID_CLIENT, NUMEROCOMMANDE, MONTANT_TOTAL, DATE_PAIEMENT, IS_CANCELLED) values (0, 10, '3H93SFB8664GF93G USWWGUGGSRJ105FD3T6NLE66U85AGRG2362I54W47G 0T7N', 11, '1102-4-8 8:43:37', 15);

insert into COMMANDE (ID_COMMANDE, ID_CLIENT, NUMEROCOMMANDE, MONTANT_TOTAL, DATE_PAIEMENT, IS_CANCELLED) values (7, 18, 'P02B03YISI4DVNUQK8REGBFI27AH4WX 2KBRFM40US3I613FGG0RJWCYOU7K76 W', 0, '321-4-22 2:4:34', 4);

insert into COMMANDE (ID_COMMANDE, ID_CLIENT, NUMEROCOMMANDE, MONTANT_TOTAL, DATE_PAIEMENT, IS_CANCELLED) values (3, 10, 'GY6XX9T5A8O4S8Y8SYO2067IC6EVKXPEXALC2JS10CRYS5RKMTSHSV23J3C61UA9', 7, '1217-4-13 9:14:45', 0);

insert into COMMANDE (ID_COMMANDE, ID_CLIENT, NUMEROCOMMANDE, MONTANT_TOTAL, DATE_PAIEMENT, IS_CANCELLED) values (10, 17, 'KLOR DHEYHGWS9KG00PA73VAPGTF11PTGTY0B38P5Y6YYB8N4EYX6F9DD0VRHYO5', 13, '418-7-20 2:58:41', 6);

insert into COMMANDE (ID_COMMANDE, ID_CLIENT, NUMEROCOMMANDE, MONTANT_TOTAL, DATE_PAIEMENT, IS_CANCELLED) values (13, 13, 'RS557E1 LWKBYKCH3TH14QO81CTFSKQXM88CFHS0DGNC KC 4XFC2DCGC19VX66I', 10, '511-6-4 3:39:53', 9);

insert into COMMANDE (ID_COMMANDE, ID_CLIENT, NUMEROCOMMANDE, MONTANT_TOTAL, DATE_PAIEMENT, IS_CANCELLED) values (19, 8, 'AULY4U35ILMJTDFUEB9SG4A7TJ3OGI2XX3QF5GBG682JQFJE6INFC4AE47IJDOAS', 19, '590-4-14 4:20:43', 18);

insert into COMMANDE (ID_COMMANDE, ID_CLIENT, NUMEROCOMMANDE, MONTANT_TOTAL, DATE_PAIEMENT, IS_CANCELLED) values (14, 11, 'VJLGQNOLH7Q7HJGLRXOHAWYKXBXE97HFCG9TR75 M7SGGXP4FWKCEGLVW149821V', 6, '148-12-5 0:38:19', 10);

insert into COMMANDE (ID_COMMANDE, ID_CLIENT, NUMEROCOMMANDE, MONTANT_TOTAL, DATE_PAIEMENT, IS_CANCELLED) values (4, 8, 'Q77IKAGMSUJFIALAJMWKA5D5RF2DWL8OCW3M1G348OOF1M80G9KT4R6XAI22GK 6', 12, '870-2-20 6:45:56', 1);

insert into COMMANDE (ID_COMMANDE, ID_CLIENT, NUMEROCOMMANDE, MONTANT_TOTAL, DATE_PAIEMENT, IS_CANCELLED) values (8, 0, 'LO GLQGW855V FHYLUN0LGQD95QVK33AWH3E7GJV2K5ESJ1DDAL3WUJ8I4VGIS4N', 17, '794-5-12 5:54:32', 11);

insert into COMMANDE (ID_COMMANDE, ID_CLIENT, NUMEROCOMMANDE, MONTANT_TOTAL, DATE_PAIEMENT, IS_CANCELLED) values (1, 0, 'P8 3CG9P386PG8A59H38TXT1U6ON LDHIQI91WAOO91QI6IYR63TM3MV6WJGBW P', 8, '1468-11-13 10:57:35', 3);

insert into COMMANDE (ID_COMMANDE, ID_CLIENT, NUMEROCOMMANDE, MONTANT_TOTAL, DATE_PAIEMENT, IS_CANCELLED) values (12, 2, 'SQRSTF0R7QRJ0HOYE1W935RIFS50BITW4S6QS0OJ3MPCJMK2RM07NBVFIBILCKKA', 1, '1684-2-13 12:45:38', 17);

insert into COMMANDE (ID_COMMANDE, ID_CLIENT, NUMEROCOMMANDE, MONTANT_TOTAL, DATE_PAIEMENT, IS_CANCELLED) values (6, 5, '2FDCJ3AASSHI8GQVDE9H38BPERWO9QPQ85DX8IKXT00LPCKJXSR0VWA25DTVJYGS', 5, '710-8-1 5:14:13', 8);

insert into COMMANDE (ID_COMMANDE, ID_CLIENT, NUMEROCOMMANDE, MONTANT_TOTAL, DATE_PAIEMENT, IS_CANCELLED) values (2, 7, 'V0X67WBMHO6CGWT4AM6HKRIENYRS8APKFHQXNL83YO6SO8EA0QUBTT2Y2VSNJ8L6', 2, '238-5-25 1:20:22', 13);

insert into COMMANDE (ID_COMMANDE, ID_CLIENT, NUMEROCOMMANDE, MONTANT_TOTAL, DATE_PAIEMENT, IS_CANCELLED) values (18, 12, 'LM42KNFIFDQGG04NETCE458YWUI1MONLTAWD0AJ4BYN9CW7S0NM3R63K3HA R XQ', 4, '1776-11-3 13:8:8', 19);

insert into COMMANDE (ID_COMMANDE, ID_CLIENT, NUMEROCOMMANDE, MONTANT_TOTAL, DATE_PAIEMENT, IS_CANCELLED) values (11, 18, 'M57QI40VYHXAE0MYCV TKRGKIAVKSYC4JTF7553ETV Q6T52Y2W9V1WD3P851RL ', 18, '1613-8-22 11:59:2', 12);

insert into COMMANDE (ID_COMMANDE, ID_CLIENT, NUMEROCOMMANDE, MONTANT_TOTAL, DATE_PAIEMENT, IS_CANCELLED) values (15, 4, '6V8 JSQYC2D T8EMGQ96KOU3U2M5F1394OLGTVPG0T2K IOVF74I1OGGRKK6CQ4F', 3, '1017-12-28 7:46:36', 2);

insert into LIENS_COMMANDE_ADRESSE (ID_COMMANDE, ID_ADRESSE, ISFACTURATION) values (16, 8, 12);

insert into LIENS_COMMANDE_ADRESSE (ID_COMMANDE, ID_ADRESSE, ISFACTURATION) values (9, 5, 19);

insert into LIENS_COMMANDE_ADRESSE (ID_COMMANDE, ID_ADRESSE, ISFACTURATION) values (17, 6, 9);

insert into LIENS_COMMANDE_ADRESSE (ID_COMMANDE, ID_ADRESSE, ISFACTURATION) values (5, 10, 4);

insert into LIENS_COMMANDE_ADRESSE (ID_COMMANDE, ID_ADRESSE, ISFACTURATION) values (0, 13, 7);

insert into LIENS_COMMANDE_ADRESSE (ID_COMMANDE, ID_ADRESSE, ISFACTURATION) values (7, 4, 11);

insert into LIENS_COMMANDE_ADRESSE (ID_COMMANDE, ID_ADRESSE, ISFACTURATION) values (3, 9, 2);

insert into LIENS_COMMANDE_ADRESSE (ID_COMMANDE, ID_ADRESSE, ISFACTURATION) values (10, 17, 17);

insert into LIENS_COMMANDE_ADRESSE (ID_COMMANDE, ID_ADRESSE, ISFACTURATION) values (13, 3, 14);

insert into LIENS_COMMANDE_ADRESSE (ID_COMMANDE, ID_ADRESSE, ISFACTURATION) values (19, 7, 18);

insert into LIENS_COMMANDE_ADRESSE (ID_COMMANDE, ID_ADRESSE, ISFACTURATION) values (14, 0, 5);

insert into LIENS_COMMANDE_ADRESSE (ID_COMMANDE, ID_ADRESSE, ISFACTURATION) values (4, 19, 8);

insert into LIENS_COMMANDE_ADRESSE (ID_COMMANDE, ID_ADRESSE, ISFACTURATION) values (8, 16, 1);

insert into LIENS_COMMANDE_ADRESSE (ID_COMMANDE, ID_ADRESSE, ISFACTURATION) values (1, 15, 13);

insert into LIENS_COMMANDE_ADRESSE (ID_COMMANDE, ID_ADRESSE, ISFACTURATION) values (12, 12, 3);

insert into LIENS_COMMANDE_ADRESSE (ID_COMMANDE, ID_ADRESSE, ISFACTURATION) values (6, 1, 16);

insert into LIENS_COMMANDE_ADRESSE (ID_COMMANDE, ID_ADRESSE, ISFACTURATION) values (2, 11, 10);

insert into LIENS_COMMANDE_ADRESSE (ID_COMMANDE, ID_ADRESSE, ISFACTURATION) values (18, 2, 6);

insert into LIENS_COMMANDE_ADRESSE (ID_COMMANDE, ID_ADRESSE, ISFACTURATION) values (11, 14, 15);

insert into LIENS_COMMANDE_ADRESSE (ID_COMMANDE, ID_ADRESSE, ISFACTURATION) values (15, 18, 0);

insert into LIGNE_COMMANDE (ID_COMMANDE, ID_ARTICLE, QUANTITE, PRIX, STATUT) values (16, 6, 12, 5, 'AVO48CR5M2 R9ABH');

insert into LIGNE_COMMANDE (ID_COMMANDE, ID_ARTICLE, QUANTITE, PRIX, STATUT) values (9, 17, 9, 6, '5BBH5DP9IA4H3XLC');

insert into LIGNE_COMMANDE (ID_COMMANDE, ID_ARTICLE, QUANTITE, PRIX, STATUT) values (17, 14, 18, 8, 'V0DN6141SO8G12AF');

insert into LIGNE_COMMANDE (ID_COMMANDE, ID_ARTICLE, QUANTITE, PRIX, STATUT) values (5, 9, 7, 0, 'BLTW2NQTF6ILDHKG');

insert into LIGNE_COMMANDE (ID_COMMANDE, ID_ARTICLE, QUANTITE, PRIX, STATUT) values (0, 8, 1, 1, 'GEAF1CPEXYF4PDBP');

insert into LIGNE_COMMANDE (ID_COMMANDE, ID_ARTICLE, QUANTITE, PRIX, STATUT) values (7, 11, 13, 11, '703LUWFT3UVUJX R');

insert into LIGNE_COMMANDE (ID_COMMANDE, ID_ARTICLE, QUANTITE, PRIX, STATUT) values (3, 4, 4, 7, '917B0XSV3530GLU8');

insert into LIGNE_COMMANDE (ID_COMMANDE, ID_ARTICLE, QUANTITE, PRIX, STATUT) values (10, 0, 3, 10, 'K6R61 MH7MPKUCIP');

insert into LIGNE_COMMANDE (ID_COMMANDE, ID_ARTICLE, QUANTITE, PRIX, STATUT) values (13, 10, 16, 18, '54KJ3PFIHQEDIUJX');

insert into LIGNE_COMMANDE (ID_COMMANDE, ID_ARTICLE, QUANTITE, PRIX, STATUT) values (19, 12, 17, 9, 'KUVOM2 1FPL5EJ0X');

insert into LIGNE_COMMANDE (ID_COMMANDE, ID_ARTICLE, QUANTITE, PRIX, STATUT) values (14, 2, 6, 13, 'LLTYWAYJJNXU2TC1');

insert into LIGNE_COMMANDE (ID_COMMANDE, ID_ARTICLE, QUANTITE, PRIX, STATUT) values (4, 18, 19, 17, 'V58VP8HT0P LF6O6');

insert into LIGNE_COMMANDE (ID_COMMANDE, ID_ARTICLE, QUANTITE, PRIX, STATUT) values (8, 1, 0, 19, 'IS66Y9XE96WUB7NU');

insert into LIGNE_COMMANDE (ID_COMMANDE, ID_ARTICLE, QUANTITE, PRIX, STATUT) values (1, 3, 5, 14, 'QMI4BIDCNM0K4UXC');

insert into LIGNE_COMMANDE (ID_COMMANDE, ID_ARTICLE, QUANTITE, PRIX, STATUT) values (12, 13, 2, 16, 'GHNEV0BO31GCHI V');

insert into LIGNE_COMMANDE (ID_COMMANDE, ID_ARTICLE, QUANTITE, PRIX, STATUT) values (6, 16, 8, 12, 'X73GMS79NWQGR3IK');

insert into LIGNE_COMMANDE (ID_COMMANDE, ID_ARTICLE, QUANTITE, PRIX, STATUT) values (2, 19, 14, 4, 'FR1I9Y735EF0T87R');

insert into LIGNE_COMMANDE (ID_COMMANDE, ID_ARTICLE, QUANTITE, PRIX, STATUT) values (18, 7, 11, 15, 'RA5MQWRDTET6LCE0');

insert into LIGNE_COMMANDE (ID_COMMANDE, ID_ARTICLE, QUANTITE, PRIX, STATUT) values (11, 15, 10, 3, '08X0TC4LYRG5NQIB');

insert into LIGNE_COMMANDE (ID_COMMANDE, ID_ARTICLE, QUANTITE, PRIX, STATUT) values (15, 5, 15, 2, '2LMYUJ4OHBUFXVW3');

insert into LIENS_PANIER_ARTICLE (IDPANIER, ID_ARTICLE, QUANTITE) values (6, 6, 11);

insert into LIENS_PANIER_ARTICLE (IDPANIER, ID_ARTICLE, QUANTITE) values (9, 17, 10);

insert into LIENS_PANIER_ARTICLE (IDPANIER, ID_ARTICLE, QUANTITE) values (2, 14, 1);

insert into LIENS_PANIER_ARTICLE (IDPANIER, ID_ARTICLE, QUANTITE) values (7, 9, 13);

insert into LIENS_PANIER_ARTICLE (IDPANIER, ID_ARTICLE, QUANTITE) values (5, 8, 0);

insert into LIENS_PANIER_ARTICLE (IDPANIER, ID_ARTICLE, QUANTITE) values (10, 11, 18);

insert into LIENS_PANIER_ARTICLE (IDPANIER, ID_ARTICLE, QUANTITE) values (18, 4, 3);

insert into LIENS_PANIER_ARTICLE (IDPANIER, ID_ARTICLE, QUANTITE) values (12, 0, 7);

insert into LIENS_PANIER_ARTICLE (IDPANIER, ID_ARTICLE, QUANTITE) values (8, 10, 6);

insert into LIENS_PANIER_ARTICLE (IDPANIER, ID_ARTICLE, QUANTITE) values (17, 12, 8);

insert into LIENS_PANIER_ARTICLE (IDPANIER, ID_ARTICLE, QUANTITE) values (3, 2, 9);

insert into LIENS_PANIER_ARTICLE (IDPANIER, ID_ARTICLE, QUANTITE) values (19, 18, 4);

insert into LIENS_PANIER_ARTICLE (IDPANIER, ID_ARTICLE, QUANTITE) values (0, 1, 14);

insert into LIENS_PANIER_ARTICLE (IDPANIER, ID_ARTICLE, QUANTITE) values (4, 3, 12);

insert into LIENS_PANIER_ARTICLE (IDPANIER, ID_ARTICLE, QUANTITE) values (15, 13, 17);

insert into LIENS_PANIER_ARTICLE (IDPANIER, ID_ARTICLE, QUANTITE) values (1, 16, 19);

insert into LIENS_PANIER_ARTICLE (IDPANIER, ID_ARTICLE, QUANTITE) values (16, 19, 5);

insert into LIENS_PANIER_ARTICLE (IDPANIER, ID_ARTICLE, QUANTITE) values (11, 7, 15);

insert into LIENS_PANIER_ARTICLE (IDPANIER, ID_ARTICLE, QUANTITE) values (14, 15, 16);

insert into LIENS_PANIER_ARTICLE (IDPANIER, ID_ARTICLE, QUANTITE) values (13, 5, 2);

