use bamdb;

delete from LIENS_PANIER_ARTICLE;

delete from LIGNE_COMMANDE;

delete from LIENS_COMMANDE_ADRESSE;

delete from COMMANDE;

delete from PANIER;

delete from COMMENTAIRE;

delete from LIENS_CLIENT_ADRESSE;

delete from LISTE_DE_SOUHAITS;

delete from CLIENT;

delete from MESSAGE;

delete from UTILISATEUR;

delete from LIENS_PROMOTIONS_ARTICLES;

delete from LIENS_SPECS_CATEGORIE;

delete from LIENS_SPECS_ARTICLE;

delete from LIENS_CATEGORIE_ARTICLE;

delete from ROLE;

delete from PROMOTION;

delete from ADRESSE;

delete from CARACTERISTIQUE;

delete from CATEGORIE;

delete from FICHE;

delete from ARTICLE;

insert into ARTICLE (ID_ARTICLE, REFARTICLE, PRIX, QUANTITE) values (8, 'G4MQU371043R9 PNDAKUJOIPCH8UE31MSQM169X559 BKA779F0JE0F36 NYL6 M', 16, 6);

insert into ARTICLE (ID_ARTICLE, REFARTICLE, PRIX, QUANTITE) values (0, '3BWS69OPKTWWHY7MPI KEDWVLM5MXMJNLD56K6C482C62Y10PQ3GAT10USLC0TRV', 14, 12);

insert into ARTICLE (ID_ARTICLE, REFARTICLE, PRIX, QUANTITE) values (3, '4VV1218YQLNLH4FKSSNDTA7NREPCI3 KY59VHSSY3IW4W9AP0NU4RO15NPYI2NQ8', 11, 3);

insert into ARTICLE (ID_ARTICLE, REFARTICLE, PRIX, QUANTITE) values (4, 'XWETM6T0WAVGH V 0RK5 QGXDBJBENYHFB3PB0E4BQAYGXO2W1KNB5PMCEJX93R3', 9, 16);

insert into ARTICLE (ID_ARTICLE, REFARTICLE, PRIX, QUANTITE) values (10, 'BXXXGUVI 7IL2JIVCNACNH90FCQ7FXL01OANW9VJ3CR2N8GEJB0QWAV054QMO 6C', 8, 0);

insert into ARTICLE (ID_ARTICLE, REFARTICLE, PRIX, QUANTITE) values (13, 'KXCNNQBPC80NHAVT72SV1XNPGYVBU0ICEH0CLJEP0E0BWXEFNEGK1OVCVLB2TPVF', 2, 14);

insert into ARTICLE (ID_ARTICLE, REFARTICLE, PRIX, QUANTITE) values (2, 'KH0ST LBVPCPC8XRL6M6VT5DG30BHLT4LJVR99OJ8HA258PGEOPSNEFAR0O8R576', 18, 15);

insert into ARTICLE (ID_ARTICLE, REFARTICLE, PRIX, QUANTITE) values (12, 'LMVN1DNIYG DTV6AXMT5EHVTW9SILQ6G553I8BUJEQ96SY57J3 L9 XUJ5NL0O30', 4, 19);

insert into ARTICLE (ID_ARTICLE, REFARTICLE, PRIX, QUANTITE) values (19, 'GVB1Y0V0HUVRL7MC5LW8BQCEUF9L04N0628LD8MLMQ60QAY 714OTI5NJ7J6N6US', 17, 9);

insert into ARTICLE (ID_ARTICLE, REFARTICLE, PRIX, QUANTITE) values (16, 'J998NN81TQHITRQIPQWBWWMXS01S0TWW9KJL1V68JKQFE1VJ5ED6TJEQFV7G60C ', 12, 5);

insert into ARTICLE (ID_ARTICLE, REFARTICLE, PRIX, QUANTITE) values (17, 'MC20RF59UFRO5IJSK6CWTTAQR26VCI0TFGLJ2P6DBU5SPF65JMHS84GQJD EO2 E', 7, 1);

insert into ARTICLE (ID_ARTICLE, REFARTICLE, PRIX, QUANTITE) values (14, '04NQB2KW T7YSYIO6M8TCQCN7 A2DAMU90KYUOUGJN4Y37KL2KRNJUOOMHPINQLH', 13, 13);

insert into ARTICLE (ID_ARTICLE, REFARTICLE, PRIX, QUANTITE) values (5, 'K5F6 QVO37RDD4N7G73K7JE17SG3TTUOU03Y68TGDLVAFMB3YP HQSU5WCPR6VL3', 3, 10);

insert into ARTICLE (ID_ARTICLE, REFARTICLE, PRIX, QUANTITE) values (7, 'LG9LV51SKGWK3HFWUL 1LHIN8YA705BGRRD1HAAUGR4O6F5GVWFG9G8A6RUORUTN', 6, 8);

insert into ARTICLE (ID_ARTICLE, REFARTICLE, PRIX, QUANTITE) values (15, 'WKLUJGIXAWKOL2VRCYEN9F6WAET4R05R20 9KBYJWQ2F8WBY1KU75 PLOWF6GKN1', 15, 18);

insert into ARTICLE (ID_ARTICLE, REFARTICLE, PRIX, QUANTITE) values (1, 'UJB73E6BNF8B1DHBCXECGNIKXNO3BFXTC156R7 1DMGF SKB5MIXTWJ76HCTTEXM', 19, 2);

insert into ARTICLE (ID_ARTICLE, REFARTICLE, PRIX, QUANTITE) values (18, '8VTG64HNICVJ3D7KUNGIV0204MYVG4T7NOHU F29 1G1EB5UDG8AA9KOXQVIU72C', 5, 11);

insert into ARTICLE (ID_ARTICLE, REFARTICLE, PRIX, QUANTITE) values (11, 'DL0XVCD49IX0YMK29UN4RSU1DU7NJ5F3L64TKXDND1S5U8TBG09H1M13PEVT5DXK', 10, 7);

insert into ARTICLE (ID_ARTICLE, REFARTICLE, PRIX, QUANTITE) values (9, '3AAES8AGT9DT82KTJLGKUSH Q9K7A6U46BQ4B5L7O9P2AUSYJOD603T1ROPOPRU7', 1, 4);

insert into ARTICLE (ID_ARTICLE, REFARTICLE, PRIX, QUANTITE) values (6, 'FUM4GEF884B257XNSYUQHDHV02XC4WCSEE EHKU3OJJ5G0J2I9UM47DUC2SERV M', 0, 17);

insert into FICHE (ID_FICHE, ID_ARTICLE, DESCRIPTION, REFFICHE, IMAGE, IS_PUBLISHED) values (7, 1, 'TGX2FVQMR28XG2V8HRFNH6SDTE6VK1VU8EEO2P57EEVNH5Q67P0K9H1NNBRRXO9B JO078YV0EW4E2PXAHM5SF1LTDE531CHHYMNABXJY69RAR8CDCJU A78GDWQ6 PTN6YUTP4C66QLA33FM3TPW98PAJVWBA8WV53HB0VJ3CSBLQ9DQTAGLG1EIHROQN2H4785ESSJP0Q8CE1I 2LJ5VXTU8RQMONIY3G2MHQYJVOFUM2D3T3YNEFMK6TE7WR1DYI3NGWIK2HIBU6KDE0E9UALI7PNTOCAXDYR30P4F5RT1GHWOKA96YOQ0IX6PDPNQA68P9YS71YAEQHDBIOILBY6WQT897FOE3BE5BLQJ2AMOVU28TQVQIQ6M HTUBD13J9Q86YBK1P2BWK9TEPNWX 62NTJTQMMIUQDQPL3 20JQUXF1QPTCYXTQMFNOENFUK75GPDO2RQOCMG3EKN0GS2SL6S2V54MVQXJ8WGYJ18RN012V34JKN516 4FVS0IVPYMYV9VOBLM5QQ61XLC3K9LJ5FX8YKLNC48K4GLCEQWFF KY291FHQQA3HGH7CHKT RY42FVFAS1KGD9 4V2B7SHSVM916 HR C56BS41R6KM3 2F SHUKBUIXK5T42T89O3ISBJ7DMNW5Y3ODD7P1 IYR7TVLSHMS7WAAS2D4A0O5YHDMTRK1O78B1YC9F S9 KJX46CT0A2VT0IV0RWCC5V989C1FB 7Q873DVB2C95GIXL1KT2066S2OHX6C UXS06HTPY7FNV882GRLKGAHJC0SF 6V2GG8270TQAD294U9PCJ1O8TR383RWATY59PPMYYXLQIQYN72QYLCVJGL6N5DPN6KE49KU0RUD6CLJ5L9JDYPVECRR3S3QMM FCLU0UAGRUBEY7FN10GYHRY97KD1WSRHGLU5FVMSYEPM2AI4OTNLHG04IF105LIN6 1SED1YOWLCUUXSH2YPP9GN5ESDEE22U WS9K9C6USCA4YWXHG50SL75PA9PFWM', 'HLJCC9XB45KUK LNCPDKGCRPPOG9BX 3', 'Q18ATCK1L59EYKJBMWFRFD7LD0VMCFH055OND0OFTQE DVSUG60TF5U9L3MXVHBI4VOEG9QDNYXANYEFTVUW4L6PSIUE4BHPWM1GE9C4DBP5U3OC5M2SDCHCXG9558GD9DBGM4G7SOAXWI9YKLMX3 DPMICWYE1IJDRPIU986C4OWC0VL97F7 NKWND2MU8AKDK4JD81G D6WK5RDKC3NPFRF9HO7JCYPHKA4J4KYPYS164IJSBAGF5CC5GGUF0 ', 18);

insert into FICHE (ID_FICHE, ID_ARTICLE, DESCRIPTION, REFFICHE, IMAGE, IS_PUBLISHED) values (3, 7, 'AH PFJ6F93W0DD8T345BBN0E3X1E2VSAQUNVAB0U9YCE7PN5IJQDIAJX10D6JSR54QX69U7E0399S5FLCMO1L2BOMEBN754KRAS8VWK1WMNY9L 07Q9QJAPN VQJ8UHXK1UBLA3UT17KSX2FAJKKC5E3SN97QOQV0XJ9YK6598GQIVP199F93QFAAB9NWB05195PKDDC6KPTM275EDG7V0YS6X LYETO6TMUY2L02Q2VD25AGU1ERXL8RVDB4ETIERTIT2 V VDH DE3Q2EMYA3GV06VQR1XCM99SN1UII91TA3D1QH6KSKDSLXU1RR92CBBKYHYQL5G55O2Q203V3E6E8 KFOL26D5GV1BFBHAFD3VCRNJ12O844 D09MC1VEN7GYTMDWM6T7NGHECCF10MWB1RWM52SOIQ4JL2M1XPYIATVRK 9IXB52L4TMF37R7UOMIEBGSK8VC0FI1LWAJYVKH0HIWDUN1 YVOG64H144NT6UEHQLKENFY E I50R0BUXI9IE614 B5MD4M4G3RGR0B2RJXHWYK9ARX53P3S0R V3EKHVH9X2FW2EHCM9I85DDRFETIOSMMJF8MBOC867Q9 D77AH0CHJM89WW3FQXER8DO3OK9VHCNF2SGXLNP9 2X0M8EO6UT8PFCCKC 5NCW2QM6F1COJVILOXSN2CXK4HOULX6BQSNJKMDMBMWCC928PPFOBE J6MA1F8R7WFXQOTY9JLQET25U43P 6E4NNK5IIY6TDGPD4BNLON7926EQGTYQCBN3D6YFFCPGI97VP1WFRTDW9CS8RTDQO0A6OP4OVNYN4JGF7TJKEK22L9JXPLUH 8WDDUYRK RYKH9UGCM4QSY1AH6HC0334OP9WNFU9EC7RK9JDAH9DQGVLIHTE9MD X8N6KERPT3B5USOT6SBJ2Q6TQKX11NQGI8HMJF P3REOL10RGGUYXRA8FQ  EABIRRS9UVN2YAOTMXY4HMHVSD68TNAIUBT515VK6XLP21LM47LYHT1', 'L3H7CTSMINFUWTE4GRW X1J1E2FMICGE', 'V8FGT10XM0NIFYN59Q44LCHHAIXRP84YIKMK4K7EVTY38ORU9HOA6JEKJ0CMYPSNMSC4NNCDQF6VO SYRKK88141SMUQTEH NPNDYQ9HNKFTYEAYI 6 VQ8LCRGEJVY0NEB7O66EPDIMDF5IU2P7AFI2 BVMEH6 6HW4I9I2GD3L7EIEKK4ANV1D2GO1PLG9DWRB441I0JMQRMSN1O584N7OGV6YSFCET01M8VQY06ANF9OB6YCQ BOAJMGD23P3', 16);

insert into FICHE (ID_FICHE, ID_ARTICLE, DESCRIPTION, REFFICHE, IMAGE, IS_PUBLISHED) values (2, 8, '2J1F6 9DF7DQCJ14NNH7I0IONNCO8OSIUI3DH RU0TU16DA21QAMD9JOY7MM23J22FOXKQLJ5CXJPJ2GVETM95BH755FIQFX3DNOY1KE7WJK11W4RYBM6 63ICQVPG2LUWOV4NPI4YG6CMH4W5XO5YUPKY19T1ANRY8EL7C5BG52Q3UM02EJ85AOKMFN 8AVSUIUY82RRPYKF3AYAAFKGKRIAB4QGLI5GBJFS7TX0F PO5EMJRCU04RV J2SHNOKSK30RHQC2R04QQ1A1UD2 M4JH12UCTSDC4S4HB9YI7R5W8DRLAHKLSYI24MJBE5X7XXYPW5RFRMSHWTYM9FD09LXOE16SMAR1EPC3BE0HPTMUX32 CO5HJP1OXFQ3N4LYA SFIB2TVBYDD6A3JL8B29B 5NSNHQAOSHGIFHE5CWRI9C4W69LS8FB2 ENW3JUFGP44SQPPQ3LOH64X3IW77RUXM37AB8EXCVB5D9U70AQDUG16H1F 8 R3SY2CXUBGU13GRFR JJ242CR5Y93HA76MK0HLKJ2VP19YHYMU4Q7FQ7D0HDK5FQ94G0CKUXAH7H9KXTQ5XLCWER2AJE2FG8FNAJ6V6TQ6YQ7BFBIRLKE4GX76X4JT7K6WFX840AEC  S59 M42VUQA CBV2JTBX81KBC LQCYO5G5IMS6TIXG4F4Y0LC0FSFSSM145SVHY 9D9CYDMBHW32FSDTRY0XSDNIIARGDV 0XWHK7RPV0VA 73FMFAHCFL2HL6FXFPHHSV YRUQIO4MJNO1QHN5DORDSRM3OR2GIXGKG0POEBE E1UGKSO8K0OAG5FJK9HEX0UV9JY1HDL5IUHCEW5VU2Q 9LEJM 47DC8IY0PNE0IT1P S9XR3CMT0VJFO63N39 X ABOQP 1JHC99YRATHMDAM3EJWY7STK6MDG0 NQ5TNRRN1UIW05C7O1AJP3KE DBRJLGH9EQ1K H9XBB2WG9J S01R6 DJEOLF39NDPTKKAXRQ J1GY3HAGMAJ0', 'VK5AI8VRSD88HKEE59U2GMOI7I 113XN', 'NMOKLIWQM23MKE8ODD03HADK94DUWMO7MWBA0V4DICRLM1O7LC7AYYJ629MNP0NQWGHLAT9KXLW603KHBNU PINU BNR03CV98FX9 G5MSSN9BQ7KHJG35GHHXNQ9LQV O7GU142XBLVUGBCWFROIX36O8MT072AVLLXXHYHLX5GB4PWDJO8FTU34OEWSHVQA78TGPYP1V6LAUL3M8CD9OCOY6HJ8X  33I5F3E63O47A1WBSAH2IAJES09XXWI0', 10);

insert into FICHE (ID_FICHE, ID_ARTICLE, DESCRIPTION, REFFICHE, IMAGE, IS_PUBLISHED) values (6, 16, '6M19N8 F7EM3DJ936AFA2B87GK1Q3GUKJHS8NPD8N0ELH4KWRCODUE2YETJ3JMN0UNW94X3BF6VY7BOHUU1YSM21JLWI RBMI88XJPXMX  KM20N03QGYCOI1RWQMRGTGSIIDTX92YHGX6CHHVV BOKKLG74KEX9284V7UDI90WA8FO4Y989YQOKDC8P DVNDXCKLEXSIFIGSGBYNVHNXJA 6F555ASXTL5V4VFPCYEXSTUEBK 8C0XH84YR9MD6HDCLFO3XRPGEIY56ASYPDWFVC9DLLUMMXVJB61CFD8B799C2D8DE7 T5W3X9I8TN700716X79HE9C0W1Y3XC0UJFP9 2A1KR 6 2S4VH1RV84CI7WY68127Y7TMYCEPPE6AG4VGLXVSE E5UNSFCK0R8B7PK2BDC54PIVB83KYWPC43D5 SPX3GUIBV6WSYMGON0TA4N8LPROGXEWB3XEJQHREMOAM5R2TFGUF73NQLTG6GOV00ADIF4L44PQL 28W1YSEXD3ROR5 S2NN T81KT2LEGSCN1USCAMP0PGHT7DJDOBA71F5HRSA9T HP96OXW8REB02ODNCTOHAO8ENUCV38EXH K476WMVEOO3R3LS5GAI7DMDJ3YBNC8PLW4DA SBIFWMAYVAKJD5BYO QQ7OPLKFVC2M5LR6LCK09440LM WCA13X2C99LLWJ6GSKSMKRA74IG151IURE7C7U4NL0K16ITA4 9GFDES4KGER0786FA6OJ1UNFCO90T3AQFEK4WVPUAXRVVW13Q7VA59PSE83JXXCUAMSY6IVHSF28U8LVD40PWQI3VKIW0DR8JBS4RC1DFQF1I1IYQK6OYN76MH765LDIIO34EH38AOJJKRUF0CFB2VDN1WSPH8H27 8QXLAK86 6QA33 7P46UXV9NV3EGS49JJ2CV9NN58Q 35H6YVREJA 3QUAF0CO1MDHU14INIOAD5A1PFM9YG6YW32G65OGGMXKSDAY0AO55 8VCGNVBLRITPT3J', 'IQF3MIH322YAQAKRT4K3AH3J2G06A8JN', 'PCLRSTTJ7F7S11W3I NUPDK UXUYKPSV2CF M20IBGGK54331X8YEHWAT 54SJJWMXQW0V42WMOECEB527BA55BAYQVMBHOFEE08 6J8Y4GQDYM9W7TEMRT504HAXJG3WCKCRUWA1M5SYPELBTFHEMR6CF8MEOCL8VIAFN7M85VCXKAFMAKD7 OVQF5RIN4UYFMP79OR44MX2B79QBJMPXHTK91H48XU7VL B9SFTD0MAKDO XBDOIBURHJ9311T', 12);

insert into FICHE (ID_FICHE, ID_ARTICLE, DESCRIPTION, REFFICHE, IMAGE, IS_PUBLISHED) values (12, 10, 'NP16VABMNNN4GEYQN2YM I7 JO4LM8YFSOPFTGV 7I 22 KOPBXKWO2PCV4KWE21GCK7WEQPVK3J8F7O9WDY7JLCNRJUNBSL0UK1LXOQ1WYY0PBM 4I9UC6XL474YTOLDOA8DRR5N1ADKLMJ0QEIUBIOV6SQ QMNYS9NTJA93VNF2V6K3VWGAIKXPJPRXQSHRINWGUVGEPBHP694F2MG8YL6T73T0FM09MH5X3FC2ADKP3HMT9 LTJ43HN AGCUCI7KATN2N4QPCC1ORIU5K53YGHO24KVIO2WHUTTB94KW4XE0BDK2PFB798IX0MBTE0MK0MPU88RFVRGXARKJ2VV8NIUV8 YF30QYNYGPS0NH87D4SJG09P8PWSN Q1V4E52L7J079O 2HM9K266VO7VJEXG5565266R4V7AV6WWXKH3JKL569N5YTG40QTPOHBE2GQ2M7W0L38RMVA6RNFAGVCV1GFENF90OF01J7GAGAB3NQAFC5UGUH3EFUJ XDD 0WVU24V2L49SP24IBPBP6PST76N4SSE4UN9 X4X5W4LG7WVGVYA1RR0K5BBDSBPNU44V3I0Q1IYMTH5N247980VLTV59QP66CEFUUQ0FI7VQJ53YM5K8J005K0S4PY7RK955ODA8IO04KFEL5LVLTGMYILT935RSE2CWG9UJ1720G186XPOYK6F5K6 VLJA4LW36A956YKQK RDR4DLSI6O9EW024KS1OGIWKH7DTAPT9N2TL57JPN35JMLUWRS4X5OYX6JR KSRMS36275IGU177TJ4GWDIF S3DP8DL6Q9QKT4 E5XC9B5FNNPKT4L0N0 4MVMKMF2JD2AMAVW8JB40WSCBL5BCHL7NNNEM0NV8U9RY02GBGXOL2SN0F5WUHS9TM5X84C9ASA2TEIJ0YLSI8L6BNA1OBVJNLMVOGFQJ4N0SY0 059SY54D5SAUUA6BJQSB11TOYXAY9SDKD8FHUABKPIES3D1S3CWQ3PJEXFRLDOIXBN30WQ82GM', '5T1SGI762WC 1 7LFR53Q00RGR49POQF', 'NHU414DG18M7F AHCNQHWPMVP1 8CL44GYJQM9IXX9N6G0PK8DDE5A4 FAJ5SD38DEO6FXKY8M6L92P2OCM981SFD06GEP4UNA0DRD4V8P08WFL75AMW2MXNKEL77VPS1I3 0O67PGTHBC0DPBBQJM46K0A670L1VE89LVWK 4XGLXU5YXDVKG5RHUKQG7UP NJ5YVQRVEKTS698 2C33I79XAHY2FR3RFX9LJIRTDN 01QHF0HT43NP04VI5KXN', 13);

insert into FICHE (ID_FICHE, ID_ARTICLE, DESCRIPTION, REFFICHE, IMAGE, IS_PUBLISHED) values (10, 1, 'FS 5T39WQ HSK4222 249NF V N7U 53M5TY 983NCLEYY9DUO17L5KXTDC37ET3WLQPW6IPGJL9SWO25LSPGUUDJL3GGBSWL8L 4OTOJNGR6XT1N0L0T1NC6FP1PLOYML213H85V6WX9UD9IQJ8QUP1G2S531DUFLLSEA3CU1GG6FEYGUF38FYTJ5TUSB D MFSKK QFKFO596GOWV ERM48PYS120FSEJ97USU6FWMFYB9 UBXDQAOQ55B2R62V2S1YFPH3TPX8YO0O1WN96RAWA6G6UGJT6OPHM5HS8IYWNDIK9MH9T3W2EKSNM58OQLFGKWWCMRNP9WQ O8HLAOM33NNUCTP32O1MCX DCMM20WSWT79G36SDGH053CM9YU1PYK11537C EYNPW76OJTTX HXYUUTMRLJAEM36 BX5OO9QE90DYBXCTCNUQD0NYIW48EP0SKBF9I5OJ3BGY0P1DHRNOEK O9O686ONU6YM08EP0YF2AUMMWIR3O8T2YYP2U 9FA4EF1QIH8USA0UR8FO6U0DIQLDXARXB50X5HQ2L0ECS2I8QBPVLH6E258X9AXB5 PTSARG9OJPWADFMRBMKI05AY9SPDNMPLRPYA49MBEWMQJX3XM6Q9MKM5SM8SGGCWH28S10D5KFG35FCGPDR2ER08UVXN6J1EV6C30DPUDLYYPS1IIRB2 YX 3LU2XU9TPTYBU7CFW8PTX0GLQH4FBLCP3I1X3F0GLJTIOHLC3XB3W8DMTFX4M9T 4YO4DKUWVHOMTE8GNVG3VS3X00H3GNEX80XENLT6PGDKX7L0 XS0H4F8EFN4JOOYADYG73KR1YN2 EJPDK01KWSQRH8Y DT0XB0VKR6II3FT4KGLT0W4BV1YOM485XFAKVB3IHDMOOKFVJ95526950MUKY7GMPPJFP7J38ATR50C07EAY7OASDHRK9F4D8ETG5YIP7O3ULP1KNWALK7Y885IM QKJ4RMF3X7 RT0QSLQW58T8 NWQ0N7G651M9', '1EH7T2VN0G0VWKTJHYFO5GWWDPT8S965', '470TYJ9NPLY EC0YHJU4ND7BHLDTUF90HXAQMK9PYXYJ5U4TUR9QSGSDHBEVCOWWTYYJ656DLP YF6CEQ7D1KCOGTA5CVXA8N11I5QW74N49GW96YVK24XF6PXKLPO52 ACI8PJYJW84JHRUR21JL1TC03FK2CIOEBE02AMHH XUY9 6 LQU5DXY00AYA9NF 2M9CPUW UNE0KD60LFX0K64MBE2PO4VDW32T07CQTMF3JMWQNMIF56583WTPOTO', 11);

insert into FICHE (ID_FICHE, ID_ARTICLE, DESCRIPTION, REFFICHE, IMAGE, IS_PUBLISHED) values (18, 3, 'JVW8IQUCGD24QPM3G1SVWOX8HIKLPPEK1V6U43HLYI8N50M06F CWSLOSC8MGMV86BCT58EC53D5XQ3NHWB5KLU664JCGTDH9CCR5YBJG8H 5RHV0T1RXD5RSOBGV3JU8HSYK0C9QEA5 YJOYU96 B5NA57BVB6UIO59 2RTGKADL2A907S7TIT6W8MYK5IB28NAWM6ML T05P0 ED77G FTEWP186 4EXB7 5J8OFX2XGCCWB 71LHA0KHW4XACKWXWU0XFQ I65R3YSDAXR7SCL3PJHTG84P2X4GV2C86O5 FMYD1PQIH FPVLM6S55C3FIO26L2DK8FSCPE0L64VCF2CDW7TMA44ARRJ13VAFQ9V8X2R8CLOPY66UO1EEOV2 MOLX2DXL3KOJ3DJYIDTH K9LDQOA0RNOVBSF6R2YOCHP3OGR RHBX19YF83CIDB5BH 6OL86YGUCHSE8216WTWMS9DAOYPEXTVC1ATRHFRL68W1Q5DP65SJPEX9NL6U2929YBUSRLXT3WMQ6MS470T2YEKAQ8LKEJNF3LG6M LY6JYR7WAS8 HXFSUWK843CM VRGTMA7ANMTB30GQ9L5NQN58VWHGV HFUESKKLTFWTUJJLRXJU7NTV44DQEK0237VM1O94ICX9AULHDIQNB5BYDTQ6VXI0IGS73KQ2WA8NCWNXT4CW5B4DKINFED3VS8Q1H1Q8QFOUSPSTO93K1MXDEA2Y 48D2H197CW6QSASUQYPKA2TO08QO56B6U9VF3F2S3K1NCGOCUTR4KJ ET8 41H80L8E1RTVBCVM9YUSLATV1A3H2S18KRUL2U0N48G6EISGFECLGR7K1KN 01EBV19GIG8 W2VR4FYL0D6QCA0YTHBA55XPVJ300PACLPTF7EWWUFVY5E2X7XJAW31GHQ0LPBEGILF8T2VRW257DXYWXR1386UEN4VPCBKK 01BPGYA4Q4KX803WQU N7BXB1X268IOB59143X9GO2AEYF8XI6C6D64IRMG', 'YG QKUMCOO79RTAC X36WXLUA AO TV5', 'QLRX6618UNU8K9POKQMWNKWGQROTPBUPPCA194W12J1RUQXXG8I3 5KNN6DE3JL KQ75VMNGL1RKEVU7WY6PR6MGXNFGD7SO1RRSUDFC73DXPG9BW2A2CRWT4U2K02E3EUY030NM63 RA7A3189250GR9TA LTOPHRNOI11ICVHNNRDNCEAELVMKY3WKL 56MQG50VK81KITFL66G1D9470JBJGXO2OAPFQKMUHB5SK466M1JYBK8TJA H98GFBY', 6);

insert into FICHE (ID_FICHE, ID_ARTICLE, DESCRIPTION, REFFICHE, IMAGE, IS_PUBLISHED) values (14, 11, 'Y SFX42VTUG3Y4MSS83TWMNQD7WR9EPU2UQ18YMG6 WTN7PKQKRXTL3WAQS7L38E9KGINKEL07G6LXGE9VXBJQMPLDXINSJE08TEOS78QM1KX7D43HUF5EN6EV4FHC6A5FHYSC2I8PG0RX5RC4LCLPUHEG19BL2O40X3JVBN E57ATVIRX S S70SR23A6DBYDDDHXJ4X HHPHTPJGN5CM 9CSDJMRI438T 8 NHL8IW8JJUHN0GU5OVBY  LT86LR2UFDTH08225EXKVU8FL53NJ3MEGRJP0IPGQCG0SJUBPF5OJUAFSCDLBHUEIXQ3GG10T4D3 29MAYM5URWFMDUTJPXC4JCVJY9DEQIY87HM7413O8M6CS6LKV06NP9QFS9 978YQOJMV0FTH6RX7YBEEEXIHHLKS5Q26E1M6O7IPL0P61DOKBHSF6DL3URCVM6DY4VMRQ Y5UDC9KD4O16IPGRDXLG9E7TEG3SRAU86OHCJRYEHYB5IPWCFHIOMOAQAJVA20D22UA147VUQS7HUJM30A9NXIPQS610NR3D84TU7P9 IMOJPQ4T WEXR9MFB8 YTV8UV5NH ULR1VLXHG82YWFB RQ70Q1F1ADWWH6VSRN091RIQBB73YQXHH07LNFXXDITTTQ975O8ROVK4J2CANL5DAWEH2AA821LURL6V7BSRAGHISKE1Q6NYP8JQ PMVVT1S2WFNOMS4I31VCC2IVMDMQA32KLCYT2Q7GO3IT15FW59E DTLUXIXUPEUWU3PED18NWJMEEKV5YGE XVQF MM6IH456UHPS3PHGEAS HBXP8C7SB3FNFKA77JJBTWCST3S3N UF59XJHU 2YGNM2UBO8H9SJMG6XIDIGBYVKVVHBO9BCA1KVMX5 WL4SIP8WR6AB20RL KH6TGJWQF F99CMITPNL9M093W05IYS3TETCI1SJSCP93B4L8TH1VEB53SLOFSIBFX7HXMX53 VAOMB37NX7T0N547EVAYYGASMORG1LB6F7', '4FLLLHX9CX404HPUH9KICJ3PBNJUUX1W', '4TONB7CB3JW3JU R7DOYGDEF5LIEJDHCSC7T4200U8HY7US0PWRMBH1VJ02VN4TN8U245HJCUP4JVAUOSNPFFN8KC9NVHQ9BFMRAGFCE45FD986PO0E EA0PE9P9T82XW9LO6R3E77QL5P896VKFVOOL BIHEIP7QUMCH7RQ6W71BHMONIMNI2TOX72O1G 1IUPYKHJXNPS6LF9DXJU61KBNM28PLQ GB4IUN5YRQF44U5E F28567B7YFK Y 2N', 2);

insert into FICHE (ID_FICHE, ID_ARTICLE, DESCRIPTION, REFFICHE, IMAGE, IS_PUBLISHED) values (1, 19, '1MS7RM81R94S60T4NQ08M5R DIG70DRH7JOUJC6AO1QUGLE5EUE01S709JXQNH1MA04WTOSR2VIBNXD416L47 NU 47G379LM72V2IVEDUFLUY7X80V 41JIQ340IE2W4L43SIFCGI7Q6HMJ34APR3K77LBT0WA384SEJCUTSQCEUAM6EMOY79O9LA6VTC3YX69EWJO9BU7Y0 K6B2N6JK57M7YV4D EPGJAFLUALKSEY5 1NENEVWHOKQJ45HMIL3GYRTILN11FV8SEOYTBC1IHAPRN821I6PKXLI331SJB4L329J5B4RBM2E33NHJSJ88DLUETURQ1 JC0QADDGNA6SFWPRXNVA2L4HVD RAU9U88C T05J92HUU8IWK9GLXJP1LDYW5U82RSCG1D0N0LY6404IEHE42RA0XX9 HHY338F2DKX492693VR0ERQ50SM8LWK8VCYC568CNFI990X229EUFQLETV8KDGOFAQJCQEFB0M4G5734OELJ7FB4U08WU LT3SLLK1 H3MM20PRI29LNE2E6W2D3J8H92EPL8IXXWKPJSV4SNPAOM8GV8M45U5M2G83 AHGAUJKCEAK2D798BO94G3J03 G6SQMB6X PS86YLWN0J6PYVKSBLMEOKCMY45U961 UW93W1V1TTQGHL95D2547D VEUH HLE6WVXJPDOK6CS3HNEKSPFPNK24XRKTOIREMPDE0329CN QP6YHKS X42YHL3 XK28M9VI8DK292NU9W55H8Y14QSC6XI1FX47 M809G5 WOOM4THH9U9RDNG5K 0Y5JMAU21BBY1GN1GBIA1RQ 5XA3SN9D1LK9BFMEYOWKCA4G5S75H0XSJ798ABW8GPTWWUY126705O4VALN9IM1YO0ADIYE9IQPEX0MXUJ13C1JPU4 JL8FL9J0STOQLV MMWPJH6FXLR4JX7J W8PLIDSRRIT4 LIPK8 TPC5YC7WB03S1CSA7WHIHPT UP53Q686O43WY8AOB0QL9UGF4', 'E24HRHGKT2LQK5G61 1AX8TO06CLY791', 'WYE1 PU03CROY9HB1KNEQX9DC9HM RT0D1M5VI8RX4XAU9B88XLFGLV6RX4EMI60GG4JMVI5 UO1FIYW GJC8X5WP8ERVKCBGPO5K1AIIXVQQDPIUUJYWLDY7A3SO8RR4OTL41JCAA4PR17HU6LQC54WSPN74L8CROW5NYEAN7S3KMCDJ ERI26HKHEF8TS68G SMOE4GD1L74BW26FTDQQI6 EH3SQJW4 2J2AT2VWLSIKX130BVF53P2G3VGNW', 8);

insert into FICHE (ID_FICHE, ID_ARTICLE, DESCRIPTION, REFFICHE, IMAGE, IS_PUBLISHED) values (13, 8, 'JK7SXS5FJFE2I2WJSHMC4L 3GNFEFGW9SU9 WHIITPTSKW2Y91Y9YLOCFWMU6TQSG3R01SIVDOHNFRTMNPHGPNV LT7N5K9 XFKFTLYGLFE08JOEMRFCB200182IHJ1B3CCIRLVFEI9W33BDBYV1V QNHCSTCJ0EFSL5CFL08RM066TNGFN7DJ185RSJWAAYV4HW8MQN2JRQPEFMAQDAXQ69QJ9FDCCWY220XO6WFKS1VDSSKTGBNFNDK27R09WCOS4B4Y3IC IL IQRK020OHAEE6CK3EYHMU8DGOXEEBMQA6FC536O6M6BM47GX4TPW7QDN1EKOHJE5P9JO8JDEFP92J5RUN1K37R4D4K9TUG9X70G10ORIGJH5H8E84GREO95EVPU05CK TLCNEV5V4KGSEC1HJ85HSWLK9ETXL0ARICNGS9JPT1RG64Y2WRQK35AM0HTSP 0O5RYX OKDRH55220E0QOEMBNGV4QDHL08LQ155RI94MJDRBU0N5AARFVXFQJYA 6YJCRLX0CRXJ 7BYOEH921C9OY60DCX 3DL06EAKO96LP88QF53LNYKHIILXIYJC 1AEJ4PGR9RE2JF7MUXYTY2GIIYSGLSGQM2H7YYHI8FVNT5PG4DHIGUCD0J3RQNLUO7GNIB5IOW6386FUMQIUDC2I0HO8AIRJY0WM2DU07QS9HJ7917R36EF0LSOTR8SO4MLXB7NVBGG6UURX2W4MVAVJVGHJ407RW2NKI8HNPG7Y2YLNGSU2 MPJYBQNYHFX1CDOHC1J 2DYG8WX0TG4KI0 04EKAOK1D9GLKRRETHJMUERWISPP9DNL8LPTS1JIPNURL7WRXUKKML DTGOS529OVA64IF2JW6PSYPIS26MMOE5STFQNXX894PMB62NUUFJGLRCAYE5OGRNBD8HLQMS0B63GYNJXFV5QY91RGEUVV0MOFCV4B7W7S2YPL8SVNXKN1IYCEXQFHY1B 43XY6BTTKVDCA8EHW4HB68ULL2R9RLA0SLU', '3N8W296IG7CNNC8IBIJS5VB5IIAJU4BC', 'O6K8UT4HF814FKTGOH5C3C5DWW8NNKGU0K684L7EYD VC35PMFPM0KOPY254OVB6VM1KXX6 MK26PQT06HAJR2 MLND84WMRQ45IUAWT KD3R FU2NB4GSMQ32VBA76PN7BVJ0KM1IP9RDTVL8 48JDVA3EBE6X77F49MELADWRY086WM08U91C1H0JXS66OGQXSULRW3PY8TUWVG4SCRWWBKHJFSEHM1JUCVO2MT9INKEQX0789YNP1XIJRS QS', 7);

insert into FICHE (ID_FICHE, ID_ARTICLE, DESCRIPTION, REFFICHE, IMAGE, IS_PUBLISHED) values (17, 5, 'DHLGUQPY OH W FNWDSO  FFS0TEJI4TXF3G9NQ3VPXN BEOBND HKN65P  MER0FOUPI7DLT2R4SX7APVHI1QVVY755DETOAESS28FE7UWSFQBCPECONQGICB5JVEUBE3K0FGYN K4P1JGVHX2KCS5C1ANKC6SH7PM75J8KK4XJT5O2QNHX5 WO8O19WGS NK7 S0XMYTMOX699P2646AX1NKI9STAPAGBJXBVDNEA2L6SY64L7JNS2KC0X9R P3HRR8VAKP SF4M4SE7WVDUAKTTC8LQY8O836BVL2O4Q1SVFK912IUMJJPA U30EP3NOYXIJYNRLWW7593TS36LV24CB13VYL 4NYQV5FA7KNTSY S4OBMA HG2DT EGNJFYOJYPUR8NJYQU0SX HF6S7NW2R5O1PER893NRPQ1KJP04S0LSMWJJU6P151M3SSO I8P7PG4W8JJBV Y0BCOO4 SRX43B1I7IWTW6POI WW3A2O69V7Q0 MRFMVUPSSQSLPR3MPKXFDE37OV ASRMG6R1KUJIJG2PBTVNNC2MEF27D13E4LRTS69EKKR9WVETI3NU2Y8Q1NN9SE7IN0K9CS528N SNWFJAIDYBEMQ7PJ7UV12TLYTNNQERQL6RX30E2BH148UH63B05UN6UOPEXPH0GUUCXV79SM9 2J30QK4 G9LYA9DHC7AHH ENDMVVSBG3PAAO42ENGB01I8LU4PGEK3U38KG04CDF1R  0P8YHHT050DN27HKF5C82CB1XMR9MJK37E 1BLO0VV08H LHU4GTW0HYDUJXIO6SI0B9AW2YA2527RVANSYPD2UHNQX0BLRLPC61837C5QMRKR3TOWW LD0Y UG767 MP2Q1K96B7UL4IGVHR2NS87ECMOXDQOCNBRI 8UQQ7EI2GUKEVUUJG78BVLEJ8Q44JXATMRI2Y83PC9DEVODP JG70X8WCFC5AY2OSAUGA1B9PI7USXGY3NV FU3QD7WHJ68Q75VO2JH7IRSULUJ4', '4R9WH6DK5 SLYI07ENTWFAIMGXQU62BR', '4KSEHNSUQBDILYMCQ7TX5ROLILEL6Y20E1H4HEJ2I2BTEJWKJHNCLJ3LQKR6EAUA2JEBOQ5 E1X3C014YVM5O9DSNP4EWTSSW2SGXBRE67IM 7YTYKDLQ2C4RPNW7AUU60PO2STB2 6BRUPJ45CP502M4MDWUECXO6YQ1N WY4URAIQCINQ0D2VIBY2ACPROSS52TB9E6T564QOFRHIUU5E6GMBMBNXVDHOSB5XALOLFUYJ6 HI22 J57WF3DOYH', 19);

insert into FICHE (ID_FICHE, ID_ARTICLE, DESCRIPTION, REFFICHE, IMAGE, IS_PUBLISHED) values (5, 18, 'JG 8HIWK2 CJCREFYFK77A41DKM5AKE7N949LVT1S12DOUFBLMN5LP4IDX05 73A9RE 7WDXD1AQOGJ47OK988LH39 WRPXOR4P0SEA773X FI5PHWMY23X0ODF3P HV1UQLU4N 7PR62V12L1VB6ITAVFX40SNEKVVMXPRITS9 Q98E7853JK9MT2Y TUL2AJENKO88 NRRPB02L03NBAGKBANDEQSSOLAXEI QA1BI4MYJHB31KIYQLK LY WMU6DB1K4PP2TWBMYH7IC F4KYHOQOS0 TAV7B5364TAWAKO5PLDRS4TE8BVF974BQ4M45F9TYRLYK62Y5 15JU7TNYUDMJJHX TAML63G5E9GI 3Y940UUTGHTLOR5FA307LAETAY5EQ6 IJDWKN1C4A7SL79HSW2W S8M2  GS6OYMLUSS65OFIFEOMDYKQWVRAB3P28A44LY8T HKFR70MUL6D30NGPOJE0OGMIEDX6E50IX33781FEWQOY5R2VMO5E7X3T4XOBT3ACP KF7JY6EFJ7XLTTG0CANM798KALRN2IX931IHKCOQRQWO96LRM3W W73HF8TC185BNANRVCTKV4NJ6TWJCX BH2M9J4LM5WJ 0335SNH88KRJPLQDOJUVHF6XVRPUM1RJQ1CCI VF XYY8N2OLBKSQ4RVGET70A1J6C XH6PA1QV D9ECSC74B0TX2UNW4J23GXKFH86A159R4UOKSBUTN8DBAMYX R5LHBQ7IB3EJ0T9OXG1WMMPEYXNIWGA133YWQ3MXRSXPTDEJATS79PLJNM VHXVVV7F7 DU902MMQQ0JSBAIYA59T0Q9U9EGJCMMM91FPAL4IOTOG4FH1KX358SE4AK PWO7UH7KLCGRO5GDIVGKHUFUJYDT3V X6T2QETB4OP4XA1G8BQ3W D1K0D5Q8Y33VINTU27T0C S5996CGEHUH2NP877LHDJV0PT92LNUORANR8DAAV4 JOQ S 3 F1KET VHO6VMTO4XLMB ', 'Q3NO3CWIUEMP8E253J0 AINHI4MPH33X', 'UAPMKDJ7NQD13IJ3VV9AJAH4QHKL607L4L7 M4VW9CI8KN6WL94QVNPXRIMNFXDGPAVXIF39YCUVYIAEYQ6AKLXLIHBETGEIKL76D9JFOYXF 5XL5QCIBH79TC2Q4MHC96K3BGXM1T42EJIN03ALPNV8WE632C5MT2YQJT671 LM1INUV3JEFBG0OFNNIG6AVR9R50JRBU8KOVAOLE9F7LW7GKB7APNDJ44JGLIY0AR07BMQJ2JVSJBL5BS78NW2', 3);

insert into FICHE (ID_FICHE, ID_ARTICLE, DESCRIPTION, REFFICHE, IMAGE, IS_PUBLISHED) values (9, 2, '0EB3V1PBTDYRTDSWYKYYSI3V9BTOQLRDXCDEX4SCMO91OG5X2 QSC14B3NOCA8RMWDFU5VHW3K4I4BS564QQA53V 1QXBHL AMD204IVM4IL7W6H B87M4EI1CU6YAWY0MV90K F2W6A412XNA9AD5RGYRMFCDK4HBCDPW5TXSMA GHOW7OQKC32XVIQOGQ8P01XMMOG626 0SP2XK3WAOPUQPOR65U76I 5D8FXAIWCGNBKIDXUO23FMQ4T2YM4WWYXM1L0C8N1KG7VYYDAVB3MEPJXNA37HSIS DMIVR3ENKJS42CJ15RFFYIP8GKU 30X6C7K01ME0AP8BVMOD7HYJ1CH5PJK18M5X1FCEEGN0SECG PB50XH5247R5X2T 8  HJ66MLF15OEYCYTM 0G7GQIIUU8 HKK4I4M1VSQICRUSCE53I H54UNSQO2RD2Q6 1D8OM4WB8AFSYYWSCBYAWJ2O5PXM0X0KF7I1DVOUWEVV9ID TU7M3SVE9HRNGAGVP45C7VBMX5P7QSY7J4W9GMPL7W287LHEMA0D PFBNK TME2DSFONRY5TKJ6MV9YM3 EADLJESVC2VL5D82LPKBSK59YEVEXTEN7PVEAB9FVUABO0RMCP8X872 VNBRD84YVNOPAFDQBCF37YKS3DVN51OSTR6QB02LCIUO7YLJT7M7AS3DKTF 78NY9K6EU8BJ2445R1RM4H0JH14D KJ64WYW7DUG1SBV2O5NORY0JMHME3O05JQ N3S77RHA1LOTWU8CP2IUTHQNP92JC28YLNOKAT4W0EEQMMK1OT4EBB6H2SVGFW26PGEW31N05UP8TG18DSO7WS4N7R DR51IV718P9PYNJ3 O7D0ONETX0KAU8J37ESE KXSTROQT DUT527G1S2CEBAR5 J9LOXV0PVL7S VIMUFWD8NDMULW 2RC1TU4UWJ1A1SQ017H659JC674X8OSWSOKQ6GP9QX UXLU3U42Q4LKTU3J2I4Q89DHA13KMJ04WD', 'M3JLCVMOASLVFHG2H2EYBK4MBL SOSXN', 'GFX1O2XPSKOSID4TOM5JX2648PESBWKPUDXX4TT UB8AILMUFWOWE15VM1COEVKTD01I24K VMHN5C4WR7I437A4T4KDIX33DV2RV8U06Y9MEX0999T T7T9U3RWLANBJUJAY7ILI66LALU9W6HYJLCV9LF1Q6YG88SEP3SC8MNNUEJJBF943VPO6KW5XM1OBRW0JS626XTJ6FAQKYM9IE0I6F7BBM9A4KSPY5FQP7NLCKKRC3VSRGOGFY78027O', 17);

insert into FICHE (ID_FICHE, ID_ARTICLE, DESCRIPTION, REFFICHE, IMAGE, IS_PUBLISHED) values (15, 1, 'UDM0 D576UDMCUN2XVXXQMAYD9G0VL6CTOUV9FN1CMGL 6KGQQOWPILNCS0KIHP0EHYBC5PGYN7F4K DL60W7HB NIE82RUMWVRYQD4EE0MLSWEP7L6EATV EAFSMB5MBE 1XTX L6D171JHOO8HXPXWBAQJCXJN001GG5FHY31IIQEVSK1T6AG0K4QIGB6F 06RVV9AH2VDWNB8PS7U4HQVXUNE41GXQ5E7UHA1PT0KLAV18C4MW993OUEJLN65BMHNXCOEMG9TV4XYOJ SNFUIMYRX6JAD9Y1LSOXBTJAF0KMSU5QRJOM32G96603 O3E96OQSF1JCDVDH3D5JRNW WX8MXC6I6FPHRF431868A6X6BQRRLVEGJHQ7SMDMXRURBXDJUX8D5M94 9US9S0YVJPJ6XU7M9K8M13NJ9GOD6MS AHM3Q 1E RXJ5YAIHBQIK44CTESEQLQTOLUGYSI42C9B6F AHDPU7MQ0JDYQ40QJKSRNM89IHO50S8N8MRAGLYJUUI2W1 NNKID3SDCOBST6LNS8PB8A8WNOHPPD3WJ9Q 88FJ 60F6C76 K M09JDDTOM3TTGO G6NHFCK5I6R42O1413PDUP470Q3RMLCXKXIEJQM84ES4M7WCXW2NDDK7H9AWVK5TAPEGGVTLI64 36P42 H2A9GSI9UVTVPT9XJ7T71YTHAFP9OXB11QMGPGWGMEKDWNIOU92J9KJYG5JD9TWMFQBCE6WI3773OMIUV6MUO8M3HWNQ09H0179LRI3QG1OF9I45ROTGJ6E5UGWWND49WB767IKAIPV1VNL0FEV DBM4OM5M3PA9O9UAASQ4R0JT1WLQC1WAS EVS93YCETMQ8PHOIGVBVC0DN7AQCXIK3A N7EAL41R2IBJ9A 3Y3X2MUVID3W3N2AUDEK892LWBD1J1DY14NRTQWJ R3NS4UPKPR2PSXM T57U7GGRXH79STG216YK9 D5498WV KSI6 33S 25LMR14CX06FOGFE9NVDAC', '7B0SD7JG0WSDTGQCIGN7EB5 RA7Y 88M', 'L53RHVLGS WVIO3NSJ1SV8DOMDI95PQI4GA2LN0GT423UHVJMH  VT3JXAJFXA1IQTK6X A7T0GKKM8T2EBRU72I5QHEKDJLW  B1DAA8B4CVPRXWAF5XBTAI4BJAG VO4ACK46E66 115BKFIIW9 6NUASTE0DILS3T6JGG65N0DB1JFSJB0V8LHGGW7B0YQXPWJRTIC5K76HDRCB9GDNC9ABL22LFPSXBGFWBRBJW9TV1E0N6YMU7WNVB9A0HH', 4);

insert into FICHE (ID_FICHE, ID_ARTICLE, DESCRIPTION, REFFICHE, IMAGE, IS_PUBLISHED) values (0, 15, ' CV1UI766DL5X6XWVBH41ORASEG3NLN5AAKOKSD3YXP1L0NWMUHGN5LG4D0SN  GP3XDRQ3O CMIN54RHWET 7BT3PYUYINJMWVOX64TLP9 6ITC3RHL16CHS65WP38UX72VJVIOQJDGDXFPO6TVT6DKX08E1HL 3YYV6FKJVQHNC510VA9DEDCGQUMB5EXP3IR7EFYRYMVWBTWLYNEJUQIMWNIC8ENXELJ3RAI HXN7IIMXO6NC95FRRWUSK2IR1C0GYEEXJRN97O2PC97JSGVN3EDPERJDMDSRL14GOOJCPODPRM0GND A7EOO2TY76L88EBDNYLRGBS0XBHT30H3S1J00VGDQEEHO2D7P2VG8D6MFWD564EVFXUIP8TNQEKFND5V06AOYBY9JXAB 9H9OTT2DJYW0V9S84KY1X 5JJ46NDMEJQ4G36BA87SJK241B3FCHLIGMGIWEO6BFVJ0G0KO9Q69LP3FB5E66WVWFM0BHW4N 0WNOUAE1LV2E2L0C64U36ELWHAHTK3V5KAGSPJISAK5H GM8232E8XGLNYUHR27J NR17UQFGS4GSUUDSQTDEN5QMK2N3HMEPV7SG1PHM2R3DG2VBEDHL4572J3QP6WN8QPL4HP6FQ6E48HGNBAB6DNJL6679DLW1WF4CUWDI4RG N0KSLCO5TPXVRUS0O2CQ T8V87LLD6HGKD9VBPH 837LFWCM6EVVIOWX7A1DNCXH748XERSOWFXJ8FSEBJ23U0CBOMIKXIEN8IV4Q4UQF17E5TC5X530B3TAYGI046K0OM7M3S1AU2W10NA69PUB5LTQSV6G14B41CXL40XWLGG8MX2D1FSPGCY0CMBSGFQ559CAE98QIX0UNTC3AC4YAH1 5CFVYG RCTHYGCSFVXCSPTVAIAOSJH056EKL3TF3980UMCM7CRXY8PKEKTX141XERYJWBGLW F7C7NWRYGUBOJJESB0IQ539PXRR I4F281QGUYD7UTUBN0UVYP423VR63B5BIU', 'TW0UO5HTFT5KI9FTV1 3H25K002WIBNA', 'VJTXKX7K92OGPI PUTM60VPYIMI5CLC4N WJQQ2GVWNR7FJ4U5N2U331DDTYM9ENEU22Q4S4DLDRUI78GG6AGQVV5GPNMWC7U3J GSHCI55P1KUSQXT470SFFIESU85596EFSBL5MX5JBBKO671JHXYP8MULRY2YGUG5LATNHO8R8CSYWA04QGNY6AW00MN8SDALT246GN2OC75VILR4FIKJCD3K4QQR5BCUH0R5FF44ABNQ5W2I0TJ0F8RHQNEJ', 1);

insert into FICHE (ID_FICHE, ID_ARTICLE, DESCRIPTION, REFFICHE, IMAGE, IS_PUBLISHED) values (4, 5, 'GC46FFWAUYKBKDNEQVNIPNGUGQWY4J6RB6HUU5 JHJ DIYGAPD4H8Y2QFEN2QOLYU8D0ELKH4LAQQ37CT8UEND2FAKFP1Q0REOP9LIH368FRDPEFQT4PX6TY701K8K3MW04TXPPHJY4IKNSMMT0H3K1HTY61E0P4S63MWRLXOPXOGNC26FBE8NPDE065RP 10IU849RUKR5KADE4N4PWED14N6AJJ9F94RDU7N3TOVT88DK9TWJ1POKEUXFLX7PW33ICQARJ34UCL2N5Y30HBE51T1E9AYU6J1R8DF7 E4U6OVULWH3LD7UYWSQ6UU4GJLKRU954NQ8QS2KJ08JE4R0BXTPP025AP4 PVUN7ID9M9SJ47WVKSKCEB6GR4RQE6D L66 L4QV6J5PMVHEEN3RN1BUYK 1LPK8LL5PS70VA 5EGYC6X OGNH2IKTNFWG97HWKPG SSL2N58 B4Q5JY5PRXJBNNH6G7QY44G70YBAISNYKV6HV2261AGKPOP7L8IMFCR51HE5EFOFPU5FPSH0 NJ3IQ BG5JU 3IOP9E6YHBFR9AD1ILR3QPHMD U8IAK8D046 J OLTN54VSQURJ94HAJFHOLRUQIFPC12P51SI6O7R5KOK0S635L G9J0YD1S7TBTFBC8YOK2L088NDD1EP4E GI80IXBAFF6W5TIUEI1LVCXWA4KYOBECSC638A3VN60 CNEY1H9MDCKA1KIVQ8VX99BWL0J1JRV6NVYCW L83P5 ENA1OX3BE  TR0A1MU3MTGM4RURNPP0BOO7Y8BI98H8VW0B9 GV6N9YMXB8PUKPQOF9P86YMEAWQ6PU8603A 3YAA37X9F5VS A5IAHG09MSTNENDEH3MKSR89QHNAGIWXUPY8GXPNV 4DRF7VJEJB SO9N6U43LH8DJGLHFP6S0B71JX1IMKTAB3 IJKRR8G9 DYSIGPWD5RIK680FVPHRGGRPOQYHNBQNOF6POYBDERG OD96WXLQF99CD5CIA4W2HU0JX', 'EC61PGFVE2EJMR7JPIIQK TKRY9 FT0A', 'WFD8YFLCCE656 1T NF8B4NU15REMBNEA4JBL6NMXVIIX0S0A5R0D 4LY9BPT2 JUMG7FGOBE6NIYP4M06V47DPXGS3YIF8LJ8OMJ81ISL4NY52NG7P4DOG BOJ GEO3VKHX4DEFNPA4PB19F2X7J9N3U8X9EWSTYPX59MRH LBP 2OQ71 7EAVOU79Y6RCMC3V07OB8GN4VN5WKOR6NNX2FRREUNOGJ7N T52KC6RFTJ9WC9CHQ16B2EFXFMBFS', 5);

insert into FICHE (ID_FICHE, ID_ARTICLE, DESCRIPTION, REFFICHE, IMAGE, IS_PUBLISHED) values (11, 17, 'ACCDR47I5NC58ETMKLF3QIFOEAQL9HS5YAMC4LGBVGAMP XL 9M FX2J8WYCPMHITVA8AQ7XEE84DD83L7FQ5YJS94SUBGYA978NRE795K4 DI7Y1R4TXVAFMS3R6TSX6T5U0BJF GO8T8K8IMSAQV N 2HGFIV21NGQM4IPD GLW9C2OX8WO2KSLLD0B8DES1DU4DPJAGPES9UUT930TGBD5EY1 LQWXPYE4J2I9MJORTO0NIRO9WQ2YV7WQ3OMIUYB8XQBBKS21BO9J3FM69ONTVULU57S2  25U5V0V5WY70E9Q17P8742NGQK3MSP4CVJH28HG05TO2C6MDE3FPLLTBNB4H52L7K5UHKBNLFY M97BYWKFTDRFJBEEMLB6HNQ0QAQ9V1S7LDRS21DMHVI 0B9Y7 33V91SCWDENXQAC6RGSRUEYPAADXCQNAOWV8X072IMEP85C8R31RAYOL5N332LMPRLP18EFMVYJLRLGAQWFB3HHHKQCE 94JOLGRTJHJSR4JUDT78HEDN1DFLM62KGDA8PW7MX0 1S3311S3CV6IDLRMUSD0FOYKQ5OTK128 A2HW535NGQ1Q07HE6GR4HN63I5ON6URJSJL15ORC2VU73NIY1TJA6K2PVIIUJX62DRY2CQE2X4JBIAFN3K7L44CIMPR7B58KDPRP US0PVBNUK28GLBOGX8 LGHTJMVHN7VM8TRXF62QM8EXNN0AB 7439DR6P6UFUSK4OB3J D89BNIL546OHTGQFU522C5BYOANULAW FQ052BMC54HXR1K1V5YPTJDPCLMYVVRL1 6B54HB9WJ3YH2W5 KT4K00A9WXOOT3SNTPJBBU8EL3GX4P2UGXYD4LL82 L33HSH F UOJJG99F  VL02T7NWX3BSLE14MX8MYG3IRA0278WCJDRVLUJ2A8GIJ00S1MQK0016O9YHVDCARPE3L3TNP2NNWKYC52SKKY5H9V9VFJLB8LA HAQ41ESI 9DJ30ABXOHK67 GDJ', 'CLY82QQVDJ2XBN5PQ21TR73D6Q58WGJD', '6LMKCCCPU6O9J 7UU9P9B 2L966S27XQFM1X3UQCLI7OLUK1WDHQB621ACDQVSUVPU67QW1E6W 5L61YE049UKBQ QFM0FEU8QTCKOY8WRWGKCYWVUTNSQ20CH2MIC1IU8I00BDAH0K JJX7C0IC0AVHX7SEDRJTSMJHFUH9AWCTIUVIF VGGOMUUWVFOPXXYL2NC5TY65FPLC G7OGS3AE PXDOI5I4QBX55249HUS VXOYCHHPWENYO36XY0XV', 14);

insert into FICHE (ID_FICHE, ID_ARTICLE, DESCRIPTION, REFFICHE, IMAGE, IS_PUBLISHED) values (8, 7, 'FCJNTM5V3EVM AFHDFSX4BNQL0  2EGD5O 5D1TH6PNS743UHJXX72KTKTXNMTP4M1O1F6Y USHNK071UT2RIYSV E38QMG47IIWETB9IQDK5X6W2KGV08RV1IBGJRBTSN5YVQ0H210L4NSICJ5BQ351EE8N5 4TVD15BJAVYL FM 10ET UQOXPAN8VS 2UD2E1BSSV6QJEVI8QF0KT4XCDFBJSNEMUTF9TIYF287RI3U 770BBYRWP3S4Q PHW8MEDHDB663JGJF5227F0E1GJ3XPO2BN757E8WC 4JYIJJLU4SDU9OE2SSXUB8KF6Q5LLH 3XGQ3PDOIBSNB3XJ4M0IUWSODBJT59XFPTJSHMFTWTWMD7FYAC7NSE4SCDR0 S0L34YUNK33XUL9BVG3HC8ULGNXH62WRAHGUEG2FHSIYUSY93AAY8MYWBS26QP10L7RSA62B X GF I1IAS5RC85X0058FHX5 74NYRNA1ABB74BFSSWVXDKVTKDYHMM3RF8G1JKCM6MF0EJS7A8LFG4DQC2EP8V7DXTU97YP68TTFCX7YBH5FYNBB T7GJAXT4V4 YGLC JO4DFXIQBY0SPB5WF6K6AB1CNQ3DJWPUQF7BVWCAMHW8LIVI 8H6062UPA GH5W7OIDFSO0OLG80IS43WH4 EVWRVKLN9JL9WOTAJH0JOQP8APMUS7 E7HN49IFPOYH56R9 78YBMALEOE1UNT1OXPEV86IXCUA LP0 QHGGHANG4Q45OUUHUX9WHSCVLETOJQT2SE59K27RW5OND3FW27EYYR0MKFT3N30KTUQXG2300UI5KDECE51QWN3L7F41U9I52CXM0XNCBMGE9SXQJ6DRT4SN8IL6CVNUL3ECEFSDCWE0VHLAU9OLI3P13G53NOD56V013JY JT7J0UNRJ17K1J2F3QOAIN4YF6IJRB4K15VFKDT7MUB SNKU9F450UWKP5QME0RXRBA1RQA3TNB2DQITFAH0GI7O5LKXC2V6HFIL1Q', 'O0K1AJ09DKF4TMJL677S4OAG2DYB6UMF', 'YAT7ECEC6I4PHFP0020BW70WENWH811Q5G6QMM1GO0 KMM4SWKXC5SI735XFG 0H858ACGL0 POXG46O8KT5Q5BDJNGEWD92P4 2890MKA8R9II5T 3UR711 JGQSSKIMI9 VGF IXLS88 UW7Y2DRG08PQFELW3KWMKX8A0C4B9QNPKCYB7QINAMCQ515K5K8EY4UCR7TW7214AJE 9350 14U52N49AWQ14AMFPDH8KMY5B5FXN46EV35GU8E3', 15);

insert into FICHE (ID_FICHE, ID_ARTICLE, DESCRIPTION, REFFICHE, IMAGE, IS_PUBLISHED) values (19, 17, 'WDP1MXPBO77QR1G24EQYV0412YM6KA7DXCKCMK11CA0U0DY1684CMDKME7J0H79S8OJGSWTNFR0BA035J2UIQCSPICAXCAJA7KH JST59Q4KQXCASA5W889BI6OOBFM9RH46FX3NSO5MGYGG5L3K38LO3WDMJFFDADTX0 XDGIJ5NSFVA3K9FFS4I5RS6 3CSLVTSI T8LNJH4KTHE5C9T44GX1TGO23SV92EX5HMLJR7IHUGE8WQB2C8N63M13P9DSJGMJ6NO2H3D1JJH1L0PHNN5YK G5FUN1QNUORXDW2E4DSJDHS8RGY0OVWSAJLKOBVNS99KLFFI0WHUACJM1BE7V9EFPTS2TTT6IAX5QV8Q8CSBS5GF5RANT709WVPJUF00022UI8RGUPYDU6WWGQ19XLDPWS7NYVNX679E39X4V9F0TKVDCF9H23Q6M09LPLIPSJ501IE66ITOK5Y51DPCI414X8155V39K7JFDBD4LDTE8KILQB9CYXU2KFWMNRIF4MHYESSEUWCQFAF5GB0JHHFK8UBS02J4YH2EYU7NIIGQ7IC67Q6IKMO4H0W GEMAITL574UD5WE1X8J6U75E3U4CSSG4M4TX3UJ1R3L76 ISH8WM4MFVDJ0VJ7YLIGX0Y4IIN  RW2BN1201S5Q14U5C1QGCLBBL8HAJ8U8RMMIU924 DAVOFN4GFY8TOF2QY0RJCG5VFGX27C41FSW0UM2XVVP10AVI451K8D9TFOKLATJSCNXTAAUHCPGJ9843JJC5I0RDJNJ9E6LXE8AD3VXXRX7EHBVN 32C6HEBO07DSV44V2GKYEG1YCU65DRB64SSQPPIKP0S45N1U22Q3O9PN0E0325DN36L0ESSWWKWG1BGCEWR CRRHB3JNS11VT3E82G1A4NMBC05CGV4NQ43 U90GR2MACKG3X46757FJN6WO03QE12PLKE3MYLF52SGM3W511BAGCYJ30T4172HOM72M4ITOM2OCCKY337QQL5X7RGAQX6HHIH', 'VA1M C5MVUL4C7XSSVENQCUGN9NLHG K', 'XOKAQMDC0J4MMF6D46 HPX4X1OHMRXKI3QKVQO73UGJCOG3GWURYJW080SJY9Q1K2O8LXA AEQBY6N8X6 L H9E0SNSDTFHCKGUX65UTGBQQLRFKXR5UX706V DGWUW8WJE CV7LBLYMGJS9PSVH9SYTDUDF3KIPUPRJDYRURCV5AKQ2M2XIVXK5TPJ8W8WCS6I25UIS6R4JOFY781D89KGJCIFEYAV0KK1MPVPXFF6P8HD1QJ IXGJIMIF4U4IL', 0);

insert into FICHE (ID_FICHE, ID_ARTICLE, DESCRIPTION, REFFICHE, IMAGE, IS_PUBLISHED) values (16, 17, 'OETI50XWW3BILMYATI97 NTKT2P5P6 7A8DUU35XF7FS3PI53958NU1WR1UD8U3JPVVFDXTY5BT5KDXGOYO T6JAR0EW4F5QBD7W6AOWEJFY4KP38V6VJXQS S7GJUR91B1GRXSX5D1AU3J3WRO0TAAK2MXDLVSQAMU1OHH9TR5SYPHNFR04PD6083XPH7FV1NT7HHBDE02TN3U20FTL94NL98G5GF3NU305RF8SDTUE4R6VFOHFNI8 EFF P3I3N55R6NEASCE6O6DP V8DYBR0GKM8JKPG3DVKDE9Q83BHKQLDISYSE9BLRVKIA7Y38QIR2VJ7T11A6P8UCLHO6 9X6YL698ULPK76X58W4HT8S807FU9OI 984XR5UR7LNOVBR7P5D8KKVGXR4KN6PQ8 J602FT60S97CCXGH9F4ASB8YF3P32KFSUMX6GE6TBWO1G3ELYM Y QJDS8C4VPCD3I0FEAW6 KJW0GNBASIV ILPA76JJDQNRIGDRBBF3OV1TLMMHBTV9DLXEMN9FJNOWP9A13O1F1H7U01NF0RLDXW18G Y09HP5M82U8IODVYW06VPF128XO7AF55UPDT3K3W8P6O2RTP5ADE8D 5PH3G13IXV0NLDUGN0AB981VVROU5VPWAHPHVSWSXLGS 85FLA8YM74HF38QYCC5GS83192MF8KEFJ64NK89GBHH3813WMSKHIT2PAB1KP YP970H00DOX44EV4WFR0DY34H TXI9K9VTK 2LHA9JML2LFPY70L77R A81OV6 2G4RTM8GUVI5XCRVV24RL2EA5C29XDSU3Y6DKDF3I0FDRGSXUWHJMGH5GFHYJQBM0HVYKIY64EBC58AXV1Q2S63IR8NPVYTJM1DCRKH6JPK9T PW5YQ8RIS4YB2BUL3DML3FIIC7OERGYE6F12J R2TFY7HPYHQNV RDVOQ1G VH8JRWSMIKH 7KP90Y5Y3H6YCD9VJ3VS2 XX58SU9A8OT97TXC NCNF66UP9IGW3SR', 'YM6VSIAOXJFL6V8VXGS5S N7RB 03PO ', 'MVIY08VVYDA5K384RR9XCA STFLA9068WLVH43WDO H3EI32KCKR3N97MEXEU6L6TJU93ITD34IDDVRSTD2UQ14QBX1NCPOVFX 01F3X6Y0H9998T9LSXWMKNXFVHMNT8GJ32PCBI5BMTL0LDVVQAH20YQDJ2S1TA5LJC4JV6PLKTRN4TGDKH11I13VUV3LP8I023BX6P3QT3J3B PAS9PER96RJS7EJ6DF HW YB6GIIMJS9PQKBIBGKHN3NTTJ', 9);

insert into CATEGORIE (ID_CATEGORIE, IDPARENT) values (3, 6);

insert into CATEGORIE (ID_CATEGORIE, IDPARENT) values (14, 1);

insert into CATEGORIE (ID_CATEGORIE, IDPARENT) values (11, 5);

insert into CATEGORIE (ID_CATEGORIE, IDPARENT) values (19, 16);

insert into CATEGORIE (ID_CATEGORIE, IDPARENT) values (10, 12);

insert into CATEGORIE (ID_CATEGORIE, IDPARENT) values (12, 0);

insert into CATEGORIE (ID_CATEGORIE, IDPARENT) values (9, 17);

insert into CATEGORIE (ID_CATEGORIE, IDPARENT) values (2, 8);

insert into CATEGORIE (ID_CATEGORIE, IDPARENT) values (6, 4);

insert into CATEGORIE (ID_CATEGORIE, IDPARENT) values (1, 15);

insert into CATEGORIE (ID_CATEGORIE, IDPARENT) values (13, 10);

insert into CATEGORIE (ID_CATEGORIE, IDPARENT) values (7, 11);

insert into CATEGORIE (ID_CATEGORIE, IDPARENT) values (5, 7);

insert into CATEGORIE (ID_CATEGORIE, IDPARENT) values (0, 14);

insert into CATEGORIE (ID_CATEGORIE, IDPARENT) values (4, 2);

insert into CATEGORIE (ID_CATEGORIE, IDPARENT) values (16, 18);

insert into CATEGORIE (ID_CATEGORIE, IDPARENT) values (8, 9);

insert into CATEGORIE (ID_CATEGORIE, IDPARENT) values (18, 3);

insert into CATEGORIE (ID_CATEGORIE, IDPARENT) values (17, 19);

insert into CATEGORIE (ID_CATEGORIE, IDPARENT) values (15, 13);

insert into CARACTERISTIQUE (ID_CARACTERISTIQUE, VALEUR) values (15, 'JQH6OTAO60U8CGWDV2SV4UD UU4F008D9HIO6M4Q0350UDQXHCK 2H7IPADP 9PE95IURTU0QK7312HAWKBDDCJ2C RPN XBYOXMY3PUSCG7676NTXWT2KAY0LNF8W4V');

insert into CARACTERISTIQUE (ID_CARACTERISTIQUE, VALEUR) values (6, 'CF0ICYDL6Q9NEH4BHYXO74QOE4AKVMO W4RSHUOWDGNG FXTMKS0YWFWU MFVMDQNX A26UGFMIB5JFSK5PIGR4G41D0HC6B7F9KP6A5XSII85S15GLJVDXAJI4 13D5');

insert into CARACTERISTIQUE (ID_CARACTERISTIQUE, VALEUR) values (3, 'LJWS40R2YW10JJGIQN83EE9I016MV3KRHN2S0SAE5AAGFW3D6B4VADQGXOLWCILU1JP35G5HOQB59APUXFK6SOBJ7VBFVCLAXFGUBYXV9DT1IQLEYEP09P6BBIYHVKY1');

insert into CARACTERISTIQUE (ID_CARACTERISTIQUE, VALEUR) values (7, '42F1QOSEW KEEI930LLMSW53OPL8BQG6CS67OYQD8T6WU3HFDLF VH9KIVKJX4CEA082J53YD524U WQXAYE2YU31OMM QPDB1WYQ81SPCK4FBFMA9YYAUQCB32WJPM9');

insert into CARACTERISTIQUE (ID_CARACTERISTIQUE, VALEUR) values (14, '8LATO63N11VMO28RJDXFJG19 JXEPYCCFRB7VRYJRCY P8R2CY38R46T6S3UKEJ1T4LDTQQISRJBNMRIVRJF00U8L16MBT2 ULM82RPVL758NYABTW4SB8 UGXLQ3X2W');

insert into CARACTERISTIQUE (ID_CARACTERISTIQUE, VALEUR) values (16, 'GIKD5CI24034YWLSFYFORRV5GHIU5A1R5MIYP 1MWVF S0AGFUV5HI0UX4XBQGML027WB0GAYX1HDR9Y6XNVMB8ONOK43TWNJE9QPP7 VPKX1HL3HYP9CVMO D0WKO5A');

insert into CARACTERISTIQUE (ID_CARACTERISTIQUE, VALEUR) values (0, 'VM LI80QQ5FB3HSUO4TAUTKXRUJYHAW3M2IEGNXR7MU9WXJAO HNEOPRE79A8S1PXJTKC 8FFVR1UXSQXJ0M9W KTU1G67P1I7JBX3H8320MCFVMC6H9PSM HNJSSG92');

insert into CARACTERISTIQUE (ID_CARACTERISTIQUE, VALEUR) values (4, 'KO6F1SKVGR3LVDAIFNT53N4PFW85IGGYUX0CISL59XC7VIX667LLTM9P48A6VW80OC298O02TXWDWMVH6FBK7Q21MSQ3DIVRTS6V3YIRWLNOGAIIHB5NQ0XWK1DSLTWT');

insert into CARACTERISTIQUE (ID_CARACTERISTIQUE, VALEUR) values (18, 'MFXO333KW29C51JHPA35U9GN1URS3A4  WPR5E VO 68KAXQ07YX1CKVOJ8DICN6B9PUA3RCNBOVCEWT1A9LUVF8OTXCI9WIIWUCJB9QTIQI6L F 5DDRIIKRTQ9S7H9');

insert into CARACTERISTIQUE (ID_CARACTERISTIQUE, VALEUR) values (17, '4OWB 5JYKC5YQ10DMUD5FPJW60DA0BCT2TBHPI24 2JPSR0N8T8HGVMCNDA9 LRSX0F8U9FEKB9Y1RDFJXKLGC AJ6ROGY7WQBAKK6N9F3FHCVR YFVA4B95O8SN77G ');

insert into CARACTERISTIQUE (ID_CARACTERISTIQUE, VALEUR) values (8, '45S62XW84V THV3T90D36XCJEN8152M56FIFJ4R SHM1CGLIXQ47B8CBNYN8370JKEXA96 E47VYT6QWT3XFD4QCT5GF 49JIS6GJJNIBNY0SLAUEYC94G7RVKRBPABN');

insert into CARACTERISTIQUE (ID_CARACTERISTIQUE, VALEUR) values (9, 'PNB6NI4H2XXB71BHPMSUD0SSC KEA1CJEH1HY81MOHNL3U506SDY0FQV7LJPONU1D7WYUWBGW7PAG8FWWK11Y8LJ1Y8 X9J4Y38VQG7L2EIHBB0NHGI83Y9JY3VO3 HW');

insert into CARACTERISTIQUE (ID_CARACTERISTIQUE, VALEUR) values (10, 'YW572U4V1Q7UQ33  EAAEXTQICKR9R0PTQJIAXU76BSSVI5S2PNMVGP6XJ50KGPYD422XEGPGN DTEW2X3MAIQK1UW9S5XH8405RIW9O8MA9RJD07Q32DTENG1A27TFD');

insert into CARACTERISTIQUE (ID_CARACTERISTIQUE, VALEUR) values (1, ' P25M0VIKL1TWIWY74MBKQFJKYGKXP28H SGU56TX8A0HX0FO9N36D7DD3OLL63VO 4KTPBBDQWKQ7M1WGD3DLJYR9S6GLIK2AN 7WTWGLIR RULPIQNA1J80P8XU9MP');

insert into CARACTERISTIQUE (ID_CARACTERISTIQUE, VALEUR) values (19, 'TTPWO CL9QLLJU53HKHU6EJC03E53GYRI F6 YXNHKANRM7M2749A68L5GCUKAFIBJRAVTVE8RNA161GYF AUTJFD9 KOS4RXOEE4IRD8KEDSJW11L6W6ONE5CXMVWGI');

insert into CARACTERISTIQUE (ID_CARACTERISTIQUE, VALEUR) values (2, 'K0SCKRG8PH3KGKC UHJPM 4AG0MYLH5 YH7K1C2TEI23J37 CCQ1IWP0TXC3CB5GEJP6ET24M0GVITL 5Q6TAHGMA61CN1QEQ 4YMP397S4H CX09P4OCPPBG8JK37FH');

insert into CARACTERISTIQUE (ID_CARACTERISTIQUE, VALEUR) values (12, 'A00DLF6KG1Q5H8W9DNIV5G4IG0CB8B2HW9THABKHACSQMVF6KE6A7IKQXSVSQRQC1RN2RMTL4QHS1MR7J7NK0J9N2A7W7UT6LXII HRPWKVHFQG3HN9V56N4JM94CP 8');

insert into CARACTERISTIQUE (ID_CARACTERISTIQUE, VALEUR) values (13, '2M3V2XHQ3PQPGB9M6U555VH5MBRNVH6YF3XW4XDRQDNYVHBTT66XO2TW4A4BJ6MV8YBW8C4 B6 DF5 T8J3ED2XO9VNM5PUQKBA LWOUY5VRY6VYS6BEV2FXYSCPGWLF');

insert into CARACTERISTIQUE (ID_CARACTERISTIQUE, VALEUR) values (11, ' MQRDCAV7R9N7EXNAS3IX86CJ81CCHY MQAMT6FS9TV54FDK6EGT9KDNWPC1N2AM5XDK6XXFRM40IVPGBJ77N0ETI6LWB77OQW57Q VTWSCQC8N872Y5WF XA0 O9BON');

insert into CARACTERISTIQUE (ID_CARACTERISTIQUE, VALEUR) values (5, '4QNWSMK5DFKDKXB1UA2RTJ58R FTFTT8JXLLQ2PQI MP5812PVOVA165W9ODUW58SEJWWF621C444CDQUYQW7GL8CG84JSFN6FS4QP7SBSHQHEALV2X I9A84ICGKHPL');

insert into ADRESSE (ID_ADRESSE, NUMERO, VOIE, CODE_POSTAL, VILLE) values (4, 'WA7FNP4A9RYCIGID', 'LQ0QDNY3C FDYTIOP9IJH26IO9WA59E6H65YLPS4JXLM55F8HLH V4L1IV VW2EPRVJKS5NGNP8I9ERRONAQN V  YR2UG3XD5AM8BRN76 BNKW9I1ENKGW2A2TEHA2G', 'W3D45US2XO 9FXCY', '1J38FTINIQRAE R4CAXHW3HW1HG8YJHPGNTA9O80V2WY8PLOXT73D 573WUSBC3M');

insert into ADRESSE (ID_ADRESSE, NUMERO, VOIE, CODE_POSTAL, VILLE) values (10, 'YLIQKOMTDIDYUMNU', 'TTAPAGNH5MBYTHLXQR46I8R267F69E503365BQ2U0PG0AVR2M6HGDYX  PRAPGFJQJEVO73TUIERJGP504A8243YGDOBD4C1V84IUU2KAJW25SXT8T4 H58B1FVHSWJR', 'TFWX1LAW33Y 9XVN', 'T8YAGMWX75V4D5GCGKW9KL0XQURF8PG3 2HM8DLFV59G3NMJ0HE663T639M70V02');

insert into ADRESSE (ID_ADRESSE, NUMERO, VOIE, CODE_POSTAL, VILLE) values (12, 'UBL08 38RTKRMU0W', '2JEB8ILJDOKHQBAV5VFRNDLHJFSNL7 2IAY7C1M9T8Q8VFU86BCBK0R2EDNDGFYGTQERQ1BDSWI69G019MT388IVKPIU QXO8I07X64R SUTKJFJVKL5R20SJ85WXBPH', '17E49FN18JDULFJ7', 'AB69SKOMQQC8QGPT7XUNXJJ3RHNO11HPMLJVDPTS7 7FOPHT8P57KXJ1XAS7PAU9');

insert into ADRESSE (ID_ADRESSE, NUMERO, VOIE, CODE_POSTAL, VILLE) values (19, 'OL6XW0S6G7UNH9PO', 'HM FHWTENFDDIT140F557HLWA652 8EXTK502NFHKRMNTA3E7USIRB GE5WIXFE52783AP9A13S4AV32IWM8ID3UV8H0JSAGJQPLTBWBW6  PET1J1G1P96LETV3O31A', '5C7Q YR7W2AO4D6K', 'EUVT89 D6BROBE5GQY  W5CLAUUOELC6MFA2OJC 5MN84H4PYAUSR0TD1ODPLVL0');

insert into ADRESSE (ID_ADRESSE, NUMERO, VOIE, CODE_POSTAL, VILLE) values (16, '17NAQ42F7RRDLJNU', '3VR EL86J6Y YKCCF5Y9JMQG1RRU6 UA4PHGRLFOTLBMV006SHJVAWL8IBN3Y277KONTN7VQ6EG0EAGVURDJ7IS0 6R9VTW0VPUKVBCFM0JWFUL B1HLNQPW6D7FXO S', '2RPFGOI4S651F7XP', 'Q7M92UEC36B0IV1RNQ04Y7480ROKRYEJRCJOQ9 DKM L08XX3NI2DCO5EIW5FIUN');

insert into ADRESSE (ID_ADRESSE, NUMERO, VOIE, CODE_POSTAL, VILLE) values (14, '9FAD3GJ4ECL7TI1E', ' 1GUANS1L4HQX0M5FUK YRYADESD3XRQHFNFRVJ 5Y1LX207018BHRILC44IDSVBEYBS5J4ST2O8F6I3BYSWNOJJFULWTC71A570E4E8PHP0IE608BBOXHIUG8EAHN M', 'PE0PI9HID2FEJ2XR', '9FIA3X45K2N95B0O3U5FYX5A4PW146EEAHOPJR5WQ 4VHMUN0KKNLEKWGJDGEGO ');

insert into ADRESSE (ID_ADRESSE, NUMERO, VOIE, CODE_POSTAL, VILLE) values (11, '9IX5KL 8VWBDIUA7', '9WSVH0H4FK609QB748P7RY8JUEG1INLY JCTEHRJ44 XS0J4X8NQOWPOGUJ604T2MTYV4QYNHDO582PE08K76WAJSH5E6VO4VUFTRT0TQXPOTL0RFMP5VILKTML26IHG', 'IFN 7LHCLOB4IWT0', 'HY36LNOY6AX LO9NPF4SB36HBKS9XSNT NJMODOWI9FT3UBMLF L48IN4UD0AJLD');

insert into ADRESSE (ID_ADRESSE, NUMERO, VOIE, CODE_POSTAL, VILLE) values (1, 'R3LNB1E76LI3DR69', ' 7E0CR7JKS96R6W4L32SB7HC0 Y79LTKPSAI0H1HCDC09C2LMUF06C5LGQ3FPMI4C081WSBGSKN6NHJD0EEC4606PCN3SWRXPL9W8D6E9KQA6XLVXQBYSVV7UT16TRYX', '9C3OI06XCV9Q3LI9', 'GRILCM9EYMR8OFGNM14I0XF5TR4W6X0D3 FE50YB7GUR0LA0929K2A0WV4VSA3PN');

insert into ADRESSE (ID_ADRESSE, NUMERO, VOIE, CODE_POSTAL, VILLE) values (6, 'HN1AB2J4OVU3KUKB', 'R6VMKXSVFIRYPCU45RSOKSHH4 MNO0C14Y4EBKD07D6DNND80FSWSGIL146QAF3OS437ATAJGD55C98LI9CBWGYIC9SB80QK8KEH9K9L7WU2PLBPCBG7615GUIIKH59R', 'H6HDW7U 9JOYC3QP', 'MCCUO0GMICBKSGS4HSVIE8N0B666D3R6D97JJ1UIM5QHR16JUTBO4L1ONIE75WJ3');

insert into ADRESSE (ID_ADRESSE, NUMERO, VOIE, CODE_POSTAL, VILLE) values (5, 'WDM2XSJXBJXMH131', 'FKFE4HAFXN7IR2U8R4VJ FRPQA56063IXUBROBMFNV LGWA0JL4YOQOSTJCLTAR8QH  TKV6W4M2U9E0 0KPQ 4BGHHWYM8HG167JPTESEHAY87CY3ARI2K4GUQRI6NX', '7F40XMUS6OHVBINA', '2NNMDEE9W8A0Q8X0E9L4E73B 7PPGEOR2P60UBQD4C0AIVWERJMIFO3IWP052B5L');

insert into ADRESSE (ID_ADRESSE, NUMERO, VOIE, CODE_POSTAL, VILLE) values (0, 'UHRMHCLK7 NRCXM3', '7DC5Q5NYX2KCWS1CTY6OJVS48P2MLVHIMUTAE5QVHYQXTSHFH5WQB2UGOL7GBKH7U6LOLWRC49NEU1G7ELXTDB1D8EN1V N7MIK0CHPR2LOT683GJNFHA6 BWGRNGTBU', 'KF7V D9DWMS3K9HM', '8417OXPHPMR4WO3S0K07GMIWJT1OWC48Y 8CM9GBIL3 TAWBVL57PI5DKT82T43G');

insert into ADRESSE (ID_ADRESSE, NUMERO, VOIE, CODE_POSTAL, VILLE) values (3, '39LEY I 873BSP1A', '6EBQQXTK1 1T  U2D0HYM3KU7HKBAK1NARAVV3MFBUPRKSG4 WU41F P4LXPMPO87YM4WUX7Q0EM72WVWT3H6GNSABI4SMFETSAU1VUTLQO265HO7RK8RCC6RMRK3LO5', 'E9FURGPJQ3IRV788', '565KDD6R85FTNY7YNODNMKJB92SFFA42KKAKQIAAUE0STY7Q5KO2S1G1MWVAT1QH');

insert into ADRESSE (ID_ADRESSE, NUMERO, VOIE, CODE_POSTAL, VILLE) values (17, '08MQK4DBPYW7JETO', 'FD22GTQFSNUDT8R2K3F9I5107VUOVR5K BGFD79APT0IJGLR3KL 5W2PSRRPK9UXVLR94GCVAO23PW5MIERMHGYR6IALJ10P2K2LYX8R 4NESGRM16EYBLMUMMY 917G', 'W0KFYVN2590RSS6N', 'U64ANQRN7JET1W4GPPNWK3F0LREX9DHU8HIAQIN 3H3S2S8OVUKJ2K7IPBRII9QA');

insert into ADRESSE (ID_ADRESSE, NUMERO, VOIE, CODE_POSTAL, VILLE) values (7, '88E1FP42WY2D YKO', '12A07VDOTE6C807 EWRGJ25SV54380BWSA0T9GLK96XIJAE WYX9 G0K7EVUXQD0XTQ IPYHEJV680N3C5O5L9WDH74TXRURGOL3EMSNT S7VOG 3PMIAYRG1QJ7TNDF', '8V6XYQBSG2MVC2KL', 'LC5RN37NUKC6OK 4OYI0G9NW K3WCJ5571IK1Q239J64N07PQJB YT2Q2YBJL0MU');

insert into ADRESSE (ID_ADRESSE, NUMERO, VOIE, CODE_POSTAL, VILLE) values (15, '7K0V40B6UWG TFTA', '29OGC3PGNF952UNF 86H1TV9QKLX5UYCTGOXVUMEI5M8ETBEGSHTV3TG0RHILMS1FF75GMP7MU0BKXVYGSIWUYESSO95UAE74ULAP0GPNMBW8DYDG2YSYEP5L5QOJ MO', '7P155WYHN0XO9WTL', 'X6U8MK3YQJEFUVXE6HMTRUXQ3D4K5DE17W6W4LF054MJ5SJGO1VH4T2RP11RV5XI');

insert into ADRESSE (ID_ADRESSE, NUMERO, VOIE, CODE_POSTAL, VILLE) values (18, 'U3S1E1J4RNLMQ H2', 'LQXA6HMWV19648J3EVC8DF5NDFGMHPJG4K5OHG8Y2 A0YJSNWV0K6VEIQ3S5DHHPI6XNA8K6ITOUK6ATY4YTJIF5O7X1154O3UQ282812AFUP0RG723PO F2V7QSBHEW', 'X8BOYJOUIGIA7CU8', 'WOBFDRJ6Y88LFAN8DW8OC3IT4MBKNW15HCUA3X4L38DDNT7716OOQ0O226 2H Q2');

insert into ADRESSE (ID_ADRESSE, NUMERO, VOIE, CODE_POSTAL, VILLE) values (2, '5G VQG65VC2AW4KD', 'P7SF12453HEU8PBKQL0JTXX1EYXJ16IYRE4XH8ECH0581YAF8Y6C6SQUYO033TXM7UKEAKGIPS370ABCWVQR2YXKP29UEVGTFFPA9U2RN7CH34ATFFQ4SQVDF5PXXQ5O', 'PY6FXVAYC B97K19', 'Y94M6U6H2W 9SPC2WB0GNR5VR7X2CPDIT2B7G408XESDS9KMQ9RMHGVO2JOY8ALV');

insert into ADRESSE (ID_ADRESSE, NUMERO, VOIE, CODE_POSTAL, VILLE) values (9, 'V3A5 W29UHALSSUF', 'HHWR9U6DV1WH9TGJ23VCPB6KCF72NRBEUPBL593PDGFCHM8BLTP37USN9SCQK4LFL6U9TLDDP0GRSQF5CUKNPBV8HIIYQXVA9E9V5CV2 P9497156YKXLM 6V9XG88CO', '6NB1D4QHW1 P9RE5', '5WDHUE5H6CBGQLNVVB8IL3268IPR6V8PHA L93FVXPTWOUMX46J0HL656S59AFJQ');

insert into ADRESSE (ID_ADRESSE, NUMERO, VOIE, CODE_POSTAL, VILLE) values (8, '4FIB1X0FK64WJHBH', '0B056VONSYXJ00EMF7LIFNTEU5HM5YGIG9EKUH87AKAO314 16AOM3G08O HNXXSRXH66C8V6PYWP22WFS4CSL8AKSWRVVTPNH2O8KM1M1D81TE2KDC0GPPMSRJS1HFK', 'MAW3TQ6AAXSPGXFP', ' 4NBOL0BTVDROWS3X KPLU0J8HYUOXXU8QM025AVYNTQWQRT49YVGILGB2WHF750');

insert into ADRESSE (ID_ADRESSE, NUMERO, VOIE, CODE_POSTAL, VILLE) values (13, 'WX6OC7GOP3IFVE0X', 'CHTJ35M6FJPDAULGYOWY8WUNEB KDABWMU4QVYTYTNXMPPC3MVN0QIQ3HM4Q5QDCSX4 QV07M7T0LSO76H4QNSWTJ6KOM7QPNHUNTJ9V6FV57FV8NHPAO 1VQXRA6 UX', 'F607SJOMOQAFH V3', 'FU0TF0XO28S6G2FP7Y7EK986XHGXRY8HALMFV8X3B9P4JMYH3DJVIML5 2YIVWHJ');

insert into PROMOTION (ID_PROMOTION, POURCENTAGE) values (9, 7);

insert into PROMOTION (ID_PROMOTION, POURCENTAGE) values (10, 12);

insert into PROMOTION (ID_PROMOTION, POURCENTAGE) values (7, 13);

insert into PROMOTION (ID_PROMOTION, POURCENTAGE) values (5, 18);

insert into PROMOTION (ID_PROMOTION, POURCENTAGE) values (1, 14);

insert into PROMOTION (ID_PROMOTION, POURCENTAGE) values (13, 17);

insert into PROMOTION (ID_PROMOTION, POURCENTAGE) values (14, 9);

insert into PROMOTION (ID_PROMOTION, POURCENTAGE) values (18, 4);

insert into PROMOTION (ID_PROMOTION, POURCENTAGE) values (15, 8);

insert into PROMOTION (ID_PROMOTION, POURCENTAGE) values (19, 11);

insert into PROMOTION (ID_PROMOTION, POURCENTAGE) values (3, 2);

insert into PROMOTION (ID_PROMOTION, POURCENTAGE) values (16, 1);

insert into PROMOTION (ID_PROMOTION, POURCENTAGE) values (17, 15);

insert into PROMOTION (ID_PROMOTION, POURCENTAGE) values (2, 3);

insert into PROMOTION (ID_PROMOTION, POURCENTAGE) values (11, 0);

insert into PROMOTION (ID_PROMOTION, POURCENTAGE) values (0, 10);

insert into PROMOTION (ID_PROMOTION, POURCENTAGE) values (12, 16);

insert into PROMOTION (ID_PROMOTION, POURCENTAGE) values (6, 19);

insert into PROMOTION (ID_PROMOTION, POURCENTAGE) values (4, 5);

insert into PROMOTION (ID_PROMOTION, POURCENTAGE) values (8, 6);

insert into ROLE (ID_ROLE, NOM) values (12, 'EALI7D4N7A7F57I0 IWBFSIOG2C8XDO0LJGIEPLENSXAKTXAAFTXD5ER X3RAL9S');

insert into ROLE (ID_ROLE, NOM) values (10, 'DEQNWWJURSF4H0MJ 2W2OOXO LU6GXLSUJIY06FMWM AYQY RLVQHAHDRC0FTLE2');

insert into ROLE (ID_ROLE, NOM) values (0, 'AN5IL5N2DI4BLE3GD2T6ECBIPBAM849AX7CL2X95KKRYLRXGIIYQLMDC6NP26IFR');

insert into ROLE (ID_ROLE, NOM) values (5, ' P0PCX5FVUY0N 540TVXR9FUMBI7K61ITFDDW1 8QA6JXO99PQHG5T2LH79KVUX4');

insert into ROLE (ID_ROLE, NOM) values (8, 'QNXDQH6FMR4N8UJCE0V4HALV74SY5SRW4JGMD  O10PPTV I 7GX314KCT88YKYU');

insert into ROLE (ID_ROLE, NOM) values (17, 'B507UME5HP95ILFJDW  RVK9FUYGB7QITGXAQV7SJE9NN7HUIHFMVXK51RNVV446');

insert into ROLE (ID_ROLE, NOM) values (3, '2BVA7MY5SLL04BJJE90BAVL6S0AUS5URIJPPV60EUNA5B RD ICMGOVTAW3UPHHU');

insert into ROLE (ID_ROLE, NOM) values (9, 'PSMAX9IFEVR56M4QDC6CARGA8OLMTTEO7O4T3 BR3GOC62AOKUOE9X4GBIM W5O4');

insert into ROLE (ID_ROLE, NOM) values (16, 'KOXCLU6KOH02BLUYPW8UEEHT9F7X6Y8QF8207RIOV XX5T0WWFH 8TUIUFRLH2RQ');

insert into ROLE (ID_ROLE, NOM) values (11, 'GMU484MLHVYOPTXKB6E4V7DDUCXB5RPX92W5ILIHAYW6L2FM5T8VU00W3YLJ PBV');

insert into ROLE (ID_ROLE, NOM) values (6, 'MQ1QFD035YTGYF3FNXGXD3G6GY1VFYMQ8LHNV0PXXJ2QE5F 0 V41O71TXO4E1GB');

insert into ROLE (ID_ROLE, NOM) values (7, 'VMMTAF 3J79C6 LXKELI3GHV3CC6CSD5DO7DM00CWFCT YJKMG 89HEU8M269JQB');

insert into ROLE (ID_ROLE, NOM) values (2, 'IH7KCJP5 JHT1K2WJCMNR8RN827BM QM7OXRI6TJTS656RPJO7H8FK5R2WB0J69K');

insert into ROLE (ID_ROLE, NOM) values (14, 'CVWKPHTAEE5TOTRQG1QLKT06T7DUJP37TI0OYH0SSDHXEGDFBQWL0MIPK1HIRGNB');

insert into ROLE (ID_ROLE, NOM) values (4, 'MYC WKG22QGSQTE9Q6P563KNDB5VTQ9BPICIPI VEBPVJEJE738E RX3FV4 XAXB');

insert into ROLE (ID_ROLE, NOM) values (1, '5CNG1J9KWY2QA56UA2RKUI5PVGE R8K0YK9539O5RCR5YEM2JPY4RNIUWPA8K6QS');

insert into ROLE (ID_ROLE, NOM) values (18, '76F4NPFA71711WUCJGOM7X2JR7D84 VP22O0 BHCGL3HJTMJYN2SAHQEPDJMO25G');

insert into ROLE (ID_ROLE, NOM) values (13, 'M2SMVVKBUFHP2PJ5EKNJIT3T1LX746IF3VXYNN9UNTN2PI EMD3X0VMP25XYSHQL');

insert into ROLE (ID_ROLE, NOM) values (19, 'N5E47AV670552M24A5F5F1IP68B KJBNKEVFYTGDV6TNBTOS7W JW0Q4PW1KVCLX');

insert into ROLE (ID_ROLE, NOM) values (15, '486XWAB C08TYX3YXN27XUSDO5HRXQOHLTCVG1DM6V7AMMU6E0PBA2L33MFSLJV5');

insert into LIENS_CATEGORIE_ARTICLE (ID_ARTICLE, ID_CATEGORIE) values (8, 3);

insert into LIENS_CATEGORIE_ARTICLE (ID_ARTICLE, ID_CATEGORIE) values (0, 14);

insert into LIENS_CATEGORIE_ARTICLE (ID_ARTICLE, ID_CATEGORIE) values (3, 11);

insert into LIENS_CATEGORIE_ARTICLE (ID_ARTICLE, ID_CATEGORIE) values (4, 19);

insert into LIENS_CATEGORIE_ARTICLE (ID_ARTICLE, ID_CATEGORIE) values (10, 10);

insert into LIENS_CATEGORIE_ARTICLE (ID_ARTICLE, ID_CATEGORIE) values (13, 12);

insert into LIENS_CATEGORIE_ARTICLE (ID_ARTICLE, ID_CATEGORIE) values (2, 9);

insert into LIENS_CATEGORIE_ARTICLE (ID_ARTICLE, ID_CATEGORIE) values (12, 2);

insert into LIENS_CATEGORIE_ARTICLE (ID_ARTICLE, ID_CATEGORIE) values (19, 6);

insert into LIENS_CATEGORIE_ARTICLE (ID_ARTICLE, ID_CATEGORIE) values (16, 1);

insert into LIENS_CATEGORIE_ARTICLE (ID_ARTICLE, ID_CATEGORIE) values (17, 13);

insert into LIENS_CATEGORIE_ARTICLE (ID_ARTICLE, ID_CATEGORIE) values (14, 7);

insert into LIENS_CATEGORIE_ARTICLE (ID_ARTICLE, ID_CATEGORIE) values (5, 5);

insert into LIENS_CATEGORIE_ARTICLE (ID_ARTICLE, ID_CATEGORIE) values (7, 0);

insert into LIENS_CATEGORIE_ARTICLE (ID_ARTICLE, ID_CATEGORIE) values (15, 4);

insert into LIENS_CATEGORIE_ARTICLE (ID_ARTICLE, ID_CATEGORIE) values (1, 16);

insert into LIENS_CATEGORIE_ARTICLE (ID_ARTICLE, ID_CATEGORIE) values (18, 8);

insert into LIENS_CATEGORIE_ARTICLE (ID_ARTICLE, ID_CATEGORIE) values (11, 18);

insert into LIENS_CATEGORIE_ARTICLE (ID_ARTICLE, ID_CATEGORIE) values (9, 17);

insert into LIENS_CATEGORIE_ARTICLE (ID_ARTICLE, ID_CATEGORIE) values (6, 15);

insert into LIENS_SPECS_ARTICLE (ID_CARACTERISTIQUE, ID_ARTICLE) values (15, 8);

insert into LIENS_SPECS_ARTICLE (ID_CARACTERISTIQUE, ID_ARTICLE) values (6, 0);

insert into LIENS_SPECS_ARTICLE (ID_CARACTERISTIQUE, ID_ARTICLE) values (3, 3);

insert into LIENS_SPECS_ARTICLE (ID_CARACTERISTIQUE, ID_ARTICLE) values (7, 4);

insert into LIENS_SPECS_ARTICLE (ID_CARACTERISTIQUE, ID_ARTICLE) values (14, 10);

insert into LIENS_SPECS_ARTICLE (ID_CARACTERISTIQUE, ID_ARTICLE) values (16, 13);

insert into LIENS_SPECS_ARTICLE (ID_CARACTERISTIQUE, ID_ARTICLE) values (0, 2);

insert into LIENS_SPECS_ARTICLE (ID_CARACTERISTIQUE, ID_ARTICLE) values (4, 12);

insert into LIENS_SPECS_ARTICLE (ID_CARACTERISTIQUE, ID_ARTICLE) values (18, 19);

insert into LIENS_SPECS_ARTICLE (ID_CARACTERISTIQUE, ID_ARTICLE) values (17, 16);

insert into LIENS_SPECS_ARTICLE (ID_CARACTERISTIQUE, ID_ARTICLE) values (8, 17);

insert into LIENS_SPECS_ARTICLE (ID_CARACTERISTIQUE, ID_ARTICLE) values (9, 14);

insert into LIENS_SPECS_ARTICLE (ID_CARACTERISTIQUE, ID_ARTICLE) values (10, 5);

insert into LIENS_SPECS_ARTICLE (ID_CARACTERISTIQUE, ID_ARTICLE) values (1, 7);

insert into LIENS_SPECS_ARTICLE (ID_CARACTERISTIQUE, ID_ARTICLE) values (19, 15);

insert into LIENS_SPECS_ARTICLE (ID_CARACTERISTIQUE, ID_ARTICLE) values (2, 1);

insert into LIENS_SPECS_ARTICLE (ID_CARACTERISTIQUE, ID_ARTICLE) values (12, 18);

insert into LIENS_SPECS_ARTICLE (ID_CARACTERISTIQUE, ID_ARTICLE) values (13, 11);

insert into LIENS_SPECS_ARTICLE (ID_CARACTERISTIQUE, ID_ARTICLE) values (11, 9);

insert into LIENS_SPECS_ARTICLE (ID_CARACTERISTIQUE, ID_ARTICLE) values (5, 6);

insert into LIENS_SPECS_CATEGORIE (ID_CARACTERISTIQUE, ID_CATEGORIE) values (15, 3);

insert into LIENS_SPECS_CATEGORIE (ID_CARACTERISTIQUE, ID_CATEGORIE) values (6, 14);

insert into LIENS_SPECS_CATEGORIE (ID_CARACTERISTIQUE, ID_CATEGORIE) values (3, 11);

insert into LIENS_SPECS_CATEGORIE (ID_CARACTERISTIQUE, ID_CATEGORIE) values (7, 19);

insert into LIENS_SPECS_CATEGORIE (ID_CARACTERISTIQUE, ID_CATEGORIE) values (14, 10);

insert into LIENS_SPECS_CATEGORIE (ID_CARACTERISTIQUE, ID_CATEGORIE) values (16, 12);

insert into LIENS_SPECS_CATEGORIE (ID_CARACTERISTIQUE, ID_CATEGORIE) values (0, 9);

insert into LIENS_SPECS_CATEGORIE (ID_CARACTERISTIQUE, ID_CATEGORIE) values (4, 2);

insert into LIENS_SPECS_CATEGORIE (ID_CARACTERISTIQUE, ID_CATEGORIE) values (18, 6);

insert into LIENS_SPECS_CATEGORIE (ID_CARACTERISTIQUE, ID_CATEGORIE) values (17, 1);

insert into LIENS_SPECS_CATEGORIE (ID_CARACTERISTIQUE, ID_CATEGORIE) values (8, 13);

insert into LIENS_SPECS_CATEGORIE (ID_CARACTERISTIQUE, ID_CATEGORIE) values (9, 7);

insert into LIENS_SPECS_CATEGORIE (ID_CARACTERISTIQUE, ID_CATEGORIE) values (10, 5);

insert into LIENS_SPECS_CATEGORIE (ID_CARACTERISTIQUE, ID_CATEGORIE) values (1, 0);

insert into LIENS_SPECS_CATEGORIE (ID_CARACTERISTIQUE, ID_CATEGORIE) values (19, 4);

insert into LIENS_SPECS_CATEGORIE (ID_CARACTERISTIQUE, ID_CATEGORIE) values (2, 16);

insert into LIENS_SPECS_CATEGORIE (ID_CARACTERISTIQUE, ID_CATEGORIE) values (12, 8);

insert into LIENS_SPECS_CATEGORIE (ID_CARACTERISTIQUE, ID_CATEGORIE) values (13, 18);

insert into LIENS_SPECS_CATEGORIE (ID_CARACTERISTIQUE, ID_CATEGORIE) values (11, 17);

insert into LIENS_SPECS_CATEGORIE (ID_CARACTERISTIQUE, ID_CATEGORIE) values (5, 15);

insert into LIENS_PROMOTIONS_ARTICLES (ID_ARTICLE, ID_PROMOTION) values (8, 9);

insert into LIENS_PROMOTIONS_ARTICLES (ID_ARTICLE, ID_PROMOTION) values (0, 10);

insert into LIENS_PROMOTIONS_ARTICLES (ID_ARTICLE, ID_PROMOTION) values (3, 7);

insert into LIENS_PROMOTIONS_ARTICLES (ID_ARTICLE, ID_PROMOTION) values (4, 5);

insert into LIENS_PROMOTIONS_ARTICLES (ID_ARTICLE, ID_PROMOTION) values (10, 1);

insert into LIENS_PROMOTIONS_ARTICLES (ID_ARTICLE, ID_PROMOTION) values (13, 13);

insert into LIENS_PROMOTIONS_ARTICLES (ID_ARTICLE, ID_PROMOTION) values (2, 14);

insert into LIENS_PROMOTIONS_ARTICLES (ID_ARTICLE, ID_PROMOTION) values (12, 18);

insert into LIENS_PROMOTIONS_ARTICLES (ID_ARTICLE, ID_PROMOTION) values (19, 15);

insert into LIENS_PROMOTIONS_ARTICLES (ID_ARTICLE, ID_PROMOTION) values (16, 19);

insert into LIENS_PROMOTIONS_ARTICLES (ID_ARTICLE, ID_PROMOTION) values (17, 3);

insert into LIENS_PROMOTIONS_ARTICLES (ID_ARTICLE, ID_PROMOTION) values (14, 16);

insert into LIENS_PROMOTIONS_ARTICLES (ID_ARTICLE, ID_PROMOTION) values (5, 17);

insert into LIENS_PROMOTIONS_ARTICLES (ID_ARTICLE, ID_PROMOTION) values (7, 2);

insert into LIENS_PROMOTIONS_ARTICLES (ID_ARTICLE, ID_PROMOTION) values (15, 11);

insert into LIENS_PROMOTIONS_ARTICLES (ID_ARTICLE, ID_PROMOTION) values (1, 0);

insert into LIENS_PROMOTIONS_ARTICLES (ID_ARTICLE, ID_PROMOTION) values (18, 12);

insert into LIENS_PROMOTIONS_ARTICLES (ID_ARTICLE, ID_PROMOTION) values (11, 6);

insert into LIENS_PROMOTIONS_ARTICLES (ID_ARTICLE, ID_PROMOTION) values (9, 4);

insert into LIENS_PROMOTIONS_ARTICLES (ID_ARTICLE, ID_PROMOTION) values (6, 8);

insert into UTILISATEUR (ID_UTILISATEUR, ID_ROLE, LOGIN, MDP) values (3, 12, '9YE0CG1WY669W143V9QN27242 CM5J4W4HOYUCOUQRI0YYVCDKWD2F8R31GBD E6', 'EWV87PGSJ90XYAIRT4L8DWR64XTWQ0KH90PMAEX7Q3W UD6A94XIGEG7O 8QEOKM');

insert into UTILISATEUR (ID_UTILISATEUR, ID_ROLE, LOGIN, MDP) values (1, 18, 'IYKTQ12RPHV1SV0JLRYR5V340VV6TKSVDR5ELYCN0CNMQVE91OMRRNNNXF226JKF', 'TKLF12TRKTL60S37314JGQ P0270CB15  PL115H5GDQUO45TPX9Q0A2A45N898H');

insert into UTILISATEUR (ID_UTILISATEUR, ID_ROLE, LOGIN, MDP) values (17, 9, 'P6VTLVB8R7D8QHRT72 JR7ND IR LPSVJDE7E MX4V G7MI2MJCBNHJXCV04T5B ', 'TIE4I6S5LUV49KYBXTDT7Q4AM UN899NACD62ND10S  PD1MY2TFCS 25DB71FWF');

insert into UTILISATEUR (ID_UTILISATEUR, ID_ROLE, LOGIN, MDP) values (10, 10, 'WHOW9YNO81N14OVKWPCJCTPQ853U0FP4WG0GWRM7CARY0DVJLYTREW6SUXMM HFC', 'GKL6X2A8N T04HLMHYUK3J6S4YVNWBS6F6CJVIQEP0V61LMK4 CS OTFQA1HLVC ');

insert into UTILISATEUR (ID_UTILISATEUR, ID_ROLE, LOGIN, MDP) values (6, 18, 'M9VIKUIUP527UUAWCN RUVUPGOF41PND9N4U311LL1L39OP3T39E89BUDPO50TAJ', 'B43 5BPVEFVIHVXBGGIU1CQN9TRCDGQH85PBLEWM0MRA0V3E7ORMU2KS0X513UX3');

insert into UTILISATEUR (ID_UTILISATEUR, ID_ROLE, LOGIN, MDP) values (0, 13, 'XDUHTKR2B8MXASHEOGFQO116WCTN805UV2DIL3 L70PBLMQLPSG UJ8BFQIRLUQ0', 'E19HIXXBWWWUPLG 0TV5ISRSAVMJ45OT E4MRL19DHUR8D5XMYUONUIBHUWYC0IA');

insert into UTILISATEUR (ID_UTILISATEUR, ID_ROLE, LOGIN, MDP) values (5, 7, 'C8E8UNT3MHPWCWE7M3NHUHVKA SQJACALBV2HQ590PRK6T6D78LRF2PVY2W11R3Q', '8QX1RGCDSJEPP 3QS1YIG0SNXX L6DPVFHN4GXRBK3RJTN0JA0S7LGEQ344ULNDJ');

insert into UTILISATEUR (ID_UTILISATEUR, ID_ROLE, LOGIN, MDP) values (11, 3, 'XOYN 5LARLABD JXA15HRUBTVXF8J2TYOJ7PB8N5D0YBMDQBQ7HINS1NHB622C68', 'W1IJAWWD53AATWD5YN7FAPV4EBWB1LEXXM Y9M8E DP4GSF2MMC0CSK5BB5RLGFC');

insert into UTILISATEUR (ID_UTILISATEUR, ID_ROLE, LOGIN, MDP) values (14, 11, '73D40LHEBQRW9ETOECYTEAYBCYAF79NJWDJ05C4B5FYI2VMR6YBIR4YD I5E SDH', 'WDUDVTY2LP C O7D7LNX01JOFT 2RSVP8D6S8I3JHREF8FKWK2SC48QA6HRAMNYN');

insert into UTILISATEUR (ID_UTILISATEUR, ID_ROLE, LOGIN, MDP) values (4, 17, '7D0KB DREM2UF0Q12HIX5HR1YFF71CEBKYG5LERAOUXN5FKL 8UJGYS6W736ISHY', 'BKBFV8FR83F0J621OFRI0MS78S7MSFPGMVVPYUI9E6YWSM5VI1UYLQ6A579HEYU ');

insert into UTILISATEUR (ID_UTILISATEUR, ID_ROLE, LOGIN, MDP) values (16, 11, 'IVRCOWN4MFNUP586YGUW1KADF5DU2C7 HV3SP674VPLL0LQ61BCUVQ9R7HUXWMVN', 'N1S43OQANF21EQX724J8AM54K16D6GYVXS7EHF5NL34JA EEDUQ40PPU5JH 9LDB');

insert into UTILISATEUR (ID_UTILISATEUR, ID_ROLE, LOGIN, MDP) values (12, 10, '4IYCEC9U2UG5JNSNASG8G8J8 E88SOMTX9211XKE0 4W9IWCSWJ6RBOAFWORYYC1', ' NMCU6QWYESNY69II7IK9QNDNVY4ED88E7S FI58FF1RCL0AK79N10L5Q2PTWAF5');

insert into UTILISATEUR (ID_UTILISATEUR, ID_ROLE, LOGIN, MDP) values (18, 0, 'LLH0DULOD2VFRUDLOGAXCL23C0JN7BQJPSIJOFJ4 26G2Q8G49NUB4TGJJG8W194', 'TSPH AUGR72H2V 2ONMKV3UD6337I5M9VRQ5TW42QNDJ438X0DLRV2KUTTRKL8BF');

insert into UTILISATEUR (ID_UTILISATEUR, ID_ROLE, LOGIN, MDP) values (7, 0, 'PC8697YRIE0Q4CVNOUE GX008FKYQX7VDFSC0OWK5 HOL O5Y 9 O0XHFS3AAJHV', '7BEFS1 76JST4OLHR EQLDP1G0MF 8P6LLNY8V9OWNDC7JQ544J87TY3XDWD36VO');

insert into UTILISATEUR (ID_UTILISATEUR, ID_ROLE, LOGIN, MDP) values (19, 16, 'GDQJ92RI1628CKI8MLSPFL69B300WC1BFV8E64NESA5HAHBAPTTWM2ULKJVTR07F', 'PLKK3YJYSLGB0W2VD7T3COTT4G45ULLRDBN4S875QWN3QIRCTOBB9NIM0S0QODHV');

insert into UTILISATEUR (ID_UTILISATEUR, ID_ROLE, LOGIN, MDP) values (8, 12, 'UISUHXGS4JEPXLTDBOIISAPAV9GIML34BR4TF1XUR SB96I8I47LVFBUYDU4PIMW', 'CJLS92F1P1X64FUURSE4LQ5LHRM6LQV7I2ER0830MCF9E51DISOUPGIJJNCR4GXI');

insert into UTILISATEUR (ID_UTILISATEUR, ID_ROLE, LOGIN, MDP) values (2, 10, 'G2AIRCHFFNHWSUP7F1KDH62HKSFSVMG0WQK7T6D WH16LNHC87LAMI2YJEUTF72A', 'OIBH2W07I3O4CLWIIR3WAO9U7PQV9ML9SGYI OMBEEDS91QL4QU0QOQKJ0P2MQKJ');

insert into UTILISATEUR (ID_UTILISATEUR, ID_ROLE, LOGIN, MDP) values (9, 16, 'B KEFAOP 97093OB49HVYWASOY0N7WO9FX5QXU6CJP3GY1XIBSRTL6F3T54XMTD3', 'Y2Q6UGIXMSUVSMEMB VH7CVUSBCYVR5D2J0H709V4YYQ1EHEH6GL73XEYYFFIKGE');

insert into UTILISATEUR (ID_UTILISATEUR, ID_ROLE, LOGIN, MDP) values (13, 18, 'YLIY9DIFGH1PAQOV298 6MYNVLQGLFWLOX20UU 0L4O4GW32O4YEXV4WRQJ3LLV9', 'S9J9OOGFE6U8HBVTUC7 YMHW 37GQYY2U6QGOFEPB14PB2TJRV7ONLTSQ7FY1S9U');

insert into UTILISATEUR (ID_UTILISATEUR, ID_ROLE, LOGIN, MDP) values (15, 5, 'FSI0NLTWW2W87L6FFMB9K01YF N KNO8 XU74EXHDNWNRCOWPYXUCHHKVOED39GA', '33A56LAGUXRO8R9UH2SV03Y76P60DDQUBS8MOY24W9WTJV PD3MWBKQUBVRU8FIX');

insert into MESSAGE (ID_MESSAGE, ID_SENDER, ID_RECEIVER, INTITULE, CORPS_MESSAGE, DATE_MESSAGE) values (7, 4, 12, 'C7N4LV1PM4VL E07WUVFT1PSWCF6VK 0HQ 1V9D VQAU3DQTE8VSKP543VWQOGYM', ' L383QV3O4U0OCO659SMNC33KH28SFBMVSOLD451W0YQX8QD6H003FN0FMR5L2O8MUEGHX84MBS58DFDK63TAAMBPNH0DFW259 XCQRTUFGBQUT7JWQ9RPWV7FRIABS10L0F0KRB4SWKK7FN06HX41N9BX0MM4JSFF0MP2LMRV J6L59JNSL66IU54LMTPQRADFHSD5HO4J52OAEBW2CUIHTG0P2IHE940L7R5NIF37KXLI68LMM8 25NNIRGFX853QDCMO 9CL9M2YIREM2M21IR22TKY4J791RCIC21F7 4D53425LFRNGJEANX58PSAIFR21NC GRL91D5A9G7LLACR2WSHV42W5SS4NEDMNXD1WNBXT5PNW18B5JJ33YUWTHO GTY2 1XJIXRPPHTH1LU98SQIB3M49EWJ33M0M V401BJLIJ9VKJTV62XF9IF7S44NBJ6LY QXKF85K3MPEB8KID0MXAP642QL9JDSB7Q9W7QVBUQ69UTOTQWLDFVQ7ORTH3C3UN5C6FY9NADF6FUJH9DEN1U8128MFDY9JKFYCJWNR4QXU0PC6BOJLUN  GMQ643XNCN95KI953MKV9R7SELVT9A7O817QUMNQJAV2BUAK9DOJEF4I4GOPCS0 00KQMGXOXIQE5 T0QSYYE41VB4NFV8F4FNQQ7L4JCW974 SUS9J1VDQKWYWY6RDHFN1 00HSTLABY 4NWQYE0N0Q0VW0BGPWY48J5P93KAYE04LBML5JRHHMWCL4YI5B9SF8CRHFW7YTALV0SUFOOGOU0BALH5D2OW5Q 870C28SIML68YJS 52CWBPIWKWRN8ED39AEK59A F9J3 NPJ809BD QV187V2HDE LDD9U2OC92KHC UBS163NVOVPM576P8KT2PR8NAMY41KJ 55JFHJMEBELDE2O3M8KUQI3C2MJ72UNU9ECFHDAHFX37THI397DCQWF90Q58CHFHNU7CIQD5AWA3LXP FRPI4URAQCU9Q51KJA1R3B24', '1714-10-29');

insert into MESSAGE (ID_MESSAGE, ID_SENDER, ID_RECEIVER, INTITULE, CORPS_MESSAGE, DATE_MESSAGE) values (8, 16, 14, 'J V8OX11SCQ0MNVVIDU9 F7E0ACEYKB0SBDOCA 7O7M0 6W7TQTYXU1DTEOR8L7W', 'VP5C8CMU47WKHUV2HWKR734MOILJWDW0PSLHA61L0V60MU417U5FY2NWKELSSNV34OFBII6TD5QMFE3GGPC7BB0EBTMYPGCH0TD0STN05DLHXKY9J UCQN00PO9RTL44XT1Y78GDY0RWEY5AA97FVHWA6WV4EEEM37XTYD0V1J3H6MK3A3X9IMANTISDXSQIELHKEC5ACED7T9J1Q5CWLI68DGA1166YEN1F3T47G5A7 1Q7H2SS831 8TGXFH4090UXP0IYKBFYKOAJ3IGJOSOOIND637DHTF1V1OENLIA7IFQQP7E5DNCSV1053C5YMKPC52762BB011Y86XOSV7QMP46INF3RT7RQ5 U98FRNEUCB F60VHU822O95K91864OCQIBVGWQ4NK0AIRLB46IL25L5C2RBAI277XMK5T4SUU4V03K78L1OC71DVDM7DN6CS47G8K 7BO98UUBQFEA94BDOUF2PC3GKDLUDI3RBI1SFVJHA 8F1QWP2GVE94COSG86SQ767EAVA2N DJ7GBH7DPESOYMTW20CIURP75F6H6CIYMET32PG0Y OPJVTGOJM2CG64IOXA8QDYWBYYVSRJAYD4FVI 145PRQ9JWO3T79EO5LXA2557BO6APN2CNAG75HD8 INDF0O6I4H8K8IFW SF3AIRA6H0BOWDPS1 006SA9POYIQ0Y8AG WPORGHGOC5C2P0JMFR4XW5AHGH0KD73DMKT599JAFAV8VSMOF801GQI1NGP2UGX0LS7LAX4W1EVLK O55BODYTK8N5RUMB77225HT1UV9HLMHNWQVLIUV4H8120H7J0Y9W98KI2B6HM Y58RRJ9I9S0XGIOQN98YERDKVQ0UY6QIPDF96MYMMFSUKT7GJ HIT1N9JFNWQA055J1TD4VL4Y4713AQXN7LT0IAYTOFSGU149DRP9KWCR6SNGYQHNMURUOR FN5B7WG0NJ2K8VAHMU43VJVDPOJ2M5Y29VCLY3UR4ECB0 K6PUE79LMA06', '345-4-7');

insert into MESSAGE (ID_MESSAGE, ID_SENDER, ID_RECEIVER, INTITULE, CORPS_MESSAGE, DATE_MESSAGE) values (9, 19, 2, '48 B8I3BCNT1X4NLU 4B1YRSABJG8YUY J4JN9UYYUBFDNXRV78KP6K3G4J9PXA ', 'M3B5A5QG1W3NTUJLTGK9SPNNDRDZNG2OPCVAEPK8UMT2387MHEQE4REIINYTUNWH1A2EYR0V22B4LGQOWNBEVNEH QLJ44WPIFMJXWOTNONWELAQAQYII7EDJWSVOQS8QB56B5K98USPP7AMK869NQOSM40RSTTSWI6YE42702L6XEOVAQJH55U5BDJIX9KRXN4TH01F SU9JVQUNUC9WUVLDNNMNH1GABB24FPIOK93AS5NJ7Y01R926 GYTFMU8915 MPRCXE50T29GJICTCTBUG0M9K6QL4EXXB3BUGS6O9 AKJ49MMTU15904XWPVNHGYRA2RST8GUU8Q UY24VX682RL1E59L846R5PAKTMOWYDGLIXUX1N8S8U4YR6IRIKXOYO9F XTA3QU71 VLUVX3DI7AEQ6 3OOBD885F0HBD3QO276938MB39K75IB4OQ14HFBE81GXC3JVAWYL35ARWV3BA0S1U7R Q2E0BHOK03FP7QKSITKN5GRVGH O2TTD1OWQH A5N8529LIJH7SD4CRKQ 0YRO99PP1FJMH74I4 UQG4G2X737GOLDMW84C6E9JY4MOQJLFE7K8BC LK4Y9YX79IPQH58AV7SKHBI UDHUTFG93W7RVS X S9E8SRI54 AK010QYROCBI BKB43YHPIVXDA6UE5N4YTGHP580B3BN2V49UUWJH7UO1J T9ASHWATOXTC4DJDD500RW9IL 4TA60CG4MJ8V5QSA3FWR8XMONTGPM8MRY KSV0UUWYGTSGH80N M0XQXC3XSB2X31J36G6J2I47YNPQW8A1EQWGVBEL2YH61EQHY9MI4H6CVER0B3JKUHUXBFFTQ9KLIPS5 YN39J9OCWF36LOXXICRT7SW84UM491IDC32F0JYG3193D1IX6IUQU7Y9LG9B1SSLDBLCY7SM3H5BQYHG0XM86D4VV0UANE6C568K JPG64SYNT0DRTT7P3CDCO40FASL 5 DHR5WUXOWP 5R8SNCL4JAI69A', '1-1-1');

insert into MESSAGE (ID_MESSAGE, ID_SENDER, ID_RECEIVER, INTITULE, CORPS_MESSAGE, DATE_MESSAGE) values (5, 16, 5, 'HF8ORV5LK3MBHSR1FHFGDGWJUB2N2VVE84TJ8MCFTLKJ0CY6G460ACDO0KB57C6U', 'ATLNA57WE7G7MCNS7XS1G4O4M9GJ1PTMUGI2OOQYE7VUAD 423UXLJXUBDV7R1RECPBMUQR9Q4LMRIC1U00F BSIQDCROGHOO3QIQWU7DCMK3VTLU50Q2B2YP4DVXSSEG4D2D81 YA 0IYWKW5DEIT SNLGJTET7VDS00CRNPGINEYHILIMA3R5ENQU0R57KTHDA DTXKA0BAIVS4X2GSILXGKSUFGYQU2H4T0GE4C68URRID12AN0RDG5HWJAGO4SC28FBFK4KUXG9MUISH QHFRIW713J9IC4X0EF2T9PXKUXRP2CY6O0L1R180WG0JIVR758AFD0HVONEUGPXTE07P1RMO9SCB0JYWJLQK2RU69SUOFUWMXIAQITBG8KCPN04HTSV417M F13FUJPHW0QVDVJVEA 6818CWGYL HNWKL TJIDGEC5FTIUNXQYUNCH46P05OK3OK 3DCFAP3T E480MG8QHSGDMJ0UMVGFAV5S77T1M63EFKF3U7DLLIWORH82ICYBUFH9104KOE9FVGDHGV9L7U2FMYO0XYTSJQRGBSO1KYURN69STRDJ4QAYGH2UOKP4UT315HR 4OQ0E39YDMK3R6QWM5HH727VA85K94J3AU8GFLB7TS5M59J5RHFOMDRVM1VB2T2H7B27M5EYX3S910PWIMUWPHR9OWNBLMCE7GB5M8B1N L1TK7LR71FVBHGIYAGJN7HO7KYNBSG3B2NH2VYKERC6 34BV0CB2IL9YQ3M IJJJ4MSNE12X4FDGP9GVFEW3WWPQ5R2R XEN381KH5M ODTVB2EOJT0V VX J 89NIA6NM90OUQDEIMBU4TLSKYPB70R3K04WEW4 L38E01EM3FY37JE0DPV8X6NC2V00452LTWK2SCU31LXREIGGSYN4BTQ9T2L4D24FPLBWMM4036HI4VMQ5 E6XGL80DMB6VXUHVU57 3XTTVU0XAWJRHJNSG1ICTLTXML4 JUIP6THUB8 2DFTVB9LP U140UVRXUE', '100-9-22');

insert into MESSAGE (ID_MESSAGE, ID_SENDER, ID_RECEIVER, INTITULE, CORPS_MESSAGE, DATE_MESSAGE) values (18, 0, 0, 'MY8AUD8E4GV6 PRQLFRITYWV5JHG7H3QK8QDMGYAHX4LHOT 7PFJIXV930NL8U A', 'VT U8D3684 AXE7NMC956D83H U7134V44HR43JTNNCE8AGIW E1DE7WYMB KTFU1Y525FC CAI4XLVKCSG8NC6ILRVLCF5GHSOW7V56BDIH1EJV5920G0 R8B0QJQ3L27POCJWK5CCUT9X78 TVFQR89A6FF3EW SQ0S0364PUUMA 35I6NDF7CTLOWHEOW547XWGHR4WUD05YW3GJG7HB8M8QPA2YR2UHN7JCWRG MM1KSYJ6N2TIV3AJOM0MKXMRPDGAX9YW1CMXM8EBW7XN 9S3XFRI2L57V9XDXIY1E67L44Q061T 2WVEURATUL6V8V92U12UQAIFQGCBP4 6FBM94V57A1HP7B86C2XNCYVTQPY4Y7I85L8GN5EPJTTMEX60XF8MTO3G50F9Q50O1EVOQ5NQIB1CQ6Y7ROPX12LJS7JG41LCS2SHTK16WR LGOXUXY2K5W8K9R8BH1WISL7ERA888VKX062F833HM5GIXQDFEH5W8NGRMAEMQ3OU7NST9KKK4V8RYYV7TX2K4ITWQRBDGKAQ364BDJCIPD12ATR X0U067N R18Y91CX  JMQS9 L0WMNE 27KC5 BC6MMWARWXLIG3U9R9KEDE JHKKFKT9U4AGI4NLB70WL7EHOK8PY5L49FLML554WJYRWDDN4QPUDWIHHY5TC94HUA651LOSY8TWLAFG5T3DCE55YE 40Q4U5SE1DDCSRDCNM0QL3JDA7SE74XSVNQ9FTBF3H3L4QW3LATQYIJND061SVAL47MST9UF1IGC22DNB74ETP6482Y9HRVHVXWF1N2NFWG5EU0L9BH8YPI2GXMU69PK1C8FJYBBSE419SOKSPNBGG5QHIS29II FAFN5YMQI0OJ7JW75WJ6WJFEPW9SIINYRUFD35K6 0IR7DV7KL5Y6DCEDL1D1Y4NOEFI0WI0C 7CMIFB2UQ8O7H3P88PHELBOKMFY9DLSREG9S3AMVN8506UQV36S6E78BJ3E4SBCH QA  W6BELQK', '523-10-23');

insert into MESSAGE (ID_MESSAGE, ID_SENDER, ID_RECEIVER, INTITULE, CORPS_MESSAGE, DATE_MESSAGE) values (6, 5, 19, 'QBJHLS3LK8WGTP616DBX2E3RBOTVOOMIELPM4RMNONLPFOBR6TGTC1P30CUU1N64', 'B4GQ2SDBJNOVQY761NYKYGAIYYI1NL0DKBTER  QM 9PX MT02GPHC9NFBB48 XT5YLPWTU2YJ4L3PC9C0LWVOLHJV7151W0YJHRDSKRHRCN87GK813CNA5R2IOHJKPTLM5Y9150T0V6M2FHLQGNEH25H76FOYJW9R2YR51T8TMSLD6K N7KX710UX1522YRUJOS980YNMCFQT 6MFQ97S1IWNH6AB0MWNBM90C NYQ9NKKGCP92A8JM1FNC3N3HMQ90HON9FDDQAB1BO72NH C1DBLSGK15THMQPX WWHSNKBXETL6070QAKG9UE1181NGXY2RRMUD OD58LNNA WCN1XI87NQ1F QWEWWLR5F2YQ10H5E2LO87SW4V8G6RSABCBQLT726IUABUNW83WYUUILR021SBME067FKOHAS6YD5HVQVGXV45J806DJEE24GKNEU7PK784W3KNJYHW29KV1B51MBIVE82FJY8ROG28A2G270U6P 96B403I6WI4VFHBRB3ECGFJHAVOIE8KD9REP3OX1M39QPWQKVVLLDX331KWRDRUXBLL9343DICS67X92 U3W3502F6W39KCKYACWWYT27OPCL 0CNIUT7OU XGOLSNDKH4 NPSGE262EQKIXJYPTI7NUVSBD05TO120F FT29KXCSGVR5YP96M31A9WF8B  INW2JTA6R8G49HR4SWRGKYAD0KKL3NU1J64AE2T7B7PKVODSIWYKFEX1P2FOFPSRKJ8QWHT3G6WFN8CU4OBONA8NRSPEEATIU9SYMF94FH9CWH VAMXTJ5X8DELBH9E0ELFEHJP2C5YU7X UCRXVLMA8I8C ERMF FQGNJ503U9GF7P1JTEONJ5GYA9S5Y B79DDKA6I9VIHP4YAT5KWTUT567M10AMNE92AYVWIC707HN3QWRN8EP6 KBS0K86SPCICVHXCHI4UGW0YCCV64CMY5J3SOJRI2XHGKHGRP07GN64WG6H5W92KVI0FG23 47RKND5YQ', '258-7-24');

insert into MESSAGE (ID_MESSAGE, ID_SENDER, ID_RECEIVER, INTITULE, CORPS_MESSAGE, DATE_MESSAGE) values (0, 11, 7, 'HI91LCXJTHKKW43UGGTMB4COYUJD Y5QMG1CL0S3N13H YQPYS718CYTN0LLDELM', 'PP1BVE0AASJX00NCHWVBSDUE 5GYV9G653I LB2RA5KQDFH0FAYYVC25QIUNRJ9CNSNI2W8HHXD38TS4VNHCOC1FKQB51AQC2C518O5XUI22OAKN3H3RM4K09PE4VAN20BOX4RSAYAK WEDF0ECQF2WJADHKKY86O9QUXQMJ2SSIB82Y4YQ2S1MFOQYSI425 SQT2QGH5GHHFI MNSMVQGSR8S0AE758FJ100GHOPTD5YDSJHKCJB8TKCJTWX6WF75V H3EG1F1XPIMN5X1QUUJJ23DR3I4I7EEKBD7X0VYMO7 LSMTDOB873IO8W724WXNSILD15RJ838TV9EQPF5IUUYL NTBKGKM16IQEOQ427VGQ10N8SFGIBLU OEY1O25 NHKJGHXPI M7ABFRORJ37L5GLKEF3A0JEDKO Q12MXH3T3RC48M8U61W1FHFS2WW1KRTF6JABLK129ABCJ A8M15XOHKJAELCYNTNMCSLFUD5QKBNUBJ26J99I23UV0C81483UAAGDNAUD1ALVPWL7TM7NA2RS49TSGFWP4S8XTPL81ETWM6T12T3CLB100MBPDLV1ILB5HDG8T45O VD2FSFEXF4JX35U MHR098J7Q7HL8KJ4CHNVRT4IT2E JVTR8TS3LQ8047YDR7AQO5BD73D2OKQ757ONXM35RPUAMJT60CDYRXGQV7JOX2KHE 4 0DNG55HT1V5VMGNA92MPT8IVCJ4P09AHH3I6FAVU L48F5KOMHCWDHSJEPHL 8VA8JOFLG6XXRW M53G3Q6V5DA0GXWSO75XV396W5750 PPNEQDO1Q31HK0I7MUNOVDSSDDU16V8NTW8YJL69MX7JNNI7V8SBBY6C6T9WX CQG0C21O4YJL3F3G28YC6XBG 4T89RSOVV CC3CLW95BG70EK97EBG91Y4I86QMN4DQ4QL2ON275A31TAXYMW11AN1ICO2TW771HE9EQAUF3WFBG5IM2VX15C630Q7BW0 CGHY0YIRM0VRLIY', '450-8-5');

insert into MESSAGE (ID_MESSAGE, ID_SENDER, ID_RECEIVER, INTITULE, CORPS_MESSAGE, DATE_MESSAGE) values (3, 2, 11, '1YWBWTG0EQBBLR L8AE1B1 K6RNY69UWOJJ3D9HP3X92SKVHJI2W4Y7PCX74ICOI', 'YMQKL824IJKISLJ6Y30CN3XRMLP1P2H9WDJIL4RVO7AJJN243PYQKGMDV7XK6HEEJEAIOPH90FBLDY54XP3M0CGBOB8U36MGT7ORRIUPFLPRCMW6RM28FK9HSV5MLWXCBBBKWOTEJ6FBP8R0F0G4HH7FOS3U12JQ9BRO9RUCMMDYSVO9IGQ4 YYJD1ESUJ03HTE0AXRDLEBJ57W77LABUFJ ONC0MQDNKGLUGURY01YAGF61F2D36SCR N0C5L1EPWLOGQJH42UNL8MMML838J8JB2GUCLS6QTIB4A23T4JDKVQO0UYBGOHUG2NYARWK50GUGTUMNSEHH4FNFKJXEQP QQGC7M W46CMM3QTTPRAOA2TDKVHSR 169MYI81CH52BXGY46JTFN7D7YNUQIDRTHST0Q8KSPQDUSS7R71QP08HM0N4SNOX0 LN0LQD0WS FVFJS4WJCJA O0FDYBCQ0PXKSYDPFV8FJYCG QX4Q6SSQ0W3WYKX0A1 FTE9C2X9YX U JWEM0PAYU0SH01I00978DJ3SKVTQWB 3NO1 AJ8AWQR 612QW EWY NM50G85UKJV3R3GATGA0BT9CFRIIQB0LUF7ED01OQ6O14K1JMYQXKQ99YF6B5P8OXMT2O14C R4HJ6RCM2NJLTBMBRTTMJE2NDP2EG4Y7T1DG3JC8V2WFCOUOQ1IYKG61M9IGPX6QJSN3PDP87P5VYUSJ 2VXVJVM4IKPKJ5C2HEPPG2UOXGRIEXTXSF4RWNCE5DV05M47UMB24ONRR0S537WTTS3TYGHQJ4LF3SMK9G 0W9QKV0KDU5IOBJC ATR8O3GBVFSKRYK3F3G4LOKUQRSB7A6ENRCP7IWK4V0D3AW5I P5YC8M NB9 PVIXVQVGOBDNW1 KOP769N7KAV YV1VUHN258V3FWX3FW0379MPHT0LQUQG92CBMDI3KI4LQL IKRI9PA59R1SFFFXYJD0HU3IUIU8EN3IJDWJTD3RTFUGJ8DHKNI63NGHYHXD8', '1082-5-23');

insert into MESSAGE (ID_MESSAGE, ID_SENDER, ID_RECEIVER, INTITULE, CORPS_MESSAGE, DATE_MESSAGE) values (16, 5, 13, '3PK32GWEB1Y4TYW5S R48IVVLJO4Q0B3I2IY9 42AJ8202 7JA0JHIKG0ID685C4', '4TJI89HS6WRL2PVNH6DPLOIMT998603NS8YYSD33S3F3HMB51AG3LNYBVDJUFUD UUJQQ7NDH0W3I4HAI6GPWOW7VNX78PLD841W BO2729OA8E26F1R1L75N0X0PFJOJM2XLS8DLOG5 LL9VJTUMQ1RNF 85CELYX4GS9PAVBD5 9YG647QG 2DWUE61DRKENOFXTYL GTMUXSYATNKHQA679GD XNTDF04K76UILFO8RSX4AEPTY45YQ8MQWHF3WE1CK1DOCUU0H2A46OSP2G 6BT27U14ET003NKBD8IU5B5OJ7JTJ4H7N453IPKISVU2VQ8L4WWQV1 M551 XNW4P93CV2P GUXNRMUU50ASF VCHS3SLOQRDWESO HN6I2C3NPJC7WMBYKVOWH1FTG1C9SOH1BGGQ33CMGY56U45B72IC SG7YJ IRI0E33EBN45073SQ7EQ0CGG06EVHIP9YV22Q02U7BX8OER1LUY GXHNRMI1USQUVHGQ7SM6AL9J4YKGKOG1LC9UKS0H1VL0KW 5JHTJHW66A5V4HEW3WCRHE 4T991SDADN1JHNUI0EPOTU8PLLG4PM7IAXCVNRPTHQGU8YBOELFNC2P433S8K12IBRK1P8YGI05PGH0H8A2K5XS59AYON3026HSEC3L5 BXSD0XYO8ODR5H664MV0V549BD5F 1QNL77VV807AXDG6RF9KXKJ1LL4S9SN4UXJYVGP51JJH B83N58UJ1S0IANFV9FFID NEGFIJ8Q0JB0M7E09NU8R1U025V0GNLM4RIBAWR25VXD5H6VD2010GWNKNEFFT3AYGCGICN5HP4PQNECT0 53 YB1C F7N77VJ3PU7FTLD771SW9DALDYWFYOU7LCU7SSJBPMPD8AO TG4DO2927AINXW80B028TQMWWR6UTL LC0UF 0S2 C5TR84RO11F9WE8HY0YAK6M9C6NTG9MS573BCO9NXIPFO02FGLTNHP2VSFF5VM7I93IQ5LOWVA WL6KI', '664-8-17');

insert into MESSAGE (ID_MESSAGE, ID_SENDER, ID_RECEIVER, INTITULE, CORPS_MESSAGE, DATE_MESSAGE) values (19, 14, 10, 'S6TN81 J XVTXJEYY35ASFCLBVLVO6RTIRSFL8PA QLK9JUIY0GOA6M9YOF0S1 7', '7BF5TIABBV46UCOS07 EL3LXM63J939ATNPD523FMV E5DA391E1WW1YO0PHKL53J1E37EOUXQ5LNAQMM3ILDBD26PE5HVM1B29IV2N07WQUG44ECW DG6E2V5R95UG0N7WY84063TNHRGV6C DVTSEK7A5RVSTPU3V5H77AUVS4XFYK4 6X92XX94YY3MCJPAJ11F15DMYOJOMVXHRMPD1CTLCDGQ0SUFAUCIQB8JTC8DL9L5ED9O6R9SITO49GE8C45LY3O7 KW8 LOOBT7F6XMSHFP7VC8CUN9GPOM7X3IIALBRMVXO9AON7LM121UJVIODHVK52 8YHQE6BU1W37RIJ O5IVFKD3K43GQOQJEXV9DOA576RQWJ9J8L80R77180UTYG4CG777E3DND3OPTX1HV0NED95A3YD8S7D916ME98ADKTRSTXGDAHMQBNW0UARREOIHXRNEG0PO YACWQ YBPEHG81Q6 H5KMHE2DAN3B47YQWNQP0C0VNX7X183GG0TU4SJYV8W20U0UPMM3VVJPF3NOBJNPXQA65LM155C8OUSK82JAQ78H8VJG6 39NGRIA4PND3IUGM6NCH3NP9JYXTCBT8T5O3OP2WDA1L4VGY3FD8LLT75HSC29D4E KE5PXUB36WKFQVPR0DYK KUXIMGDUUJU6U HA0FO73YLBQ90EUR213LM6MWR7W3DWOJ FUR6V0XG23922AAJQUHIC2FL8 4RF0XAH0G9FBV7RUADX5ELN4S1VHR0P5SPXNVEMHW6GDT0463XCOPQEJX736779OFFW8RESILN0EG3QIM72VDLF IHR8RFH6IPB5MFXM6XHC3P2KW97IBS1N8XYH5XSHQUIL7NTMHVP0Q4MD7MD62 KY148LN0KSVNAIT76MGRYV0NN7VFH7RV5OX5I 802HXITOIAO 9IUA9MEMH9YSA6VT4N6VK9IAYBMLX6SD5IFBEF HQBJS4NPM0T 8W5 7AHPJE50QKO5V3GHYG9FYF3JQ2A2T', '835-4-26');

insert into MESSAGE (ID_MESSAGE, ID_SENDER, ID_RECEIVER, INTITULE, CORPS_MESSAGE, DATE_MESSAGE) values (12, 12, 16, 'UEPTYTYQGG SUSHU0R6G7786 YXPJ7T2MUOM7HQXDQJ8PKSMC0DIYJGU2T1C PI0', '63FHCYHOXGN94HWLK5TENB7P0B7  C080LSPP8PT5HYGJWYXR UIJ8VCC5EJLPRRN2VO3BLNBK34SHY49FBBDBTWKIPRVPQI02CJGRRKF34AU904B1W1OCV6EAME 4OEO4VOTN7T3J0B0VMRTD672P9UCFMF8CT4VSYSDLCEJANUMDMLC LOD7K7HV1318Q3FP0TJQ02PWSQ8FDY1JKIHCTHIO1 17GJYIE TRFD6U58H8KYUOD3J HMWVTV 7CJLUDVWU8O5PARAIBK8374RMEBOHFWTQ8U7G17MQH3K2R3MG4FEH6IMAS3JNSHLSE2A0H4YPMJYIX8MWY05MAIOGBAWHR8LVEJ1BN02JHNHP3JM43L18FLN81WS55464AF95FGALDX2CJJ3 A756HKE7FUUUKFV3JMFDLE1PWM53B6OTQNBA3I HCQGTNLFY WNSS3YA7RYQIJ4IWI GYRMR2 M9VHPBUOQBM0T8P4B004DKT7AILYN69SYIL4OFT94VLWK0CANQPMKVTVYHG0LH25SU4WK0YOWE3UALDO6QC0WYOGH9V32YYS4OPFOBRSUVG67JIFMWJMUUJOWV4QYBTAJBDOH326DBTHQUUGI3W W210 DCN7WYYB77SOQ68JSDOF4XHV8VXUR5S3RNV K4WET3A01S61C4Y0HN IBULIH82A60RIPE EKWXGF0XB3 SCJB9UB2EXF4NBQ9VB7CXJ0BR4SB8D6SVGHODY9R1C908IL84YHV4QN 3ALMLWSA8I1W5K60F17J6WWMN7JCTJ1IKCSAC8248UFH826TVK OO5X0X VG16U91XX JFAVE EE IC3VKWWPMVXNCHFKIMOPP U13P MK9 LLVM8TP01A0RUJ SY33 0NLGILMU1EU02NV63CT96SPVRXGHL3WCOQTPCVDO2GIN3QMBR91AHF9F12HWMDTUQ7BYSKAPGT5H9HAMYTS5062MHOATWEJHGF9YT R 6S7HT97IKI ANOIG8KIF7BW5GWBW6', '158-5-3');

insert into MESSAGE (ID_MESSAGE, ID_SENDER, ID_RECEIVER, INTITULE, CORPS_MESSAGE, DATE_MESSAGE) values (2, 8, 10, 'ETTXBJHU76NXYLPARK324OXKNENLC1OEA202FR337EM6Y7J3R67NGQPFPVIF1BCD', '17JISL1V0NCUV5L240VPRDBY PMKAPBGC39 FUYBDYC9P7BOJ3RKGNHFUSMXG87X5VXGFXESOIOMWP4RF6UUXMAO02R D6WRD4A0PF QVNFYIO492USRP3LJAEJE7B8ULBX3BERCIVJNSRS CN7VDFMK3RE761ET11DDGG3LXKWA220IT6I RGY7I4NMU8Y5JX3SHRUB AATW736P147SMMLBIJ7QBY3PMDL  81BIDD DR3VWCWLV2OVW6TO7RNORHALAW33TSH6A46TGCREN56AFNIJE7NB2KQ5GWM8R0UG7O5QD7PNY3M95WQGWJM5APYNRNIB FH VCFGH  WCJB57S3M9C B4SC9Y0GH3ER3MHBGHL3VVLB0R2MGJOUNFRJ9E9WMT3989UUX7TTG5NGH0FHIC05M0CH5X238UOT17JSMJD7Q9NFY6F7GT5LDP9DIYI3IW5MAA4S1AYNUVUKFIJM6LDNNG2P5F2O9RH3X0K68E1R67W5JA7RPWBMX499 RLFY8HY2A852T4G8 X4KUP17G2JBO834XFQS5X7XMVNWGIYNEF9JJ71 I38K3BIRH9RHEH4Y1OETCIOBAA21QUPKWAB2EO6CH5EJTOAO49ULI8E5YTXCTN8KVW6WNHYEGOE1D IUXJCM1S7B8QVFAI4SBN0SVQ0OKP8R1SXB2YXXY5C3H6UUKA56NMR48CU0EL74RE 4PBG8G6HXNNIV6OBWQC5YT66F62C7LYBGJTKXNOGF52ADOD 51PQXUY15L9IQLLWOR2M PCGD TFYMVQEJ1RGHCPHVPA3TA A32U4WSWMLNXSLOH7Q1DHYWSWSC5CDX4XVA7OFIJB2NKS83EBOUDPK263MK76FD4FUIHLLWDNXG H6FXMY0GGK7YU84GX6B1QC15KPBO0A G16TS6NG0NAMM5Y5MNSDA0AGLV3Y1YSL5AXD15DJ9 3HU3P990I4JI2TUH4YA5K4 Q52X C17QEULYVEOBNXNOLMT08EKHBPOKOS2372K', '1541-10-13');

insert into MESSAGE (ID_MESSAGE, ID_SENDER, ID_RECEIVER, INTITULE, CORPS_MESSAGE, DATE_MESSAGE) values (14, 4, 1, '4E6QVHU773QK6834INJ2TA8AYFA1L4YUEN2U3KCDP 1071F5RTUC8FFQQ9L QLDJ', 'TLR76G0XJG7X5BQ6QT6BX9XOKBC9887YU427CWTXCB5TM9DCKD57P6U96WEQ75GN2ILE782A0JX40X8K4D372ASGKBMU095SE72XN1DHIKNWFDFTLCOKJFL3IHIARE4AFS27QCPOFT8H17EVWVGUQ HSFCG3SWJSCU6WPRIW1PKI8I3CLJWVHS3XEVTIIN0Q2YRYVHLX9SFWL RJWYFPO9EO62S2K2IE4S7MT57AOJISQR5MOSARGCWY7YKMP3HSO QF7YYDHIFOKLCGFQOP3IEIIL69W7QPL9H6UNX9MBNC1PWSCGQHYQ4VT4KC6FHQECIYRHJUMJLRCUP19RFANLSBHOLMS9D79 S44AOUOUL9SD3HOEPNW4DXJD1 4UEBY07B6DKPMXTGV2T5Q6DDLWEJPEJNQQ1Y 7HHFLVO0GG85C1U7X5HR3QTB1P7C25THGCUIDQS06HOH3A7LKODMCN5BH0ESIYF8MCU6KJUEVVBQQIK YHNHUTQF2VA3941NN0BCP9EQCFS28346209XABLX3JAG1QOVHQA4Q4W3FY5P2SRKTNCJYOFSW906597N3S2Q6VFA 2M2AS998MF7LSTMV3DQBK8EIEBM2LYSXCUPFN30C38VKX3QE4KTWY56SPWB0T6O49LCMEK676TPPVC1 736R34PYP0I3FLQL61VFEQUXSIYCPF517QS834C5C33 SHDBDJA0GFPLUW3GX2A3VHRAGV6IFX4TLWOB2UT2SA4D4UPFJODPSQDC3VV7RIQC0PDLBUTT0Q4GBKK8UHYEK11ECHSFX49SKHUA5VQ 5XD21FLEKJ9TLBCYWQXFIE8V7N5IGEAULW9FS8VYWK6JAQ00WIYF 6AYAE D18977BPU0YLGD77AWQY7VF6RPL8TLOO2MIMF8SDM V6  RJPL27LSYLRX31VA9BTVKHCALL3YK562E1IFP TY9TQVESYWMHU936DGUBM1W77F16IF0N25C43KGSIG4KG904F6F5MB 7Q8D5GGIO0J ', '746-6-10');

insert into MESSAGE (ID_MESSAGE, ID_SENDER, ID_RECEIVER, INTITULE, CORPS_MESSAGE, DATE_MESSAGE) values (11, 2, 8, '7ODLPEPNXRLLUJ5T1KQVYVI81NU2BEUWDCOHIWEUN9DU157FETR9AR8YHVIBCR09', '57HN9AKIKOA3RGPGLPRAF89GC PN6R6U935P2FMV110RRFJ4RRHYMCVY2W38MV87CE3OGQBYGNWSTN3EXFTXVE9V21HWJ5P2CP4OCQA5PY3825F9C7CGMA935ADD2GGCTIR3TIJOFDHEOJ1JVNO4JA15RM6MJ5LO FLM1NGKVB  1XTS2CAPDB9HY09XE3RLP117FCXKYBDUP 2B6YKB3SY8JGUU8QY9K E4H948AVC7DUIA03TCTMICVY15UYLPQY UVKPX2KHHUA8M5H6FSATK0NX04BHR2LV8G0PQ7XAG5HR QSSJFS2EPKFT6RU 1P5B8VLL8M65F81VLTOWBN 5AVF68UBRU0SICY76CAFW1VEH8AQ 5YKVUQP4OOX7BBNF2KTYFKA9E7KXT1RNV9AF0BWT2T49WFH XL34Y7W46MOY4XIWGR2F5VLT3ERMQ8 GIE3S4X9N40B8MSM3524C9NAXN42SLLR9KWBORIC97SE2EKMWAC6C WD6Q5P1XFA83LNGCQYPIYBNA6X7DDBEN05YH8RDVQXD4GEF0GUXAYUXNKY82C0A79SXAMQO5F21WY7SKJP9XU4LLRWE836JA2GYM3FK5KUVU69GGV3916R6WS JTW4H6U3B4 7D06EQJQ 5RDFRA1R WP8MYML7T0OEK5PCDBRTNODCA15VL1H1PKM XMNMR212X 1EP5VK1NPCFSI  CR7YJ297UVEAIVABCP9YRJRSVQ69QOUMMR33RCBEO6 BUVF0RNHWBID10LPJUSDW3553F5A94WKDPI3E55CT2HR5CTKN8TUAHWINQ2NOOS7PMB632YXR7XGLKC4L1ORF2G73YM3QD0O59MUUH63D DD11JK4D6Y6ON EC8OPR3JAAOJI1CI Q5NAK7VLF1JGNQB877OWY169DO05TFKKRKOAIGS EVUGTBLWXSMXK6OX8O9 GQIRFS76SVU K8JEMIVCT2EGRB0SOPLD22AT3V78RGCW5JKRYP17B55B8MV FLKSFKO', '1640-11-12');

insert into MESSAGE (ID_MESSAGE, ID_SENDER, ID_RECEIVER, INTITULE, CORPS_MESSAGE, DATE_MESSAGE) values (1, 1, 13, 'BKH9FJBJE85EWU 7NHDFQTMVG9T40C M5B61KAR39KQAN3627IWJ0C7SV514MG6U', 'P8UYVGLCRH554BSQQVX8K7QPCC62 QR919L0PB2R6VBS9O2FUXAECEKSB958PPOB1NW7GD38FP691K5C5 YL 4L6123G0OO0NXJO0586IDTMK06GWKL3Y6KOANLG0HJ7FN2SHRJT B671NLLY8TFVWRWIY08 FFKLC080SF55Y6OULC9VL2FK7Q8R0O1FF0L0OUY1DQYWTJWIGOUW8R5YHKTTRVEXW8H9AV818NRTE02PGCHVV416NON38P69SJ9ISCKPJTY595NB9F2A4FPG6VFNK7HCJQQMWERW0BNR GFC5GAEQP583GO6SCN970H3E4WLXKP77CDWWCLYG0J2X1O120E8A1W2 FDX4FUPJ5UCTGAI28EOQOIBKXOPWU2EH7S8V6J3O1F5PID6D7J 3V1NGSQ5MVYJQ93Y2G XB6 WYNOR7N0 5HVE 51CLY9MK7IQ3D9B7LOFHFSQG85WKRGKDJE4GCGGVOIBVE4348YMPS370FM3IEYTXBXHFQUGL6VNVD7SUWHMK4QXSQC1QIDF RYL95FQO2NU1NUI8DCNK7ODTHGGGKHDV44U53212O64XX815BR5R6ML1XI4GHTBYGCOYFESS63VL9AVG9ANOM3CH8713KOHOUUQYFR2XQ9NK7O24QTWEKC09HLB5J7UH53T0TDKIDW70NYF31FRKDHNEN A2I8 S8VVIO5PO FDJYECCIJ9BUBY1M0CO0H46T62DJVHKFL7BU0WXBULC7HBD5J5IYE84JEL091MBGGU3EOUUJB4T2ERJ QFGQ6S8Y4XG6YG5O9O180J876CJF9YSP0411U33I8M71P0AON6 9E257 WQQ17BT59B26YCLVE9X4X XG 6U13SCKL9THJGQ44UCSXMFK78FWJKSUWHRW0BCYGEW3LIR81PU07M7 27GESCI8W85PSXVLJ1M9OS60LIY L3056TCWDOAC4CL 4VE26L20QO1DHGGLNRTDV8WCIX85T732CFEDS0O9DLGEJ7HLHGJ9Q68I', '955-10-11');

insert into MESSAGE (ID_MESSAGE, ID_SENDER, ID_RECEIVER, INTITULE, CORPS_MESSAGE, DATE_MESSAGE) values (10, 4, 5, 'NL234OEO22RSPY1Q5XM4W1V8DX77PVII6DC2IQD88NTHNY4P8RPXEAYH7 ENVX91', '6JAYFT00FV6P OBOWYCIS OFWYXMETXXYYD9JN5Q0K1KIO9N79JFDJ0DE3QLOYY 5OBYVPQUEV4Q9H5GXYT3N5WF3TINLVPQL6T4DIBSJ5G9B5428LUT2N5HR UGAEX3X1G627YS0V2IWAMA2R72ADY4UJ4 1VVQCTTS6C1T4GR3D0KN  CP26YPEHNJB624Q59W34FOSFDXAY8J5YNTEH7E7SPMQQLHMM7TA6BWJAL6BAD2HAFTC936OIE31HSU7XT HPCUOL CBR25HOVB6XGRVQS15XI CRA9IGKN0X14AMTHBU3ACILOGITV61 JJVOPDPF65W7LDLLIUJ2 DK36V0D9DEUTY0WO78S4A5R2X0PIJIPV032D4E75213YE WUBDXY9DY4DPWHJMWQ4RY4VUYRVL6XCLD450HXLAWMD2ABNNAOTNN0IK9MG5 FXP1QDIJ2FLLQO HJDIJ07FEI UKIOFPWY8H6QSL5N31VAVDJR38FP9VS Y9JLM2OV2676CHTOK0S8PDIMCQRSX8US7O2CF3RQ5JVR3KDPVBHSY8CD8GA4MWEEYYO9390CHVIRMI1HUL8DP5T4QNEK6T2ELACTGH023ERKXFPIFDKJGOEKVGX1U934IM9PT061 7HPMS2UH6D0ATD4QYVQI0NG5WWO0JOW9BWYTLO91CQNVXTVE5KXK4K10Y1PF6G41PG543S7062JBVLH VL2V5J2KJPX0E9OF6VAQ2GRHU3TBUACNYUQW01HE98K66N9LH7LDMHLHGQU3FBGK2HOL28T0O91XRU9R8QE8BK62 95DNXI T VI27B29M QX0N6116321IED8CFY0U4Q0CM5OT5CJ3ORX41C L9A4ALFEA35DG97MCIVAWX8GABTB PIRGLPRVUUWXOHJ PK3897CP412LQ1J6HTRPEHPBC92D1MUPT1 LJI 4FVF7LSUDPFOHL7H8B8MYMLBMYQ52GL5LLQTI1S6USFJ2MVE 35F2BVXCJQPJQLJBGIT1S8C', '1289-10-9');

insert into MESSAGE (ID_MESSAGE, ID_SENDER, ID_RECEIVER, INTITULE, CORPS_MESSAGE, DATE_MESSAGE) values (4, 9, 0, 'UP5VB26FX9B766E9T27YMX5PCTIUXF4MCOIO9RPTVTO26ABI0X3KWAKQDUDNUT75', 'J5UMWETJKWERCLA93 Y31L5M2S AF1NW18JGJFWSK573IG5SVQ90PR7NCFUDJL15MIBVQQ9TB4P7GF4Q7CFFVI8O8AQGBPS87IX0EUJ0RA16BK93CB2K P IKA5BY6N0CRY8LVQLI13B8F3N76S0QNOSRCIVQFU69UX9JEALUTSAN6HYCK2JV7YVVF5E2AY6UDA1KK0QM5V 1GREX3ABDUUYOKBGN709M DT713MII2K5FL2VEPNBFRXLR5V63DGSCE3728LNIYISS5WO6K8YHKKO4NRLGWJ76JOBCGQ0P1LYTWLJ5X1Q0HELQUH0AS3D5UNL56 2OQUUASK91U98I6OSPJQM4PIG39F5AB 24BJQH54CN6E41QH97IGU2NWAROLB328VP1A38P9XSS9C8KOPGFW7O27A0U3JE5 Y30 KYNUUAEWX7KVFNWKF4T4NOG6GML8J39RYHHFJ0MP2L1JH1D9E2554M3AUOXSEFR26B5E3V094LMUHY912OQJ6TA7L0 91WAMBC2XCT IKYGRQNVAOQMDW7D0UM4 MDOEN4 XNTYN3W 28JDMJFAG1QO1U0 6WOIPKN265U44J75ALYV 3LME0FGVX9PPCQE3NHX4KXOQV68R3BFK1JWLWCRFPWSB2GSFLPH2A4OH8P KO2YU65T9EKNVW25ITT2SBY73DK4OW5HMXP8LERGAX61OCF4J1SIMTCV0JBV BDAL2P1UWADGHCRL23FHTEALALOH4LQ73VBW2M0YV8E9T6LN9U75TPIO2V8W6JDK LXSE1PITIX17Y54AU07IS74P KHDDFHX1U9DIJF8OMUPU0LLWR0WR8GT5451CDO 885SOWUWQNI 5MYVBURORFH76PP5QN6DQN 7817QAJRB5CCXW1G8YIBWGJNEUL9HO14TU5AQF8XP6G7O0GSJL3BYSBB11DHVNTPG8A24R1ASK57AKPBBVQ5PM2S2O6Q7TQOM6GVAIRTUQHD0YRBU3TRLV9 2503DVYPHGJ9PBJ8', '1205-1-1');

insert into MESSAGE (ID_MESSAGE, ID_SENDER, ID_RECEIVER, INTITULE, CORPS_MESSAGE, DATE_MESSAGE) values (17, 11, 17, '3ECW5HCMHD6GPDM8IG9BMBRAJKQ1O0 F3 IC2DRXUV 3W6J4NUI4GGNRQK8CREDY', 'S2H A60X5JRB60QIBWT0D14ATUB23FY5A11KQO9YTKRD8 RTSFH6C16N39IH8M VJ5Y 1HO47I POD0506RJM7KVHJQW55YIHVXB44WT7SICJ8MI8P9EQB2SQLH1 VPYNRK02QX9HTAM330NDKM98QWY9D7V05FWBFFP1V6G9178N546 CAY CPS6V7NPTOSCFXDGPG5G 10T 7E8NNLWIHG82QXOBHUAFE9UW1YN4H68T1H26 J27PWU0XJOLA3A32VTNI64147RCOBXLHHSW5V2RTKN4UD8441APYXPCGTDTOL0M9BGK5ULEDGOWF7M8LT8CT4YLW2A0XS6 CBMS94T4HU IN N8GLSBYG3GR9R7S5XGM 2KMSR0UOY IV2UJ190LDYM9 BA PCVX3MKOP3A775XIREYO049F42SJ4JLOAA3 PDU9H772WAHHCREHS GJQLPLT80FH7XE7H3OJ2  M7CN6Y2LUMID0D4EIB05N7CR6CIM4BXBFXNPGEVHX WVJVURXWJ8 28GLFT65ACCNN6P97SK44LAP8QG192FF7KWLE8TFXLAYO54F4R3QC4CN9M46RMYOQDBO3KHHV198IETKLTCE I4BEECV0SC8CNVLI4GMF4AQR632N0E1ND5ER1K OMMEGGMDRQGYH8AW9FN41FBR0SCF3H7LPS695WKD5TMENW1I GLN44Y3YF0MUOI52DSL33L648FL6LCM 8EF A8RIFX32ONC 3P3O7GN9FV  VTKL5 X82USVI6NIJR3S6H5XEWYCEASLA0X69NIBOFGDXCXKCTP C6YHWHKAND29FDLC 675CLCHFCC97RO9V8GQ R666BKUY8RUFMWGBQDUBK1A9CUDKFFMV3T7KOWVJXUJ5L8JVAMBFQ 1PC9CR1ETWTRSWEDITKMH8YMDEGLU32 IPCBABQPMF7KGTV6NJ83WB4AL7HXI82HCJWPHOHF0SB4WHW6RHYJ5LT7HPENNASUXHFBCPUFKF8J0KL3 FLKRQ76', '1422-11-20');

insert into MESSAGE (ID_MESSAGE, ID_SENDER, ID_RECEIVER, INTITULE, CORPS_MESSAGE, DATE_MESSAGE) values (13, 19, 18, '1MP0655LPF7Y5UOJG9J54MLFJED8I P0BJM6T207G3V9Y62OMWWTJEAA5MOJGAPO', 'YA91N5L47SADIXLEKRX8QALE55Y0DYUPOEWN3D88TUQEPB1RY96VAFWDPKP0T1P4UK6ARX S10X6VDVQBFTHY8W2THI 497LDAR3IDD8VNWQ155CWRGA9JE97VVNEH3YV3AGGSHRW6NGFADBKUOUTONLCN6 X JWJJ92RTOED42XFVFAW9 XEJ7FCSS97P7W995VTKTX8WV2KJMK2NQP I5YWBX0U227KW944O3V13T2JHNB0N7INKW3G8Q2KYISO4VCEF7L17GD7ENE6YM0O4AL1M9JCXDGEM2CGI473UASJK4IS936H8J ELHT8XVUA4Y6B7CMSLRAQQ05NBL8LEDJW97KGIN9GEI83BPIA55828MK9X1NTOSBKS8RGSQVR8J544HCH6O50UQSSWA8YPA63E9LQBJKNHUVVKCCVCH 80FM12134KPST9SM09 49Y4LXYCKMFLUHKBOF9XIHYCJQODM598YEKXT3A TJ6X6P BB3GH6D0VMHWEO6I0EI8SBA 5O5EDQ 7TQUJ6YBIF1EA458RDGNX35L03IKYMGMRKT1IC3 NFIG5RNO9RYML4MAWLHLNEOYMSCTB8079UM9VG40T3JT94EQQOIOG7WMC RW11IYMXP2W7SUQNLB 6BH1WCW8J1A28EOPSMDLGTVMW30U39UTBMAY6F3 R6UDUB7FINQJIV8KEUFKJJQVIP04T2MO6PBFOC6A16HELJD7G17SH63AJDNPKBKCXCXWX40I759KPA83O1N VML96LEEJ0O0610071O7ONR15ADRMF64Y9JY2PMGBRBSV21HIBWN17 COL0VQ4BPJ30MRARNT0KSXXPMAWY1UHXGF   DAVSO2MIP7IAEV456FS7DKVOIIUY 1VTUDPWYQOXBLO5UEB1BPBK0TAVBK5YA4T093V7AL76TW6MA95O 3DMT0I H8D3PCOCQIKA0TTNET6MC0CBP98QV7HC7C6H2MYJ9V5BXERP6DYJYY77X4DTLBUEG2FUHPTEPR6164', '1023-9-23');

insert into MESSAGE (ID_MESSAGE, ID_SENDER, ID_RECEIVER, INTITULE, CORPS_MESSAGE, DATE_MESSAGE) values (15, 17, 18, 'XWSHGVA630TJYF4JH05VSRY4GXGFEDHVH1OQSVEPDAXM EPV1WPB393I X E6RL5', '1S4SWCJ7PN YCDWYUK8R6EL02PV29MAI7B4NNIVLI047YD1MFAC6JWEU5CGW9UAXJT SW25SVLIN2DOH63L8UL97773O60IFXRFALK08RU7ERDWKCHL9MC0Y15A55YS  P3LR2F4S66R9 6NS2YQGGWO16G8H 97W7GDN7TG82BCXCGB2D5H4THRB7X9L0KKKX LK311 YD3B3 WF2JMMUTEMAXQ4GOCJG0G3GBEMF164EHJQSFJ1HCIDFLHT81HYGRIWF8VFYX26 34G70VM6WTLQ0MNVGVQODKTSWL77JIG3ACT2DLSYQV294JNC50CTYPTSRGLQAJ6H1PM3KX4CHX35QX26QBXMEA38M5Q7FGLHOEE3GDDD72QKOPBH9WCXM XGS5HB9U8XWJ9UVPDOE5OPL5XU5P2JDOSBWODQUMO6VV17K06DWT9S2PLEAF6ACLB71RL89WQ551616M040HH3K97TWJJ44981P8XLE4C8PER97773EC0VITR9NDIW7FI9SOWK51KFV4MS3NA06D4G6RFILW9M 48WJFM08MP7F45M95W5SBT6SQKS80J8RPNFPOVTB55MJ6FPV6VA7RPGFNNWGAPRQT5WDB5UY7G7UP746I7PO02O5PB5H4V81BAX14J1NLC192WV6519Y5U9TFCE2PRRPESKNJSDQHPR7BI4WGMD53MQBIQ2A REMIIIHUCSH9KII9TX70EWSHNKC2J0NPVCPEHXB49C5L4YCJ4HWP1ASSUAKD3P2DTQM4VHA7A2RHPCCLHXNO8JJ8QHI3S5UAYS1X1GXPS3B5TDILKJ3EY3QTKRM16TPJ9PJFHL50UGS55DAIPIOL81JD7QAG1RS ERJHU6DC5DXAG3I4W6W9BXJE62SR9JMAQ9G9X2BM1 HMRXEWRS0OKUNBOG9PVA6U6IJ6PM6MJI2L6OL8NPAFKFA8JMRA3MQWFWYXAPHVB77S S65HCTD T829BCSAP4EPSTIXR9OPBD7M7KLW1OMOPNJ0CUTY8G4', '1809-12-24');

insert into CLIENT (ID_CLIENT, ID_UTILISATEUR, EMAIL, NOM, PRENOM, CIVILITE) values (9, 3, 'KHVEV9F0JCIL0NKCYDJWLL3PM0C6V HVXIX6DBIR7V8FOR8MSR60Q12KMPFMPO43G8IPMABWTDWSJ08LG GSE47OIIIJEKIR7MVJ4VYIB30K51YA2V8OHLHBU1A9ESLI', 'HULU7HLDHXFPB6GUUDSEKHK59MX3DYNNQEJGFLTUKJ0NJYYTRYK S5HMATT2NVRW', 'RDVWVC D90RC3UOIWQTHGPL1YGR634H04ERLC86X0VU1G5T 18WPW PN52DWA O5', 'KSK4RCNC');

insert into CLIENT (ID_CLIENT, ID_UTILISATEUR, EMAIL, NOM, PRENOM, CIVILITE) values (11, 1, 'G8M12UC VVEFPGQ0YOW F8VYEBRUOI3BJ4SC81DXT AV2YSEL85QEU6E0XG4XWOF2XUD58TBKBE4Q88AMY4P7A3PR16SI7XBQQMVWABBS9S7W24UTQFIBEA8T997EOCT', 'LR6 GXBMD9NELHJS31H5AS J4U6M5LA6G HH59 B5EKECFFCBH8X68WPOAILHCYO', 'XCKWXYC8MVGJ2HP NPCDNOKRJUYASTGDYW85WYA3UYSJ76H8LNTO9CXDI3VFRFF3', 'E3OW7DD6');

insert into CLIENT (ID_CLIENT, ID_UTILISATEUR, EMAIL, NOM, PRENOM, CIVILITE) values (1, 17, 'D8CBB4IG8RXXD6DH3  KT3AMKSDK9LB 0NQXSNUHT8PWNETYKN4 HCIRHELWE947TNTTGSRHOOFHUK89H9OQR2CU99FYT2 35J2S2JJQ0MSTSJ9NATSIQA2DO8S83D0K', 'VOXYXGJWFVGXAHPD2N06BB 7 AOM1CBXL D2YCPLS0E0NEF 4GDH4XTD9HX4TTTR', '9E7G5TPOLRGHUN7TY3DN GHPHM 4WS31XN7P917BWAGJKBU2XNJ1PMSA4RF PTW7', 'XWERAV2T');

insert into CLIENT (ID_CLIENT, ID_UTILISATEUR, EMAIL, NOM, PRENOM, CIVILITE) values (16, 10, 'G3DF1XDW83WTX6GPHV1T51S3SKY3JK7UFN06EYFVWP89CHBAUJF DCL1N5NN13HFT0O7XRPTQJRKTC6H7FC1HCHJLB0R9GP1MMGF E47L8S2QRCPMNLT64B620K3E5KQ', 'EK1B0T2T0RUF6YJOEA86QX TV3 AF2W7DLM JT3F1LPSFXU515 HWBXI9TX48EVM', 'A GKF7CR 78PNNBLYF7F0DA 7EWE9I4TSBJIKWJX8MKT14CDI3O62DFVOYEIBU2F', '7V01H6P0');

insert into CLIENT (ID_CLIENT, ID_UTILISATEUR, EMAIL, NOM, PRENOM, CIVILITE) values (14, 6, 'WDWML1IRI 1T8S1NAYD TUWUOO84DPRVYOVBHUNIOHNM0GAAJIAXGPXP59D2QPR08LPRY05SEY63GV4VW1EUPW 8G9PWPQ339J421RK577KPM3GX V3P PL3MQEH6E39', 'NU63N97FYGAGH55E8IDB20 L6W8C76VOLI5H35P5 W8K5I3PGELDB1EKE5TJWS2A', 'HFET7E B0L1XR8RW9JAUGYSA65XDTFL6P5O061C31SKW5O WTY3N5N15M6PC7Y8O', 'LGGQB 1J');

insert into CLIENT (ID_CLIENT, ID_UTILISATEUR, EMAIL, NOM, PRENOM, CIVILITE) values (15, 0, 'TM83FCEHQH5K7B38NS798D6CW80BNE YRDLHD3 WSMQOKPRYU4013808NUITCF0X6X5OXBLVC1FSQH2EPQ3DVLEDG6A326778W8UNDF2IKUECUK9I1KBKVEL F22CFJ2', 'OGGS9IS9K P3WW8L8D86DEC7WV00ONFNIYCD9CKL787PU90 AJ91O6XHTWHUE5X8', '9Y8PJLEDM2RDTYEW9139YDARHV15FRFB0M28LK 0IFS 3G8PIB0XFMB41HCUOQTH', '7HUX80 D');

insert into CLIENT (ID_CLIENT, ID_UTILISATEUR, EMAIL, NOM, PRENOM, CIVILITE) values (0, 5, 'BGM0VNKIJN UQ4OGPYUTRF303A2FBYY3YAGXIK GW876XKR7VYSHPQE2SXVNSL75SNB57KMH6UABHI10S1PSD87G85H1860CO950657E3FGVSDPOBP9WBG84S7AKRKY5', 'YUJFSR3DOTNXQIUXIH3 8G3SHMEYPUCUWK4W8UA1TBC1 N VXDIVRCPPAX80U5GH', 'XFIQ8FS4KE95XKHDKSWNTXQITTF8NSWW57D21RF3V473WP67Q4870U5FE8IYVT3J', '2ONAYNOJ');

insert into CLIENT (ID_CLIENT, ID_UTILISATEUR, EMAIL, NOM, PRENOM, CIVILITE) values (17, 11, 'LGCLCSJBJLAAPHS8K1IWSV6CVX446PM8O0PUA26OMEUSXBA0RLYIO3LN6N69XJDK8AFE7KO3JFIDNB2O9IIAKOYVG82F20JGQ72Q0UFLMV3TTYW4KGGNM9N4O4VPC4DF', 'I0MJMR CNY13NQNHQWQBM0L3V9 GPOVI0LXVOOXACFUWISWQ99DRVNG4 LYHVY5H', ' AVW73FLN50UAC5VBDY5KY1PNL7CDUQNWJKQN38M9NJ40Y7AV7BUQXRHGCJLWV1T', '01HS7T32');

insert into CLIENT (ID_CLIENT, ID_UTILISATEUR, EMAIL, NOM, PRENOM, CIVILITE) values (10, 14, 'R5O28LTDFDVN0RGIFLIOQIYRX8Y47Y0B33MF2F1YM5F8GBDCNMR9F33GH17DOKI7NGRMC4A62XVP264C9SR5UQ55QJUYH0TIJBA8KBL3QYKXCY4JEWFRV542A9J6 GSW', 'VCC6PRR7AYC4XVRV06FD5FU9JGW6ILRDNPLJR91OXBG4 55GO D5TNA7LUY9J71A', 'HFHRWC5E8B JN20L4T2EBCN2XEYOVW6TIV005KGF8A0DF86AVWARVYU6C7AAD16T', '57RDA9NI');

insert into CLIENT (ID_CLIENT, ID_UTILISATEUR, EMAIL, NOM, PRENOM, CIVILITE) values (7, 4, 'Y6VLXVW2S2GMJAOAE83DY6XQUAC4826BB4HW8I4SILQ7GW04PLG0AKFWB6QMW0O 6QL1Y2 5ED4 NF9Y FQHM7AOQ4JCCJUF763P8F7D2SNXAOFXYKFFGY6E9P3OKV6H', '2SUTHG8JXTJ4BQT90F TUL8 FBPCGH9O15LO6MO 39D2BTKE2VJWWI VD03RH4LB', 'XC B8F9J4DNT91635PILKFHQ4SSX3D06SVM8ONNSVSCPN3H330ND8JK TP3XF0IJ', 'BTMERAGB');

insert into CLIENT (ID_CLIENT, ID_UTILISATEUR, EMAIL, NOM, PRENOM, CIVILITE) values (12, 16, 'B36FUGCXASTV6DHGMHI6VONOB52T6C35IOIF72XMYTIFSC9B14BWOD3HC6ISJ8UUXO7TH8AH7U1WBFHGH OKAYXX21YALVN7XCODDYTUAF2IHHU6D3PURGDK9JAWYPM4', 'LUTJU3PED14P0LY8W6OR9SQF IINGS47YJTK38FIX0CJ1BJETRGFWTNJ 0QYUATM', 'C J4N0LLMD RU2CJ042BD2 F6YACD4HXYRT4XBXJQFSGOL 2FVGJ4SLU27T1NXJI', 'NCCA8UTW');

insert into CLIENT (ID_CLIENT, ID_UTILISATEUR, EMAIL, NOM, PRENOM, CIVILITE) values (19, 12, '0GVPB6NDJKQ5TDV18 1AVVK3XXUYX3STSC09D0YWLVJKD22VTSM60BNL73BIFI2R2VT6AHQM4GE7WHTT 2VJ7TJDDFTI2E9RTEEEEQW0 XMDVNCAS0K97I51WTWK2A4S', '5V8PSVBT8I 5CLVXEAYYCL9FDOH6DPA8BP8K43Q21UKC1BIR54L0N7KRJ0WJI7BO', '8SU61DFMMTG NEKIWN0SAL4AKIKMKMBTT7HY22T XX0FY8229B9OBB65TLSJ5H9N', 'S4ODJKAO');

insert into CLIENT (ID_CLIENT, ID_UTILISATEUR, EMAIL, NOM, PRENOM, CIVILITE) values (6, 18, 'IG6I60W3C9A58XLGQGQK9C7P5E GVY0B5UJ KI29QTEHCU9EFF1E2X9 T65CB004V5U21 QKQAL QQQLDYTB8PQSKLYU6LRDRB9D27X5BYCJW8G0PU SMGLE 50BWV7Q', 'QWQBRLR1R8YKCX8 L8KNSLOGCBXOOFN10XG1PM0BUE28BKY6CX9U5Y38UMODTYOG', 'LO00U8M6FP0KEVH6FC5MCVB17L6 1RS4MF1JRUDX1KA H3MIIO2Q57YV99UXJT6J', 'F6DQLMTI');

insert into CLIENT (ID_CLIENT, ID_UTILISATEUR, EMAIL, NOM, PRENOM, CIVILITE) values (2, 7, '1XG8UWNBNLGU2 P0RDW1O TAQXGSFX1751FT5VQS1K8D4MQ6 E93J158SIO3I1Y L9N0HXYFXQBCIXND0A8T2IDB40LXHDJK3P L  1HXGTTGKGRNWDSO94WY4GOB7AS', 'VWIKMDVS OAKNCI47 IBNN749HQ8EGLD7BFKT7SL UCGPGKX7QJN WDE 02KMNNK', '04PNYTGBUJ52CQ93QSRY49HTLUA4N MJ43F4666N43AYSO07JQE1E15E24D5YM93', '7B7 MRK0');

insert into CLIENT (ID_CLIENT, ID_UTILISATEUR, EMAIL, NOM, PRENOM, CIVILITE) values (4, 19, 'I1M GUIFUP6LSC5RSPNDI7WLM1YJOUKPVI9GAHV2MVA8Y2J4KODPB85COF7IVKOOBS 3LVKEA G44KDT89DSJC9BQKOCVQUD859Q6XUT5JEG2PB56JTB8JH O99JBQ5N', '2B7GAF 5RBGPI3TXF213F4TMKT0IC8V0OJ4GOEM7IX5SPIQU5D1T MNNP1E110A1', 'G33MUVRL8CUM8THFH1MHOM4COEFAQ54DMF0I1 A STAPS24K9TCJC FPII5NY12U', 'D1LF4MGB');

insert into CLIENT (ID_CLIENT, ID_UTILISATEUR, EMAIL, NOM, PRENOM, CIVILITE) values (13, 8, '1DXYEPYWLM638DYN 09R6UY4FSBHG NSFTB5C80J4RCSRIP6CTOGRBRR50I99X776B3IQL0YJ3S1E1YV5JIF01W84A QA0OP98D0YVXKM9U3K 14GBJJO574SK9LSRTA', 'C4 I7IUPF5F2N RJULYM7UYM8FDSWPQ6NSWGW5MX0XOMATAA37Q8F8MY65J9P52C', 'F UYFKU2FMJR9EASSO AIA4SVVP57Q BU4PXGSA92FY11RBG2RDMTL068DLFPRKS', ' 0Y3FWAM');

insert into CLIENT (ID_CLIENT, ID_UTILISATEUR, EMAIL, NOM, PRENOM, CIVILITE) values (18, 2, 'SINC29J4HF92CD3MFV F2RIBS99APP9C KT2QVNO8B5QG87BFEFI94I UCC1JFIGBF8HAYVH952QANFHYMXXXERJVA9UKJ2IDJLMSOQ60OXIWQMNNUVPCUURY65JMMAO', '7QHSATUGTQPABBILN5K2I7IBP VQW8YNWROUOYA4KKORYUM6F 5C3BEP46T8OS I', ' S363PIAQE8M68C9BSP3P4XT6FQYEMIM3DX74J87L7IBGUH7UWK64 JTH0IXTXAF', 'WAI0XRC4');

insert into CLIENT (ID_CLIENT, ID_UTILISATEUR, EMAIL, NOM, PRENOM, CIVILITE) values (3, 9, 'U01EVDRL6856 OMMBV4LKR3MCJKN9CFEOC2FUAAWJMGRWL4H 0W38GWEEHHKNGNFVPO6ORLI381 NQRMQ5UJM9FPNNAEMM1ROO6S15U4XWFCXA3OUO10OJUCT5Q2PLLQ', 'P4WRY3Q0707F7UO5GSL2E2 EXK5KRRQMQNWFPRRJS5BJOPNV 3D0C0RWRI3DL2K ', 'MXIATG3C 5DR9OPI7W 0SGHM1NMD59E25WLK7QO7FYQDLU Q02FM0S8 XD93C87Q', '6TXOTJVW');

insert into CLIENT (ID_CLIENT, ID_UTILISATEUR, EMAIL, NOM, PRENOM, CIVILITE) values (5, 13, 'FGCA6U5RB3N61LILSKWE2P7HQP0A176VNPCG1AHPQS2L XEM48BE16FIGJPJG9M2 PPS9VQGPEHFEL07NOKEHGD43EU1DLLFB6FO24QV0 3CK G58FBM2 SB KSWY3QF', 'BPVI5KVDIKF2LWEWE2DRFQ90EV90AOVVV6EG52JIQEDSXWP78BXOWVUWS2POKMTT', 'DC9V LFQIXYA6H2N25OPT78WEQXOVIYV8U3TFCO14VSJDRPDEJ TU1SNTUNFYTT7', '91EIO9X2');

insert into CLIENT (ID_CLIENT, ID_UTILISATEUR, EMAIL, NOM, PRENOM, CIVILITE) values (8, 15, 'MEV8DJ63K4IRFHUJYJM4YCDCMUCWYNJP08VAROPHEUQWMJ3O0M0M23NQNLRNU8FAS0KKG3TRQR7SEL57URCQYS4BTONJOSRFGMKJAFXUX1P6O4Q1XMYSU2664I1Q7DQO', '2HJI9Y25 DDA88AX52OUM3TV00TAVXKMMJNPNUPUYM1WPHOK0 S642CND7HL8O7G', 'QI0VIBRK67FS7XI9320BDO4SPASJETVR4YC8WUU0SSFNC71 G5T8DFD8T93VQC5U', 'PRIJCI3X');

insert into LISTE_DE_SOUHAITS (ID_ARTICLE, ID_CLIENT) values (8, 9);

insert into LISTE_DE_SOUHAITS (ID_ARTICLE, ID_CLIENT) values (0, 11);

insert into LISTE_DE_SOUHAITS (ID_ARTICLE, ID_CLIENT) values (3, 1);

insert into LISTE_DE_SOUHAITS (ID_ARTICLE, ID_CLIENT) values (4, 16);

insert into LISTE_DE_SOUHAITS (ID_ARTICLE, ID_CLIENT) values (10, 14);

insert into LISTE_DE_SOUHAITS (ID_ARTICLE, ID_CLIENT) values (13, 15);

insert into LISTE_DE_SOUHAITS (ID_ARTICLE, ID_CLIENT) values (2, 0);

insert into LISTE_DE_SOUHAITS (ID_ARTICLE, ID_CLIENT) values (12, 17);

insert into LISTE_DE_SOUHAITS (ID_ARTICLE, ID_CLIENT) values (19, 10);

insert into LISTE_DE_SOUHAITS (ID_ARTICLE, ID_CLIENT) values (16, 7);

insert into LISTE_DE_SOUHAITS (ID_ARTICLE, ID_CLIENT) values (17, 12);

insert into LISTE_DE_SOUHAITS (ID_ARTICLE, ID_CLIENT) values (14, 19);

insert into LISTE_DE_SOUHAITS (ID_ARTICLE, ID_CLIENT) values (5, 6);

insert into LISTE_DE_SOUHAITS (ID_ARTICLE, ID_CLIENT) values (7, 2);

insert into LISTE_DE_SOUHAITS (ID_ARTICLE, ID_CLIENT) values (15, 4);

insert into LISTE_DE_SOUHAITS (ID_ARTICLE, ID_CLIENT) values (1, 13);

insert into LISTE_DE_SOUHAITS (ID_ARTICLE, ID_CLIENT) values (18, 18);

insert into LISTE_DE_SOUHAITS (ID_ARTICLE, ID_CLIENT) values (11, 3);

insert into LISTE_DE_SOUHAITS (ID_ARTICLE, ID_CLIENT) values (9, 5);

insert into LISTE_DE_SOUHAITS (ID_ARTICLE, ID_CLIENT) values (6, 8);

insert into LIENS_CLIENT_ADRESSE (ID_CLIENT, ID_ADRESSE) values (9, 4);

insert into LIENS_CLIENT_ADRESSE (ID_CLIENT, ID_ADRESSE) values (11, 10);

insert into LIENS_CLIENT_ADRESSE (ID_CLIENT, ID_ADRESSE) values (1, 12);

insert into LIENS_CLIENT_ADRESSE (ID_CLIENT, ID_ADRESSE) values (16, 19);

insert into LIENS_CLIENT_ADRESSE (ID_CLIENT, ID_ADRESSE) values (14, 16);

insert into LIENS_CLIENT_ADRESSE (ID_CLIENT, ID_ADRESSE) values (15, 14);

insert into LIENS_CLIENT_ADRESSE (ID_CLIENT, ID_ADRESSE) values (0, 11);

insert into LIENS_CLIENT_ADRESSE (ID_CLIENT, ID_ADRESSE) values (17, 1);

insert into LIENS_CLIENT_ADRESSE (ID_CLIENT, ID_ADRESSE) values (10, 6);

insert into LIENS_CLIENT_ADRESSE (ID_CLIENT, ID_ADRESSE) values (7, 5);

insert into LIENS_CLIENT_ADRESSE (ID_CLIENT, ID_ADRESSE) values (12, 0);

insert into LIENS_CLIENT_ADRESSE (ID_CLIENT, ID_ADRESSE) values (19, 3);

insert into LIENS_CLIENT_ADRESSE (ID_CLIENT, ID_ADRESSE) values (6, 17);

insert into LIENS_CLIENT_ADRESSE (ID_CLIENT, ID_ADRESSE) values (2, 7);

insert into LIENS_CLIENT_ADRESSE (ID_CLIENT, ID_ADRESSE) values (4, 15);

insert into LIENS_CLIENT_ADRESSE (ID_CLIENT, ID_ADRESSE) values (13, 18);

insert into LIENS_CLIENT_ADRESSE (ID_CLIENT, ID_ADRESSE) values (18, 2);

insert into LIENS_CLIENT_ADRESSE (ID_CLIENT, ID_ADRESSE) values (3, 9);

insert into LIENS_CLIENT_ADRESSE (ID_CLIENT, ID_ADRESSE) values (5, 8);

insert into LIENS_CLIENT_ADRESSE (ID_CLIENT, ID_ADRESSE) values (8, 13);

insert into COMMENTAIRE (ID_COMMENTAIRE, ID_ARTICLE, ID_CLIENT, NOTE, DATE) values (16, 8, 17, 1, '139-1-11 1:19:46');

insert into COMMENTAIRE (ID_COMMENTAIRE, ID_ARTICLE, ID_CLIENT, NOTE, DATE) values (3, 17, 19, 8, '225-2-19 2:0:36');

insert into COMMENTAIRE (ID_COMMENTAIRE, ID_ARTICLE, ID_CLIENT, NOTE, DATE) values (15, 1, 14, 15, '1830-12-9 15:5:54');

insert into COMMENTAIRE (ID_COMMENTAIRE, ID_ARTICLE, ID_CLIENT, NOTE, DATE) values (7, 12, 3, 5, '1098-4-3 8:6:50');

insert into COMMENTAIRE (ID_COMMENTAIRE, ID_ARTICLE, ID_CLIENT, NOTE, DATE) values (10, 3, 16, 14, '1431-4-10 10:14:8');

insert into COMMENTAIRE (ID_COMMENTAIRE, ID_ARTICLE, ID_CLIENT, NOTE, DATE) values (18, 5, 12, 10, '949-6-13 6:58:44');

insert into COMMENTAIRE (ID_COMMENTAIRE, ID_ARTICLE, ID_CLIENT, NOTE, DATE) values (11, 2, 19, 18, '420-4-2 3:12:24');

insert into COMMENTAIRE (ID_COMMENTAIRE, ID_ARTICLE, ID_CLIENT, NOTE, DATE) values (9, 17, 16, 16, '831-10-20 6:11:55');

insert into COMMENTAIRE (ID_COMMENTAIRE, ID_ARTICLE, ID_CLIENT, NOTE, DATE) values (5, 3, 1, 3, '359-1-15 2:35:41');

insert into COMMENTAIRE (ID_COMMENTAIRE, ID_ARTICLE, ID_CLIENT, NOTE, DATE) values (6, 11, 6, 11, '1-1-1 0:0:0');

insert into COMMENTAIRE (ID_COMMENTAIRE, ID_ARTICLE, ID_CLIENT, NOTE, DATE) values (19, 19, 11, 0, '644-8-7 4:46:58');

insert into COMMENTAIRE (ID_COMMENTAIRE, ID_ARTICLE, ID_CLIENT, NOTE, DATE) values (2, 10, 16, 7, '1507-6-24 11:1:10');

insert into COMMENTAIRE (ID_COMMENTAIRE, ID_ARTICLE, ID_CLIENT, NOTE, DATE) values (4, 13, 11, 17, '1169-5-6 8:38:24');

insert into COMMENTAIRE (ID_COMMENTAIRE, ID_ARTICLE, ID_CLIENT, NOTE, DATE) values (8, 9, 18, 4, '531-2-8 3:52:49');

insert into COMMENTAIRE (ID_COMMENTAIRE, ID_ARTICLE, ID_CLIENT, NOTE, DATE) values (1, 15, 19, 13, '1635-8-8 12:56:16');

insert into COMMENTAIRE (ID_COMMENTAIRE, ID_ARTICLE, ID_CLIENT, NOTE, DATE) values (13, 13, 2, 19, '59-9-20 0:32:7');

insert into COMMENTAIRE (ID_COMMENTAIRE, ID_ARTICLE, ID_CLIENT, NOTE, DATE) values (12, 1, 19, 9, '704-9-5 5:44:31');

insert into COMMENTAIRE (ID_COMMENTAIRE, ID_ARTICLE, ID_CLIENT, NOTE, DATE) values (0, 9, 0, 12, '1771-2-7 14:4:14');

insert into COMMENTAIRE (ID_COMMENTAIRE, ID_ARTICLE, ID_CLIENT, NOTE, DATE) values (17, 13, 12, 2, '1293-11-5 9:24:30');

insert into COMMENTAIRE (ID_COMMENTAIRE, ID_ARTICLE, ID_CLIENT, NOTE, DATE) values (14, 2, 16, 6, '1568-5-16 12:1:22');

insert into PANIER (IDPANIER, ID_CLIENT, REFINTERNAUTE) values (10, 9, 'TULVIP2ORTW3C96MPY1T1AD50N2CJGCUWJFEN9IU1E5G50 OX9T2GW9DSJVPOAKL');

insert into PANIER (IDPANIER, ID_CLIENT, REFINTERNAUTE) values (3, 11, '6BW6R2NS4T7OS3ES0W8N5V03XSIUF8ORUV9NKA4W8LM828KVFII6GPF2GG0XOTH5');

insert into PANIER (IDPANIER, ID_CLIENT, REFINTERNAUTE) values (4, 1, 'RXNNWN BADXV O0ODUQLQDRS3NDCI08DE659QGOVTPHMQ7NLPMW6LGPK8HFP6DJR');

insert into PANIER (IDPANIER, ID_CLIENT, REFINTERNAUTE) values (13, 16, 'YDOU7H1B09NTM3TXVNYEQY9GV5X13 FH8C52O2D2QQL0389P1PP12IYBQSKIREDF');

insert into PANIER (IDPANIER, ID_CLIENT, REFINTERNAUTE) values (8, 14, 'PWAUK2BDHTI3TY3Q1NV6M9LS5OXPWT6CIWTDJVXAH8D9J5VLAD35LTIB31HCDU4P');

insert into PANIER (IDPANIER, ID_CLIENT, REFINTERNAUTE) values (0, 15, 'F8A6BFQMHS5V79LPXQWMCDD185MK7QVSWT8 U5LX19OPX9L6PPQIDO8YWDNPK6HM');

insert into PANIER (IDPANIER, ID_CLIENT, REFINTERNAUTE) values (12, 0, '1M0W81SM9HOQYNM 39 YD MV10RESFG1LKY7PM2TXCU9OFWU4CVH41G9AH2KDAMN');

insert into PANIER (IDPANIER, ID_CLIENT, REFINTERNAUTE) values (15, 17, ' QAKOXHGHPRTP5 AK1KUM61IW6LFX3AV952VOKK83IT9PXUJSD51091OUJ9F9O5V');

insert into PANIER (IDPANIER, ID_CLIENT, REFINTERNAUTE) values (2, 10, '6VD9GM8PGQGQKCXOWFLFLNMOP1VDDFBL3048VQS31CYMCL LKDSMS8B6P67BB99S');

insert into PANIER (IDPANIER, ID_CLIENT, REFINTERNAUTE) values (7, 7, '1P4IY30HVCGL8B8V5BHG7H1LRIVJDNWYP554VE0PQT3NJRBYPHF4MC57GLFO0ILE');

insert into PANIER (IDPANIER, ID_CLIENT, REFINTERNAUTE) values (11, 12, 'HIUEYVCD0UU1SN70V171YBDY 1BMQF08C1RVPBXVPJN9N9D00AB 9GUP8GWICDBA');

insert into PANIER (IDPANIER, ID_CLIENT, REFINTERNAUTE) values (16, 19, 'X DGS 5FJ1A5XENP3G6XRB60PIGVPY17MN090QR WJHTKE8NSW45U A7MW5DWA3F');

insert into PANIER (IDPANIER, ID_CLIENT, REFINTERNAUTE) values (6, 6, 'CD QBXXAR7VLR4S5EWC833LFTC112YV6QHGLTF7UUB 6Q DAVW015TTLRM56M62D');

insert into PANIER (IDPANIER, ID_CLIENT, REFINTERNAUTE) values (14, 2, '4EITTPM0E49GXWGYT95PWT6FMHDD2MWVDI5OROJTGX1P DVTIFPMBB9E8SGG3IX5');

insert into PANIER (IDPANIER, ID_CLIENT, REFINTERNAUTE) values (19, 4, '2PSEVS1I9C2W4E9KPOLJUY4BNEL5IGE42 XYCAWY5MH B5F8RBXKT9JX8Y5TTJRO');

insert into PANIER (IDPANIER, ID_CLIENT, REFINTERNAUTE) values (5, 13, '4RGDT H29K79D4K0KH8V6QF8MIOXSGW0KCST3PLUXC0U8PWETIUQAIQK QC8IBRI');

insert into PANIER (IDPANIER, ID_CLIENT, REFINTERNAUTE) values (18, 18, 'C27O5UC 54H22P2RQP0QQ5T46C7P6RPF49UP39D2L76L3K46CGUQ7VGRP49P4YGQ');

insert into PANIER (IDPANIER, ID_CLIENT, REFINTERNAUTE) values (17, 3, '5CTV7DMDNSICS6JI85DUICU6OTERXK67EP3GX6H088ULR15GO8LHPRKWY9FQ7UGE');

insert into PANIER (IDPANIER, ID_CLIENT, REFINTERNAUTE) values (9, 5, 'HUM0T4RT0UFSR5AEM6BCXXN50B1SSK9LL66DN8NG90ERN JLMHAEJ2F0XVTCP0Y ');

insert into PANIER (IDPANIER, ID_CLIENT, REFINTERNAUTE) values (1, 8, 'P9GNB1REY3UIJN21XO7XY0S8HSC23 CEDM39VO3SPJPENPBJFANGV5VI52  7TLJ');

insert into COMMANDE (ID_COMMANDE, ID_CLIENT, NUMEROCOMMANDE, MONTANT_TOTAL, DATE_PAIEMENT, IS_CANCELLED) values (6, 6, 'NKX990UKESM L7T4EI2VQ94WBDQ9V9IO6WQYOCUH6JDWQTCRC18W7NJRKUWBHVUQ', 5, '1848-2-6 13:38:27', 8);

insert into COMMANDE (ID_COMMANDE, ID_CLIENT, NUMEROCOMMANDE, MONTANT_TOTAL, DATE_PAIEMENT, IS_CANCELLED) values (0, 18, 'OP9779LNLAK950YPMYX3HMB70SNJSX7BBLX3S557D HKG6P6SVKP2VOT6QO3HMDK', 12, '753-1-17 6:8:37', 3);

insert into COMMANDE (ID_COMMANDE, ID_CLIENT, NUMEROCOMMANDE, MONTANT_TOTAL, DATE_PAIEMENT, IS_CANCELLED) values (7, 3, '0600H W5YQ8OF9 51HBAMK9YC7LGEOEF86OML6R6DJVO RLH8IDM1H3PDTWEJBUK', 6, '887-7-6 7:59:20', 9);

insert into COMMANDE (ID_COMMANDE, ID_CLIENT, NUMEROCOMMANDE, MONTANT_TOTAL, DATE_PAIEMENT, IS_CANCELLED) values (1, 15, '7A2VISWTCJD 6ORQVMSSAUN U6 W2BLGPA6 TB0C9UK8AJ493MI5JHSGWW6BA 0C', 2, '327-2-26 2:9:7', 11);

insert into COMMANDE (ID_COMMANDE, ID_CLIENT, NUMEROCOMMANDE, MONTANT_TOTAL, DATE_PAIEMENT, IS_CANCELLED) values (10, 10, 'AYWG8U5U4M8EPFQ7QBED1PQMGQO8O6T92133NXS6N21QXX I9H8DBE7P BMJV861', 7, '69-12-25 0:51:22', 18);

insert into COMMANDE (ID_COMMANDE, ID_CLIENT, NUMEROCOMMANDE, MONTANT_TOTAL, DATE_PAIEMENT, IS_CANCELLED) values (14, 10, 'UGGY4QRY6FKPQ7RUT0QC X8ROE1CN2MA21METWENPWA5XWAR7TFTR8AJDSU4Y44C', 14, '1156-1-10 9:14:11', 5);

insert into COMMANDE (ID_COMMANDE, ID_CLIENT, NUMEROCOMMANDE, MONTANT_TOTAL, DATE_PAIEMENT, IS_CANCELLED) values (12, 19, 'VP514MCDUTM4J89GURTKNQBOI9XKWC0E1DHSJMO6YHT RWQ0TTCLOHKJ9N1PO84D', 15, '629-7-7 5:37:44', 2);

insert into COMMANDE (ID_COMMANDE, ID_CLIENT, NUMEROCOMMANDE, MONTANT_TOTAL, DATE_PAIEMENT, IS_CANCELLED) values (3, 12, ' 0YVP5YT095EX66AW 9A4XR8FUSSRSK0RMTRH 1SLIN9IVHUJ9T8E5 RGPREOLYS', 19, '1008-12-22 8:37:13', 0);

insert into COMMANDE (ID_COMMANDE, ID_CLIENT, NUMEROCOMMANDE, MONTANT_TOTAL, DATE_PAIEMENT, IS_CANCELLED) values (16, 19, '6996TG8G0NER49W4QO3B1QRSF5FD5RA0KXC7VD9W64AFM8599C6RRS0T466U2UXQ', 4, '823-5-14 7:3:11', 10);

insert into COMMANDE (ID_COMMANDE, ID_CLIENT, NUMEROCOMMANDE, MONTANT_TOTAL, DATE_PAIEMENT, IS_CANCELLED) values (8, 17, '0S14X581PE5 X6C7ICX0FY25 S97H1PT7W9JEOPHT PI5 YRGS7S2DMT1YW5J0SV', 10, '445-1-4 4:4:17', 17);

insert into COMMANDE (ID_COMMANDE, ID_CLIENT, NUMEROCOMMANDE, MONTANT_TOTAL, DATE_PAIEMENT, IS_CANCELLED) values (18, 9, 'JGQDYDLRGFMAK4WDVWR4WSUN2Q5NM UC1L8QA9816AF MJHE1V9B7FAAG81X7OVD', 17, '1723-12-17 13:10:36', 19);

insert into COMMANDE (ID_COMMANDE, ID_CLIENT, NUMEROCOMMANDE, MONTANT_TOTAL, DATE_PAIEMENT, IS_CANCELLED) values (17, 11, 'CLA3DSDC55KGURHV W7 I2V57KHJYEAXSOG7906HAOFV0UYOE94YFYYE2VAAPXXT', 8, '1666-5-22 12:16:36', 7);

insert into COMMANDE (ID_COMMANDE, ID_CLIENT, NUMEROCOMMANDE, MONTANT_TOTAL, DATE_PAIEMENT, IS_CANCELLED) values (9, 5, 'E3415H604H9O0CHGK9BEU B DB4AEL0JT7MVGBDAUB8MWD0NH84QNH4O44OW7A8F', 1, '1297-12-1 9:57:51', 15);

insert into COMMANDE (ID_COMMANDE, ID_CLIENT, NUMEROCOMMANDE, MONTANT_TOTAL, DATE_PAIEMENT, IS_CANCELLED) values (11, 0, 'BA6BQ44G9UGQUJUFRINO BY 0JHRCFLKWSX6N27FWVU991STPH174 R8DTXTBWKT', 13, '1401-11-26 10:35:39', 16);

insert into COMMANDE (ID_COMMANDE, ID_CLIENT, NUMEROCOMMANDE, MONTANT_TOTAL, DATE_PAIEMENT, IS_CANCELLED) values (15, 0, '51WM2USWW5DUMKYJ9LALIDYH68DBO71VCJ120OHC3ISAMBY7099FQ BN163P7A85', 11, '552-9-8 5:6:24', 12);

insert into COMMANDE (ID_COMMANDE, ID_CLIENT, NUMEROCOMMANDE, MONTANT_TOTAL, DATE_PAIEMENT, IS_CANCELLED) values (5, 15, 'EP86MAA1XTSS22Q37 RIIU2CA08SSQVWX16Y8 K1IX0P 4ODSAJYRIS0V2UNIK02', 9, '1943-10-27 14:1:40', 6);

insert into COMMANDE (ID_COMMANDE, ID_CLIENT, NUMEROCOMMANDE, MONTANT_TOTAL, DATE_PAIEMENT, IS_CANCELLED) values (19, 11, '54LMCK64ORYRHBLVBO67K1IVEUXMKC5IYG1RKDAXS91YWYMA0S7V32NW3QABD96Q', 16, '199-11-12 1:17:37', 4);

insert into COMMANDE (ID_COMMANDE, ID_CLIENT, NUMEROCOMMANDE, MONTANT_TOTAL, DATE_PAIEMENT, IS_CANCELLED) values (2, 0, 'XNY6OBKU0ELJNYE3Q62YQP0XXASMEVE48BRXOR0016V3DPXJ2H2P1MUFG02RFGJS', 0, '1-1-1 0:0:0', 13);

insert into COMMANDE (ID_COMMANDE, ID_CLIENT, NUMEROCOMMANDE, MONTANT_TOTAL, DATE_PAIEMENT, IS_CANCELLED) values (4, 11, 'S4QGMO2FBM0DT6ML5EHMM2STWFQ67NON2R2FSILRVU1KWUA3VMGIERU664BNTQCD', 3, '395-9-27 3:12:5', 14);

insert into COMMANDE (ID_COMMANDE, ID_CLIENT, NUMEROCOMMANDE, MONTANT_TOTAL, DATE_PAIEMENT, IS_CANCELLED) values (13, 4, 'AXVQKASJFWW0QQ4MPV1HBXJFTQ56DGGG9E6MKIC3DXHEICSJVX6VIFN80XM365D5', 18, '1545-10-7 11:13:11', 1);

insert into LIENS_COMMANDE_ADRESSE (ID_COMMANDE, ID_ADRESSE, ISFACTURATION) values (6, 4, 15);

insert into LIENS_COMMANDE_ADRESSE (ID_COMMANDE, ID_ADRESSE, ISFACTURATION) values (0, 10, 14);

insert into LIENS_COMMANDE_ADRESSE (ID_COMMANDE, ID_ADRESSE, ISFACTURATION) values (7, 12, 8);

insert into LIENS_COMMANDE_ADRESSE (ID_COMMANDE, ID_ADRESSE, ISFACTURATION) values (1, 19, 16);

insert into LIENS_COMMANDE_ADRESSE (ID_COMMANDE, ID_ADRESSE, ISFACTURATION) values (10, 16, 7);

insert into LIENS_COMMANDE_ADRESSE (ID_COMMANDE, ID_ADRESSE, ISFACTURATION) values (14, 14, 0);

insert into LIENS_COMMANDE_ADRESSE (ID_COMMANDE, ID_ADRESSE, ISFACTURATION) values (12, 11, 2);

insert into LIENS_COMMANDE_ADRESSE (ID_COMMANDE, ID_ADRESSE, ISFACTURATION) values (3, 1, 11);

insert into LIENS_COMMANDE_ADRESSE (ID_COMMANDE, ID_ADRESSE, ISFACTURATION) values (16, 6, 1);

insert into LIENS_COMMANDE_ADRESSE (ID_COMMANDE, ID_ADRESSE, ISFACTURATION) values (8, 5, 9);

insert into LIENS_COMMANDE_ADRESSE (ID_COMMANDE, ID_ADRESSE, ISFACTURATION) values (18, 0, 6);

insert into LIENS_COMMANDE_ADRESSE (ID_COMMANDE, ID_ADRESSE, ISFACTURATION) values (17, 3, 19);

insert into LIENS_COMMANDE_ADRESSE (ID_COMMANDE, ID_ADRESSE, ISFACTURATION) values (9, 17, 12);

insert into LIENS_COMMANDE_ADRESSE (ID_COMMANDE, ID_ADRESSE, ISFACTURATION) values (11, 7, 17);

insert into LIENS_COMMANDE_ADRESSE (ID_COMMANDE, ID_ADRESSE, ISFACTURATION) values (15, 15, 4);

insert into LIENS_COMMANDE_ADRESSE (ID_COMMANDE, ID_ADRESSE, ISFACTURATION) values (5, 18, 3);

insert into LIENS_COMMANDE_ADRESSE (ID_COMMANDE, ID_ADRESSE, ISFACTURATION) values (19, 2, 13);

insert into LIENS_COMMANDE_ADRESSE (ID_COMMANDE, ID_ADRESSE, ISFACTURATION) values (2, 9, 5);

insert into LIENS_COMMANDE_ADRESSE (ID_COMMANDE, ID_ADRESSE, ISFACTURATION) values (4, 8, 18);

insert into LIENS_COMMANDE_ADRESSE (ID_COMMANDE, ID_ADRESSE, ISFACTURATION) values (13, 13, 10);

insert into LIGNE_COMMANDE (ID_COMMANDE, ID_ARTICLE, QUANTITE, PRIX, STATUT) values (6, 8, 3, 15, 'O8F7KTDSHJN86BHX');

insert into LIGNE_COMMANDE (ID_COMMANDE, ID_ARTICLE, QUANTITE, PRIX, STATUT) values (0, 0, 2, 12, 'KXKG6VMC WQ G3K4');

insert into LIGNE_COMMANDE (ID_COMMANDE, ID_ARTICLE, QUANTITE, PRIX, STATUT) values (7, 3, 10, 1, 'POL75UC0 KK0YMG0');

insert into LIGNE_COMMANDE (ID_COMMANDE, ID_ARTICLE, QUANTITE, PRIX, STATUT) values (1, 4, 4, 18, '4711KUIFX6V39IMM');

insert into LIGNE_COMMANDE (ID_COMMANDE, ID_ARTICLE, QUANTITE, PRIX, STATUT) values (10, 10, 7, 14, '2HNKITF7IEC91YJ7');

insert into LIGNE_COMMANDE (ID_COMMANDE, ID_ARTICLE, QUANTITE, PRIX, STATUT) values (14, 13, 1, 0, '79R0B6WEVJMK6KMU');

insert into LIGNE_COMMANDE (ID_COMMANDE, ID_ARTICLE, QUANTITE, PRIX, STATUT) values (12, 2, 9, 8, 'QV7SJIE9Q9KJ0SL1');

insert into LIGNE_COMMANDE (ID_COMMANDE, ID_ARTICLE, QUANTITE, PRIX, STATUT) values (3, 12, 13, 2, 'GLK7452SJ19W7PEG');

insert into LIGNE_COMMANDE (ID_COMMANDE, ID_ARTICLE, QUANTITE, PRIX, STATUT) values (16, 19, 14, 9, 'XL82NS CIX854LGC');

insert into LIGNE_COMMANDE (ID_COMMANDE, ID_ARTICLE, QUANTITE, PRIX, STATUT) values (8, 16, 16, 16, 'L8MA955BU4G9UHQF');

insert into LIGNE_COMMANDE (ID_COMMANDE, ID_ARTICLE, QUANTITE, PRIX, STATUT) values (18, 17, 8, 19, '0 TCG7PFUPYNQR07');

insert into LIGNE_COMMANDE (ID_COMMANDE, ID_ARTICLE, QUANTITE, PRIX, STATUT) values (17, 14, 6, 4, 'MFUCLHNKCG8M2BUQ');

insert into LIGNE_COMMANDE (ID_COMMANDE, ID_ARTICLE, QUANTITE, PRIX, STATUT) values (9, 5, 18, 10, '3B5F5RDNTIQ11J9A');

insert into LIGNE_COMMANDE (ID_COMMANDE, ID_ARTICLE, QUANTITE, PRIX, STATUT) values (11, 7, 5, 3, 'QIOROP T9J413HB8');

insert into LIGNE_COMMANDE (ID_COMMANDE, ID_ARTICLE, QUANTITE, PRIX, STATUT) values (15, 15, 17, 13, 'SVI7GMRTT OUILQW');

insert into LIGNE_COMMANDE (ID_COMMANDE, ID_ARTICLE, QUANTITE, PRIX, STATUT) values (5, 1, 15, 7, 'SVWYS26PQPECHE17');

insert into LIGNE_COMMANDE (ID_COMMANDE, ID_ARTICLE, QUANTITE, PRIX, STATUT) values (19, 18, 0, 5, 'C8G8WG4DON9QF6Q8');

insert into LIGNE_COMMANDE (ID_COMMANDE, ID_ARTICLE, QUANTITE, PRIX, STATUT) values (2, 11, 11, 17, 'LF9TAQYAQB93VFCW');

insert into LIGNE_COMMANDE (ID_COMMANDE, ID_ARTICLE, QUANTITE, PRIX, STATUT) values (4, 9, 12, 6, '4H UNYM0IMH4RMLN');

insert into LIGNE_COMMANDE (ID_COMMANDE, ID_ARTICLE, QUANTITE, PRIX, STATUT) values (13, 6, 19, 11, '5HY56XXYD9CMJUHX');

insert into LIENS_PANIER_ARTICLE (IDPANIER, ID_ARTICLE, QUANTITE) values (10, 8, 17);

insert into LIENS_PANIER_ARTICLE (IDPANIER, ID_ARTICLE, QUANTITE) values (3, 0, 0);

insert into LIENS_PANIER_ARTICLE (IDPANIER, ID_ARTICLE, QUANTITE) values (4, 3, 7);

insert into LIENS_PANIER_ARTICLE (IDPANIER, ID_ARTICLE, QUANTITE) values (13, 4, 10);

insert into LIENS_PANIER_ARTICLE (IDPANIER, ID_ARTICLE, QUANTITE) values (8, 10, 11);

insert into LIENS_PANIER_ARTICLE (IDPANIER, ID_ARTICLE, QUANTITE) values (0, 13, 3);

insert into LIENS_PANIER_ARTICLE (IDPANIER, ID_ARTICLE, QUANTITE) values (12, 2, 4);

insert into LIENS_PANIER_ARTICLE (IDPANIER, ID_ARTICLE, QUANTITE) values (15, 12, 9);

insert into LIENS_PANIER_ARTICLE (IDPANIER, ID_ARTICLE, QUANTITE) values (2, 19, 8);

insert into LIENS_PANIER_ARTICLE (IDPANIER, ID_ARTICLE, QUANTITE) values (7, 16, 13);

insert into LIENS_PANIER_ARTICLE (IDPANIER, ID_ARTICLE, QUANTITE) values (11, 17, 5);

insert into LIENS_PANIER_ARTICLE (IDPANIER, ID_ARTICLE, QUANTITE) values (16, 14, 12);

insert into LIENS_PANIER_ARTICLE (IDPANIER, ID_ARTICLE, QUANTITE) values (6, 5, 6);

insert into LIENS_PANIER_ARTICLE (IDPANIER, ID_ARTICLE, QUANTITE) values (14, 7, 15);

insert into LIENS_PANIER_ARTICLE (IDPANIER, ID_ARTICLE, QUANTITE) values (19, 15, 14);

insert into LIENS_PANIER_ARTICLE (IDPANIER, ID_ARTICLE, QUANTITE) values (5, 1, 18);

insert into LIENS_PANIER_ARTICLE (IDPANIER, ID_ARTICLE, QUANTITE) values (18, 18, 1);

insert into LIENS_PANIER_ARTICLE (IDPANIER, ID_ARTICLE, QUANTITE) values (17, 11, 19);

insert into LIENS_PANIER_ARTICLE (IDPANIER, ID_ARTICLE, QUANTITE) values (9, 9, 2);

insert into LIENS_PANIER_ARTICLE (IDPANIER, ID_ARTICLE, QUANTITE) values (1, 6, 16);

